mode,ingredients,actual_value,alchemy_level,fortify_alchemy_level,alchemist_rank,physician,benefactor,poisoner,purity,seeker_of_shadows,mod_settings,alchemist_perk_multiplier,ingredient_details,potion_form_id,potion_cost_override,crafted_effects,ingredient_selection_order
AP,"Blisterwort, Wheat",21,100,0,0,0,0,0,0,0,"{""AlchemyIngredientInitMultiplier"":4.0,""AlchemySkillFactor"":1.5,""copyExemplars"":{""$comment"":""Swap models and names of crafted potions to the nearest exemplar."",""enabled"":true,""exemplars"":[""Skyrim.esm|E3E9A"",""Skyrim.esm|65A72"",""Skyrim.esm|65A3E"",""Skyrim.esm|65A3F"",""Skyrim.esm|65A5A"",""Skyrim.esm|74A29"",""Skyrim.esm|74A23"",""Skyrim.esm|74A2D"",""Skyrim.esm|74A27"",""Skyrim.esm|74A21""]},""impureCostFix"":{""$comment"":""Impurities in mixtures subtract from the cost instead of adding to it."",""enabled"":false},""knownFailureFix"":{""$comment"":""Display known failures in UI between ingredients with all effects known."",""enabled"":true},""mixtureNames"":{""$comment"":""Modify names to reflect additional effects/impurities."",""enabled"":true},""roundedPotency"":{""$comment"":""Round effect potency to a multiple above a threshold."",""durationMult"":2.0,""durationThreshold"":10.0,""enabled"":true,""magnitudeMult"":2.0,""magnitudeThreshold"":10.0,""overrides"":{""$comment"":""Define setting overrides per alchemy effect."",""Skyrim.esm|0x0003EB15"":{""magnitudeMult"":10.0,""magnitudeThreshold"":50.0},""Skyrim.esm|0x0003EB3D"":{""durationMult"":10.0,""durationThreshold"":20.0}}}}",1,"Blisterwort [form=0x0004DA25, count=1]; Wheat [form=0x0004B0BA, count=1]",0xFF000877,0,index=0|form_id=0x0003EB15|magnitude=30|duration=0|area=0|base_cost=0.5|flags=0x00200A00,selection=1|form_id=0x0004DA25|name=B;selection=2|form_id=0x0004B0BA|name=W
AP,"Bear Claws, Bee",27,100,0,0,0,0,0,0,0,"{""AlchemyIngredientInitMultiplier"":4.0,""AlchemySkillFactor"":1.5,""copyExemplars"":{""$comment"":""Swap models and names of crafted potions to the nearest exemplar."",""enabled"":true,""exemplars"":[""Skyrim.esm|E3E9A"",""Skyrim.esm|65A72"",""Skyrim.esm|65A3E"",""Skyrim.esm|65A3F"",""Skyrim.esm|65A5A"",""Skyrim.esm|74A29"",""Skyrim.esm|74A23"",""Skyrim.esm|74A2D"",""Skyrim.esm|74A27"",""Skyrim.esm|74A21""]},""impureCostFix"":{""$comment"":""Impurities in mixtures subtract from the cost instead of adding to it."",""enabled"":false},""knownFailureFix"":{""$comment"":""Display known failures in UI between ingredients with all effects known."",""enabled"":true},""mixtureNames"":{""$comment"":""Modify names to reflect additional effects/impurities."",""enabled"":true},""roundedPotency"":{""$comment"":""Round effect potency to a multiple above a threshold."",""durationMult"":2.0,""durationThreshold"":10.0,""enabled"":true,""magnitudeMult"":2.0,""magnitudeThreshold"":10.0,""overrides"":{""$comment"":""Define setting overrides per alchemy effect."",""Skyrim.esm|0x0003EB15"":{""magnitudeMult"":10.0,""magnitudeThreshold"":50.0},""Skyrim.esm|0x0003EB3D"":{""durationMult"":10.0,""durationThreshold"":20.0}}}}",1,"Bear Claws [form=0x0006BC02, count=1]; Bee [form=0x000A9195, count=1]",0xFF000879,0,index=0|form_id=0x0003EB16|magnitude=32|duration=0|area=0|base_cost=0.600000024|flags=0x00200A00,selection=1|form_id=0x0006BC02|name=B;selection=2|form_id=0x000A9195|name=B
AP,"Luna Moth Wing, Vampire Dust",525,100,0,0,0,0,0,0,0,"{""AlchemyIngredientInitMultiplier"":4.0,""AlchemySkillFactor"":1.5,""copyExemplars"":{""$comment"":""Swap models and names of crafted potions to the nearest exemplar."",""enabled"":true,""exemplars"":[""Skyrim.esm|E3E9A"",""Skyrim.esm|65A72"",""Skyrim.esm|65A3E"",""Skyrim.esm|65A3F"",""Skyrim.esm|65A5A"",""Skyrim.esm|74A29"",""Skyrim.esm|74A23"",""Skyrim.esm|74A2D"",""Skyrim.esm|74A27"",""Skyrim.esm|74A21""]},""impureCostFix"":{""$comment"":""Impurities in mixtures subtract from the cost instead of adding to it."",""enabled"":false},""knownFailureFix"":{""$comment"":""Display known failures in UI between ingredients with all effects known."",""enabled"":true},""mixtureNames"":{""$comment"":""Modify names to reflect additional effects/impurities."",""enabled"":true},""roundedPotency"":{""$comment"":""Round effect potency to a multiple above a threshold."",""durationMult"":2.0,""durationThreshold"":10.0,""enabled"":true,""magnitudeMult"":2.0,""magnitudeThreshold"":10.0,""overrides"":{""$comment"":""Define setting overrides per alchemy effect."",""Skyrim.esm|0x0003EB15"":{""magnitudeMult"":10.0,""magnitudeThreshold"":50.0},""Skyrim.esm|0x0003EB3D"":{""durationMult"":10.0,""durationThreshold"":20.0}}}}",1,"Luna Moth Wing [form=0x000727DF, count=1]; Vampire Dust [form=0x0003AD76, count=1]",0xFF00088D,0,index=0|form_id=0x0003EB3D|magnitude=0|duration=30|area=0|base_cost=100|flags=0x00401C02;index=1|form_id=0x0003EB06|magnitude=32|duration=300|area=0|base_cost=0.100000001|flags=0x00200802,selection=1|form_id=0x000727DF|name=L;selection=2|form_id=0x0003AD76|name=V
AP,"Briar Heart, Canis Root",500,100,0,3,0,0,0,0,0,"{""AlchemyIngredientInitMultiplier"":4.0,""AlchemySkillFactor"":1.5,""copyExemplars"":{""$comment"":""Swap models and names of crafted potions to the nearest exemplar."",""enabled"":true,""exemplars"":[""Skyrim.esm|E3E9A"",""Skyrim.esm|65A72"",""Skyrim.esm|65A3E"",""Skyrim.esm|65A3F"",""Skyrim.esm|65A5A"",""Skyrim.esm|74A29"",""Skyrim.esm|74A23"",""Skyrim.esm|74A2D"",""Skyrim.esm|74A27"",""Skyrim.esm|74A21""]},""impureCostFix"":{""$comment"":""Impurities in mixtures subtract from the cost instead of adding to it."",""enabled"":false},""knownFailureFix"":{""$comment"":""Display known failures in UI between ingredients with all effects known."",""enabled"":true},""mixtureNames"":{""$comment"":""Modify names to reflect additional effects/impurities."",""enabled"":true},""roundedPotency"":{""$comment"":""Round effect potency to a multiple above a threshold."",""durationMult"":2.0,""durationThreshold"":10.0,""enabled"":true,""magnitudeMult"":2.0,""magnitudeThreshold"":10.0,""overrides"":{""$comment"":""Define setting overrides per alchemy effect."",""Skyrim.esm|0x0003EB15"":{""magnitudeMult"":10.0,""magnitudeThreshold"":50.0},""Skyrim.esm|0x0003EB3D"":{""durationMult"":10.0,""durationThreshold"":20.0}}}}",1.60000002,"Briar Heart [form=0x0003AD61, count=1]; Canis Root [form=0x0006ABCB, count=1]",0xFF000890,3,index=0|form_id=0x00073F30|magnitude=10|duration=10|area=0|base_cost=500|flags=0x00400C03,selection=1|form_id=0x0003AD61|name=B;selection=2|form_id=0x0006ABCB|name=C
AP,"Blue Butterfly Wing, Blue Mountain Flower",571,100,0,3,0,0,0,0,0,"{""AlchemyIngredientInitMultiplier"":4.0,""AlchemySkillFactor"":1.5,""copyExemplars"":{""$comment"":""Swap models and names of crafted potions to the nearest exemplar."",""enabled"":true,""exemplars"":[""Skyrim.esm|E3E9A"",""Skyrim.esm|65A72"",""Skyrim.esm|65A3E"",""Skyrim.esm|65A3F"",""Skyrim.esm|65A5A"",""Skyrim.esm|74A29"",""Skyrim.esm|74A23"",""Skyrim.esm|74A2D"",""Skyrim.esm|74A27"",""Skyrim.esm|74A21""]},""impureCostFix"":{""$comment"":""Impurities in mixtures subtract from the cost instead of adding to it."",""enabled"":false},""knownFailureFix"":{""$comment"":""Display known failures in UI between ingredients with all effects known."",""enabled"":true},""mixtureNames"":{""$comment"":""Modify names to reflect additional effects/impurities."",""enabled"":true},""roundedPotency"":{""$comment"":""Round effect potency to a multiple above a threshold."",""durationMult"":2.0,""durationThreshold"":10.0,""enabled"":true,""magnitudeMult"":2.0,""magnitudeThreshold"":10.0,""overrides"":{""$comment"":""Define setting overrides per alchemy effect."",""Skyrim.esm|0x0003EB15"":{""magnitudeMult"":10.0,""magnitudeThreshold"":50.0},""Skyrim.esm|0x0003EB3D"":{""durationMult"":10.0,""durationThreshold"":20.0}}}}",1.60000002,"Blue Butterfly Wing [form=0x000727DE, count=1]; Blue Mountain Flower [form=0x00077E1C, count=1]",0xFF000891,3,index=0|form_id=0x00073F2B|magnitude=100|duration=48|area=0|base_cost=0.5|flags=0x00400807;index=1|form_id=0x0003EB25|magnitude=48|duration=60|area=0|base_cost=0.25|flags=0x00200802,selection=1|form_id=0x000727DE|name=B;selection=2|form_id=0x00077E1C|name=B
AP,"Glowing Mushroom, Nightshade",253,100,0,3,0,0,0,0,0,"{""AlchemyIngredientInitMultiplier"":4.0,""AlchemySkillFactor"":1.5,""copyExemplars"":{""$comment"":""Swap models and names of crafted potions to the nearest exemplar."",""enabled"":true,""exemplars"":[""Skyrim.esm|E3E9A"",""Skyrim.esm|65A72"",""Skyrim.esm|65A3E"",""Skyrim.esm|65A3F"",""Skyrim.esm|65A5A"",""Skyrim.esm|74A29"",""Skyrim.esm|74A23"",""Skyrim.esm|74A2D"",""Skyrim.esm|74A27"",""Skyrim.esm|74A21""]},""impureCostFix"":{""$comment"":""Impurities in mixtures subtract from the cost instead of adding to it."",""enabled"":false},""knownFailureFix"":{""$comment"":""Display known failures in UI between ingredients with all effects known."",""enabled"":true},""mixtureNames"":{""$comment"":""Modify names to reflect additional effects/impurities."",""enabled"":true},""roundedPotency"":{""$comment"":""Round effect potency to a multiple above a threshold."",""durationMult"":2.0,""durationThreshold"":10.0,""enabled"":true,""magnitudeMult"":2.0,""magnitudeThreshold"":10.0,""overrides"":{""$comment"":""Define setting overrides per alchemy effect."",""Skyrim.esm|0x0003EB15"":{""magnitudeMult"":10.0,""magnitudeThreshold"":50.0},""Skyrim.esm|0x0003EB3D"":{""durationMult"":10.0,""durationThreshold"":20.0}}}}",1.60000002,"Glowing Mushroom [form=0x0007EE01, count=1]; Nightshade [form=0x0002F44C, count=1]",0xFF000895,0,index=0|form_id=0x0003EB26|magnitude=48|duration=60|area=0|base_cost=0.5|flags=0x00200802,selection=1|form_id=0x0007EE01|name=G;selection=2|form_id=0x0002F44C|name=N
AP,"Blisterwort, Wheat",79,100,0,5,1,1,0,0,0,"{""AlchemyIngredientInitMultiplier"":4.0,""AlchemySkillFactor"":1.5,""copyExemplars"":{""$comment"":""Swap models and names of crafted potions to the nearest exemplar."",""enabled"":true,""exemplars"":[""Skyrim.esm|E3E9A"",""Skyrim.esm|65A72"",""Skyrim.esm|65A3E"",""Skyrim.esm|65A3F"",""Skyrim.esm|65A5A"",""Skyrim.esm|74A29"",""Skyrim.esm|74A23"",""Skyrim.esm|74A2D"",""Skyrim.esm|74A27"",""Skyrim.esm|74A21""]},""impureCostFix"":{""$comment"":""Impurities in mixtures subtract from the cost instead of adding to it."",""enabled"":false},""knownFailureFix"":{""$comment"":""Display known failures in UI between ingredients with all effects known."",""enabled"":true},""mixtureNames"":{""$comment"":""Modify names to reflect additional effects/impurities."",""enabled"":true},""roundedPotency"":{""$comment"":""Round effect potency to a multiple above a threshold."",""durationMult"":2.0,""durationThreshold"":10.0,""enabled"":true,""magnitudeMult"":2.0,""magnitudeThreshold"":10.0,""overrides"":{""$comment"":""Define setting overrides per alchemy effect."",""Skyrim.esm|0x0003EB15"":{""magnitudeMult"":10.0,""magnitudeThreshold"":50.0},""Skyrim.esm|0x0003EB3D"":{""durationMult"":10.0,""durationThreshold"":20.0}}}}",2,"Blisterwort [form=0x0004DA25, count=1]; Wheat [form=0x0004B0BA, count=1]",0xFF000898,0,index=0|form_id=0x0003EB15|magnitude=100|duration=0|area=0|base_cost=0.5|flags=0x00200A00,selection=1|form_id=0x0004DA25|name=B;selection=2|form_id=0x0004B0BA|name=W
AP,"Giant's Toe, Wheat",1674,100,0,5,1,1,0,0,0,"{""AlchemyIngredientInitMultiplier"":4.0,""AlchemySkillFactor"":1.5,""copyExemplars"":{""$comment"":""Swap models and names of crafted potions to the nearest exemplar."",""enabled"":true,""exemplars"":[""Skyrim.esm|E3E9A"",""Skyrim.esm|65A72"",""Skyrim.esm|65A3E"",""Skyrim.esm|65A3F"",""Skyrim.esm|65A5A"",""Skyrim.esm|74A29"",""Skyrim.esm|74A23"",""Skyrim.esm|74A2D"",""Skyrim.esm|74A27"",""Skyrim.esm|74A21""]},""impureCostFix"":{""$comment"":""Impurities in mixtures subtract from the cost instead of adding to it."",""enabled"":false},""knownFailureFix"":{""$comment"":""Display known failures in UI between ingredients with all effects known."",""enabled"":true},""mixtureNames"":{""$comment"":""Modify names to reflect additional effects/impurities."",""enabled"":true},""roundedPotency"":{""$comment"":""Round effect potency to a multiple above a threshold."",""durationMult"":2.0,""durationThreshold"":10.0,""enabled"":true,""magnitudeMult"":2.0,""magnitudeThreshold"":10.0,""overrides"":{""$comment"":""Define setting overrides per alchemy effect."",""Skyrim.esm|0x0003EB15"":{""magnitudeMult"":10.0,""magnitudeThreshold"":50.0},""Skyrim.esm|0x0003EB3D"":{""durationMult"":10.0,""durationThreshold"":20.0}}}}",2,"Giant's Toe [form=0x0003AD64, count=1]; Wheat [form=0x0004B0BA, count=1]",0xFF0008D8,0,index=0|form_id=0x0003EAF3|magnitude=60|duration=300|area=0|base_cost=0.349999994|flags=0x00200802;index=1|form_id=0x00073F2C|magnitude=100|duration=60|area=0|base_cost=0.300000012|flags=0x00400807,selection=1|form_id=0x0003AD64|name=G;selection=2|form_id=0x0004B0BA|name=W
AP,"Garlic, Salt Pile",494,100,0,5,1,1,0,0,0,"{""AlchemyIngredientInitMultiplier"":4.0,""AlchemySkillFactor"":1.5,""copyExemplars"":{""$comment"":""Swap models and names of crafted potions to the nearest exemplar."",""enabled"":true,""exemplars"":[""Skyrim.esm|E3E9A"",""Skyrim.esm|65A72"",""Skyrim.esm|65A3E"",""Skyrim.esm|65A3F"",""Skyrim.esm|65A5A"",""Skyrim.esm|74A29"",""Skyrim.esm|74A23"",""Skyrim.esm|74A2D"",""Skyrim.esm|74A27"",""Skyrim.esm|74A21""]},""impureCostFix"":{""$comment"":""Impurities in mixtures subtract from the cost instead of adding to it."",""enabled"":false},""knownFailureFix"":{""$comment"":""Display known failures in UI between ingredients with all effects known."",""enabled"":true},""mixtureNames"":{""$comment"":""Modify names to reflect additional effects/impurities."",""enabled"":true},""roundedPotency"":{""$comment"":""Round effect potency to a multiple above a threshold."",""durationMult"":2.0,""durationThreshold"":10.0,""enabled"":true,""magnitudeMult"":2.0,""magnitudeThreshold"":10.0,""overrides"":{""$comment"":""Define setting overrides per alchemy effect."",""Skyrim.esm|0x0003EB15"":{""magnitudeMult"":10.0,""magnitudeThreshold"":50.0},""Skyrim.esm|0x0003EB3D"":{""durationMult"":10.0,""durationThreshold"":20.0}}}}",2,"Garlic [form=0x00034D22, count=1]; Salt Pile [form=0x00034CDF, count=1]",0xFF0008E6,0,index=0|form_id=0x0003EB07|magnitude=76|duration=300|area=0|base_cost=0.100000001|flags=0x00200802,selection=1|form_id=0x00034CDF|name=S;selection=2|form_id=0x00034D22|name=G
AP,"Deathbell, River Betty",374,100,0,0,0,0,0,0,0,"{""AlchemyIngredientInitMultiplier"":4.0,""AlchemySkillFactor"":1.5,""copyExemplars"":{""$comment"":""Swap models and names of crafted potions to the nearest exemplar."",""enabled"":true,""exemplars"":[""Skyrim.esm|E3E9A"",""Skyrim.esm|65A72"",""Skyrim.esm|65A3E"",""Skyrim.esm|65A3F"",""Skyrim.esm|65A5A"",""Skyrim.esm|74A29"",""Skyrim.esm|74A23"",""Skyrim.esm|74A2D"",""Skyrim.esm|74A27"",""Skyrim.esm|74A21""]},""impureCostFix"":{""$comment"":""Impurities in mixtures subtract from the cost instead of adding to it."",""enabled"":true},""knownFailureFix"":{""$comment"":""Display known failures in UI between ingredients with all effects known."",""enabled"":true},""mixtureNames"":{""$comment"":""Modify names to reflect additional effects/impurities."",""enabled"":true},""roundedPotency"":{""$comment"":""Round effect potency to a multiple above a threshold."",""durationMult"":5.0,""durationThreshold"":15.0,""enabled"":true,""magnitudeMult"":5.0,""magnitudeThreshold"":25.0,""overrides"":{""$comment"":""Define setting overrides per alchemy effect."",""Skyrim.esm|0x0003EB15"":{""magnitudeMult"":5.0,""magnitudeThreshold"":25.0}}}}",1,"Deathbell [form=0x000516C8, count=1]; River Betty [form=0x00106E1A, count=1]",0xFF00088F,3,index=0|form_id=0x00073F25|magnitude=50|duration=30|area=0|base_cost=1|flags=0x00401807;index=1|form_id=0x0003EB42|magnitude=30|duration=0|area=0|base_cost=3|flags=0x00200805,selection=1|form_id=0x000516C8|name=D;selection=2|form_id=0x00106E1A|name=R
AP,"Garlic, Salt Pile",177,100,0,0,0,0,0,0,0,"{""AlchemyIngredientInitMultiplier"":4.0,""AlchemySkillFactor"":1.5,""copyExemplars"":{""$comment"":""Swap models and names of crafted potions to the nearest exemplar."",""enabled"":true,""exemplars"":[""Skyrim.esm|E3E9A"",""Skyrim.esm|65A72"",""Skyrim.esm|65A3E"",""Skyrim.esm|65A3F"",""Skyrim.esm|65A5A"",""Skyrim.esm|74A29"",""Skyrim.esm|74A23"",""Skyrim.esm|74A2D"",""Skyrim.esm|74A27"",""Skyrim.esm|74A21""]},""impureCostFix"":{""$comment"":""Impurities in mixtures subtract from the cost instead of adding to it."",""enabled"":true},""knownFailureFix"":{""$comment"":""Display known failures in UI between ingredients with all effects known."",""enabled"":true},""mixtureNames"":{""$comment"":""Modify names to reflect additional effects/impurities."",""enabled"":true},""roundedPotency"":{""$comment"":""Round effect potency to a multiple above a threshold."",""durationMult"":5.0,""durationThreshold"":15.0,""enabled"":true,""magnitudeMult"":5.0,""magnitudeThreshold"":25.0,""overrides"":{""$comment"":""Define setting overrides per alchemy effect."",""Skyrim.esm|0x0003EB15"":{""magnitudeMult"":5.0,""magnitudeThreshold"":25.0}}}}",1,"Garlic [form=0x00034D22, count=1]; Salt Pile [form=0x00034CDF, count=1]",0xFF000891,0,index=0|form_id=0x0003EB07|magnitude=30|duration=300|area=0|base_cost=0.100000001|flags=0x00200802,selection=1|form_id=0x00034CDF|name=S;selection=2|form_id=0x00034D22|name=G
AP,"Chaurus Eggs, Luna Moth Wing",221,100,0,0,0,0,0,0,0,"{""AlchemyIngredientInitMultiplier"":4.0,""AlchemySkillFactor"":1.5,""copyExemplars"":{""$comment"":""Swap models and names of crafted potions to the nearest exemplar."",""enabled"":true,""exemplars"":[""Skyrim.esm|E3E9A"",""Skyrim.esm|65A72"",""Skyrim.esm|65A3E"",""Skyrim.esm|65A3F"",""Skyrim.esm|65A5A"",""Skyrim.esm|74A29"",""Skyrim.esm|74A23"",""Skyrim.esm|74A2D"",""Skyrim.esm|74A27"",""Skyrim.esm|74A21""]},""impureCostFix"":{""$comment"":""Impurities in mixtures subtract from the cost instead of adding to it."",""enabled"":true},""knownFailureFix"":{""$comment"":""Display known failures in UI between ingredients with all effects known."",""enabled"":true},""mixtureNames"":{""$comment"":""Modify names to reflect additional effects/impurities."",""enabled"":true},""roundedPotency"":{""$comment"":""Round effect potency to a multiple above a threshold."",""durationMult"":5.0,""durationThreshold"":15.0,""enabled"":true,""magnitudeMult"":5.0,""magnitudeThreshold"":25.0,""overrides"":{""$comment"":""Define setting overrides per alchemy effect."",""Skyrim.esm|0x0003EB15"":{""magnitudeMult"":5.0,""magnitudeThreshold"":25.0}}}}",1,"Chaurus Eggs [form=0x0003AD56, count=1]; Luna Moth Wing [form=0x000727DF, count=1]",0xFF000895,221,index=0|form_id=0x0003EB3D|magnitude=0|duration=25|area=0|base_cost=100|flags=0x00401C02;index=1|form_id=0x0003A2B6|magnitude=18|duration=0|area=0|base_cost=2.20000005|flags=0x00200805,selection=1|form_id=0x0003AD56|name=C;selection=2|form_id=0x000727DF|name=L
AP,"Canis Root, Imp Stool",391,100,0,0,0,0,1,0,0,"{""AlchemyIngredientInitMultiplier"":4.0,""AlchemySkillFactor"":1.5,""copyExemplars"":{""$comment"":""Swap models and names of crafted potions to the nearest exemplar."",""enabled"":true,""exemplars"":[""Skyrim.esm|E3E9A"",""Skyrim.esm|65A72"",""Skyrim.esm|65A3E"",""Skyrim.esm|65A3F"",""Skyrim.esm|65A5A"",""Skyrim.esm|74A29"",""Skyrim.esm|74A23"",""Skyrim.esm|74A2D"",""Skyrim.esm|74A27"",""Skyrim.esm|74A21""]},""impureCostFix"":{""$comment"":""Impurities in mixtures subtract from the cost instead of adding to it."",""enabled"":true},""knownFailureFix"":{""$comment"":""Display known failures in UI between ingredients with all effects known."",""enabled"":true},""mixtureNames"":{""$comment"":""Modify names to reflect additional effects/impurities."",""enabled"":true},""roundedPotency"":{""$comment"":""Round effect potency to a multiple above a threshold."",""durationMult"":5.0,""durationThreshold"":15.0,""enabled"":true,""magnitudeMult"":5.0,""magnitudeThreshold"":25.0,""overrides"":{""$comment"":""Define setting overrides per alchemy effect."",""Skyrim.esm|0x0003EB15"":{""magnitudeMult"":5.0,""magnitudeThreshold"":25.0}}}}",1,"Canis Root [form=0x0006ABCB, count=1]; Imp Stool [form=0x0004DA23, count=1]",0xFF000899,3,index=0|form_id=0x00073F30|magnitude=10|duration=8|area=0|base_cost=500|flags=0x00400C03,selection=1|form_id=0x0006ABCB|name=C;selection=2|form_id=0x0004DA23|name=I
AP,"Glowing Mushroom, Nightshade",151,100,0,0,0,0,1,0,0,"{""AlchemyIngredientInitMultiplier"":4.0,""AlchemySkillFactor"":1.5,""copyExemplars"":{""$comment"":""Swap models and names of crafted potions to the nearest exemplar."",""enabled"":true,""exemplars"":[""Skyrim.esm|E3E9A"",""Skyrim.esm|65A72"",""Skyrim.esm|65A3E"",""Skyrim.esm|65A3F"",""Skyrim.esm|65A5A"",""Skyrim.esm|74A29"",""Skyrim.esm|74A23"",""Skyrim.esm|74A2D"",""Skyrim.esm|74A27"",""Skyrim.esm|74A21""]},""impureCostFix"":{""$comment"":""Impurities in mixtures subtract from the cost instead of adding to it."",""enabled"":true},""knownFailureFix"":{""$comment"":""Display known failures in UI between ingredients with all effects known."",""enabled"":true},""mixtureNames"":{""$comment"":""Modify names to reflect additional effects/impurities."",""enabled"":true},""roundedPotency"":{""$comment"":""Round effect potency to a multiple above a threshold."",""durationMult"":5.0,""durationThreshold"":15.0,""enabled"":true,""magnitudeMult"":5.0,""magnitudeThreshold"":25.0,""overrides"":{""$comment"":""Define setting overrides per alchemy effect."",""Skyrim.esm|0x0003EB15"":{""magnitudeMult"":5.0,""magnitudeThreshold"":25.0}}}}",1,"Glowing Mushroom [form=0x0007EE01, count=1]; Nightshade [form=0x0002F44C, count=1]",0xFF0008AB,0,index=0|form_id=0x0003EB26|magnitude=30|duration=60|area=0|base_cost=0.5|flags=0x00200802,selection=1|form_id=0x0007EE01|name=G;selection=2|form_id=0x0002F44C|name=N
AP,"Deathbell, River Betty",513,100,0,0,0,0,1,0,0,"{""AlchemyIngredientInitMultiplier"":4.0,""AlchemySkillFactor"":1.5,""copyExemplars"":{""$comment"":""Swap models and names of crafted potions to the nearest exemplar."",""enabled"":true,""exemplars"":[""Skyrim.esm|E3E9A"",""Skyrim.esm|65A72"",""Skyrim.esm|65A3E"",""Skyrim.esm|65A3F"",""Skyrim.esm|65A5A"",""Skyrim.esm|74A29"",""Skyrim.esm|74A23"",""Skyrim.esm|74A2D"",""Skyrim.esm|74A27"",""Skyrim.esm|74A21""]},""impureCostFix"":{""$comment"":""Impurities in mixtures subtract from the cost instead of adding to it."",""enabled"":true},""knownFailureFix"":{""$comment"":""Display known failures in UI between ingredients with all effects known."",""enabled"":true},""mixtureNames"":{""$comment"":""Modify names to reflect additional effects/impurities."",""enabled"":true},""roundedPotency"":{""$comment"":""Round effect potency to a multiple above a threshold."",""durationMult"":5.0,""durationThreshold"":15.0,""enabled"":true,""magnitudeMult"":5.0,""magnitudeThreshold"":25.0,""overrides"":{""$comment"":""Define setting overrides per alchemy effect."",""Skyrim.esm|0x0003EB15"":{""magnitudeMult"":5.0,""magnitudeThreshold"":25.0}}}}",1,"Deathbell [form=0x000516C8, count=1]; River Betty [form=0x00106E1A, count=1]",0xFF0008B2,3,index=0|form_id=0x00073F25|magnitude=50|duration=40|area=0|base_cost=1|flags=0x00401807;index=1|form_id=0x0003EB42|magnitude=40|duration=0|area=0|base_cost=3|flags=0x00200805,selection=1|form_id=0x000516C8|name=D;selection=2|form_id=0x00106E1A|name=R
AP,"Blue Mountain Flower, Wheat",103,100,0,0,0,0,0,1,0,"{""AlchemyIngredientInitMultiplier"":4.0,""AlchemySkillFactor"":1.5,""copyExemplars"":{""$comment"":""Swap models and names of crafted potions to the nearest exemplar."",""enabled"":true,""exemplars"":[""Skyrim.esm|E3E9A"",""Skyrim.esm|65A72"",""Skyrim.esm|65A3E"",""Skyrim.esm|65A3F"",""Skyrim.esm|65A5A"",""Skyrim.esm|74A29"",""Skyrim.esm|74A23"",""Skyrim.esm|74A2D"",""Skyrim.esm|74A27"",""Skyrim.esm|74A21""]},""impureCostFix"":{""$comment"":""Impurities in mixtures subtract from the cost instead of adding to it."",""enabled"":true},""knownFailureFix"":{""$comment"":""Display known failures in UI between ingredients with all effects known."",""enabled"":true},""mixtureNames"":{""$comment"":""Modify names to reflect additional effects/impurities."",""enabled"":true},""roundedPotency"":{""$comment"":""Round effect potency to a multiple above a threshold."",""durationMult"":5.0,""durationThreshold"":15.0,""enabled"":true,""magnitudeMult"":5.0,""magnitudeThreshold"":25.0,""overrides"":{""$comment"":""Define setting overrides per alchemy effect."",""Skyrim.esm|0x0003EB15"":{""magnitudeMult"":5.0,""magnitudeThreshold"":25.0}}}}",1,"Blue Mountain Flower [form=0x00077E1C, count=1]; Wheat [form=0x0004B0BA, count=1]",0xFF0008BC,0,index=0|form_id=0x0003EAF3|magnitude=24|duration=60|area=0|base_cost=0.349999994|flags=0x00200802;index=1|form_id=0x0003EB15|magnitude=30|duration=0|area=0|base_cost=0.5|flags=0x00200A00,selection=1|form_id=0x00077E1C|name=B;selection=2|form_id=0x0004B0BA|name=W
AP,"Blisterwort, Wheat",21,100,0,0,0,0,0,1,0,"{""AlchemyIngredientInitMultiplier"":4.0,""AlchemySkillFactor"":1.5,""copyExemplars"":{""$comment"":""Swap models and names of crafted potions to the nearest exemplar."",""enabled"":true,""exemplars"":[""Skyrim.esm|E3E9A"",""Skyrim.esm|65A72"",""Skyrim.esm|65A3E"",""Skyrim.esm|65A3F"",""Skyrim.esm|65A5A"",""Skyrim.esm|74A29"",""Skyrim.esm|74A23"",""Skyrim.esm|74A2D"",""Skyrim.esm|74A27"",""Skyrim.esm|74A21""]},""impureCostFix"":{""$comment"":""Impurities in mixtures subtract from the cost instead of adding to it."",""enabled"":true},""knownFailureFix"":{""$comment"":""Display known failures in UI between ingredients with all effects known."",""enabled"":true},""mixtureNames"":{""$comment"":""Modify names to reflect additional effects/impurities."",""enabled"":true},""roundedPotency"":{""$comment"":""Round effect potency to a multiple above a threshold."",""durationMult"":5.0,""durationThreshold"":15.0,""enabled"":true,""magnitudeMult"":5.0,""magnitudeThreshold"":25.0,""overrides"":{""$comment"":""Define setting overrides per alchemy effect."",""Skyrim.esm|0x0003EB15"":{""magnitudeMult"":5.0,""magnitudeThreshold"":25.0}}}}",1,"Blisterwort [form=0x0004DA25, count=1]; Wheat [form=0x0004B0BA, count=1]",0xFF0008F6,0,index=0|form_id=0x0003EB15|magnitude=30|duration=0|area=0|base_cost=0.5|flags=0x00200A00,selection=1|form_id=0x0004DA25|name=B;selection=2|form_id=0x0004B0BA|name=W
AP,"Briar Heart, Canis Root",285,100,0,0,0,0,0,1,0,"{""AlchemyIngredientInitMultiplier"":4.0,""AlchemySkillFactor"":1.5,""copyExemplars"":{""$comment"":""Swap models and names of crafted potions to the nearest exemplar."",""enabled"":true,""exemplars"":[""Skyrim.esm|E3E9A"",""Skyrim.esm|65A72"",""Skyrim.esm|65A3E"",""Skyrim.esm|65A3F"",""Skyrim.esm|65A5A"",""Skyrim.esm|74A29"",""Skyrim.esm|74A23"",""Skyrim.esm|74A2D"",""Skyrim.esm|74A27"",""Skyrim.esm|74A21""]},""impureCostFix"":{""$comment"":""Impurities in mixtures subtract from the cost instead of adding to it."",""enabled"":true},""knownFailureFix"":{""$comment"":""Display known failures in UI between ingredients with all effects known."",""enabled"":true},""mixtureNames"":{""$comment"":""Modify names to reflect additional effects/impurities."",""enabled"":true},""roundedPotency"":{""$comment"":""Round effect potency to a multiple above a threshold."",""durationMult"":5.0,""durationThreshold"":15.0,""enabled"":true,""magnitudeMult"":5.0,""magnitudeThreshold"":25.0,""overrides"":{""$comment"":""Define setting overrides per alchemy effect."",""Skyrim.esm|0x0003EB15"":{""magnitudeMult"":5.0,""magnitudeThreshold"":25.0}}}}",1,"Briar Heart [form=0x0003AD61, count=1]; Canis Root [form=0x0006ABCB, count=1]",0xFF0008E4,3,index=0|form_id=0x00073F30|magnitude=10|duration=6|area=0|base_cost=500|flags=0x00400C03,selection=1|form_id=0x0003AD61|name=B;selection=2|form_id=0x0006ABCB|name=C
AP,"Creep Cluster, Mora Tapinella, Scaly Pholiota",1443,100,0,5,1,1,1,1,0,"{""AlchemyIngredientInitMultiplier"":4.0,""AlchemySkillFactor"":1.5,""copyExemplars"":{""$comment"":""Swap models and names of crafted potions to the nearest exemplar."",""enabled"":true,""exemplars"":[""Skyrim.esm|E3E9A"",""Skyrim.esm|65A72"",""Skyrim.esm|65A3E"",""Skyrim.esm|65A3F"",""Skyrim.esm|65A5A"",""Skyrim.esm|74A29"",""Skyrim.esm|74A23"",""Skyrim.esm|74A2D"",""Skyrim.esm|74A27"",""Skyrim.esm|74A21""]},""impureCostFix"":{""$comment"":""Impurities in mixtures subtract from the cost instead of adding to it."",""enabled"":true},""knownFailureFix"":{""$comment"":""Display known failures in UI between ingredients with all effects known."",""enabled"":true},""mixtureNames"":{""$comment"":""Modify names to reflect additional effects/impurities."",""enabled"":true},""roundedPotency"":{""$comment"":""Round effect potency to a multiple above a threshold."",""durationMult"":5.0,""durationThreshold"":15.0,""enabled"":true,""magnitudeMult"":5.0,""magnitudeThreshold"":25.0,""overrides"":{""$comment"":""Define setting overrides per alchemy effect."",""Skyrim.esm|0x0003EB15"":{""magnitudeMult"":5.0,""magnitudeThreshold"":25.0}}}}",2,"Creep Cluster [form=0x000B2183, count=1]; Mora Tapinella [form=0x000EC870, count=1]; Scaly Pholiota [form=0x0006F950, count=1]",0xFF0008FE,0,index=0|form_id=0x0003EB01|magnitude=60|duration=300|area=0|base_cost=0.150000006|flags=0x00200802;index=1|form_id=0x0003EB08|magnitude=80|duration=300|area=0|base_cost=0.100000001|flags=0x00200802;index=2|form_id=0x0003EB27|magnitude=60|duration=60|area=0|base_cost=0.400000006|flags=0x00200802;index=3|form_id=0x0003EB17|magnitude=95|duration=0|area=0|base_cost=0.600000024|flags=0x00200A00,selection=1|form_id=0x000B2183|name=C;selection=2|form_id=0x0006F950|name=S;selection=3|form_id=0x000EC870|name=M
AP,"Abecean Longfin, Cyrodilic Spadetail, Salt Pile",324,100,0,5,1,1,1,1,0,"{""AlchemyIngredientInitMultiplier"":4.0,""AlchemySkillFactor"":1.5,""copyExemplars"":{""$comment"":""Swap models and names of crafted potions to the nearest exemplar."",""enabled"":true,""exemplars"":[""Skyrim.esm|E3E9A"",""Skyrim.esm|65A72"",""Skyrim.esm|65A3E"",""Skyrim.esm|65A3F"",""Skyrim.esm|65A5A"",""Skyrim.esm|74A29"",""Skyrim.esm|74A23"",""Skyrim.esm|74A2D"",""Skyrim.esm|74A27"",""Skyrim.esm|74A21""]},""impureCostFix"":{""$comment"":""Impurities in mixtures subtract from the cost instead of adding to it."",""enabled"":true},""knownFailureFix"":{""$comment"":""Display known failures in UI between ingredients with all effects known."",""enabled"":true},""mixtureNames"":{""$comment"":""Modify names to reflect additional effects/impurities."",""enabled"":true},""roundedPotency"":{""$comment"":""Round effect potency to a multiple above a threshold."",""durationMult"":5.0,""durationThreshold"":15.0,""enabled"":true,""magnitudeMult"":5.0,""magnitudeThreshold"":25.0,""overrides"":{""$comment"":""Define setting overrides per alchemy effect."",""Skyrim.esm|0x0003EB15"":{""magnitudeMult"":5.0,""magnitudeThreshold"":25.0}}}}",2,"Abecean Longfin [form=0x00106E1B, count=1]; Cyrodilic Spadetail [form=0x00106E19, count=1]; Salt Pile [form=0x00034CDF, count=1]",0xFF0008F7,0,index=0|form_id=0x0003EB28|magnitude=60|duration=60|area=0|base_cost=0.5|flags=0x00200802,selection=1|form_id=0x00106E1B|name=A;selection=2|form_id=0x00106E19|name=C;selection=3|form_id=0x00034CDF|name=S
AP,"Giant's Toe, Wheat",1333,100,0,5,1,1,1,1,0,"{""AlchemyIngredientInitMultiplier"":4.0,""AlchemySkillFactor"":1.5,""copyExemplars"":{""$comment"":""Swap models and names of crafted potions to the nearest exemplar."",""enabled"":true,""exemplars"":[""Skyrim.esm|E3E9A"",""Skyrim.esm|65A72"",""Skyrim.esm|65A3E"",""Skyrim.esm|65A3F"",""Skyrim.esm|65A5A"",""Skyrim.esm|74A29"",""Skyrim.esm|74A23"",""Skyrim.esm|74A2D"",""Skyrim.esm|74A27"",""Skyrim.esm|74A21""]},""impureCostFix"":{""$comment"":""Impurities in mixtures subtract from the cost instead of adding to it."",""enabled"":true},""knownFailureFix"":{""$comment"":""Display known failures in UI between ingredients with all effects known."",""enabled"":true},""mixtureNames"":{""$comment"":""Modify names to reflect additional effects/impurities."",""enabled"":true},""roundedPotency"":{""$comment"":""Round effect potency to a multiple above a threshold."",""durationMult"":5.0,""durationThreshold"":15.0,""enabled"":true,""magnitudeMult"":5.0,""magnitudeThreshold"":25.0,""overrides"":{""$comment"":""Define setting overrides per alchemy effect."",""Skyrim.esm|0x0003EB15"":{""magnitudeMult"":5.0,""magnitudeThreshold"":25.0}}}}",2,"Giant's Toe [form=0x0003AD64, count=1]; Wheat [form=0x0004B0BA, count=1]",0xFF000915,0,index=0|form_id=0x0003EAF3|magnitude=60|duration=300|area=0|base_cost=0.349999994|flags=0x00200802,selection=1|form_id=0x0003AD64|name=G;selection=2|form_id=0x0004B0BA|name=W
AP,"Briar Heart, Canis Root",500,100,0,0,0,0,0,0,0,"{""AlchemyIngredientInitMultiplier"":5.0,""AlchemySkillFactor"":2.0,""copyExemplars"":{""$comment"":""Swap models and names of crafted potions to the nearest exemplar."",""enabled"":true,""exemplars"":[""Skyrim.esm|E3E9A"",""Skyrim.esm|65A72"",""Skyrim.esm|65A3E"",""Skyrim.esm|65A3F"",""Skyrim.esm|65A5A"",""Skyrim.esm|74A29"",""Skyrim.esm|74A23"",""Skyrim.esm|74A2D"",""Skyrim.esm|74A27"",""Skyrim.esm|74A21""]},""impureCostFix"":{""$comment"":""Impurities in mixtures subtract from the cost instead of adding to it."",""enabled"":true},""knownFailureFix"":{""$comment"":""Display known failures in UI between ingredients with all effects known."",""enabled"":true},""mixtureNames"":{""$comment"":""Modify names to reflect additional effects/impurities."",""enabled"":true},""roundedPotency"":{""$comment"":""Round effect potency to a multiple above a threshold."",""durationMult"":6.0,""durationThreshold"":20.0,""enabled"":true,""magnitudeMult"":6.0,""magnitudeThreshold"":30.0,""overrides"":{""$comment"":""Define setting overrides per alchemy effect.""}}}",1,"Briar Heart [form=0x0003AD61, count=1]; Canis Root [form=0x0006ABCB, count=1]",0xFF000875,3,index=0|form_id=0x00073F30|magnitude=10|duration=10|area=0|base_cost=500|flags=0x00400C03,selection=1|form_id=0x0003AD61|name=B;selection=2|form_id=0x0006ABCB|name=C
AP,"Dragon's Tongue, Fly Amanita",370,100,0,0,0,0,0,0,0,"{""AlchemyIngredientInitMultiplier"":5.0,""AlchemySkillFactor"":2.0,""copyExemplars"":{""$comment"":""Swap models and names of crafted potions to the nearest exemplar."",""enabled"":true,""exemplars"":[""Skyrim.esm|E3E9A"",""Skyrim.esm|65A72"",""Skyrim.esm|65A3E"",""Skyrim.esm|65A3F"",""Skyrim.esm|65A5A"",""Skyrim.esm|74A29"",""Skyrim.esm|74A23"",""Skyrim.esm|74A2D"",""Skyrim.esm|74A27"",""Skyrim.esm|74A21""]},""impureCostFix"":{""$comment"":""Impurities in mixtures subtract from the cost instead of adding to it."",""enabled"":true},""knownFailureFix"":{""$comment"":""Display known failures in UI between ingredients with all effects known."",""enabled"":true},""mixtureNames"":{""$comment"":""Modify names to reflect additional effects/impurities."",""enabled"":true},""roundedPotency"":{""$comment"":""Round effect potency to a multiple above a threshold."",""durationMult"":6.0,""durationThreshold"":20.0,""enabled"":true,""magnitudeMult"":6.0,""magnitudeThreshold"":30.0,""overrides"":{""$comment"":""Define setting overrides per alchemy effect.""}}}",1,"Dragon's Tongue [form=0x000889A2, count=1]; Fly Amanita [form=0x0004DA00, count=1]",0xFF000888,0,index=0|form_id=0x0003EB1A|magnitude=42|duration=60|area=0|base_cost=0.5|flags=0x00200802;index=1|form_id=0x0003EAEA|magnitude=30|duration=60|area=0|base_cost=0.5|flags=0x00201002,selection=1|form_id=0x000889A2|name=D;selection=2|form_id=0x0004DA00|name=F
AP,"Blue Butterfly Wing, Blue Mountain Flower",362,100,0,0,0,0,0,0,0,"{""AlchemyIngredientInitMultiplier"":5.0,""AlchemySkillFactor"":2.0,""copyExemplars"":{""$comment"":""Swap models and names of crafted potions to the nearest exemplar."",""enabled"":true,""exemplars"":[""Skyrim.esm|E3E9A"",""Skyrim.esm|65A72"",""Skyrim.esm|65A3E"",""Skyrim.esm|65A3F"",""Skyrim.esm|65A5A"",""Skyrim.esm|74A29"",""Skyrim.esm|74A23"",""Skyrim.esm|74A2D"",""Skyrim.esm|74A27"",""Skyrim.esm|74A21""]},""impureCostFix"":{""$comment"":""Impurities in mixtures subtract from the cost instead of adding to it."",""enabled"":true},""knownFailureFix"":{""$comment"":""Display known failures in UI between ingredients with all effects known."",""enabled"":true},""mixtureNames"":{""$comment"":""Modify names to reflect additional effects/impurities."",""enabled"":true},""roundedPotency"":{""$comment"":""Round effect potency to a multiple above a threshold."",""durationMult"":6.0,""durationThreshold"":20.0,""enabled"":true,""magnitudeMult"":6.0,""magnitudeThreshold"":30.0,""overrides"":{""$comment"":""Define setting overrides per alchemy effect.""}}}",1,"Blue Butterfly Wing [form=0x000727DE, count=1]; Blue Mountain Flower [form=0x00077E1C, count=1]",0xFF000893,362,index=0|form_id=0x00073F2B|magnitude=100|duration=54|area=0|base_cost=0.5|flags=0x00400807;index=1|form_id=0x0003EB25|magnitude=54|duration=60|area=0|base_cost=0.25|flags=0x00200802,selection=1|form_id=0x000727DE|name=B;selection=2|form_id=0x00077E1C|name=B
AP,"Blisterwort, Wheat",145,100,50,4,1,1,0,0,0,"{""AlchemyIngredientInitMultiplier"":4.5,""AlchemySkillFactor"":1.7999999523162842,""copyExemplars"":{""$comment"":""Swap models and names of crafted potions to the nearest exemplar."",""enabled"":true,""exemplars"":[""Skyrim.esm|E3E9A"",""Skyrim.esm|65A72"",""Skyrim.esm|65A3E"",""Skyrim.esm|65A3F"",""Skyrim.esm|65A5A"",""Skyrim.esm|74A29"",""Skyrim.esm|74A23"",""Skyrim.esm|74A2D"",""Skyrim.esm|74A27"",""Skyrim.esm|74A21""]},""impureCostFix"":{""$comment"":""Impurities in mixtures subtract from the cost instead of adding to it."",""enabled"":true},""knownFailureFix"":{""$comment"":""Display known failures in UI between ingredients with all effects known."",""enabled"":true},""mixtureNames"":{""$comment"":""Modify names to reflect additional effects/impurities."",""enabled"":true},""roundedPotency"":{""$comment"":""Round effect potency to a multiple above a threshold."",""durationMult"":6.0,""durationThreshold"":20.0,""enabled"":true,""magnitudeMult"":6.0,""magnitudeThreshold"":30.0,""overrides"":{""$comment"":""Define setting overrides per alchemy effect.""}}}",1.79999995,"Blisterwort [form=0x0004DA25, count=1]; Wheat [form=0x0004B0BA, count=1]",0xFF000894,0,index=0|form_id=0x0003EB15|magnitude=174|duration=0|area=0|base_cost=0.5|flags=0x00200A00,selection=1|form_id=0x0004DA25|name=B;selection=2|form_id=0x0004B0BA|name=W
AP,"Garlic, Salt Pile",952,100,50,4,1,1,0,0,0,"{""AlchemyIngredientInitMultiplier"":4.5,""AlchemySkillFactor"":1.7999999523162842,""copyExemplars"":{""$comment"":""Swap models and names of crafted potions to the nearest exemplar."",""enabled"":true,""exemplars"":[""Skyrim.esm|E3E9A"",""Skyrim.esm|65A72"",""Skyrim.esm|65A3E"",""Skyrim.esm|65A3F"",""Skyrim.esm|65A5A"",""Skyrim.esm|74A29"",""Skyrim.esm|74A23"",""Skyrim.esm|74A2D"",""Skyrim.esm|74A27"",""Skyrim.esm|74A21""]},""impureCostFix"":{""$comment"":""Impurities in mixtures subtract from the cost instead of adding to it."",""enabled"":true},""knownFailureFix"":{""$comment"":""Display known failures in UI between ingredients with all effects known."",""enabled"":true},""mixtureNames"":{""$comment"":""Modify names to reflect additional effects/impurities."",""enabled"":true},""roundedPotency"":{""$comment"":""Round effect potency to a multiple above a threshold."",""durationMult"":6.0,""durationThreshold"":20.0,""enabled"":true,""magnitudeMult"":6.0,""magnitudeThreshold"":30.0,""overrides"":{""$comment"":""Define setting overrides per alchemy effect.""}}}",1.79999995,"Garlic [form=0x00034D22, count=1]; Salt Pile [form=0x00034CDF, count=1]",0xFF0008A9,0,index=0|form_id=0x0003EB07|magnitude=138|duration=300|area=0|base_cost=0.100000001|flags=0x00200802,selection=1|form_id=0x00034CDF|name=S;selection=2|form_id=0x00034D22|name=G
AP,"Giant's Toe, Wheat",2009,100,50,4,1,1,0,0,0,"{""AlchemyIngredientInitMultiplier"":4.5,""AlchemySkillFactor"":1.7999999523162842,""copyExemplars"":{""$comment"":""Swap models and names of crafted potions to the nearest exemplar."",""enabled"":true,""exemplars"":[""Skyrim.esm|E3E9A"",""Skyrim.esm|65A72"",""Skyrim.esm|65A3E"",""Skyrim.esm|65A3F"",""Skyrim.esm|65A5A"",""Skyrim.esm|74A29"",""Skyrim.esm|74A23"",""Skyrim.esm|74A2D"",""Skyrim.esm|74A27"",""Skyrim.esm|74A21""]},""impureCostFix"":{""$comment"":""Impurities in mixtures subtract from the cost instead of adding to it."",""enabled"":true},""knownFailureFix"":{""$comment"":""Display known failures in UI between ingredients with all effects known."",""enabled"":true},""mixtureNames"":{""$comment"":""Modify names to reflect additional effects/impurities."",""enabled"":true},""roundedPotency"":{""$comment"":""Round effect potency to a multiple above a threshold."",""durationMult"":6.0,""durationThreshold"":20.0,""enabled"":true,""magnitudeMult"":6.0,""magnitudeThreshold"":30.0,""overrides"":{""$comment"":""Define setting overrides per alchemy effect.""}}}",1.79999995,"Giant's Toe [form=0x0003AD64, count=1]; Wheat [form=0x0004B0BA, count=1]",0xFF0008AE,2009,index=0|form_id=0x0003EAF3|magnitude=114|duration=300|area=0|base_cost=0.349999994|flags=0x00200802;index=1|form_id=0x00073F2C|magnitude=100|duration=114|area=0|base_cost=0.300000012|flags=0x00400807,selection=1|form_id=0x0003AD64|name=G;selection=2|form_id=0x0004B0BA|name=W
AP,"Bear Claws, Bee",66,50,50,2,1,0,0,0,0,"{""AlchemyIngredientInitMultiplier"":4.0,""AlchemySkillFactor"":1.5,""copyExemplars"":{""$comment"":""Swap models and names of crafted potions to the nearest exemplar."",""enabled"":true,""exemplars"":[""Skyrim.esm|E3E9A"",""Skyrim.esm|65A72"",""Skyrim.esm|65A3E"",""Skyrim.esm|65A3F"",""Skyrim.esm|65A5A"",""Skyrim.esm|74A29"",""Skyrim.esm|74A23"",""Skyrim.esm|74A2D"",""Skyrim.esm|74A27"",""Skyrim.esm|74A21""]},""impureCostFix"":{""$comment"":""Impurities in mixtures subtract from the cost instead of adding to it."",""enabled"":true},""knownFailureFix"":{""$comment"":""Display known failures in UI between ingredients with all effects known."",""enabled"":true},""mixtureNames"":{""$comment"":""Modify names to reflect additional effects/impurities."",""enabled"":true},""roundedPotency"":{""$comment"":""Round effect potency to a multiple above a threshold."",""durationMult"":6.0,""durationThreshold"":20.0,""enabled"":true,""magnitudeMult"":6.0,""magnitudeThreshold"":30.0,""overrides"":{""$comment"":""Define setting overrides per alchemy effect.""}}}",1.39999998,"Bear Claws [form=0x0006BC02, count=1]; Bee [form=0x000A9195, count=1]",0xFF0008EF,0,index=0|form_id=0x0003EB16|magnitude=72|duration=0|area=0|base_cost=0.600000024|flags=0x00200A00,selection=1|form_id=0x0006BC02|name=B;selection=2|form_id=0x000A9195|name=B
AP,"Luna Moth Wing, Vampire Dust",900,50,50,2,1,0,0,0,0,"{""AlchemyIngredientInitMultiplier"":4.0,""AlchemySkillFactor"":1.5,""copyExemplars"":{""$comment"":""Swap models and names of crafted potions to the nearest exemplar."",""enabled"":true,""exemplars"":[""Skyrim.esm|E3E9A"",""Skyrim.esm|65A72"",""Skyrim.esm|65A3E"",""Skyrim.esm|65A3F"",""Skyrim.esm|65A5A"",""Skyrim.esm|74A29"",""Skyrim.esm|74A23"",""Skyrim.esm|74A2D"",""Skyrim.esm|74A27"",""Skyrim.esm|74A21""]},""impureCostFix"":{""$comment"":""Impurities in mixtures subtract from the cost instead of adding to it."",""enabled"":true},""knownFailureFix"":{""$comment"":""Display known failures in UI between ingredients with all effects known."",""enabled"":true},""mixtureNames"":{""$comment"":""Modify names to reflect additional effects/impurities."",""enabled"":true},""roundedPotency"":{""$comment"":""Round effect potency to a multiple above a threshold."",""durationMult"":6.0,""durationThreshold"":20.0,""enabled"":true,""magnitudeMult"":6.0,""magnitudeThreshold"":30.0,""overrides"":{""$comment"":""Define setting overrides per alchemy effect.""}}}",1.39999998,"Luna Moth Wing [form=0x000727DF, count=1]; Vampire Dust [form=0x0003AD76, count=1]",0xFF0008F3,0,index=0|form_id=0x0003EB3D|magnitude=0|duration=48|area=0|base_cost=100|flags=0x00401C02;index=1|form_id=0x0003EB06|magnitude=54|duration=300|area=0|base_cost=0.100000001|flags=0x00200802,selection=1|form_id=0x000727DF|name=L;selection=2|form_id=0x0003AD76|name=V
AP,"Berit's Ashes, Bone Meal",190,50,50,2,1,0,0,0,0,"{""AlchemyIngredientInitMultiplier"":4.0,""AlchemySkillFactor"":1.5,""copyExemplars"":{""$comment"":""Swap models and names of crafted potions to the nearest exemplar."",""enabled"":true,""exemplars"":[""Skyrim.esm|E3E9A"",""Skyrim.esm|65A72"",""Skyrim.esm|65A3E"",""Skyrim.esm|65A3F"",""Skyrim.esm|65A5A"",""Skyrim.esm|74A29"",""Skyrim.esm|74A23"",""Skyrim.esm|74A2D"",""Skyrim.esm|74A27"",""Skyrim.esm|74A21""]},""impureCostFix"":{""$comment"":""Impurities in mixtures subtract from the cost instead of adding to it."",""enabled"":true},""knownFailureFix"":{""$comment"":""Display known failures in UI between ingredients with all effects known."",""enabled"":true},""mixtureNames"":{""$comment"":""Modify names to reflect additional effects/impurities."",""enabled"":true},""roundedPotency"":{""$comment"":""Round effect potency to a multiple above a threshold."",""durationMult"":6.0,""durationThreshold"":20.0,""enabled"":true,""magnitudeMult"":6.0,""magnitudeThreshold"":30.0,""overrides"":{""$comment"":""Define setting overrides per alchemy effect.""}}}",1.39999998,"Berit's Ashes [form=0x000705B7, count=1]; Bone Meal [form=0x00034CDD, count=1]",0xFF000908,190,index=0|form_id=0x0003EAEA|magnitude=36|duration=60|area=0|base_cost=0.5|flags=0x00201002;index=1|form_id=0x0003EB25|magnitude=54|duration=60|area=0|base_cost=0.25|flags=0x00200802;index=2|form_id=0x0003A2C6|magnitude=36|duration=0|area=0|base_cost=1.79999995|flags=0x00200805;index=3|form_id=0x00073F23|magnitude=21|duration=10|area=0|base_cost=1.60000002|flags=0x00200807,selection=1|form_id=0x000705B7|name=B;selection=2|form_id=0x00034CDD|name=B
Vanilla,"Blisterwort, Wheat",21,100,0,0,0,0,0,0,0,"{""AlchemyIngredientInitMultiplier"":4.0,""AlchemySkillFactor"":1.5}",1,"Blisterwort [form=0x0004DA25, count=1]; Wheat [form=0x0004B0BA, count=1]",0xFF000875,0,index=0|form_id=0x0003EB15|magnitude=30|duration=0|area=0|base_cost=0.5|flags=0x00200A00,selection=1|form_id=0x0004DA25|name=B;selection=2|form_id=0x0004B0BA|name=W
Vanilla,"Deathbell, River Betty",374,100,0,0,0,0,0,0,0,"{""AlchemyIngredientInitMultiplier"":4.0,""AlchemySkillFactor"":1.5}",1,"Deathbell [form=0x000516C8, count=1]; River Betty [form=0x00106E1A, count=1]",0xFF000888,3,index=0|form_id=0x00073F25|magnitude=50|duration=30|area=0|base_cost=1|flags=0x00401807;index=1|form_id=0x0003EB42|magnitude=30|duration=0|area=0|base_cost=3|flags=0x00200805,selection=1|form_id=0x000516C8|name=D;selection=2|form_id=0x00106E1A|name=R
Vanilla,"Garlic, Salt Pile",177,100,0,0,0,0,0,0,0,"{""AlchemyIngredientInitMultiplier"":4.0,""AlchemySkillFactor"":1.5}",1,"Garlic [form=0x00034D22, count=1]; Salt Pile [form=0x00034CDF, count=1]",0xFF00088E,0,index=0|form_id=0x0003EB07|magnitude=30|duration=300|area=0|base_cost=0.100000001|flags=0x00200802,selection=1|form_id=0x00034CDF|name=S;selection=2|form_id=0x00034D22|name=G
Vanilla,"Blue Butterfly Wing, Blue Mountain Flower",340,100,0,0,0,0,0,0,0,"{""AlchemyIngredientInitMultiplier"":4.0,""AlchemySkillFactor"":1.5}",1,"Blue Butterfly Wing [form=0x000727DE, count=1]; Blue Mountain Flower [form=0x00077E1C, count=1]",0xFF00088F,3,index=0|form_id=0x00073F2B|magnitude=100|duration=30|area=0|base_cost=0.5|flags=0x00400807;index=1|form_id=0x0003EB25|magnitude=30|duration=60|area=0|base_cost=0.25|flags=0x00200802,selection=1|form_id=0x00077E1C|name=B;selection=2|form_id=0x000727DE|name=B
Vanilla,"Briar Heart, Canis Root",337,100,0,1,0,0,0,0,0,"{""AlchemyIngredientInitMultiplier"":4.0,""AlchemySkillFactor"":1.5}",1.20000005,"Briar Heart [form=0x0003AD61, count=1]; Canis Root [form=0x0006ABCB, count=1]",0xFF000890,3,index=0|form_id=0x00073F30|magnitude=10|duration=7|area=0|base_cost=500|flags=0x00400C03,selection=1|form_id=0x0003AD61|name=B;selection=2|form_id=0x0006ABCB|name=C
Vanilla,"Bear Claws, Bee",30,100,0,1,0,0,0,0,0,"{""AlchemyIngredientInitMultiplier"":4.0,""AlchemySkillFactor"":1.5}",1.20000005,"Bear Claws [form=0x0006BC02, count=1]; Bee [form=0x000A9195, count=1]",0xFF0008A0,0,index=0|form_id=0x0003EB16|magnitude=36|duration=0|area=0|base_cost=0.600000024|flags=0x00200A00,selection=1|form_id=0x0006BC02|name=B;selection=2|form_id=0x000A9195|name=B
Vanilla,"Glowing Mushroom, Nightshade",184,100,0,1,0,0,0,0,0,"{""AlchemyIngredientInitMultiplier"":4.0,""AlchemySkillFactor"":1.5}",1.20000005,"Glowing Mushroom [form=0x0007EE01, count=1]; Nightshade [form=0x0002F44C, count=1]",0xFF0008A4,0,index=0|form_id=0x0003EB26|magnitude=36|duration=60|area=0|base_cost=0.5|flags=0x00200802,selection=1|form_id=0x0007EE01|name=G;selection=2|form_id=0x0002F44C|name=N
Vanilla,"Creep Cluster, Mora Tapinella, Scaly Pholiota",928,100,0,3,0,0,0,0,0,"{""AlchemyIngredientInitMultiplier"":4.0,""AlchemySkillFactor"":1.5}",1.60000002,"Creep Cluster [form=0x000B2183, count=1]; Mora Tapinella [form=0x000EC870, count=1]; Scaly Pholiota [form=0x0006F950, count=1]",0xFF0008AB,0,index=0|form_id=0x0003EB01|magnitude=38|duration=300|area=0|base_cost=0.150000006|flags=0x00200802;index=1|form_id=0x0003EB08|magnitude=48|duration=300|area=0|base_cost=0.100000001|flags=0x00200802;index=2|form_id=0x0003EB27|magnitude=38|duration=60|area=0|base_cost=0.400000006|flags=0x00200802;index=3|form_id=0x00073F51|magnitude=19|duration=30|area=0|base_cost=1|flags=0x00201007;index=4|form_id=0x0003EB17|magnitude=48|duration=0|area=0|base_cost=0.600000024|flags=0x00200A00,selection=1|form_id=0x000B2183|name=C;selection=2|form_id=0x0006F950|name=S;selection=3|form_id=0x000EC870|name=M
Vanilla,"Giant's Toe, Wheat",1073,100,0,3,0,0,0,0,0,"{""AlchemyIngredientInitMultiplier"":4.0,""AlchemySkillFactor"":1.5}",1.60000002,"Giant's Toe [form=0x0003AD64, count=1]; Wheat [form=0x0004B0BA, count=1]",0xFF0008D3,0,index=0|form_id=0x0003EAF3|magnitude=38|duration=300|area=0|base_cost=0.349999994|flags=0x00200802;index=1|form_id=0x00073F2C|magnitude=100|duration=48|area=0|base_cost=0.300000012|flags=0x00400807,selection=1|form_id=0x0003AD64|name=G;selection=2|form_id=0x0004B0BA|name=W
Vanilla,"Dragon's Tongue, Fly Amanita",341,100,0,3,0,0,0,0,0,"{""AlchemyIngredientInitMultiplier"":4.0,""AlchemySkillFactor"":1.5}",1.60000002,"Dragon's Tongue [form=0x000889A2, count=1]; Fly Amanita [form=0x0004DA00, count=1]",0xFF0008F0,0,index=0|form_id=0x0003EB1A|magnitude=38|duration=60|area=0|base_cost=0.5|flags=0x00200802;index=1|form_id=0x0003EAEA|magnitude=29|duration=60|area=0|base_cost=0.5|flags=0x00201002,selection=1|form_id=0x000889A2|name=D;selection=2|form_id=0x0004DA00|name=F
Vanilla,"Blisterwort, Wheat",45,100,0,5,0,0,0,0,0,"{""AlchemyIngredientInitMultiplier"":4.0,""AlchemySkillFactor"":1.5}",2,"Blisterwort [form=0x0004DA25, count=1]; Wheat [form=0x0004B0BA, count=1]",0xFF0008F1,0,index=0|form_id=0x0003EB15|magnitude=60|duration=0|area=0|base_cost=0.5|flags=0x00200A00,selection=1|form_id=0x0004DA25|name=B;selection=2|form_id=0x0004B0BA|name=W
Vanilla,"Deathbell, River Betty",801,100,0,5,0,0,0,0,0,"{""AlchemyIngredientInitMultiplier"":4.0,""AlchemySkillFactor"":1.5}",2,"Deathbell [form=0x000516C8, count=1]; River Betty [form=0x00106E1A, count=1]",0xFF0008F3,3,index=0|form_id=0x00073F25|magnitude=50|duration=60|area=0|base_cost=1|flags=0x00401807;index=1|form_id=0x0003EB42|magnitude=60|duration=0|area=0|base_cost=3|flags=0x00200805,selection=1|form_id=0x000516C8|name=D;selection=2|form_id=0x00106E1A|name=R
Vanilla,"Garlic, Salt Pile",380,100,0,5,0,0,0,0,0,"{""AlchemyIngredientInitMultiplier"":4.0,""AlchemySkillFactor"":1.5}",2,"Garlic [form=0x00034D22, count=1]; Salt Pile [form=0x00034CDF, count=1]",0xFF0008F4,0,index=0|form_id=0x0003EB07|magnitude=60|duration=300|area=0|base_cost=0.100000001|flags=0x00200802,selection=1|form_id=0x00034CDF|name=S;selection=2|form_id=0x00034D22|name=G
Vanilla,"Blisterwort, Wheat",32,100,0,1,1,0,0,0,0,"{""AlchemyIngredientInitMultiplier"":4.0,""AlchemySkillFactor"":1.5}",1.20000005,"Blisterwort [form=0x0004DA25, count=1]; Wheat [form=0x0004B0BA, count=1]",0xFF0008E1,0,index=0|form_id=0x0003EB15|magnitude=45|duration=0|area=0|base_cost=0.5|flags=0x00200A00,selection=1|form_id=0x0004DA25|name=B;selection=2|form_id=0x0004B0BA|name=W
Vanilla,"Briar Heart, Ectoplasm",126,100,0,1,1,0,0,0,0,"{""AlchemyIngredientInitMultiplier"":4.0,""AlchemySkillFactor"":1.5}",1.20000005,"Briar Heart [form=0x0003AD61, count=1]; Ectoplasm [form=0x0003AD63, count=1]",0xFF0008F7,0,index=0|form_id=0x0003EAF8|magnitude=29|duration=60|area=0|base_cost=0.300000012|flags=0x00200802;index=1|form_id=0x0003EB17|magnitude=45|duration=0|area=0|base_cost=0.600000024|flags=0x00200A00,selection=1|form_id=0x0003AD61|name=B;selection=2|form_id=0x0003AD63|name=E
Vanilla,"Bear Claws, Bee",39,100,0,1,1,0,0,0,0,"{""AlchemyIngredientInitMultiplier"":4.0,""AlchemySkillFactor"":1.5}",1.20000005,"Bear Claws [form=0x0006BC02, count=1]; Bee [form=0x000A9195, count=1]",0xFF000902,0,index=0|form_id=0x0003EB16|magnitude=45|duration=0|area=0|base_cost=0.600000024|flags=0x00200A00,selection=1|form_id=0x0006BC02|name=B;selection=2|form_id=0x000A9195|name=B
Vanilla,"Blue Butterfly Wing, Blue Mountain Flower",416,100,0,1,1,1,0,0,0,"{""AlchemyIngredientInitMultiplier"":4.0,""AlchemySkillFactor"":1.5}",1.20000005,"Blue Butterfly Wing [form=0x000727DE, count=1]; Blue Mountain Flower [form=0x00077E1C, count=1]",0xFF000884,3,index=0|form_id=0x00073F2B|magnitude=100|duration=36|area=0|base_cost=0.5|flags=0x00400807;index=1|form_id=0x0003EB25|magnitude=36|duration=60|area=0|base_cost=0.25|flags=0x00200802,selection=1|form_id=0x00077E1C|name=B;selection=2|form_id=0x000727DE|name=B
Vanilla,"Dragon's Tongue, Fly Amanita",319,100,0,1,1,1,0,0,0,"{""AlchemyIngredientInitMultiplier"":4.0,""AlchemySkillFactor"":1.5}",1.20000005,"Dragon's Tongue [form=0x000889A2, count=1]; Fly Amanita [form=0x0004DA00, count=1]",0xFF000891,0,index=0|form_id=0x0003EB1A|magnitude=36|duration=60|area=0|base_cost=0.5|flags=0x00200802;index=1|form_id=0x0003EAEA|magnitude=27|duration=60|area=0|base_cost=0.5|flags=0x00201002,selection=1|form_id=0x000889A2|name=D;selection=2|form_id=0x0004DA00|name=F
Vanilla,"Garlic, Salt Pile",277,100,0,1,1,1,0,0,0,"{""AlchemyIngredientInitMultiplier"":4.0,""AlchemySkillFactor"":1.5}",1.20000005,"Garlic [form=0x00034D22, count=1]; Salt Pile [form=0x00034CDF, count=1]",0xFF0008B5,0,index=0|form_id=0x0003EB07|magnitude=45|duration=300|area=0|base_cost=0.100000001|flags=0x00200802,selection=1|form_id=0x00034CDF|name=S;selection=2|form_id=0x00034D22|name=G
Vanilla,"Deathbell, River Betty",584,100,0,1,0,0,1,0,0,"{""AlchemyIngredientInitMultiplier"":4.0,""AlchemySkillFactor"":1.5}",1.20000005,"Deathbell [form=0x000516C8, count=1]; River Betty [form=0x00106E1A, count=1]",0xFF0008B8,3,index=0|form_id=0x00073F25|magnitude=50|duration=45|area=0|base_cost=1|flags=0x00401807;index=1|form_id=0x0003EB42|magnitude=45|duration=0|area=0|base_cost=3|flags=0x00200805,selection=1|form_id=0x000516C8|name=D;selection=2|form_id=0x00106E1A|name=R
Vanilla,"Canis Root, Imp Stool",445,100,0,1,0,0,1,0,0,"{""AlchemyIngredientInitMultiplier"":4.0,""AlchemySkillFactor"":1.5}",1.20000005,"Canis Root [form=0x0006ABCB, count=1]; Imp Stool [form=0x0004DA23, count=1]",0xFF0008E4,3,index=0|form_id=0x00073F30|magnitude=10|duration=9|area=0|base_cost=500|flags=0x00400C03,selection=1|form_id=0x0006ABCB|name=C;selection=2|form_id=0x0004DA23|name=I
Vanilla,"Glowing Mushroom, Nightshade",184,100,0,1,0,0,1,0,0,"{""AlchemyIngredientInitMultiplier"":4.0,""AlchemySkillFactor"":1.5}",1.20000005,"Glowing Mushroom [form=0x0007EE01, count=1]; Nightshade [form=0x0002F44C, count=1]",0xFF0008F0,0,index=0|form_id=0x0003EB26|magnitude=36|duration=60|area=0|base_cost=0.5|flags=0x00200802,selection=1|form_id=0x0007EE01|name=G;selection=2|form_id=0x0002F44C|name=N
Vanilla,"Blue Mountain Flower, Wheat",301,100,0,5,1,1,1,1,0,"{""AlchemyIngredientInitMultiplier"":4.0,""AlchemySkillFactor"":1.5}",2,"Blue Mountain Flower [form=0x00077E1C, count=1]; Wheat [form=0x0004B0BA, count=1]",0xFF0008F1,0,index=0|form_id=0x0003EAF3|magnitude=60|duration=60|area=0|base_cost=0.349999994|flags=0x00200802;index=1|form_id=0x0003EB15|magnitude=94|duration=0|area=0|base_cost=0.5|flags=0x00200A00,selection=1|form_id=0x00077E1C|name=B;selection=2|form_id=0x0004B0BA|name=W
Vanilla,"Blisterwort, Wheat",74,100,0,5,1,1,1,1,0,"{""AlchemyIngredientInitMultiplier"":4.0,""AlchemySkillFactor"":1.5}",2,"Blisterwort [form=0x0004DA25, count=1]; Wheat [form=0x0004B0BA, count=1]",0xFF0008F2,0,index=0|form_id=0x0003EB15|magnitude=94|duration=0|area=0|base_cost=0.5|flags=0x00200A00,selection=1|form_id=0x0004DA25|name=B;selection=2|form_id=0x0004B0BA|name=W
Vanilla,"Briar Heart, Canis Root",781,100,0,5,1,1,1,1,0,"{""AlchemyIngredientInitMultiplier"":4.0,""AlchemySkillFactor"":1.5}",2,"Briar Heart [form=0x0003AD61, count=1]; Canis Root [form=0x0006ABCB, count=1]",0xFF0008F3,3,index=0|form_id=0x00073F30|magnitude=10|duration=15|area=0|base_cost=500|flags=0x00400C03,selection=1|form_id=0x0003AD61|name=B;selection=2|form_id=0x0006ABCB|name=C
Vanilla,"Giant's Toe, Wheat",4056,100,50,5,1,1,1,1,1,"{""AlchemyIngredientInitMultiplier"":5.0,""AlchemySkillFactor"":2.0}",2,"Giant's Toe [form=0x0003AD64, count=1]; Wheat [form=0x0004B0BA, count=1]",0xFF00088B,0,index=0|form_id=0x0003EAF3|magnitude=165|duration=300|area=0|base_cost=0.349999994|flags=0x00200802,selection=1|form_id=0x0003AD64|name=G;selection=2|form_id=0x0004B0BA|name=W
Vanilla,"Blue Butterfly Wing, Blue Mountain Flower",2209,100,50,5,1,1,1,1,1,"{""AlchemyIngredientInitMultiplier"":5.0,""AlchemySkillFactor"":2.0}",2,"Blue Butterfly Wing [form=0x000727DE, count=1]; Blue Mountain Flower [form=0x00077E1C, count=1]",0xFF000894,3,index=0|form_id=0x00073F2B|magnitude=100|duration=206|area=0|base_cost=0.5|flags=0x00400807,selection=1|form_id=0x00077E1C|name=B;selection=2|form_id=0x000727DE|name=B
Vanilla,"Garlic, Salt Pile",1479,100,50,5,1,1,1,1,1,"{""AlchemyIngredientInitMultiplier"":5.0,""AlchemySkillFactor"":2.0}",2,"Garlic [form=0x00034D22, count=1]; Salt Pile [form=0x00034CDF, count=1]",0xFF00089B,0,index=0|form_id=0x0003EB07|magnitude=206|duration=300|area=0|base_cost=0.100000001|flags=0x00200802,selection=1|form_id=0x00034CDF|name=S;selection=2|form_id=0x00034D22|name=G
Vanilla,"Bear Claws, Bee",60,50,50,2,1,0,0,0,0,"{""AlchemyIngredientInitMultiplier"":4.0,""AlchemySkillFactor"":1.5}",1.39999998,"Bear Claws [form=0x0006BC02, count=1]; Bee [form=0x000A9195, count=1]",0xFF0008A3,0,index=0|form_id=0x0003EB16|magnitude=66|duration=0|area=0|base_cost=0.600000024|flags=0x00200A00,selection=1|form_id=0x0006BC02|name=B;selection=2|form_id=0x000A9195|name=B
Vanilla,"Luna Moth Wing, Vampire Dust",817,50,50,2,1,0,0,0,0,"{""AlchemyIngredientInitMultiplier"":4.0,""AlchemySkillFactor"":1.5}",1.39999998,"Luna Moth Wing [form=0x000727DF, count=1]; Vampire Dust [form=0x0003AD76, count=1]",0xFF0008A9,0,index=0|form_id=0x0003EB3D|magnitude=0|duration=42|area=0|base_cost=100|flags=0x00401C02;index=1|form_id=0x0003EB06|magnitude=53|duration=300|area=0|base_cost=0.100000001|flags=0x00200802,selection=1|form_id=0x000727DF|name=L;selection=2|form_id=0x0003AD76|name=V
Vanilla,"Berit's Ashes, Bone Meal",422,50,50,2,1,0,0,0,0,"{""AlchemyIngredientInitMultiplier"":4.0,""AlchemySkillFactor"":1.5}",1.39999998,"Berit's Ashes [form=0x000705B7, count=1]; Bone Meal [form=0x00034CDD, count=1]",0xFF0008A6,0,index=0|form_id=0x0003EAEA|magnitude=31|duration=60|area=0|base_cost=0.5|flags=0x00201002;index=1|form_id=0x0003EB25|magnitude=53|duration=60|area=0|base_cost=0.25|flags=0x00200802;index=2|form_id=0x0003A2C6|magnitude=31|duration=0|area=0|base_cost=1.79999995|flags=0x00200805;index=3|form_id=0x00073F23|magnitude=21|duration=10|area=0|base_cost=1.60000002|flags=0x00200807,selection=1|form_id=0x000705B7|name=B;selection=2|form_id=0x00034CDD|name=B
CACO,"Boar Tusk, Briar Heart",99,100,0,0,0,0,0,0,0,"{""AlchemyIngredientInitMultiplier"":3.0,""AlchemySkillFactor"":3.0,""AlchemyXPMultiplier"":""1"",""DamageHealthDuration"":""0"",""DamageMagickaDuration"":""0"",""DamageStaminaDuration"":""0"",""DisableAllPotionHandling"":""1"",""ImpurePotionProcessing"":""0"",""RestoreEffectsDoNotStack"":""1"",""RestoreHealthDuration"":""0"",""RestoreMagickaDuration"":""0"",""RestoreStaminaDuration"":""0""}",1,"Boar Tusk [form=0x0401CD6F, count=1]; Briar Heart [form=0x0003AD61, count=1]",0xFF000870,0,index=0|form_id=0x0003EAF3|magnitude=70|duration=60|area=0|base_cost=0.129999995|flags=0x00200802,selection=1|form_id=0x0401CD6F|name=B;selection=2|form_id=0x0003AD61|name=B
CACO,"Creep Cluster, Giant's Toe",196,100,0,0,0,0,0,0,0,"{""AlchemyIngredientInitMultiplier"":3.0,""AlchemySkillFactor"":3.0,""AlchemyXPMultiplier"":""1"",""DamageHealthDuration"":""0"",""DamageMagickaDuration"":""0"",""DamageStaminaDuration"":""0"",""DisableAllPotionHandling"":""1"",""ImpurePotionProcessing"":""0"",""RestoreEffectsDoNotStack"":""1"",""RestoreHealthDuration"":""0"",""RestoreMagickaDuration"":""0"",""RestoreStaminaDuration"":""0""}",1,"Creep Cluster [form=0x000B2183, count=1]; Giant's Toe [form=0x0003AD64, count=1]",0xFF00087D,0,index=0|form_id=0x0003EB01|magnitude=42|duration=300|area=0|base_cost=0.0469999984|flags=0x00200802;index=1|form_id=0x00073F2C|magnitude=45|duration=30|area=0|base_cost=0.344999999|flags=0x00200807,selection=1|form_id=0x000B2183|name=C;selection=2|form_id=0x0003AD64|name=G
CACO,"Blisterwort, Wheat",25,100,0,0,0,0,0,0,0,"{""AlchemyIngredientInitMultiplier"":3.0,""AlchemySkillFactor"":3.0,""AlchemyXPMultiplier"":""1"",""DamageHealthDuration"":""0"",""DamageMagickaDuration"":""0"",""DamageStaminaDuration"":""0"",""DisableAllPotionHandling"":""1"",""ImpurePotionProcessing"":""0"",""RestoreEffectsDoNotStack"":""1"",""RestoreHealthDuration"":""0"",""RestoreMagickaDuration"":""0"",""RestoreStaminaDuration"":""0""}",1,"Blisterwort [form=0x0004DA25, count=1]; Wheat [form=0x0004B0BA, count=1]",0xFF000880,0,index=0|form_id=0x0003EB15|magnitude=42|duration=1|area=0|base_cost=5.30000019|flags=0x00200800,selection=1|form_id=0x0004DA25|name=B;selection=2|form_id=0x0004B0BA|name=W
CACO,"Canis Root, Spider Egg",168,100,0,0,0,0,0,0,0,"{""AlchemyIngredientInitMultiplier"":3.0,""AlchemySkillFactor"":3.0,""AlchemyXPMultiplier"":""1"",""DamageHealthDuration"":""0"",""DamageMagickaDuration"":""0"",""DamageStaminaDuration"":""0"",""DisableAllPotionHandling"":""1"",""ImpurePotionProcessing"":""0"",""RestoreEffectsDoNotStack"":""1"",""RestoreHealthDuration"":""0"",""RestoreMagickaDuration"":""0"",""RestoreStaminaDuration"":""0""}",1,"Canis Root [form=0x0006ABCB, count=1]; Spider Egg [form=0x0009151B, count=1]",0xFF00088A,0,index=0|form_id=0x0003EB1B|magnitude=29|duration=60|area=0|base_cost=0.324999988|flags=0x00200802;index=1|form_id=0x0003A2C6|magnitude=125|duration=1|area=0|base_cost=4.5999999|flags=0x00200805,selection=1|form_id=0x0006ABCB|name=C;selection=2|form_id=0x0009151B|name=S
CACO,"Blisterwort, Wheat Extract",54,100,0,0,0,0,0,0,0,"{""AlchemyIngredientInitMultiplier"":3.0,""AlchemySkillFactor"":3.0,""AlchemyXPMultiplier"":""1"",""DamageHealthDuration"":""0"",""DamageMagickaDuration"":""0"",""DamageStaminaDuration"":""0"",""DisableAllPotionHandling"":""1"",""ImpurePotionProcessing"":""0"",""RestoreEffectsDoNotStack"":""1"",""RestoreHealthDuration"":""0"",""RestoreMagickaDuration"":""0"",""RestoreStaminaDuration"":""0""}",1,"Blisterwort [form=0x0004DA25, count=1]; Wheat Extract [form=0x085A46B8, count=1]",0xFF000872,0,index=0|form_id=0x0003EB15|magnitude=83|duration=1|area=0|base_cost=5.30000019|flags=0x00200800,selection=1|form_id=0x0004DA25|name=B;selection=2|form_id=0x085A46B8|name=W
CACO,"Deathbell, River Betty",149,100,0,0,0,0,0,0,0,"{""AlchemyIngredientInitMultiplier"":3.0,""AlchemySkillFactor"":3.0,""AlchemyXPMultiplier"":""1"",""DamageHealthDuration"":""0"",""DamageMagickaDuration"":""0"",""DamageStaminaDuration"":""0"",""DisableAllPotionHandling"":""1"",""ImpurePotionProcessing"":""0"",""RestoreEffectsDoNotStack"":""1"",""RestoreHealthDuration"":""0"",""RestoreMagickaDuration"":""0"",""RestoreStaminaDuration"":""0""}",1,"Deathbell [form=0x000516C8, count=1]; River Betty [form=0x00106E1A, count=1]",0xFF00087F,7,index=0|form_id=0x00073F25|magnitude=50|duration=30|area=0|base_cost=0.300000012|flags=0x00401807;index=1|form_id=0x0003EB42|magnitude=78|duration=1|area=0|base_cost=7.9000001|flags=0x00200805,selection=1|form_id=0x000516C8|name=D;selection=2|form_id=0x00106E1A|name=R
CACO,"Ancestor Moth, Blue Mountain Flower",95,100,0,0,0,0,0,0,0,"{""AlchemyIngredientInitMultiplier"":3.0,""AlchemySkillFactor"":3.0,""AlchemyXPMultiplier"":""1"",""DamageHealthDuration"":""0"",""DamageMagickaDuration"":""0"",""DamageStaminaDuration"":""0"",""DisableAllPotionHandling"":""1"",""ImpurePotionProcessing"":""0"",""RestoreEffectsDoNotStack"":""1"",""RestoreHealthDuration"":""0"",""RestoreMagickaDuration"":""0"",""RestoreStaminaDuration"":""0""}",1,"Ancestor Moth [form=0x020059BA, count=1]; Blue Mountain Flower [form=0x00077E1C, count=1]",0xFF0008BA,0,index=0|form_id=0x0003EB25|magnitude=52|duration=60|area=0|base_cost=0.172000006|flags=0x00200802,selection=1|form_id=0x020059BA|name=A;selection=2|form_id=0x00077E1C|name=B
CACO,"Briar Heart, Ectoplasm",92,100,0,0,0,0,0,0,0,"{""AlchemyIngredientInitMultiplier"":3.0,""AlchemySkillFactor"":3.0,""AlchemyXPMultiplier"":""1"",""DamageHealthDuration"":""0"",""DamageMagickaDuration"":""0"",""DamageStaminaDuration"":""0"",""DisableAllPotionHandling"":""1"",""ImpurePotionProcessing"":""0"",""RestoreEffectsDoNotStack"":""1"",""RestoreHealthDuration"":""0"",""RestoreMagickaDuration"":""0"",""RestoreStaminaDuration"":""0""}",1,"Briar Heart [form=0x0003AD61, count=1]; Ectoplasm [form=0x0003AD63, count=1]",0xFF0008BD,0,index=0|form_id=0x0003EAF8|magnitude=65|duration=60|area=0|base_cost=0.129999995|flags=0x00200802,selection=1|form_id=0x0003AD61|name=B;selection=2|form_id=0x0003AD63|name=E
CACO,"Large Antlers, Roobrush, Slaughterfish Egg",263,100,0,0,0,0,0,0,0,"{""AlchemyIngredientInitMultiplier"":5.0,""AlchemySkillFactor"":2.0,""AlchemyXPMultiplier"":""1"",""DamageHealthDuration"":""0"",""DamageMagickaDuration"":""0"",""DamageStaminaDuration"":""0"",""DisableAllPotionHandling"":""1"",""ImpurePotionProcessing"":""0"",""RestoreEffectsDoNotStack"":""1"",""RestoreHealthDuration"":""0"",""RestoreMagickaDuration"":""0"",""RestoreStaminaDuration"":""0""}",1,"Large Antlers [form=0x0006BC0A, count=1]; Roobrush [form=0x0833A4D0, count=1]; Slaughterfish Egg [form=0x0007E8C5, count=1]",0xFF0008DB,7,index=0|form_id=0x0010AA4A|magnitude=2|duration=10|area=0|base_cost=12.3999996|flags=0x00200805;index=1|form_id=0x0003EB20|magnitude=34|duration=60|area=0|base_cost=0.270000011|flags=0x00200802;index=2|form_id=0x0003EAF9|magnitude=56|duration=60|area=0|base_cost=0.129999995|flags=0x00200802;index=3|form_id=0x00073F2C|magnitude=39|duration=30|area=0|base_cost=0.344999999|flags=0x00200807,selection=1|form_id=0x0833A4D0|name=R;selection=2|form_id=0x0007E8C5|name=S;selection=3|form_id=0x0006BC0A|name=L
CACO,"Large Antlers, Roobrush, Slaughterfish Egg",278,100,0,0,0,0,0,0,0,"{""AlchemyIngredientInitMultiplier"":5.0,""AlchemySkillFactor"":2.0,""AlchemyXPMultiplier"":""1"",""DamageHealthDuration"":""0"",""DamageMagickaDuration"":""0"",""DamageStaminaDuration"":""0"",""DisableAllPotionHandling"":""1"",""ImpurePotionProcessing"":""0"",""RestoreEffectsDoNotStack"":""1"",""RestoreHealthDuration"":""0"",""RestoreMagickaDuration"":""0"",""RestoreStaminaDuration"":""0""}",1,"Large Antlers [form=0x0006BC0A, count=1]; Roobrush [form=0x0833A4D0, count=1]; Slaughterfish Egg [form=0x0007E8C5, count=1]",0xFF0008E4,7,index=0|form_id=0x0010AA4A|magnitude=3|duration=10|area=0|base_cost=12.3999996|flags=0x00200805;index=1|form_id=0x0003EB20|magnitude=34|duration=60|area=0|base_cost=0.270000011|flags=0x00200802;index=2|form_id=0x0003EAF9|magnitude=56|duration=60|area=0|base_cost=0.129999995|flags=0x00200802;index=3|form_id=0x00073F2C|magnitude=39|duration=30|area=0|base_cost=0.344999999|flags=0x00200807,selection=1|form_id=0x0007E8C5|name=S;selection=2|form_id=0x0833A4D0|name=R;selection=3|form_id=0x0006BC0A|name=L
CACO,"Large Antlers, Roobrush, Slaughterfish Egg",263,100,0,0,0,0,0,0,0,"{""AlchemyIngredientInitMultiplier"":5.0,""AlchemySkillFactor"":2.0,""AlchemyXPMultiplier"":""1"",""DamageHealthDuration"":""0"",""DamageMagickaDuration"":""0"",""DamageStaminaDuration"":""0"",""DisableAllPotionHandling"":""1"",""ImpurePotionProcessing"":""0"",""RestoreEffectsDoNotStack"":""1"",""RestoreHealthDuration"":""0"",""RestoreMagickaDuration"":""0"",""RestoreStaminaDuration"":""0""}",1,"Large Antlers [form=0x0006BC0A, count=1]; Roobrush [form=0x0833A4D0, count=1]; Slaughterfish Egg [form=0x0007E8C5, count=1]",0xFF0008DB,7,index=0|form_id=0x0010AA4A|magnitude=2|duration=10|area=0|base_cost=12.3999996|flags=0x00200805;index=1|form_id=0x0003EB20|magnitude=34|duration=60|area=0|base_cost=0.270000011|flags=0x00200802;index=2|form_id=0x0003EAF9|magnitude=56|duration=60|area=0|base_cost=0.129999995|flags=0x00200802;index=3|form_id=0x00073F2C|magnitude=39|duration=30|area=0|base_cost=0.344999999|flags=0x00200807,selection=1|form_id=0x0006BC0A|name=L;selection=2|form_id=0x0833A4D0|name=R;selection=3|form_id=0x0007E8C5|name=S
CACO,"Large Antlers, Roobrush, Slaughterfish Egg",278,100,0,0,0,0,0,0,0,"{""AlchemyIngredientInitMultiplier"":5.0,""AlchemySkillFactor"":2.0,""AlchemyXPMultiplier"":""1"",""DamageHealthDuration"":""0"",""DamageMagickaDuration"":""0"",""DamageStaminaDuration"":""0"",""DisableAllPotionHandling"":""1"",""ImpurePotionProcessing"":""0"",""RestoreEffectsDoNotStack"":""1"",""RestoreHealthDuration"":""0"",""RestoreMagickaDuration"":""0"",""RestoreStaminaDuration"":""0""}",1,"Large Antlers [form=0x0006BC0A, count=1]; Roobrush [form=0x0833A4D0, count=1]; Slaughterfish Egg [form=0x0007E8C5, count=1]",0xFF0008E4,7,index=0|form_id=0x0010AA4A|magnitude=3|duration=10|area=0|base_cost=12.3999996|flags=0x00200805;index=1|form_id=0x0003EB20|magnitude=34|duration=60|area=0|base_cost=0.270000011|flags=0x00200802;index=2|form_id=0x0003EAF9|magnitude=56|duration=60|area=0|base_cost=0.129999995|flags=0x00200802;index=3|form_id=0x00073F2C|magnitude=39|duration=30|area=0|base_cost=0.344999999|flags=0x00200807,selection=1|form_id=0x0006BC0A|name=L;selection=2|form_id=0x0007E8C5|name=S;selection=3|form_id=0x0833A4D0|name=R
CACO,"Large Antlers, Roobrush, Slaughterfish Egg",234,100,0,0,0,0,0,0,0,"{""AlchemyIngredientInitMultiplier"":3.0,""AlchemySkillFactor"":3.0,""AlchemyXPMultiplier"":""1"",""DamageHealthDuration"":""0"",""DamageMagickaDuration"":""0"",""DamageStaminaDuration"":""0"",""DisableAllPotionHandling"":""1"",""ImpurePotionProcessing"":""0"",""RestoreEffectsDoNotStack"":""1"",""RestoreHealthDuration"":""0"",""RestoreMagickaDuration"":""0"",""RestoreStaminaDuration"":""0""}",1,"Large Antlers [form=0x0006BC0A, count=1]; Roobrush [form=0x0833A4D0, count=1]; Slaughterfish Egg [form=0x0007E8C5, count=1]",0xFF0008DC,7,index=0|form_id=0x0010AA4A|magnitude=2|duration=10|area=0|base_cost=12.3999996|flags=0x00200805;index=1|form_id=0x0003EB20|magnitude=30|duration=60|area=0|base_cost=0.270000011|flags=0x00200802;index=2|form_id=0x0003EAF9|magnitude=50|duration=60|area=0|base_cost=0.129999995|flags=0x00200802;index=3|form_id=0x00073F2C|magnitude=35|duration=30|area=0|base_cost=0.344999999|flags=0x00200807,selection=1|form_id=0x0833A4D0|name=R;selection=2|form_id=0x0006BC0A|name=L;selection=3|form_id=0x0007E8C5|name=S
CACO,"Large Antlers, Roobrush, Slaughterfish Egg",249,100,0,0,0,0,0,0,0,"{""AlchemyIngredientInitMultiplier"":3.0,""AlchemySkillFactor"":3.0,""AlchemyXPMultiplier"":""1"",""DamageHealthDuration"":""0"",""DamageMagickaDuration"":""0"",""DamageStaminaDuration"":""0"",""DisableAllPotionHandling"":""1"",""ImpurePotionProcessing"":""0"",""RestoreEffectsDoNotStack"":""1"",""RestoreHealthDuration"":""0"",""RestoreMagickaDuration"":""0"",""RestoreStaminaDuration"":""0""}",1,"Large Antlers [form=0x0006BC0A, count=1]; Roobrush [form=0x0833A4D0, count=1]; Slaughterfish Egg [form=0x0007E8C5, count=1]",0xFF0008F9,7,index=0|form_id=0x0010AA4A|magnitude=3|duration=10|area=0|base_cost=12.3999996|flags=0x00200805;index=1|form_id=0x0003EB20|magnitude=30|duration=60|area=0|base_cost=0.270000011|flags=0x00200802;index=2|form_id=0x0003EAF9|magnitude=50|duration=60|area=0|base_cost=0.129999995|flags=0x00200802;index=3|form_id=0x00073F2C|magnitude=35|duration=30|area=0|base_cost=0.344999999|flags=0x00200807,selection=1|form_id=0x0007E8C5|name=S;selection=2|form_id=0x0006BC0A|name=L;selection=3|form_id=0x0833A4D0|name=R
CACO,"Aloe Vera, Daedra Heart",85,100,0,0,0,0,0,0,0,"{""AlchemyIngredientInitMultiplier"":3.0,""AlchemySkillFactor"":3.0,""AlchemyXPMultiplier"":""1"",""DamageHealthDuration"":""0"",""DamageMagickaDuration"":""0"",""DamageStaminaDuration"":""0"",""DisableAllPotionHandling"":""1"",""ImpurePotionProcessing"":""0"",""RestoreEffectsDoNotStack"":""1"",""RestoreHealthDuration"":""0"",""RestoreMagickaDuration"":""0"",""RestoreStaminaDuration"":""0""}",1,"Aloe Vera [form=0x08A100AD, count=1]; Daedra Heart [form=0x0003AD5B, count=1]",0xFF0008E5,0,index=0|form_id=0x0003EB15|magnitude=125|duration=1|area=0|base_cost=5.30000019|flags=0x00200800,selection=1|form_id=0x08A100AD|name=A;selection=2|form_id=0x0003AD5B|name=D
CACO,"Boar Tusk, Briar Heart",99,100,0,2,0,0,0,0,0,"{""AlchemyIngredientInitMultiplier"":3.0,""AlchemySkillFactor"":3.0,""AlchemyXPMultiplier"":""1"",""DamageHealthDuration"":""0"",""DamageMagickaDuration"":""0"",""DamageStaminaDuration"":""0"",""DisableAllPotionHandling"":""1"",""ImpurePotionProcessing"":""0"",""RestoreEffectsDoNotStack"":""1"",""RestoreHealthDuration"":""0"",""RestoreMagickaDuration"":""0"",""RestoreStaminaDuration"":""0""}",1.39999998,"Boar Tusk [form=0x0401CD6F, count=1]; Briar Heart [form=0x0003AD61, count=1]",0xFF0008F7,0,index=0|form_id=0x0003EAF3|magnitude=70|duration=60|area=0|base_cost=0.129999995|flags=0x00200802,selection=1|form_id=0x0401CD6F|name=B;selection=2|form_id=0x0003AD61|name=B
CACO,"Canis Root, Spider Egg",168,100,0,2,0,0,0,0,0,"{""AlchemyIngredientInitMultiplier"":3.0,""AlchemySkillFactor"":3.0,""AlchemyXPMultiplier"":""1"",""DamageHealthDuration"":""0"",""DamageMagickaDuration"":""0"",""DamageStaminaDuration"":""0"",""DisableAllPotionHandling"":""1"",""ImpurePotionProcessing"":""0"",""RestoreEffectsDoNotStack"":""1"",""RestoreHealthDuration"":""0"",""RestoreMagickaDuration"":""0"",""RestoreStaminaDuration"":""0""}",1.39999998,"Canis Root [form=0x0006ABCB, count=1]; Spider Egg [form=0x0009151B, count=1]",0xFF0008F8,0,index=0|form_id=0x0003EB1B|magnitude=29|duration=60|area=0|base_cost=0.324999988|flags=0x00200802;index=1|form_id=0x0003A2C6|magnitude=125|duration=1|area=0|base_cost=4.5999999|flags=0x00200805,selection=1|form_id=0x0006ABCB|name=C;selection=2|form_id=0x0009151B|name=S
CACO,"Blisterwort, Wheat",25,100,0,2,0,0,0,0,0,"{""AlchemyIngredientInitMultiplier"":3.0,""AlchemySkillFactor"":3.0,""AlchemyXPMultiplier"":""1"",""DamageHealthDuration"":""0"",""DamageMagickaDuration"":""0"",""DamageStaminaDuration"":""0"",""DisableAllPotionHandling"":""1"",""ImpurePotionProcessing"":""0"",""RestoreEffectsDoNotStack"":""1"",""RestoreHealthDuration"":""0"",""RestoreMagickaDuration"":""0"",""RestoreStaminaDuration"":""0""}",1.39999998,"Blisterwort [form=0x0004DA25, count=1]; Wheat [form=0x0004B0BA, count=1]",0xFF000914,0,index=0|form_id=0x0003EB15|magnitude=42|duration=1|area=0|base_cost=5.30000019|flags=0x00200800,selection=1|form_id=0x0004DA25|name=B;selection=2|form_id=0x0004B0BA|name=W
CACO,"Blisterwort, Wheat Extract",54,100,0,0,1,0,0,0,0,"{""AlchemyIngredientInitMultiplier"":3.0,""AlchemySkillFactor"":3.0,""AlchemyXPMultiplier"":""1"",""DamageHealthDuration"":""0"",""DamageMagickaDuration"":""0"",""DamageStaminaDuration"":""0"",""DisableAllPotionHandling"":""1"",""ImpurePotionProcessing"":""0"",""RestoreEffectsDoNotStack"":""1"",""RestoreHealthDuration"":""0"",""RestoreMagickaDuration"":""0"",""RestoreStaminaDuration"":""0""}",1,"Blisterwort [form=0x0004DA25, count=1]; Wheat Extract [form=0x085A46B8, count=1]",0xFF000872,0,index=0|form_id=0x0003EB15|magnitude=83|duration=1|area=0|base_cost=5.30000019|flags=0x00200800,selection=1|form_id=0x0004DA25|name=B;selection=2|form_id=0x085A46B8|name=W
CACO,"Briar Heart, Ectoplasm",92,100,0,0,1,0,0,0,0,"{""AlchemyIngredientInitMultiplier"":3.0,""AlchemySkillFactor"":3.0,""AlchemyXPMultiplier"":""1"",""DamageHealthDuration"":""0"",""DamageMagickaDuration"":""0"",""DamageStaminaDuration"":""0"",""DisableAllPotionHandling"":""1"",""ImpurePotionProcessing"":""0"",""RestoreEffectsDoNotStack"":""1"",""RestoreHealthDuration"":""0"",""RestoreMagickaDuration"":""0"",""RestoreStaminaDuration"":""0""}",1,"Briar Heart [form=0x0003AD61, count=1]; Ectoplasm [form=0x0003AD63, count=1]",0xFF0008BD,0,index=0|form_id=0x0003EAF8|magnitude=65|duration=60|area=0|base_cost=0.129999995|flags=0x00200802,selection=1|form_id=0x0003AD61|name=B;selection=2|form_id=0x0003AD63|name=E
CACO,"Chaurus Eggs, Vampire Dust",90,100,0,0,1,0,0,0,0,"{""AlchemyIngredientInitMultiplier"":3.0,""AlchemySkillFactor"":3.0,""AlchemyXPMultiplier"":""1"",""DamageHealthDuration"":""0"",""DamageMagickaDuration"":""0"",""DamageStaminaDuration"":""0"",""DisableAllPotionHandling"":""1"",""ImpurePotionProcessing"":""0"",""RestoreEffectsDoNotStack"":""1"",""RestoreHealthDuration"":""0"",""RestoreMagickaDuration"":""0"",""RestoreStaminaDuration"":""0""}",1,"Chaurus Eggs [form=0x0003AD56, count=1]; Vampire Dust [form=0x0003AD76, count=1]",0xFF000916,0,index=0|form_id=0x0003EB3D|magnitude=0|duration=30|area=0|base_cost=27|flags=0x00401C02,selection=1|form_id=0x0003AD56|name=C;selection=2|form_id=0x0003AD76|name=V
CACO,"Deathbell, River Betty",193,100,0,0,0,0,1,0,0,"{""AlchemyIngredientInitMultiplier"":3.0,""AlchemySkillFactor"":3.0,""AlchemyXPMultiplier"":""1"",""DamageHealthDuration"":""0"",""DamageMagickaDuration"":""0"",""DamageStaminaDuration"":""0"",""DisableAllPotionHandling"":""1"",""ImpurePotionProcessing"":""0"",""RestoreEffectsDoNotStack"":""1"",""RestoreHealthDuration"":""0"",""RestoreMagickaDuration"":""0"",""RestoreStaminaDuration"":""0""}",1,"Deathbell [form=0x000516C8, count=1]; River Betty [form=0x00106E1A, count=1]",0xFF00091A,7,index=0|form_id=0x00073F25|magnitude=50|duration=38|area=0|base_cost=0.300000012|flags=0x00401807;index=1|form_id=0x0003EB42|magnitude=98|duration=1|area=0|base_cost=7.9000001|flags=0x00200805,selection=1|form_id=0x000516C8|name=D;selection=2|form_id=0x00106E1A|name=R
CACO,"Canis Root, Spider Egg",168,100,0,0,0,0,1,0,0,"{""AlchemyIngredientInitMultiplier"":3.0,""AlchemySkillFactor"":3.0,""AlchemyXPMultiplier"":""1"",""DamageHealthDuration"":""0"",""DamageMagickaDuration"":""0"",""DamageStaminaDuration"":""0"",""DisableAllPotionHandling"":""1"",""ImpurePotionProcessing"":""0"",""RestoreEffectsDoNotStack"":""1"",""RestoreHealthDuration"":""0"",""RestoreMagickaDuration"":""0"",""RestoreStaminaDuration"":""0""}",1,"Canis Root [form=0x0006ABCB, count=1]; Spider Egg [form=0x0009151B, count=1]",0xFF0008F8,0,index=0|form_id=0x0003EB1B|magnitude=29|duration=60|area=0|base_cost=0.324999988|flags=0x00200802;index=1|form_id=0x0003A2C6|magnitude=125|duration=1|area=0|base_cost=4.5999999|flags=0x00200805,selection=1|form_id=0x0006ABCB|name=C;selection=2|form_id=0x0009151B|name=S
CACO,"Swamp Fungal Pod, Wheat Extract",65,100,0,0,0,0,1,0,0,"{""AlchemyIngredientInitMultiplier"":3.0,""AlchemySkillFactor"":3.0,""AlchemyXPMultiplier"":""1"",""DamageHealthDuration"":""0"",""DamageMagickaDuration"":""0"",""DamageStaminaDuration"":""0"",""DisableAllPotionHandling"":""1"",""ImpurePotionProcessing"":""0"",""RestoreEffectsDoNotStack"":""1"",""RestoreHealthDuration"":""0"",""RestoreMagickaDuration"":""0"",""RestoreStaminaDuration"":""0""}",1,"Swamp Fungal Pod [form=0x0007E8B7, count=1]; Wheat Extract [form=0x085A46B8, count=1]",0xFF00091B,7,index=0|form_id=0x00073F2B|magnitude=38|duration=30|area=0|base_cost=0.360000014|flags=0x00200807,selection=1|form_id=0x0007E8B7|name=S;selection=2|form_id=0x085A46B8|name=W
CACO,"Dragon's Tongue, Fly Amanita",151,100,0,0,0,1,0,0,0,"{""AlchemyIngredientInitMultiplier"":3.0,""AlchemySkillFactor"":3.0,""AlchemyXPMultiplier"":""1"",""DamageHealthDuration"":""0"",""DamageMagickaDuration"":""0"",""DamageStaminaDuration"":""0"",""DisableAllPotionHandling"":""1"",""ImpurePotionProcessing"":""0"",""RestoreEffectsDoNotStack"":""1"",""RestoreHealthDuration"":""0"",""RestoreMagickaDuration"":""0"",""RestoreStaminaDuration"":""0""}",1,"Dragon's Tongue [form=0x000889A2, count=1]; Fly Amanita [form=0x0004DA00, count=1]",0xFF00091D,0,index=0|form_id=0x0003EB1A|magnitude=25|duration=60|area=0|base_cost=0.324999988|flags=0x00200802;index=1|form_id=0x0003EAEA|magnitude=20|duration=60|area=0|base_cost=0.36500001|flags=0x00201002,selection=1|form_id=0x000889A2|name=D;selection=2|form_id=0x0004DA00|name=F
CACO,"Ancestor Moth, Blue Mountain Flower",121,100,0,0,0,1,0,0,0,"{""AlchemyIngredientInitMultiplier"":3.0,""AlchemySkillFactor"":3.0,""AlchemyXPMultiplier"":""1"",""DamageHealthDuration"":""0"",""DamageMagickaDuration"":""0"",""DamageStaminaDuration"":""0"",""DisableAllPotionHandling"":""1"",""ImpurePotionProcessing"":""0"",""RestoreEffectsDoNotStack"":""1"",""RestoreHealthDuration"":""0"",""RestoreMagickaDuration"":""0"",""RestoreStaminaDuration"":""0""}",1,"Ancestor Moth [form=0x020059BA, count=1]; Blue Mountain Flower [form=0x00077E1C, count=1]",0xFF00092E,0,index=0|form_id=0x0003EB25|magnitude=65|duration=60|area=0|base_cost=0.172000006|flags=0x00200802,selection=1|form_id=0x020059BA|name=A;selection=2|form_id=0x00077E1C|name=B
CACO,"Garlic, Salt Pile",41,100,0,0,0,1,0,0,0,"{""AlchemyIngredientInitMultiplier"":3.0,""AlchemySkillFactor"":3.0,""AlchemyXPMultiplier"":""1"",""DamageHealthDuration"":""0"",""DamageMagickaDuration"":""0"",""DamageStaminaDuration"":""0"",""DisableAllPotionHandling"":""1"",""ImpurePotionProcessing"":""0"",""RestoreEffectsDoNotStack"":""1"",""RestoreHealthDuration"":""0"",""RestoreMagickaDuration"":""0"",""RestoreStaminaDuration"":""0""}",1,"Garlic [form=0x00034D22, count=1]; Salt Pile [form=0x00034CDF, count=1]",0xFF000935,0,index=0|form_id=0x0003EB08|magnitude=47|duration=180|area=0|base_cost=0.0252|flags=0x00200802,selection=1|form_id=0x00034CDF|name=S;selection=2|form_id=0x00034D22|name=G
CACO,"Red Mountain Flower, Wheat",166,100,50,5,1,1,1,1,0,"{""AlchemyIngredientInitMultiplier"":3.0,""AlchemySkillFactor"":3.0,""AlchemyXPMultiplier"":""1"",""DamageHealthDuration"":""0"",""DamageMagickaDuration"":""0"",""DamageStaminaDuration"":""0"",""DisableAllPotionHandling"":""1"",""ImpurePotionProcessing"":""0"",""RestoreEffectsDoNotStack"":""1"",""RestoreHealthDuration"":""0"",""RestoreMagickaDuration"":""0"",""RestoreStaminaDuration"":""0""}",2,"Red Mountain Flower [form=0x00077E1D, count=1]; Wheat [form=0x0004B0BA, count=1]",0xFF00093D,0,index=0|form_id=0x0003EAF3|magnitude=66|duration=60|area=0|base_cost=0.129999995|flags=0x00200802;index=1|form_id=0x0003EB15|magnitude=109|duration=1|area=0|base_cost=5.30000019|flags=0x00200800,selection=1|form_id=0x00077E1D|name=R;selection=2|form_id=0x0004B0BA|name=W
CACO,"Red Mountain Flower, Wheat",221,100,50,5,1,1,1,0,0,"{""AlchemyIngredientInitMultiplier"":3.0,""AlchemySkillFactor"":3.0,""AlchemyXPMultiplier"":""1"",""DamageHealthDuration"":""0"",""DamageMagickaDuration"":""0"",""DamageStaminaDuration"":""0"",""DisableAllPotionHandling"":""1"",""ImpurePotionProcessing"":""0"",""RestoreEffectsDoNotStack"":""1"",""RestoreHealthDuration"":""0"",""RestoreMagickaDuration"":""0"",""RestoreStaminaDuration"":""0""}",2,"Red Mountain Flower [form=0x00077E1D, count=1]; Wheat [form=0x0004B0BA, count=1]",0xFF000864,0,index=0|form_id=0x0003EAF3|magnitude=66|duration=60|area=0|base_cost=0.129999995|flags=0x00200802;index=1|form_id=0x0003EB15|magnitude=109|duration=1|area=0|base_cost=5.30000019|flags=0x00200800;index=2|form_id=0x00073F2B|magnitude=32|duration=30|area=0|base_cost=0.360000014|flags=0x00200807,selection=1|form_id=0x00077E1D|name=R;selection=2|form_id=0x0004B0BA|name=W
CACO,"Boar Tusk, Briar Heart",367,100,50,5,1,1,1,0,0,"{""AlchemyIngredientInitMultiplier"":3.0,""AlchemySkillFactor"":3.0,""AlchemyXPMultiplier"":""1"",""DamageHealthDuration"":""0"",""DamageMagickaDuration"":""0"",""DamageStaminaDuration"":""0"",""DisableAllPotionHandling"":""1"",""ImpurePotionProcessing"":""0"",""RestoreEffectsDoNotStack"":""1"",""RestoreHealthDuration"":""0"",""RestoreMagickaDuration"":""0"",""RestoreStaminaDuration"":""0""}",2,"Boar Tusk [form=0x0401CD6F, count=1]; Briar Heart [form=0x0003AD61, count=1]",0xFF0008CF,0,index=0|form_id=0x0003EAF3|magnitude=229|duration=60|area=0|base_cost=0.129999995|flags=0x00200802,selection=1|form_id=0x0401CD6F|name=B;selection=2|form_id=0x0003AD61|name=B
CACO,"Red Mountain Flower, Wheat",88,100,50,2,1,1,1,1,0,"{""AlchemyIngredientInitMultiplier"":3.0,""AlchemySkillFactor"":3.0,""AlchemyXPMultiplier"":""1"",""DamageHealthDuration"":""0"",""DamageMagickaDuration"":""0"",""DamageStaminaDuration"":""0"",""DisableAllPotionHandling"":""1"",""ImpurePotionProcessing"":""0"",""RestoreEffectsDoNotStack"":""1"",""RestoreHealthDuration"":""0"",""RestoreMagickaDuration"":""0"",""RestoreStaminaDuration"":""0""}",1.39999998,"Red Mountain Flower [form=0x00077E1D, count=1]; Wheat [form=0x0004B0BA, count=1]",0xFF0008D2,0,index=0|form_id=0x0003EAF3|magnitude=37|duration=60|area=0|base_cost=0.129999995|flags=0x00200802;index=1|form_id=0x0003EB15|magnitude=62|duration=1|area=0|base_cost=5.30000019|flags=0x00200800,selection=1|form_id=0x00077E1D|name=R;selection=2|form_id=0x0004B0BA|name=W
CACO,"Boar Tusk, Briar Heart",199,100,50,2,1,1,1,1,0,"{""AlchemyIngredientInitMultiplier"":3.0,""AlchemySkillFactor"":3.0,""AlchemyXPMultiplier"":""1"",""DamageHealthDuration"":""0"",""DamageMagickaDuration"":""0"",""DamageStaminaDuration"":""0"",""DisableAllPotionHandling"":""1"",""ImpurePotionProcessing"":""0"",""RestoreEffectsDoNotStack"":""1"",""RestoreHealthDuration"":""0"",""RestoreMagickaDuration"":""0"",""RestoreStaminaDuration"":""0""}",1.39999998,"Boar Tusk [form=0x0401CD6F, count=1]; Briar Heart [form=0x0003AD61, count=1]",0xFF0008D5,0,index=0|form_id=0x0003EAF3|magnitude=131|duration=60|area=0|base_cost=0.129999995|flags=0x00200802,selection=1|form_id=0x0401CD6F|name=B;selection=2|form_id=0x0003AD61|name=B
CACO,"Boar Tusk, Briar Heart",367,100,50,5,1,1,1,1,0,"{""AlchemyIngredientInitMultiplier"":3.0,""AlchemySkillFactor"":3.0,""AlchemyXPMultiplier"":""1"",""DamageHealthDuration"":""0"",""DamageMagickaDuration"":""0"",""DamageStaminaDuration"":""0"",""DisableAllPotionHandling"":""1"",""ImpurePotionProcessing"":""0"",""RestoreEffectsDoNotStack"":""1"",""RestoreHealthDuration"":""0"",""RestoreMagickaDuration"":""0"",""RestoreStaminaDuration"":""0""}",2,"Boar Tusk [form=0x0401CD6F, count=1]; Briar Heart [form=0x0003AD61, count=1]",0xFF00093F,0,index=0|form_id=0x0003EAF3|magnitude=229|duration=60|area=0|base_cost=0.129999995|flags=0x00200802,selection=1|form_id=0x0401CD6F|name=B;selection=2|form_id=0x0003AD61|name=B
CACO,"Deathbell, River Betty",557,100,50,5,1,1,1,1,0,"{""AlchemyIngredientInitMultiplier"":3.0,""AlchemySkillFactor"":3.0,""AlchemyXPMultiplier"":""1"",""DamageHealthDuration"":""0"",""DamageMagickaDuration"":""0"",""DamageStaminaDuration"":""0"",""DisableAllPotionHandling"":""1"",""ImpurePotionProcessing"":""0"",""RestoreEffectsDoNotStack"":""1"",""RestoreHealthDuration"":""0"",""RestoreMagickaDuration"":""0"",""RestoreStaminaDuration"":""0""}",2,"Deathbell [form=0x000516C8, count=1]; River Betty [form=0x00106E1A, count=1]",0xFF000941,7,index=0|form_id=0x00073F25|magnitude=50|duration=99|area=0|base_cost=0.300000012|flags=0x00401807;index=1|form_id=0x0003EB42|magnitude=257|duration=1|area=0|base_cost=7.9000001|flags=0x00200805,selection=1|form_id=0x000516C8|name=D;selection=2|form_id=0x00106E1A|name=R
CACO,"Blisterwort, Wheat Extract",82,50,50,3,1,0,0,0,0,"{""AlchemyIngredientInitMultiplier"":3.0,""AlchemySkillFactor"":3.0,""AlchemyXPMultiplier"":""1"",""DamageHealthDuration"":""0"",""DamageMagickaDuration"":""0"",""DamageStaminaDuration"":""0"",""DisableAllPotionHandling"":""1"",""ImpurePotionProcessing"":""0"",""RestoreEffectsDoNotStack"":""1"",""RestoreHealthDuration"":""0"",""RestoreMagickaDuration"":""0"",""RestoreStaminaDuration"":""0""}",1.60000002,"Blisterwort [form=0x0004DA25, count=1]; Wheat Extract [form=0x085A46B8, count=1]",0xFF000973,0,index=0|form_id=0x0003EB15|magnitude=121|duration=1|area=0|base_cost=5.30000019|flags=0x00200800,selection=1|form_id=0x0004DA25|name=B;selection=2|form_id=0x085A46B8|name=W
CACO,"Blisterwort, Wheat Extract",54,50,50,4,1,0,0,0,0,"{""AlchemyIngredientInitMultiplier"":3.0,""AlchemySkillFactor"":3.0,""AlchemyXPMultiplier"":""1"",""DamageHealthDuration"":""0"",""DamageMagickaDuration"":""0"",""DamageStaminaDuration"":""0"",""DisableAllPotionHandling"":""1"",""ImpurePotionProcessing"":""0"",""RestoreEffectsDoNotStack"":""1"",""RestoreHealthDuration"":""0"",""RestoreMagickaDuration"":""0"",""RestoreStaminaDuration"":""0""}",1.79999995,"Blisterwort [form=0x0004DA25, count=1]; Wheat Extract [form=0x085A46B8, count=1]",0xFF000887,0,index=0|form_id=0x0003EB15|magnitude=83|duration=1|area=0|base_cost=5.30000019|flags=0x00200800,selection=1|form_id=0x0004DA25|name=B;selection=2|form_id=0x085A46B8|name=W
CACO,"Dragon's Tongue, Fly Amanita",118,50,50,4,1,0,0,0,0,"{""AlchemyIngredientInitMultiplier"":3.0,""AlchemySkillFactor"":3.0,""AlchemyXPMultiplier"":""1"",""DamageHealthDuration"":""0"",""DamageMagickaDuration"":""0"",""DamageStaminaDuration"":""0"",""DisableAllPotionHandling"":""1"",""ImpurePotionProcessing"":""0"",""RestoreEffectsDoNotStack"":""1"",""RestoreHealthDuration"":""0"",""RestoreMagickaDuration"":""0"",""RestoreStaminaDuration"":""0""}",1.79999995,"Dragon's Tongue [form=0x000889A2, count=1]; Fly Amanita [form=0x0004DA00, count=1]",0xFF000888,0,index=0|form_id=0x0003EB1A|magnitude=20|duration=60|area=0|base_cost=0.324999988|flags=0x00200802;index=1|form_id=0x0003EAEA|magnitude=16|duration=60|area=0|base_cost=0.36500001|flags=0x00201002,selection=1|form_id=0x000889A2|name=D;selection=2|form_id=0x0004DA00|name=F
CACO,"Blisterwort, Wheat Extract",66,50,50,1,1,0,0,0,0,"{""AlchemyIngredientInitMultiplier"":3.0,""AlchemySkillFactor"":3.0,""AlchemyXPMultiplier"":""1"",""DamageHealthDuration"":""0"",""DamageMagickaDuration"":""0"",""DamageStaminaDuration"":""0"",""DisableAllPotionHandling"":""1"",""ImpurePotionProcessing"":""0"",""RestoreEffectsDoNotStack"":""1"",""RestoreHealthDuration"":""0"",""RestoreMagickaDuration"":""0"",""RestoreStaminaDuration"":""0""}",1.20000005,"Blisterwort [form=0x0004DA25, count=1]; Wheat Extract [form=0x085A46B8, count=1]",0xFF000889,0,index=0|form_id=0x0003EB15|magnitude=100|duration=1|area=0|base_cost=5.30000019|flags=0x00200800,selection=1|form_id=0x0004DA25|name=B;selection=2|form_id=0x085A46B8|name=W
CACO,"Dragon's Tongue, Fly Amanita",143,50,50,1,1,0,0,0,0,"{""AlchemyIngredientInitMultiplier"":3.0,""AlchemySkillFactor"":3.0,""AlchemyXPMultiplier"":""1"",""DamageHealthDuration"":""0"",""DamageMagickaDuration"":""0"",""DamageStaminaDuration"":""0"",""DisableAllPotionHandling"":""1"",""ImpurePotionProcessing"":""0"",""RestoreEffectsDoNotStack"":""1"",""RestoreHealthDuration"":""0"",""RestoreMagickaDuration"":""0"",""RestoreStaminaDuration"":""0""}",1.20000005,"Dragon's Tongue [form=0x000889A2, count=1]; Fly Amanita [form=0x0004DA00, count=1]",0xFF00088E,0,index=0|form_id=0x0003EB1A|magnitude=24|duration=60|area=0|base_cost=0.324999988|flags=0x00200802;index=1|form_id=0x0003EAEA|magnitude=19|duration=60|area=0|base_cost=0.36500001|flags=0x00201002,selection=1|form_id=0x000889A2|name=D;selection=2|form_id=0x0004DA00|name=F
CACO,"Mudcrab Chitin, Vampire Dust",45,50,50,3,1,0,0,0,0,"{""AlchemyIngredientInitMultiplier"":3.0,""AlchemySkillFactor"":3.0,""AlchemyXPMultiplier"":""1"",""DamageHealthDuration"":""0"",""DamageMagickaDuration"":""0"",""DamageStaminaDuration"":""0"",""DisableAllPotionHandling"":""1"",""ImpurePotionProcessing"":""0"",""RestoreEffectsDoNotStack"":""1"",""RestoreHealthDuration"":""0"",""RestoreMagickaDuration"":""0"",""RestoreStaminaDuration"":""0""}",1.60000002,"Mudcrab Chitin [form=0x0006BC00, count=1]; Vampire Dust [form=0x0003AD76, count=1]",0xFF00097B,0,index=0|form_id=0x000AE722|magnitude=1|duration=0|area=0|base_cost=45|flags=0x00001A00,selection=1|form_id=0x0006BC00|name=M;selection=2|form_id=0x0003AD76|name=V
CACO,"Dragon's Tongue, Fly Amanita",177,50,50,3,1,0,0,0,0,"{""AlchemyIngredientInitMultiplier"":3.0,""AlchemySkillFactor"":3.0,""AlchemyXPMultiplier"":""1"",""DamageHealthDuration"":""0"",""DamageMagickaDuration"":""0"",""DamageStaminaDuration"":""0"",""DisableAllPotionHandling"":""1"",""ImpurePotionProcessing"":""0"",""RestoreEffectsDoNotStack"":""1"",""RestoreHealthDuration"":""0"",""RestoreMagickaDuration"":""0"",""RestoreStaminaDuration"":""0""}",1.60000002,"Dragon's Tongue [form=0x000889A2, count=1]; Fly Amanita [form=0x0004DA00, count=1]",0xFF00097F,0,index=0|form_id=0x0003EB1A|magnitude=29|duration=60|area=0|base_cost=0.324999988|flags=0x00200802;index=1|form_id=0x0003EAEA|magnitude=23|duration=60|area=0|base_cost=0.36500001|flags=0x00201002,selection=1|form_id=0x000889A2|name=D;selection=2|form_id=0x0004DA00|name=F
CACO+AP,"Blisterwort, Wheat Extract",55,100,0,0,0,0,0,0,0,"{""AlchemyIngredientInitMultiplier"":3.0,""AlchemySkillFactor"":3.0,""alchemyPlus"":{""copyExemplars"":{""$comment"":""Swap models and names of crafted potions to the nearest exemplar."",""enabled"":true,""exemplars"":[""Skyrim.esm|E3E9A"",""Skyrim.esm|65A72"",""Skyrim.esm|65A3E"",""Skyrim.esm|65A3F"",""Skyrim.esm|65A5A"",""Skyrim.esm|74A29"",""Skyrim.esm|74A23"",""Skyrim.esm|74A2D"",""Skyrim.esm|74A27"",""Skyrim.esm|74A21""]},""impureCostFix"":{""$comment"":""Impurities in mixtures subtract from the cost instead of adding to it."",""enabled"":true},""knownFailureFix"":{""$comment"":""Display known failures in UI between ingredients with all effects known."",""enabled"":true},""mixtureNames"":{""$comment"":""Modify names to reflect additional effects/impurities."",""enabled"":true},""roundedPotency"":{""$comment"":""Round effect potency to a multiple above a threshold."",""durationMult"":5.0,""durationThreshold"":15.0,""enabled"":true,""magnitudeMult"":5.0,""magnitudeThreshold"":25.0,""overrides"":{""$comment"":""Define setting overrides per alchemy effect.""}}},""caco"":{""AlchemyIngredientInitMultiplier"":""3"",""AlchemySkillFactor"":""3"",""AlchemyXPMultiplier"":""1"",""DamageHealthDuration"":""0"",""DamageMagickaDuration"":""0"",""DamageStaminaDuration"":""0"",""DisableAllPotionHandling"":""1"",""ImpurePotionProcessing"":""0"",""RestoreEffectsDoNotStack"":""1"",""RestoreHealthDuration"":""0"",""RestoreMagickaDuration"":""0"",""RestoreStaminaDuration"":""0""}}",1,"Blisterwort [form=0x0004DA25, count=1]; Wheat Extract [form=0x085A46B8, count=1]",0xFF0008A0,0,index=0|form_id=0x0003EB15|magnitude=85|duration=1|area=0|base_cost=5.30000019|flags=0x00200800,selection=1|form_id=0x0004DA25|name=B;selection=2|form_id=0x085A46B8|name=W
CACO+AP,"Deathbell, River Betty",152,100,0,0,0,0,0,0,0,"{""AlchemyIngredientInitMultiplier"":3.0,""AlchemySkillFactor"":3.0,""alchemyPlus"":{""copyExemplars"":{""$comment"":""Swap models and names of crafted potions to the nearest exemplar."",""enabled"":true,""exemplars"":[""Skyrim.esm|E3E9A"",""Skyrim.esm|65A72"",""Skyrim.esm|65A3E"",""Skyrim.esm|65A3F"",""Skyrim.esm|65A5A"",""Skyrim.esm|74A29"",""Skyrim.esm|74A23"",""Skyrim.esm|74A2D"",""Skyrim.esm|74A27"",""Skyrim.esm|74A21""]},""impureCostFix"":{""$comment"":""Impurities in mixtures subtract from the cost instead of adding to it."",""enabled"":true},""knownFailureFix"":{""$comment"":""Display known failures in UI between ingredients with all effects known."",""enabled"":true},""mixtureNames"":{""$comment"":""Modify names to reflect additional effects/impurities."",""enabled"":true},""roundedPotency"":{""$comment"":""Round effect potency to a multiple above a threshold."",""durationMult"":5.0,""durationThreshold"":15.0,""enabled"":true,""magnitudeMult"":5.0,""magnitudeThreshold"":25.0,""overrides"":{""$comment"":""Define setting overrides per alchemy effect.""}}},""caco"":{""AlchemyIngredientInitMultiplier"":""3"",""AlchemySkillFactor"":""3"",""AlchemyXPMultiplier"":""1"",""DamageHealthDuration"":""0"",""DamageMagickaDuration"":""0"",""DamageStaminaDuration"":""0"",""DisableAllPotionHandling"":""1"",""ImpurePotionProcessing"":""0"",""RestoreEffectsDoNotStack"":""1"",""RestoreHealthDuration"":""0"",""RestoreMagickaDuration"":""0"",""RestoreStaminaDuration"":""0""}}",1,"Deathbell [form=0x000516C8, count=1]; River Betty [form=0x00106E1A, count=1]",0xFF0008A4,7,index=0|form_id=0x00073F25|magnitude=50|duration=30|area=0|base_cost=0.300000012|flags=0x00401807;index=1|form_id=0x0003EB42|magnitude=80|duration=1|area=0|base_cost=7.9000001|flags=0x00200805,selection=1|form_id=0x000516C8|name=D;selection=2|form_id=0x00106E1A|name=R
CACO+AP,"Ash Creep Cluster, Comberry",62,100,0,0,0,0,0,0,0,"{""AlchemyIngredientInitMultiplier"":3.0,""AlchemySkillFactor"":3.0,""alchemyPlus"":{""copyExemplars"":{""$comment"":""Swap models and names of crafted potions to the nearest exemplar."",""enabled"":true,""exemplars"":[""Skyrim.esm|E3E9A"",""Skyrim.esm|65A72"",""Skyrim.esm|65A3E"",""Skyrim.esm|65A3F"",""Skyrim.esm|65A5A"",""Skyrim.esm|74A29"",""Skyrim.esm|74A23"",""Skyrim.esm|74A2D"",""Skyrim.esm|74A27"",""Skyrim.esm|74A21""]},""impureCostFix"":{""$comment"":""Impurities in mixtures subtract from the cost instead of adding to it."",""enabled"":true},""knownFailureFix"":{""$comment"":""Display known failures in UI between ingredients with all effects known."",""enabled"":true},""mixtureNames"":{""$comment"":""Modify names to reflect additional effects/impurities."",""enabled"":true},""roundedPotency"":{""$comment"":""Round effect potency to a multiple above a threshold."",""durationMult"":5.0,""durationThreshold"":15.0,""enabled"":true,""magnitudeMult"":5.0,""magnitudeThreshold"":25.0,""overrides"":{""$comment"":""Define setting overrides per alchemy effect.""}}},""caco"":{""AlchemyIngredientInitMultiplier"":""3"",""AlchemySkillFactor"":""3"",""AlchemyXPMultiplier"":""1"",""DamageHealthDuration"":""0"",""DamageMagickaDuration"":""0"",""DamageStaminaDuration"":""0"",""DisableAllPotionHandling"":""1"",""ImpurePotionProcessing"":""0"",""RestoreEffectsDoNotStack"":""1"",""RestoreHealthDuration"":""0"",""RestoreMagickaDuration"":""0"",""RestoreStaminaDuration"":""0""}}",1,"Ash Creep Cluster [form=0x0401CD74, count=1]; Comberry [form=0xFE004806, count=1]",0xFF0008A7,0,index=0|form_id=0x0003EB26|magnitude=20|duration=60|area=0|base_cost=0.324999988|flags=0x00200802,selection=1|form_id=0x0401CD74|name=A;selection=2|form_id=0xFE004806|name=C
CACO+AP,"Aloe Vera, Daedra Heart, Large Antlers",148,100,0,0,0,0,0,0,0,"{""AlchemyIngredientInitMultiplier"":3.0,""AlchemySkillFactor"":3.0,""alchemyPlus"":{""copyExemplars"":{""$comment"":""Swap models and names of crafted potions to the nearest exemplar."",""enabled"":true,""exemplars"":[""Skyrim.esm|E3E9A"",""Skyrim.esm|65A72"",""Skyrim.esm|65A3E"",""Skyrim.esm|65A3F"",""Skyrim.esm|65A5A"",""Skyrim.esm|74A29"",""Skyrim.esm|74A23"",""Skyrim.esm|74A2D"",""Skyrim.esm|74A27"",""Skyrim.esm|74A21""]},""impureCostFix"":{""$comment"":""Impurities in mixtures subtract from the cost instead of adding to it."",""enabled"":true},""knownFailureFix"":{""$comment"":""Display known failures in UI between ingredients with all effects known."",""enabled"":true},""mixtureNames"":{""$comment"":""Modify names to reflect additional effects/impurities."",""enabled"":true},""roundedPotency"":{""$comment"":""Round effect potency to a multiple above a threshold."",""durationMult"":5.0,""durationThreshold"":15.0,""enabled"":true,""magnitudeMult"":5.0,""magnitudeThreshold"":25.0,""overrides"":{""$comment"":""Define setting overrides per alchemy effect.""}}},""caco"":{""AlchemyIngredientInitMultiplier"":""3"",""AlchemySkillFactor"":""3"",""AlchemyXPMultiplier"":""1"",""DamageHealthDuration"":""0"",""DamageMagickaDuration"":""0"",""DamageStaminaDuration"":""0"",""DisableAllPotionHandling"":""1"",""ImpurePotionProcessing"":""0"",""RestoreEffectsDoNotStack"":""1"",""RestoreHealthDuration"":""0"",""RestoreMagickaDuration"":""0"",""RestoreStaminaDuration"":""0""}}",1,"Aloe Vera [form=0x08A100AD, count=1]; Daedra Heart [form=0x0003AD5B, count=1]; Large Antlers [form=0x0006BC0A, count=1]",0xFF0008AF,0,index=0|form_id=0x0003EB15|magnitude=130|duration=1|area=0|base_cost=5.30000019|flags=0x00200800;index=1|form_id=0x0003EB16|magnitude=100|duration=1|area=0|base_cost=4.69999981|flags=0x00200800,selection=1|form_id=0x08A100AD|name=A;selection=2|form_id=0x0003AD5B|name=D;selection=3|form_id=0x0006BC0A|name=L
CACO+AP,"Blue Mountain Flower, Bog Beacon, Jarrin Root",1674,100,0,4,0,0,0,0,0,"{""AlchemyIngredientInitMultiplier"":4.0,""AlchemySkillFactor"":1.5,""alchemyPlus"":{""copyExemplars"":{""$comment"":""Swap models and names of crafted potions to the nearest exemplar."",""enabled"":true,""exemplars"":[""Skyrim.esm|E3E9A"",""Skyrim.esm|65A72"",""Skyrim.esm|65A3E"",""Skyrim.esm|65A3F"",""Skyrim.esm|65A5A"",""Skyrim.esm|74A29"",""Skyrim.esm|74A23"",""Skyrim.esm|74A2D"",""Skyrim.esm|74A27"",""Skyrim.esm|74A21""]},""impureCostFix"":{""$comment"":""Impurities in mixtures subtract from the cost instead of adding to it."",""enabled"":true},""knownFailureFix"":{""$comment"":""Display known failures in UI between ingredients with all effects known."",""enabled"":true},""mixtureNames"":{""$comment"":""Modify names to reflect additional effects/impurities."",""enabled"":true},""roundedPotency"":{""$comment"":""Round effect potency to a multiple above a threshold."",""durationMult"":5.0,""durationThreshold"":15.0,""enabled"":true,""magnitudeMult"":5.0,""magnitudeThreshold"":25.0,""overrides"":{""$comment"":""Define setting overrides per alchemy effect.""}}},""caco"":{""AlchemyIngredientInitMultiplier"":""4"",""AlchemySkillFactor"":""1.5"",""AlchemyXPMultiplier"":""1"",""DamageHealthDuration"":""0"",""DamageMagickaDuration"":""0"",""DamageStaminaDuration"":""0"",""DisableAllPotionHandling"":""1"",""ImpurePotionProcessing"":""0"",""RestoreEffectsDoNotStack"":""1"",""RestoreHealthDuration"":""0"",""RestoreMagickaDuration"":""0"",""RestoreStaminaDuration"":""0""}}",1.79999995,"Blue Mountain Flower [form=0x00077E1C, count=1]; Bog Beacon [form=0xFE004D6C, count=1]; Jarrin Root [form=0x0001BCBC, count=1]",0xFF0008E3,1674,index=0|form_id=0x0003EB42|magnitude=1255|duration=1|area=0|base_cost=7.9000001|flags=0x00200805;index=1|form_id=0x0003A2C6|magnitude=170|duration=1|area=0|base_cost=4.5999999|flags=0x00200805;index=2|form_id=0x0003EB17|magnitude=65|duration=1|area=0|base_cost=4.69999981|flags=0x00200800,selection=1|form_id=0x00077E1C|name=B;selection=2|form_id=0xFE004D6C|name=B;selection=3|form_id=0x0001BCBC|name=J
CACO+AP,"Ash Creep Cluster, Crimson Nirnroot",73,100,0,4,0,0,0,0,0,"{""AlchemyIngredientInitMultiplier"":4.0,""AlchemySkillFactor"":1.5,""alchemyPlus"":{""copyExemplars"":{""$comment"":""Swap models and names of crafted potions to the nearest exemplar."",""enabled"":true,""exemplars"":[""Skyrim.esm|E3E9A"",""Skyrim.esm|65A72"",""Skyrim.esm|65A3E"",""Skyrim.esm|65A3F"",""Skyrim.esm|65A5A"",""Skyrim.esm|74A29"",""Skyrim.esm|74A23"",""Skyrim.esm|74A2D"",""Skyrim.esm|74A27"",""Skyrim.esm|74A21""]},""impureCostFix"":{""$comment"":""Impurities in mixtures subtract from the cost instead of adding to it."",""enabled"":true},""knownFailureFix"":{""$comment"":""Display known failures in UI between ingredients with all effects known."",""enabled"":true},""mixtureNames"":{""$comment"":""Modify names to reflect additional effects/impurities."",""enabled"":true},""roundedPotency"":{""$comment"":""Round effect potency to a multiple above a threshold."",""durationMult"":5.0,""durationThreshold"":15.0,""enabled"":true,""magnitudeMult"":5.0,""magnitudeThreshold"":25.0,""overrides"":{""$comment"":""Define setting overrides per alchemy effect.""}}},""caco"":{""AlchemyIngredientInitMultiplier"":""4"",""AlchemySkillFactor"":""1.5"",""AlchemyXPMultiplier"":""1"",""DamageHealthDuration"":""0"",""DamageMagickaDuration"":""0"",""DamageStaminaDuration"":""0"",""DisableAllPotionHandling"":""1"",""ImpurePotionProcessing"":""0"",""RestoreEffectsDoNotStack"":""1"",""RestoreHealthDuration"":""0"",""RestoreMagickaDuration"":""0"",""RestoreStaminaDuration"":""0""}}",1.79999995,"Ash Creep Cluster [form=0x0401CD74, count=1]; Crimson Nirnroot [form=0x000B701A, count=1]",0xFF0008E4,0,index=0|form_id=0x0003EB3D|magnitude=0|duration=25|area=0|base_cost=27|flags=0x00401C02,selection=1|form_id=0x0401CD74|name=A;selection=2|form_id=0x000B701A|name=C
CACO+AP,"Canis Root, Spider Egg",11,100,0,4,0,0,0,0,0,"{""AlchemyIngredientInitMultiplier"":4.0,""AlchemySkillFactor"":1.5,""alchemyPlus"":{""copyExemplars"":{""$comment"":""Swap models and names of crafted potions to the nearest exemplar."",""enabled"":true,""exemplars"":[""Skyrim.esm|E3E9A"",""Skyrim.esm|65A72"",""Skyrim.esm|65A3E"",""Skyrim.esm|65A3F"",""Skyrim.esm|65A5A"",""Skyrim.esm|74A29"",""Skyrim.esm|74A23"",""Skyrim.esm|74A2D"",""Skyrim.esm|74A27"",""Skyrim.esm|74A21""]},""impureCostFix"":{""$comment"":""Impurities in mixtures subtract from the cost instead of adding to it."",""enabled"":true},""knownFailureFix"":{""$comment"":""Display known failures in UI between ingredients with all effects known."",""enabled"":true},""mixtureNames"":{""$comment"":""Modify names to reflect additional effects/impurities."",""enabled"":true},""roundedPotency"":{""$comment"":""Round effect potency to a multiple above a threshold."",""durationMult"":5.0,""durationThreshold"":15.0,""enabled"":true,""magnitudeMult"":5.0,""magnitudeThreshold"":25.0,""overrides"":{""$comment"":""Define setting overrides per alchemy effect.""}}},""caco"":{""AlchemyIngredientInitMultiplier"":""4"",""AlchemySkillFactor"":""1.5"",""AlchemyXPMultiplier"":""1"",""DamageHealthDuration"":""0"",""DamageMagickaDuration"":""0"",""DamageStaminaDuration"":""0"",""DisableAllPotionHandling"":""1"",""ImpurePotionProcessing"":""0"",""RestoreEffectsDoNotStack"":""1"",""RestoreHealthDuration"":""0"",""RestoreMagickaDuration"":""0"",""RestoreStaminaDuration"":""0""}}",1.79999995,"Canis Root [form=0x0006ABCB, count=1]; Spider Egg [form=0x0009151B, count=1]",0xFF0008F2,11,index=0|form_id=0x0003EB1B|magnitude=19|duration=60|area=0|base_cost=0.324999988|flags=0x00200802;index=1|form_id=0x0003A2C6|magnitude=85|duration=1|area=0|base_cost=4.5999999|flags=0x00200805,selection=1|form_id=0x0006ABCB|name=C;selection=2|form_id=0x0009151B|name=S
CACO+AP,"Dragon's Tongue, Fly Amanita",75,100,0,4,0,0,0,0,0,"{""AlchemyIngredientInitMultiplier"":4.0,""AlchemySkillFactor"":1.5,""alchemyPlus"":{""copyExemplars"":{""$comment"":""Swap models and names of crafted potions to the nearest exemplar."",""enabled"":true,""exemplars"":[""Skyrim.esm|E3E9A"",""Skyrim.esm|65A72"",""Skyrim.esm|65A3E"",""Skyrim.esm|65A3F"",""Skyrim.esm|65A5A"",""Skyrim.esm|74A29"",""Skyrim.esm|74A23"",""Skyrim.esm|74A2D"",""Skyrim.esm|74A27"",""Skyrim.esm|74A21""]},""impureCostFix"":{""$comment"":""Impurities in mixtures subtract from the cost instead of adding to it."",""enabled"":true},""knownFailureFix"":{""$comment"":""Display known failures in UI between ingredients with all effects known."",""enabled"":true},""mixtureNames"":{""$comment"":""Modify names to reflect additional effects/impurities."",""enabled"":true},""roundedPotency"":{""$comment"":""Round effect potency to a multiple above a threshold."",""durationMult"":5.0,""durationThreshold"":15.0,""enabled"":true,""magnitudeMult"":5.0,""magnitudeThreshold"":25.0,""overrides"":{""$comment"":""Define setting overrides per alchemy effect.""}}},""caco"":{""AlchemyIngredientInitMultiplier"":""4"",""AlchemySkillFactor"":""1.5"",""AlchemyXPMultiplier"":""1"",""DamageHealthDuration"":""0"",""DamageMagickaDuration"":""0"",""DamageStaminaDuration"":""0"",""DisableAllPotionHandling"":""1"",""ImpurePotionProcessing"":""0"",""RestoreEffectsDoNotStack"":""1"",""RestoreHealthDuration"":""0"",""RestoreMagickaDuration"":""0"",""RestoreStaminaDuration"":""0""}}",1.79999995,"Dragon's Tongue [form=0x000889A2, count=1]; Fly Amanita [form=0x0004DA00, count=1]",0xFF0008F3,0,index=0|form_id=0x0003EB1A|magnitude=13|duration=60|area=0|base_cost=0.324999988|flags=0x00200802;index=1|form_id=0x0003EAEA|magnitude=11|duration=60|area=0|base_cost=0.36500001|flags=0x00201002,selection=1|form_id=0x000889A2|name=D;selection=2|form_id=0x0004DA00|name=F
CACO+AP,"Blisterwort, Wheat Extract",55,100,0,0,1,0,0,0,0,"{""AlchemyIngredientInitMultiplier"":3.0,""AlchemySkillFactor"":3.0,""alchemyPlus"":{""copyExemplars"":{""$comment"":""Swap models and names of crafted potions to the nearest exemplar."",""enabled"":true,""exemplars"":[""Skyrim.esm|E3E9A"",""Skyrim.esm|65A72"",""Skyrim.esm|65A3E"",""Skyrim.esm|65A3F"",""Skyrim.esm|65A5A"",""Skyrim.esm|74A29"",""Skyrim.esm|74A23"",""Skyrim.esm|74A2D"",""Skyrim.esm|74A27"",""Skyrim.esm|74A21""]},""impureCostFix"":{""$comment"":""Impurities in mixtures subtract from the cost instead of adding to it."",""enabled"":true},""knownFailureFix"":{""$comment"":""Display known failures in UI between ingredients with all effects known."",""enabled"":true},""mixtureNames"":{""$comment"":""Modify names to reflect additional effects/impurities."",""enabled"":true},""roundedPotency"":{""$comment"":""Round effect potency to a multiple above a threshold."",""durationMult"":5.0,""durationThreshold"":15.0,""enabled"":true,""magnitudeMult"":5.0,""magnitudeThreshold"":25.0,""overrides"":{""$comment"":""Define setting overrides per alchemy effect.""}}},""caco"":{""AlchemyIngredientInitMultiplier"":""3"",""AlchemySkillFactor"":""3"",""AlchemyXPMultiplier"":""1"",""DamageHealthDuration"":""0"",""DamageMagickaDuration"":""0"",""DamageStaminaDuration"":""0"",""DisableAllPotionHandling"":""1"",""ImpurePotionProcessing"":""0"",""RestoreEffectsDoNotStack"":""1"",""RestoreHealthDuration"":""0"",""RestoreMagickaDuration"":""0"",""RestoreStaminaDuration"":""0""}}",1,"Blisterwort [form=0x0004DA25, count=1]; Wheat Extract [form=0x085A46B8, count=1]",0xFF0008A0,0,index=0|form_id=0x0003EB15|magnitude=85|duration=1|area=0|base_cost=5.30000019|flags=0x00200800,selection=1|form_id=0x0004DA25|name=B;selection=2|form_id=0x085A46B8|name=W
CACO+AP,"Boar Tusk, Briar Heart",99,100,0,0,1,0,0,0,0,"{""AlchemyIngredientInitMultiplier"":3.0,""AlchemySkillFactor"":3.0,""alchemyPlus"":{""copyExemplars"":{""$comment"":""Swap models and names of crafted potions to the nearest exemplar."",""enabled"":true,""exemplars"":[""Skyrim.esm|E3E9A"",""Skyrim.esm|65A72"",""Skyrim.esm|65A3E"",""Skyrim.esm|65A3F"",""Skyrim.esm|65A5A"",""Skyrim.esm|74A29"",""Skyrim.esm|74A23"",""Skyrim.esm|74A2D"",""Skyrim.esm|74A27"",""Skyrim.esm|74A21""]},""impureCostFix"":{""$comment"":""Impurities in mixtures subtract from the cost instead of adding to it."",""enabled"":true},""knownFailureFix"":{""$comment"":""Display known failures in UI between ingredients with all effects known."",""enabled"":true},""mixtureNames"":{""$comment"":""Modify names to reflect additional effects/impurities."",""enabled"":true},""roundedPotency"":{""$comment"":""Round effect potency to a multiple above a threshold."",""durationMult"":5.0,""durationThreshold"":15.0,""enabled"":true,""magnitudeMult"":5.0,""magnitudeThreshold"":25.0,""overrides"":{""$comment"":""Define setting overrides per alchemy effect.""}}},""caco"":{""AlchemyIngredientInitMultiplier"":""3"",""AlchemySkillFactor"":""3"",""AlchemyXPMultiplier"":""1"",""DamageHealthDuration"":""0"",""DamageMagickaDuration"":""0"",""DamageStaminaDuration"":""0"",""DisableAllPotionHandling"":""1"",""ImpurePotionProcessing"":""0"",""RestoreEffectsDoNotStack"":""1"",""RestoreHealthDuration"":""0"",""RestoreMagickaDuration"":""0"",""RestoreStaminaDuration"":""0""}}",1,"Boar Tusk [form=0x0401CD6F, count=1]; Briar Heart [form=0x0003AD61, count=1]",0xFF000901,0,index=0|form_id=0x0003EAF3|magnitude=70|duration=60|area=0|base_cost=0.129999995|flags=0x00200802,selection=1|form_id=0x0401CD6F|name=B;selection=2|form_id=0x0003AD61|name=B
CACO+AP,"Briar Heart, Ectoplasm",99,100,0,0,1,0,0,0,0,"{""AlchemyIngredientInitMultiplier"":3.0,""AlchemySkillFactor"":3.0,""alchemyPlus"":{""copyExemplars"":{""$comment"":""Swap models and names of crafted potions to the nearest exemplar."",""enabled"":true,""exemplars"":[""Skyrim.esm|E3E9A"",""Skyrim.esm|65A72"",""Skyrim.esm|65A3E"",""Skyrim.esm|65A3F"",""Skyrim.esm|65A5A"",""Skyrim.esm|74A29"",""Skyrim.esm|74A23"",""Skyrim.esm|74A2D"",""Skyrim.esm|74A27"",""Skyrim.esm|74A21""]},""impureCostFix"":{""$comment"":""Impurities in mixtures subtract from the cost instead of adding to it."",""enabled"":true},""knownFailureFix"":{""$comment"":""Display known failures in UI between ingredients with all effects known."",""enabled"":true},""mixtureNames"":{""$comment"":""Modify names to reflect additional effects/impurities."",""enabled"":true},""roundedPotency"":{""$comment"":""Round effect potency to a multiple above a threshold."",""durationMult"":5.0,""durationThreshold"":15.0,""enabled"":true,""magnitudeMult"":5.0,""magnitudeThreshold"":25.0,""overrides"":{""$comment"":""Define setting overrides per alchemy effect.""}}},""caco"":{""AlchemyIngredientInitMultiplier"":""3"",""AlchemySkillFactor"":""3"",""AlchemyXPMultiplier"":""1"",""DamageHealthDuration"":""0"",""DamageMagickaDuration"":""0"",""DamageStaminaDuration"":""0"",""DisableAllPotionHandling"":""1"",""ImpurePotionProcessing"":""0"",""RestoreEffectsDoNotStack"":""1"",""RestoreHealthDuration"":""0"",""RestoreMagickaDuration"":""0"",""RestoreStaminaDuration"":""0""}}",1,"Briar Heart [form=0x0003AD61, count=1]; Ectoplasm [form=0x0003AD63, count=1]",0xFF000902,0,index=0|form_id=0x0003EAF8|magnitude=70|duration=60|area=0|base_cost=0.129999995|flags=0x00200802,selection=1|form_id=0x0003AD61|name=B;selection=2|form_id=0x0003AD63|name=E
CACO+AP,"Boar Tusk, Briar Heart",103,100,0,0,0,0,0,0,0,"{""AlchemyIngredientInitMultiplier"":3.0,""AlchemySkillFactor"":3.0,""alchemyPlus"":{""copyExemplars"":{""$comment"":""Swap models and names of crafted potions to the nearest exemplar."",""enabled"":true,""exemplars"":[""Skyrim.esm|E3E9A"",""Skyrim.esm|65A72"",""Skyrim.esm|65A3E"",""Skyrim.esm|65A3F"",""Skyrim.esm|65A5A"",""Skyrim.esm|74A29"",""Skyrim.esm|74A23"",""Skyrim.esm|74A2D"",""Skyrim.esm|74A27"",""Skyrim.esm|74A21""]},""impureCostFix"":{""$comment"":""Impurities in mixtures subtract from the cost instead of adding to it."",""enabled"":true},""knownFailureFix"":{""$comment"":""Display known failures in UI between ingredients with all effects known."",""enabled"":true},""mixtureNames"":{""$comment"":""Modify names to reflect additional effects/impurities."",""enabled"":true},""roundedPotency"":{""$comment"":""Round effect potency to a multiple above a threshold."",""durationMult"":2.0,""durationThreshold"":10.0,""enabled"":true,""magnitudeMult"":2.0,""magnitudeThreshold"":10.0,""overrides"":{""$comment"":""Define setting overrides per alchemy effect.""}}},""caco"":{""AlchemyIngredientInitMultiplier"":""3"",""AlchemySkillFactor"":""3"",""AlchemyXPMultiplier"":""1"",""DamageHealthDuration"":""0"",""DamageMagickaDuration"":""0"",""DamageStaminaDuration"":""0"",""DisableAllPotionHandling"":""1"",""ImpurePotionProcessing"":""0"",""RestoreEffectsDoNotStack"":""1"",""RestoreHealthDuration"":""0"",""RestoreMagickaDuration"":""0"",""RestoreStaminaDuration"":""0""}}",1,"Boar Tusk [form=0x0401CD6F, count=1]; Briar Heart [form=0x0003AD61, count=1]",0xFF00088D,0,index=0|form_id=0x0003EAF3|magnitude=72|duration=60|area=0|base_cost=0.129999995|flags=0x00200802,selection=1|form_id=0x0401CD6F|name=B;selection=2|form_id=0x0003AD61|name=B
CACO+AP,"Creep Cluster, Giant's Toe",49,100,0,0,0,0,0,0,0,"{""AlchemyIngredientInitMultiplier"":3.0,""AlchemySkillFactor"":3.0,""alchemyPlus"":{""copyExemplars"":{""$comment"":""Swap models and names of crafted potions to the nearest exemplar."",""enabled"":true,""exemplars"":[""Skyrim.esm|E3E9A"",""Skyrim.esm|65A72"",""Skyrim.esm|65A3E"",""Skyrim.esm|65A3F"",""Skyrim.esm|65A5A"",""Skyrim.esm|74A29"",""Skyrim.esm|74A23"",""Skyrim.esm|74A2D"",""Skyrim.esm|74A27"",""Skyrim.esm|74A21""]},""impureCostFix"":{""$comment"":""Impurities in mixtures subtract from the cost instead of adding to it."",""enabled"":true},""knownFailureFix"":{""$comment"":""Display known failures in UI between ingredients with all effects known."",""enabled"":true},""mixtureNames"":{""$comment"":""Modify names to reflect additional effects/impurities."",""enabled"":true},""roundedPotency"":{""$comment"":""Round effect potency to a multiple above a threshold."",""durationMult"":2.0,""durationThreshold"":10.0,""enabled"":true,""magnitudeMult"":2.0,""magnitudeThreshold"":10.0,""overrides"":{""$comment"":""Define setting overrides per alchemy effect.""}}},""caco"":{""AlchemyIngredientInitMultiplier"":""3"",""AlchemySkillFactor"":""3"",""AlchemyXPMultiplier"":""1"",""DamageHealthDuration"":""0"",""DamageMagickaDuration"":""0"",""DamageStaminaDuration"":""0"",""DisableAllPotionHandling"":""1"",""ImpurePotionProcessing"":""0"",""RestoreEffectsDoNotStack"":""1"",""RestoreHealthDuration"":""0"",""RestoreMagickaDuration"":""0"",""RestoreStaminaDuration"":""0""}}",1,"Creep Cluster [form=0x000B2183, count=1]; Giant's Toe [form=0x0003AD64, count=1]",0xFF00089A,49,index=0|form_id=0x0003EB01|magnitude=44|duration=300|area=0|base_cost=0.0469999984|flags=0x00200802;index=1|form_id=0x00073F2C|magnitude=46|duration=30|area=0|base_cost=0.344999999|flags=0x00200807,selection=1|form_id=0x000B2183|name=C;selection=2|form_id=0x0003AD64|name=G
CACO+AP,"Blue Mountain Flower, Bog Beacon, Jarrin Root",2607,100,0,0,0,0,0,0,0,"{""AlchemyIngredientInitMultiplier"":3.0,""AlchemySkillFactor"":3.0,""alchemyPlus"":{""copyExemplars"":{""$comment"":""Swap models and names of crafted potions to the nearest exemplar."",""enabled"":true,""exemplars"":[""Skyrim.esm|E3E9A"",""Skyrim.esm|65A72"",""Skyrim.esm|65A3E"",""Skyrim.esm|65A3F"",""Skyrim.esm|65A5A"",""Skyrim.esm|74A29"",""Skyrim.esm|74A23"",""Skyrim.esm|74A2D"",""Skyrim.esm|74A27"",""Skyrim.esm|74A21""]},""impureCostFix"":{""$comment"":""Impurities in mixtures subtract from the cost instead of adding to it."",""enabled"":true},""knownFailureFix"":{""$comment"":""Display known failures in UI between ingredients with all effects known."",""enabled"":true},""mixtureNames"":{""$comment"":""Modify names to reflect additional effects/impurities."",""enabled"":true},""roundedPotency"":{""$comment"":""Round effect potency to a multiple above a threshold."",""durationMult"":2.0,""durationThreshold"":10.0,""enabled"":true,""magnitudeMult"":2.0,""magnitudeThreshold"":10.0,""overrides"":{""$comment"":""Define setting overrides per alchemy effect.""}}},""caco"":{""AlchemyIngredientInitMultiplier"":""3"",""AlchemySkillFactor"":""3"",""AlchemyXPMultiplier"":""1"",""DamageHealthDuration"":""0"",""DamageMagickaDuration"":""0"",""DamageStaminaDuration"":""0"",""DisableAllPotionHandling"":""1"",""ImpurePotionProcessing"":""0"",""RestoreEffectsDoNotStack"":""1"",""RestoreHealthDuration"":""0"",""RestoreMagickaDuration"":""0"",""RestoreStaminaDuration"":""0""}}",1,"Blue Mountain Flower [form=0x00077E1C, count=1]; Bog Beacon [form=0xFE004D6C, count=1]; Jarrin Root [form=0x0001BCBC, count=1]",0xFF00089C,2607,index=0|form_id=0x0003EB42|magnitude=1878|duration=1|area=0|base_cost=7.9000001|flags=0x00200805;index=1|form_id=0x0003A2C6|magnitude=252|duration=1|area=0|base_cost=4.5999999|flags=0x00200805;index=2|form_id=0x0003EB17|magnitude=96|duration=1|area=0|base_cost=4.69999981|flags=0x00200800,selection=1|form_id=0x00077E1C|name=B;selection=2|form_id=0xFE004D6C|name=B;selection=3|form_id=0x0001BCBC|name=J
CACO+AP,"Ash Creep Cluster, Crimson Nirnroot",110,100,0,0,0,0,0,0,0,"{""AlchemyIngredientInitMultiplier"":3.0,""AlchemySkillFactor"":3.0,""alchemyPlus"":{""copyExemplars"":{""$comment"":""Swap models and names of crafted potions to the nearest exemplar."",""enabled"":true,""exemplars"":[""Skyrim.esm|E3E9A"",""Skyrim.esm|65A72"",""Skyrim.esm|65A3E"",""Skyrim.esm|65A3F"",""Skyrim.esm|65A5A"",""Skyrim.esm|74A29"",""Skyrim.esm|74A23"",""Skyrim.esm|74A2D"",""Skyrim.esm|74A27"",""Skyrim.esm|74A21""]},""impureCostFix"":{""$comment"":""Impurities in mixtures subtract from the cost instead of adding to it."",""enabled"":true},""knownFailureFix"":{""$comment"":""Display known failures in UI between ingredients with all effects known."",""enabled"":true},""mixtureNames"":{""$comment"":""Modify names to reflect additional effects/impurities."",""enabled"":true},""roundedPotency"":{""$comment"":""Round effect potency to a multiple above a threshold."",""durationMult"":2.0,""durationThreshold"":10.0,""enabled"":true,""magnitudeMult"":2.0,""magnitudeThreshold"":10.0,""overrides"":{""$comment"":""Define setting overrides per alchemy effect.""}}},""caco"":{""AlchemyIngredientInitMultiplier"":""3"",""AlchemySkillFactor"":""3"",""AlchemyXPMultiplier"":""1"",""DamageHealthDuration"":""0"",""DamageMagickaDuration"":""0"",""DamageStaminaDuration"":""0"",""DisableAllPotionHandling"":""1"",""ImpurePotionProcessing"":""0"",""RestoreEffectsDoNotStack"":""1"",""RestoreHealthDuration"":""0"",""RestoreMagickaDuration"":""0"",""RestoreStaminaDuration"":""0""}}",1,"Ash Creep Cluster [form=0x0401CD74, count=1]; Crimson Nirnroot [form=0x000B701A, count=1]",0xFF00089E,0,index=0|form_id=0x0003EB3D|magnitude=0|duration=36|area=0|base_cost=27|flags=0x00401C02,selection=1|form_id=0x0401CD74|name=A;selection=2|form_id=0x000B701A|name=C
CACO+AP,"Deathbell, River Betty",201,100,0,0,0,0,1,0,0,"{""AlchemyIngredientInitMultiplier"":3.0,""AlchemySkillFactor"":3.0,""alchemyPlus"":{""copyExemplars"":{""$comment"":""Swap models and names of crafted potions to the nearest exemplar."",""enabled"":true,""exemplars"":[""Skyrim.esm|E3E9A"",""Skyrim.esm|65A72"",""Skyrim.esm|65A3E"",""Skyrim.esm|65A3F"",""Skyrim.esm|65A5A"",""Skyrim.esm|74A29"",""Skyrim.esm|74A23"",""Skyrim.esm|74A2D"",""Skyrim.esm|74A27"",""Skyrim.esm|74A21""]},""impureCostFix"":{""$comment"":""Impurities in mixtures subtract from the cost instead of adding to it."",""enabled"":true},""knownFailureFix"":{""$comment"":""Display known failures in UI between ingredients with all effects known."",""enabled"":true},""mixtureNames"":{""$comment"":""Modify names to reflect additional effects/impurities."",""enabled"":true},""roundedPotency"":{""$comment"":""Round effect potency to a multiple above a threshold."",""durationMult"":2.0,""durationThreshold"":10.0,""enabled"":true,""magnitudeMult"":2.0,""magnitudeThreshold"":10.0,""overrides"":{""$comment"":""Define setting overrides per alchemy effect.""}}},""caco"":{""AlchemyIngredientInitMultiplier"":""3"",""AlchemySkillFactor"":""3"",""AlchemyXPMultiplier"":""1"",""DamageHealthDuration"":""0"",""DamageMagickaDuration"":""0"",""DamageStaminaDuration"":""0"",""DisableAllPotionHandling"":""1"",""ImpurePotionProcessing"":""0"",""RestoreEffectsDoNotStack"":""1"",""RestoreHealthDuration"":""0"",""RestoreMagickaDuration"":""0"",""RestoreStaminaDuration"":""0""}}",1,"Deathbell [form=0x000516C8, count=1]; River Betty [form=0x00106E1A, count=1]",0xFF0008A3,7,index=0|form_id=0x00073F25|magnitude=50|duration=40|area=0|base_cost=0.300000012|flags=0x00401807;index=1|form_id=0x0003EB42|magnitude=100|duration=1|area=0|base_cost=7.9000001|flags=0x00200805,selection=1|form_id=0x000516C8|name=D;selection=2|form_id=0x00106E1A|name=R
CACO+AP,"Canis Root, Spider Egg",23,100,0,0,0,0,1,0,0,"{""AlchemyIngredientInitMultiplier"":3.0,""AlchemySkillFactor"":3.0,""alchemyPlus"":{""copyExemplars"":{""$comment"":""Swap models and names of crafted potions to the nearest exemplar."",""enabled"":true,""exemplars"":[""Skyrim.esm|E3E9A"",""Skyrim.esm|65A72"",""Skyrim.esm|65A3E"",""Skyrim.esm|65A3F"",""Skyrim.esm|65A5A"",""Skyrim.esm|74A29"",""Skyrim.esm|74A23"",""Skyrim.esm|74A2D"",""Skyrim.esm|74A27"",""Skyrim.esm|74A21""]},""impureCostFix"":{""$comment"":""Impurities in mixtures subtract from the cost instead of adding to it."",""enabled"":true},""knownFailureFix"":{""$comment"":""Display known failures in UI between ingredients with all effects known."",""enabled"":true},""mixtureNames"":{""$comment"":""Modify names to reflect additional effects/impurities."",""enabled"":true},""roundedPotency"":{""$comment"":""Round effect potency to a multiple above a threshold."",""durationMult"":2.0,""durationThreshold"":10.0,""enabled"":true,""magnitudeMult"":2.0,""magnitudeThreshold"":10.0,""overrides"":{""$comment"":""Define setting overrides per alchemy effect.""}}},""caco"":{""AlchemyIngredientInitMultiplier"":""3"",""AlchemySkillFactor"":""3"",""AlchemyXPMultiplier"":""1"",""DamageHealthDuration"":""0"",""DamageMagickaDuration"":""0"",""DamageStaminaDuration"":""0"",""DisableAllPotionHandling"":""1"",""ImpurePotionProcessing"":""0"",""RestoreEffectsDoNotStack"":""1"",""RestoreHealthDuration"":""0"",""RestoreMagickaDuration"":""0"",""RestoreStaminaDuration"":""0""}}",1,"Canis Root [form=0x0006ABCB, count=1]; Spider Egg [form=0x0009151B, count=1]",0xFF0008E9,23,index=0|form_id=0x0003EB1B|magnitude=30|duration=60|area=0|base_cost=0.324999988|flags=0x00200802;index=1|form_id=0x0003A2C6|magnitude=126|duration=1|area=0|base_cost=4.5999999|flags=0x00200805,selection=1|form_id=0x0006ABCB|name=C;selection=2|form_id=0x0009151B|name=S
CACO+AP,"Swamp Fungal Pod, Wheat Extract",69,100,0,0,0,0,1,0,0,"{""AlchemyIngredientInitMultiplier"":3.0,""AlchemySkillFactor"":3.0,""alchemyPlus"":{""copyExemplars"":{""$comment"":""Swap models and names of crafted potions to the nearest exemplar."",""enabled"":true,""exemplars"":[""Skyrim.esm|E3E9A"",""Skyrim.esm|65A72"",""Skyrim.esm|65A3E"",""Skyrim.esm|65A3F"",""Skyrim.esm|65A5A"",""Skyrim.esm|74A29"",""Skyrim.esm|74A23"",""Skyrim.esm|74A2D"",""Skyrim.esm|74A27"",""Skyrim.esm|74A21""]},""impureCostFix"":{""$comment"":""Impurities in mixtures subtract from the cost instead of adding to it."",""enabled"":true},""knownFailureFix"":{""$comment"":""Display known failures in UI between ingredients with all effects known."",""enabled"":true},""mixtureNames"":{""$comment"":""Modify names to reflect additional effects/impurities."",""enabled"":true},""roundedPotency"":{""$comment"":""Round effect potency to a multiple above a threshold."",""durationMult"":2.0,""durationThreshold"":10.0,""enabled"":true,""magnitudeMult"":2.0,""magnitudeThreshold"":10.0,""overrides"":{""$comment"":""Define setting overrides per alchemy effect.""}}},""caco"":{""AlchemyIngredientInitMultiplier"":""3"",""AlchemySkillFactor"":""3"",""AlchemyXPMultiplier"":""1"",""DamageHealthDuration"":""0"",""DamageMagickaDuration"":""0"",""DamageStaminaDuration"":""0"",""DisableAllPotionHandling"":""1"",""ImpurePotionProcessing"":""0"",""RestoreEffectsDoNotStack"":""1"",""RestoreHealthDuration"":""0"",""RestoreMagickaDuration"":""0"",""RestoreStaminaDuration"":""0""}}",1,"Swamp Fungal Pod [form=0x0007E8B7, count=1]; Wheat Extract [form=0x085A46B8, count=1]",0xFF0008E6,7,index=0|form_id=0x00073F2B|magnitude=40|duration=30|area=0|base_cost=0.360000014|flags=0x00200807,selection=1|form_id=0x0007E8B7|name=S;selection=2|form_id=0x085A46B8|name=W
CACO+AP,"Ash Creep Cluster, Comberry",84,100,0,0,0,1,0,0,0,"{""AlchemyIngredientInitMultiplier"":3.0,""AlchemySkillFactor"":3.0,""alchemyPlus"":{""copyExemplars"":{""$comment"":""Swap models and names of crafted potions to the nearest exemplar."",""enabled"":true,""exemplars"":[""Skyrim.esm|E3E9A"",""Skyrim.esm|65A72"",""Skyrim.esm|65A3E"",""Skyrim.esm|65A3F"",""Skyrim.esm|65A5A"",""Skyrim.esm|74A29"",""Skyrim.esm|74A23"",""Skyrim.esm|74A2D"",""Skyrim.esm|74A27"",""Skyrim.esm|74A21""]},""impureCostFix"":{""$comment"":""Impurities in mixtures subtract from the cost instead of adding to it."",""enabled"":true},""knownFailureFix"":{""$comment"":""Display known failures in UI between ingredients with all effects known."",""enabled"":true},""mixtureNames"":{""$comment"":""Modify names to reflect additional effects/impurities."",""enabled"":true},""roundedPotency"":{""$comment"":""Round effect potency to a multiple above a threshold."",""durationMult"":2.0,""durationThreshold"":10.0,""enabled"":true,""magnitudeMult"":2.0,""magnitudeThreshold"":10.0,""overrides"":{""$comment"":""Define setting overrides per alchemy effect.""}}},""caco"":{""AlchemyIngredientInitMultiplier"":""3"",""AlchemySkillFactor"":""3"",""AlchemyXPMultiplier"":""1"",""DamageHealthDuration"":""0"",""DamageMagickaDuration"":""0"",""DamageStaminaDuration"":""0"",""DisableAllPotionHandling"":""1"",""ImpurePotionProcessing"":""0"",""RestoreEffectsDoNotStack"":""1"",""RestoreHealthDuration"":""0"",""RestoreMagickaDuration"":""0"",""RestoreStaminaDuration"":""0""}}",1,"Ash Creep Cluster [form=0x0401CD74, count=1]; Comberry [form=0xFE004806, count=1]",0xFF0008ED,0,index=0|form_id=0x0003EB26|magnitude=26|duration=60|area=0|base_cost=0.324999988|flags=0x00200802,selection=1|form_id=0x0401CD74|name=A;selection=2|form_id=0xFE004806|name=C
CACO+AP,"Dragon's Tongue, Fly Amanita",154,100,0,0,0,1,0,0,0,"{""AlchemyIngredientInitMultiplier"":3.0,""AlchemySkillFactor"":3.0,""alchemyPlus"":{""copyExemplars"":{""$comment"":""Swap models and names of crafted potions to the nearest exemplar."",""enabled"":true,""exemplars"":[""Skyrim.esm|E3E9A"",""Skyrim.esm|65A72"",""Skyrim.esm|65A3E"",""Skyrim.esm|65A3F"",""Skyrim.esm|65A5A"",""Skyrim.esm|74A29"",""Skyrim.esm|74A23"",""Skyrim.esm|74A2D"",""Skyrim.esm|74A27"",""Skyrim.esm|74A21""]},""impureCostFix"":{""$comment"":""Impurities in mixtures subtract from the cost instead of adding to it."",""enabled"":true},""knownFailureFix"":{""$comment"":""Display known failures in UI between ingredients with all effects known."",""enabled"":true},""mixtureNames"":{""$comment"":""Modify names to reflect additional effects/impurities."",""enabled"":true},""roundedPotency"":{""$comment"":""Round effect potency to a multiple above a threshold."",""durationMult"":2.0,""durationThreshold"":10.0,""enabled"":true,""magnitudeMult"":2.0,""magnitudeThreshold"":10.0,""overrides"":{""$comment"":""Define setting overrides per alchemy effect.""}}},""caco"":{""AlchemyIngredientInitMultiplier"":""3"",""AlchemySkillFactor"":""3"",""AlchemyXPMultiplier"":""1"",""DamageHealthDuration"":""0"",""DamageMagickaDuration"":""0"",""DamageStaminaDuration"":""0"",""DisableAllPotionHandling"":""1"",""ImpurePotionProcessing"":""0"",""RestoreEffectsDoNotStack"":""1"",""RestoreHealthDuration"":""0"",""RestoreMagickaDuration"":""0"",""RestoreStaminaDuration"":""0""}}",1,"Dragon's Tongue [form=0x000889A2, count=1]; Fly Amanita [form=0x0004DA00, count=1]",0xFF0008F5,0,index=0|form_id=0x0003EB1A|magnitude=26|duration=60|area=0|base_cost=0.324999988|flags=0x00200802;index=1|form_id=0x0003EAEA|magnitude=20|duration=60|area=0|base_cost=0.36500001|flags=0x00201002,selection=1|form_id=0x000889A2|name=D;selection=2|form_id=0x0004DA00|name=F
CACO+AP,"Garlic, Salt Pile",42,100,0,0,0,1,0,0,0,"{""AlchemyIngredientInitMultiplier"":3.0,""AlchemySkillFactor"":3.0,""alchemyPlus"":{""copyExemplars"":{""$comment"":""Swap models and names of crafted potions to the nearest exemplar."",""enabled"":true,""exemplars"":[""Skyrim.esm|E3E9A"",""Skyrim.esm|65A72"",""Skyrim.esm|65A3E"",""Skyrim.esm|65A3F"",""Skyrim.esm|65A5A"",""Skyrim.esm|74A29"",""Skyrim.esm|74A23"",""Skyrim.esm|74A2D"",""Skyrim.esm|74A27"",""Skyrim.esm|74A21""]},""impureCostFix"":{""$comment"":""Impurities in mixtures subtract from the cost instead of adding to it."",""enabled"":true},""knownFailureFix"":{""$comment"":""Display known failures in UI between ingredients with all effects known."",""enabled"":true},""mixtureNames"":{""$comment"":""Modify names to reflect additional effects/impurities."",""enabled"":true},""roundedPotency"":{""$comment"":""Round effect potency to a multiple above a threshold."",""durationMult"":2.0,""durationThreshold"":10.0,""enabled"":true,""magnitudeMult"":2.0,""magnitudeThreshold"":10.0,""overrides"":{""$comment"":""Define setting overrides per alchemy effect.""}}},""caco"":{""AlchemyIngredientInitMultiplier"":""3"",""AlchemySkillFactor"":""3"",""AlchemyXPMultiplier"":""1"",""DamageHealthDuration"":""0"",""DamageMagickaDuration"":""0"",""DamageStaminaDuration"":""0"",""DisableAllPotionHandling"":""1"",""ImpurePotionProcessing"":""0"",""RestoreEffectsDoNotStack"":""1"",""RestoreHealthDuration"":""0"",""RestoreMagickaDuration"":""0"",""RestoreStaminaDuration"":""0""}}",1,"Garlic [form=0x00034D22, count=1]; Salt Pile [form=0x00034CDF, count=1]",0xFF0008FB,0,index=0|form_id=0x0003EB08|magnitude=48|duration=180|area=0|base_cost=0.0252|flags=0x00200802,selection=1|form_id=0x00034CDF|name=S;selection=2|form_id=0x00034D22|name=G
CACO+AP,"Red Mountain Flower, Wheat",45,100,0,0,0,0,0,1,0,"{""AlchemyIngredientInitMultiplier"":3.0,""AlchemySkillFactor"":3.0,""alchemyPlus"":{""copyExemplars"":{""$comment"":""Swap models and names of crafted potions to the nearest exemplar."",""enabled"":true,""exemplars"":[""Skyrim.esm|E3E9A"",""Skyrim.esm|65A72"",""Skyrim.esm|65A3E"",""Skyrim.esm|65A3F"",""Skyrim.esm|65A5A"",""Skyrim.esm|74A29"",""Skyrim.esm|74A23"",""Skyrim.esm|74A2D"",""Skyrim.esm|74A27"",""Skyrim.esm|74A21""]},""impureCostFix"":{""$comment"":""Impurities in mixtures subtract from the cost instead of adding to it."",""enabled"":true},""knownFailureFix"":{""$comment"":""Display known failures in UI between ingredients with all effects known."",""enabled"":true},""mixtureNames"":{""$comment"":""Modify names to reflect additional effects/impurities."",""enabled"":true},""roundedPotency"":{""$comment"":""Round effect potency to a multiple above a threshold."",""durationMult"":2.0,""durationThreshold"":10.0,""enabled"":true,""magnitudeMult"":2.0,""magnitudeThreshold"":10.0,""overrides"":{""$comment"":""Define setting overrides per alchemy effect.""}}},""caco"":{""AlchemyIngredientInitMultiplier"":""3"",""AlchemySkillFactor"":""3"",""AlchemyXPMultiplier"":""1"",""DamageHealthDuration"":""0"",""DamageMagickaDuration"":""0"",""DamageStaminaDuration"":""0"",""DisableAllPotionHandling"":""1"",""ImpurePotionProcessing"":""0"",""RestoreEffectsDoNotStack"":""1"",""RestoreHealthDuration"":""0"",""RestoreMagickaDuration"":""0"",""RestoreStaminaDuration"":""0""}}",1,"Red Mountain Flower [form=0x00077E1D, count=1]; Wheat [form=0x0004B0BA, count=1]",0xFF0008FC,0,index=0|form_id=0x0003EAF3|magnitude=20|duration=60|area=0|base_cost=0.129999995|flags=0x00200802;index=1|form_id=0x0003EB15|magnitude=34|duration=1|area=0|base_cost=5.30000019|flags=0x00200800,selection=1|form_id=0x00077E1D|name=R;selection=2|form_id=0x0004B0BA|name=W
CACO+AP,"Blisterwort, Wheat Extract",55,100,0,0,0,0,0,1,0,"{""AlchemyIngredientInitMultiplier"":3.0,""AlchemySkillFactor"":3.0,""alchemyPlus"":{""copyExemplars"":{""$comment"":""Swap models and names of crafted potions to the nearest exemplar."",""enabled"":true,""exemplars"":[""Skyrim.esm|E3E9A"",""Skyrim.esm|65A72"",""Skyrim.esm|65A3E"",""Skyrim.esm|65A3F"",""Skyrim.esm|65A5A"",""Skyrim.esm|74A29"",""Skyrim.esm|74A23"",""Skyrim.esm|74A2D"",""Skyrim.esm|74A27"",""Skyrim.esm|74A21""]},""impureCostFix"":{""$comment"":""Impurities in mixtures subtract from the cost instead of adding to it."",""enabled"":true},""knownFailureFix"":{""$comment"":""Display known failures in UI between ingredients with all effects known."",""enabled"":true},""mixtureNames"":{""$comment"":""Modify names to reflect additional effects/impurities."",""enabled"":true},""roundedPotency"":{""$comment"":""Round effect potency to a multiple above a threshold."",""durationMult"":2.0,""durationThreshold"":10.0,""enabled"":true,""magnitudeMult"":2.0,""magnitudeThreshold"":10.0,""overrides"":{""$comment"":""Define setting overrides per alchemy effect.""}}},""caco"":{""AlchemyIngredientInitMultiplier"":""3"",""AlchemySkillFactor"":""3"",""AlchemyXPMultiplier"":""1"",""DamageHealthDuration"":""0"",""DamageMagickaDuration"":""0"",""DamageStaminaDuration"":""0"",""DisableAllPotionHandling"":""1"",""ImpurePotionProcessing"":""0"",""RestoreEffectsDoNotStack"":""1"",""RestoreHealthDuration"":""0"",""RestoreMagickaDuration"":""0"",""RestoreStaminaDuration"":""0""}}",1,"Blisterwort [form=0x0004DA25, count=1]; Wheat Extract [form=0x085A46B8, count=1]",0xFF0008FE,0,index=0|form_id=0x0003EB15|magnitude=84|duration=1|area=0|base_cost=5.30000019|flags=0x00200800,selection=1|form_id=0x0004DA25|name=B;selection=2|form_id=0x085A46B8|name=W
CACO+AP,"Boar Tusk, Briar Heart",103,100,0,0,0,0,0,1,0,"{""AlchemyIngredientInitMultiplier"":3.0,""AlchemySkillFactor"":3.0,""alchemyPlus"":{""copyExemplars"":{""$comment"":""Swap models and names of crafted potions to the nearest exemplar."",""enabled"":true,""exemplars"":[""Skyrim.esm|E3E9A"",""Skyrim.esm|65A72"",""Skyrim.esm|65A3E"",""Skyrim.esm|65A3F"",""Skyrim.esm|65A5A"",""Skyrim.esm|74A29"",""Skyrim.esm|74A23"",""Skyrim.esm|74A2D"",""Skyrim.esm|74A27"",""Skyrim.esm|74A21""]},""impureCostFix"":{""$comment"":""Impurities in mixtures subtract from the cost instead of adding to it."",""enabled"":true},""knownFailureFix"":{""$comment"":""Display known failures in UI between ingredients with all effects known."",""enabled"":true},""mixtureNames"":{""$comment"":""Modify names to reflect additional effects/impurities."",""enabled"":true},""roundedPotency"":{""$comment"":""Round effect potency to a multiple above a threshold."",""durationMult"":2.0,""durationThreshold"":10.0,""enabled"":true,""magnitudeMult"":2.0,""magnitudeThreshold"":10.0,""overrides"":{""$comment"":""Define setting overrides per alchemy effect.""}}},""caco"":{""AlchemyIngredientInitMultiplier"":""3"",""AlchemySkillFactor"":""3"",""AlchemyXPMultiplier"":""1"",""DamageHealthDuration"":""0"",""DamageMagickaDuration"":""0"",""DamageStaminaDuration"":""0"",""DisableAllPotionHandling"":""1"",""ImpurePotionProcessing"":""0"",""RestoreEffectsDoNotStack"":""1"",""RestoreHealthDuration"":""0"",""RestoreMagickaDuration"":""0"",""RestoreStaminaDuration"":""0""}}",1,"Boar Tusk [form=0x0401CD6F, count=1]; Briar Heart [form=0x0003AD61, count=1]",0xFF00088D,0,index=0|form_id=0x0003EAF3|magnitude=72|duration=60|area=0|base_cost=0.129999995|flags=0x00200802,selection=1|form_id=0x0401CD6F|name=B;selection=2|form_id=0x0003AD61|name=B
CACO+AP,"Aloe Vera, Daedra Heart",99,100,0,0,0,0,0,0,0,"{""AlchemyIngredientInitMultiplier"":5.0,""AlchemySkillFactor"":2.0,""alchemyPlus"":{""copyExemplars"":{""$comment"":""Swap models and names of crafted potions to the nearest exemplar."",""enabled"":true,""exemplars"":[""Skyrim.esm|E3E9A"",""Skyrim.esm|65A72"",""Skyrim.esm|65A3E"",""Skyrim.esm|65A3F"",""Skyrim.esm|65A5A"",""Skyrim.esm|74A29"",""Skyrim.esm|74A23"",""Skyrim.esm|74A2D"",""Skyrim.esm|74A27"",""Skyrim.esm|74A21""]},""impureCostFix"":{""$comment"":""Impurities in mixtures subtract from the cost instead of adding to it."",""enabled"":true},""knownFailureFix"":{""$comment"":""Display known failures in UI between ingredients with all effects known."",""enabled"":true},""mixtureNames"":{""$comment"":""Modify names to reflect additional effects/impurities."",""enabled"":true},""roundedPotency"":{""$comment"":""Round effect potency to a multiple above a threshold."",""durationMult"":6.0,""durationThreshold"":20.0,""enabled"":true,""magnitudeMult"":6.0,""magnitudeThreshold"":30.0,""overrides"":{""$comment"":""Define setting overrides per alchemy effect.""}}},""caco"":{""AlchemyIngredientInitMultiplier"":""5"",""AlchemySkillFactor"":""2"",""AlchemyXPMultiplier"":""1"",""DamageHealthDuration"":""0"",""DamageMagickaDuration"":""0"",""DamageStaminaDuration"":""0"",""DisableAllPotionHandling"":""1"",""ImpurePotionProcessing"":""0"",""RestoreEffectsDoNotStack"":""1"",""RestoreHealthDuration"":""0"",""RestoreMagickaDuration"":""0"",""RestoreStaminaDuration"":""0""}}",1,"Aloe Vera [form=0x08A100AD, count=1]; Daedra Heart [form=0x0003AD5B, count=1]",0xFF00086C,0,index=0|form_id=0x0003EB15|magnitude=144|duration=1|area=0|base_cost=5.30000019|flags=0x00200800,selection=1|form_id=0x08A100AD|name=A;selection=2|form_id=0x0003AD5B|name=D
CACO+AP,"Creep Cluster, Scaly Pholiota",48,100,0,0,0,0,0,0,0,"{""AlchemyIngredientInitMultiplier"":5.0,""AlchemySkillFactor"":2.0,""alchemyPlus"":{""copyExemplars"":{""$comment"":""Swap models and names of crafted potions to the nearest exemplar."",""enabled"":true,""exemplars"":[""Skyrim.esm|E3E9A"",""Skyrim.esm|65A72"",""Skyrim.esm|65A3E"",""Skyrim.esm|65A3F"",""Skyrim.esm|65A5A"",""Skyrim.esm|74A29"",""Skyrim.esm|74A23"",""Skyrim.esm|74A2D"",""Skyrim.esm|74A27"",""Skyrim.esm|74A21""]},""impureCostFix"":{""$comment"":""Impurities in mixtures subtract from the cost instead of adding to it."",""enabled"":true},""knownFailureFix"":{""$comment"":""Display known failures in UI between ingredients with all effects known."",""enabled"":true},""mixtureNames"":{""$comment"":""Modify names to reflect additional effects/impurities."",""enabled"":true},""roundedPotency"":{""$comment"":""Round effect potency to a multiple above a threshold."",""durationMult"":6.0,""durationThreshold"":20.0,""enabled"":true,""magnitudeMult"":6.0,""magnitudeThreshold"":30.0,""overrides"":{""$comment"":""Define setting overrides per alchemy effect.""}}},""caco"":{""AlchemyIngredientInitMultiplier"":""5"",""AlchemySkillFactor"":""2"",""AlchemyXPMultiplier"":""1"",""DamageHealthDuration"":""0"",""DamageMagickaDuration"":""0"",""DamageStaminaDuration"":""0"",""DisableAllPotionHandling"":""1"",""ImpurePotionProcessing"":""0"",""RestoreEffectsDoNotStack"":""1"",""RestoreHealthDuration"":""0"",""RestoreMagickaDuration"":""0"",""RestoreStaminaDuration"":""0""}}",1,"Creep Cluster [form=0x000B2183, count=1]; Scaly Pholiota [form=0x0006F950, count=1]",0xFF000872,48,index=0|form_id=0x0003EB01|magnitude=36|duration=300|area=0|base_cost=0.0469999984|flags=0x00200802;index=1|form_id=0x00073F51|magnitude=27|duration=30|area=0|base_cost=0.430000007|flags=0x00201007,selection=1|form_id=0x000B2183|name=C;selection=2|form_id=0x0006F950|name=S
CACO+AP,"Ancestor Moth, Blue Mountain Flower",111,100,0,0,0,0,0,0,0,"{""AlchemyIngredientInitMultiplier"":5.0,""AlchemySkillFactor"":2.0,""alchemyPlus"":{""copyExemplars"":{""$comment"":""Swap models and names of crafted potions to the nearest exemplar."",""enabled"":true,""exemplars"":[""Skyrim.esm|E3E9A"",""Skyrim.esm|65A72"",""Skyrim.esm|65A3E"",""Skyrim.esm|65A3F"",""Skyrim.esm|65A5A"",""Skyrim.esm|74A29"",""Skyrim.esm|74A23"",""Skyrim.esm|74A2D"",""Skyrim.esm|74A27"",""Skyrim.esm|74A21""]},""impureCostFix"":{""$comment"":""Impurities in mixtures subtract from the cost instead of adding to it."",""enabled"":true},""knownFailureFix"":{""$comment"":""Display known failures in UI between ingredients with all effects known."",""enabled"":true},""mixtureNames"":{""$comment"":""Modify names to reflect additional effects/impurities."",""enabled"":true},""roundedPotency"":{""$comment"":""Round effect potency to a multiple above a threshold."",""durationMult"":6.0,""durationThreshold"":20.0,""enabled"":true,""magnitudeMult"":6.0,""magnitudeThreshold"":30.0,""overrides"":{""$comment"":""Define setting overrides per alchemy effect.""}}},""caco"":{""AlchemyIngredientInitMultiplier"":""5"",""AlchemySkillFactor"":""2"",""AlchemyXPMultiplier"":""1"",""DamageHealthDuration"":""0"",""DamageMagickaDuration"":""0"",""DamageStaminaDuration"":""0"",""DisableAllPotionHandling"":""1"",""ImpurePotionProcessing"":""0"",""RestoreEffectsDoNotStack"":""1"",""RestoreHealthDuration"":""0"",""RestoreMagickaDuration"":""0"",""RestoreStaminaDuration"":""0""}}",1,"Ancestor Moth [form=0x020059BA, count=1]; Blue Mountain Flower [form=0x00077E1C, count=1]",0xFF000874,0,index=0|form_id=0x0003EB25|magnitude=60|duration=60|area=0|base_cost=0.172000006|flags=0x00200802,selection=1|form_id=0x020059BA|name=A;selection=2|form_id=0x00077E1C|name=B
CACO+AP,"Blisterwort, Wheat Extract",203,100,50,5,1,1,1,0,0,"{""AlchemyIngredientInitMultiplier"":3.0,""AlchemySkillFactor"":3.0,""alchemyPlus"":{""copyExemplars"":{""$comment"":""Swap models and names of crafted potions to the nearest exemplar."",""enabled"":true,""exemplars"":[""Skyrim.esm|E3E9A"",""Skyrim.esm|65A72"",""Skyrim.esm|65A3E"",""Skyrim.esm|65A3F"",""Skyrim.esm|65A5A"",""Skyrim.esm|74A29"",""Skyrim.esm|74A23"",""Skyrim.esm|74A2D"",""Skyrim.esm|74A27"",""Skyrim.esm|74A21""]},""impureCostFix"":{""$comment"":""Impurities in mixtures subtract from the cost instead of adding to it."",""enabled"":true},""knownFailureFix"":{""$comment"":""Display known failures in UI between ingredients with all effects known."",""enabled"":true},""mixtureNames"":{""$comment"":""Modify names to reflect additional effects/impurities."",""enabled"":true},""roundedPotency"":{""$comment"":""Round effect potency to a multiple above a threshold."",""durationMult"":6.0,""durationThreshold"":20.0,""enabled"":true,""magnitudeMult"":6.0,""magnitudeThreshold"":30.0,""overrides"":{""$comment"":""Define setting overrides per alchemy effect.""}}},""caco"":{""AlchemyIngredientInitMultiplier"":""3"",""AlchemySkillFactor"":""3"",""AlchemyXPMultiplier"":""1"",""DamageHealthDuration"":""0"",""DamageMagickaDuration"":""0"",""DamageStaminaDuration"":""0"",""DisableAllPotionHandling"":""1"",""ImpurePotionProcessing"":""0"",""RestoreEffectsDoNotStack"":""1"",""RestoreHealthDuration"":""0"",""RestoreMagickaDuration"":""0"",""RestoreStaminaDuration"":""0""}}",2,"Blisterwort [form=0x0004DA25, count=1]; Wheat Extract [form=0x085A46B8, count=1]",0xFF00087C,0,index=0|form_id=0x0003EB15|magnitude=276|duration=1|area=0|base_cost=5.30000019|flags=0x00200800,selection=1|form_id=0x0004DA25|name=B;selection=2|form_id=0x085A46B8|name=W
CACO+AP,"Deathbell, River Betty",567,100,50,5,1,1,1,0,0,"{""AlchemyIngredientInitMultiplier"":3.0,""AlchemySkillFactor"":3.0,""alchemyPlus"":{""copyExemplars"":{""$comment"":""Swap models and names of crafted potions to the nearest exemplar."",""enabled"":true,""exemplars"":[""Skyrim.esm|E3E9A"",""Skyrim.esm|65A72"",""Skyrim.esm|65A3E"",""Skyrim.esm|65A3F"",""Skyrim.esm|65A5A"",""Skyrim.esm|74A29"",""Skyrim.esm|74A23"",""Skyrim.esm|74A2D"",""Skyrim.esm|74A27"",""Skyrim.esm|74A21""]},""impureCostFix"":{""$comment"":""Impurities in mixtures subtract from the cost instead of adding to it."",""enabled"":true},""knownFailureFix"":{""$comment"":""Display known failures in UI between ingredients with all effects known."",""enabled"":true},""mixtureNames"":{""$comment"":""Modify names to reflect additional effects/impurities."",""enabled"":true},""roundedPotency"":{""$comment"":""Round effect potency to a multiple above a threshold."",""durationMult"":6.0,""durationThreshold"":20.0,""enabled"":true,""magnitudeMult"":6.0,""magnitudeThreshold"":30.0,""overrides"":{""$comment"":""Define setting overrides per alchemy effect.""}}},""caco"":{""AlchemyIngredientInitMultiplier"":""3"",""AlchemySkillFactor"":""3"",""AlchemyXPMultiplier"":""1"",""DamageHealthDuration"":""0"",""DamageMagickaDuration"":""0"",""DamageStaminaDuration"":""0"",""DisableAllPotionHandling"":""1"",""ImpurePotionProcessing"":""0"",""RestoreEffectsDoNotStack"":""1"",""RestoreHealthDuration"":""0"",""RestoreMagickaDuration"":""0"",""RestoreStaminaDuration"":""0""}}",2,"Deathbell [form=0x000516C8, count=1]; River Betty [form=0x00106E1A, count=1]",0xFF000895,7,index=0|form_id=0x00073F25|magnitude=50|duration=102|area=0|base_cost=0.300000012|flags=0x00401807;index=1|form_id=0x0003EB42|magnitude=258|duration=1|area=0|base_cost=7.9000001|flags=0x00200805,selection=1|form_id=0x000516C8|name=D;selection=2|form_id=0x00106E1A|name=R
CACO+AP,"Ash Creep Cluster, Comberry",234,100,50,5,1,1,1,0,0,"{""AlchemyIngredientInitMultiplier"":3.0,""AlchemySkillFactor"":3.0,""alchemyPlus"":{""copyExemplars"":{""$comment"":""Swap models and names of crafted potions to the nearest exemplar."",""enabled"":true,""exemplars"":[""Skyrim.esm|E3E9A"",""Skyrim.esm|65A72"",""Skyrim.esm|65A3E"",""Skyrim.esm|65A3F"",""Skyrim.esm|65A5A"",""Skyrim.esm|74A29"",""Skyrim.esm|74A23"",""Skyrim.esm|74A2D"",""Skyrim.esm|74A27"",""Skyrim.esm|74A21""]},""impureCostFix"":{""$comment"":""Impurities in mixtures subtract from the cost instead of adding to it."",""enabled"":true},""knownFailureFix"":{""$comment"":""Display known failures in UI between ingredients with all effects known."",""enabled"":true},""mixtureNames"":{""$comment"":""Modify names to reflect additional effects/impurities."",""enabled"":true},""roundedPotency"":{""$comment"":""Round effect potency to a multiple above a threshold."",""durationMult"":6.0,""durationThreshold"":20.0,""enabled"":true,""magnitudeMult"":6.0,""magnitudeThreshold"":30.0,""overrides"":{""$comment"":""Define setting overrides per alchemy effect.""}}},""caco"":{""AlchemyIngredientInitMultiplier"":""3"",""AlchemySkillFactor"":""3"",""AlchemyXPMultiplier"":""1"",""DamageHealthDuration"":""0"",""DamageMagickaDuration"":""0"",""DamageStaminaDuration"":""0"",""DisableAllPotionHandling"":""1"",""ImpurePotionProcessing"":""0"",""RestoreEffectsDoNotStack"":""1"",""RestoreHealthDuration"":""0"",""RestoreMagickaDuration"":""0"",""RestoreStaminaDuration"":""0""}}",2,"Ash Creep Cluster [form=0x0401CD74, count=1]; Comberry [form=0xFE004806, count=1]",0xFF000898,0,index=0|form_id=0x0003EB26|magnitude=66|duration=60|area=0|base_cost=0.324999988|flags=0x00200802,selection=1|form_id=0x0401CD74|name=A;selection=2|form_id=0xFE004806|name=C
CACO+AP,"Blisterwort, Wheat Extract",72,50,50,2,1,1,0,0,0,"{""AlchemyIngredientInitMultiplier"":3.0,""AlchemySkillFactor"":3.0,""alchemyPlus"":{""copyExemplars"":{""$comment"":""Swap models and names of crafted potions to the nearest exemplar."",""enabled"":true,""exemplars"":[""Skyrim.esm|E3E9A"",""Skyrim.esm|65A72"",""Skyrim.esm|65A3E"",""Skyrim.esm|65A3F"",""Skyrim.esm|65A5A"",""Skyrim.esm|74A29"",""Skyrim.esm|74A23"",""Skyrim.esm|74A2D"",""Skyrim.esm|74A27"",""Skyrim.esm|74A21""]},""impureCostFix"":{""$comment"":""Impurities in mixtures subtract from the cost instead of adding to it."",""enabled"":true},""knownFailureFix"":{""$comment"":""Display known failures in UI between ingredients with all effects known."",""enabled"":true},""mixtureNames"":{""$comment"":""Modify names to reflect additional effects/impurities."",""enabled"":true},""roundedPotency"":{""$comment"":""Round effect potency to a multiple above a threshold."",""durationMult"":6.0,""durationThreshold"":20.0,""enabled"":true,""magnitudeMult"":6.0,""magnitudeThreshold"":30.0,""overrides"":{""$comment"":""Define setting overrides per alchemy effect.""}}},""caco"":{""AlchemyIngredientInitMultiplier"":""3"",""AlchemySkillFactor"":""3"",""AlchemyXPMultiplier"":""1"",""DamageHealthDuration"":""0"",""DamageMagickaDuration"":""0"",""DamageStaminaDuration"":""0"",""DisableAllPotionHandling"":""1"",""ImpurePotionProcessing"":""0"",""RestoreEffectsDoNotStack"":""1"",""RestoreHealthDuration"":""0"",""RestoreMagickaDuration"":""0"",""RestoreStaminaDuration"":""0""}}",1.39999998,"Blisterwort [form=0x0004DA25, count=1]; Wheat Extract [form=0x085A46B8, count=1]",0xFF0008C4,0,index=0|form_id=0x0003EB15|magnitude=108|duration=1|area=0|base_cost=5.30000019|flags=0x00200800,selection=1|form_id=0x0004DA25|name=B;selection=2|form_id=0x085A46B8|name=W
CACO+AP,"Ash Creep Cluster, Comberry",80,50,50,2,1,1,0,0,0,"{""AlchemyIngredientInitMultiplier"":3.0,""AlchemySkillFactor"":3.0,""alchemyPlus"":{""copyExemplars"":{""$comment"":""Swap models and names of crafted potions to the nearest exemplar."",""enabled"":true,""exemplars"":[""Skyrim.esm|E3E9A"",""Skyrim.esm|65A72"",""Skyrim.esm|65A3E"",""Skyrim.esm|65A3F"",""Skyrim.esm|65A5A"",""Skyrim.esm|74A29"",""Skyrim.esm|74A23"",""Skyrim.esm|74A2D"",""Skyrim.esm|74A27"",""Skyrim.esm|74A21""]},""impureCostFix"":{""$comment"":""Impurities in mixtures subtract from the cost instead of adding to it."",""enabled"":true},""knownFailureFix"":{""$comment"":""Display known failures in UI between ingredients with all effects known."",""enabled"":true},""mixtureNames"":{""$comment"":""Modify names to reflect additional effects/impurities."",""enabled"":true},""roundedPotency"":{""$comment"":""Round effect potency to a multiple above a threshold."",""durationMult"":6.0,""durationThreshold"":20.0,""enabled"":true,""magnitudeMult"":6.0,""magnitudeThreshold"":30.0,""overrides"":{""$comment"":""Define setting overrides per alchemy effect.""}}},""caco"":{""AlchemyIngredientInitMultiplier"":""3"",""AlchemySkillFactor"":""3"",""AlchemyXPMultiplier"":""1"",""DamageHealthDuration"":""0"",""DamageMagickaDuration"":""0"",""DamageStaminaDuration"":""0"",""DisableAllPotionHandling"":""1"",""ImpurePotionProcessing"":""0"",""RestoreEffectsDoNotStack"":""1"",""RestoreHealthDuration"":""0"",""RestoreMagickaDuration"":""0"",""RestoreStaminaDuration"":""0""}}",1.39999998,"Ash Creep Cluster [form=0x0401CD74, count=1]; Comberry [form=0xFE004806, count=1]",0xFF0008D7,0,index=0|form_id=0x0003EB26|magnitude=25|duration=60|area=0|base_cost=0.324999988|flags=0x00200802,selection=1|form_id=0x0401CD74|name=A;selection=2|form_id=0xFE004806|name=C
CACO+AP,"Mudcrab Chitin, Vampire Dust",45,50,50,2,1,1,0,0,0,"{""AlchemyIngredientInitMultiplier"":3.0,""AlchemySkillFactor"":3.0,""alchemyPlus"":{""copyExemplars"":{""$comment"":""Swap models and names of crafted potions to the nearest exemplar."",""enabled"":true,""exemplars"":[""Skyrim.esm|E3E9A"",""Skyrim.esm|65A72"",""Skyrim.esm|65A3E"",""Skyrim.esm|65A3F"",""Skyrim.esm|65A5A"",""Skyrim.esm|74A29"",""Skyrim.esm|74A23"",""Skyrim.esm|74A2D"",""Skyrim.esm|74A27"",""Skyrim.esm|74A21""]},""impureCostFix"":{""$comment"":""Impurities in mixtures subtract from the cost instead of adding to it."",""enabled"":true},""knownFailureFix"":{""$comment"":""Display known failures in UI between ingredients with all effects known."",""enabled"":true},""mixtureNames"":{""$comment"":""Modify names to reflect additional effects/impurities."",""enabled"":true},""roundedPotency"":{""$comment"":""Round effect potency to a multiple above a threshold."",""durationMult"":6.0,""durationThreshold"":20.0,""enabled"":true,""magnitudeMult"":6.0,""magnitudeThreshold"":30.0,""overrides"":{""$comment"":""Define setting overrides per alchemy effect.""}}},""caco"":{""AlchemyIngredientInitMultiplier"":""3"",""AlchemySkillFactor"":""3"",""AlchemyXPMultiplier"":""1"",""DamageHealthDuration"":""0"",""DamageMagickaDuration"":""0"",""DamageStaminaDuration"":""0"",""DisableAllPotionHandling"":""1"",""ImpurePotionProcessing"":""0"",""RestoreEffectsDoNotStack"":""1"",""RestoreHealthDuration"":""0"",""RestoreMagickaDuration"":""0"",""RestoreStaminaDuration"":""0""}}",1.39999998,"Mudcrab Chitin [form=0x0006BC00, count=1]; Vampire Dust [form=0x0003AD76, count=1]",0xFF0008D5,0,index=0|form_id=0x000AE722|magnitude=1|duration=0|area=0|base_cost=45|flags=0x00001A00,selection=1|form_id=0x0006BC00|name=M;selection=2|form_id=0x0003AD76|name=V
Requiem,"Blue Mountain Flower, Wheat",21,100,0,1,0,0,0,0,0,"{""AlchemicalLoreRank"":""1"",""AlchemyIngredientInitMultiplier"":4.0,""AlchemySkillFactor"":1.100000023841858,""HasImprovedElixirs"":""0"",""HasImprovedPoisons"":""0"",""HasPurificationProcess"":""0"",""HasUnperkedCraftingKeyword"":""0""}",1.25,"Blue Mountain Flower [form=0x00077E1C, count=1]; Wheat [form=0x0004B0BA, count=1]",0xFF0008E5,0,index=0|form_id=0x0003EAF3|magnitude=11|duration=60|area=0|base_cost=0.200000003|flags=0x00200802;index=1|form_id=0x0003EB15|magnitude=3|duration=20|area=0|base_cost=0.25|flags=0x00200800,selection=1|form_id=0x00077E1C|name=B;selection=2|form_id=0x0004B0BA|name=W
Requiem,"Deathbell, Nightshade",15,100,0,1,0,0,0,0,0,"{""AlchemicalLoreRank"":""1"",""AlchemyIngredientInitMultiplier"":4.0,""AlchemySkillFactor"":1.100000023841858,""HasImprovedElixirs"":""0"",""HasImprovedPoisons"":""0"",""HasPurificationProcess"":""0"",""HasUnperkedCraftingKeyword"":""0""}",1.25,"Deathbell [form=0x000516C8, count=1]; Nightshade [form=0x0002F44C, count=1]",0xFF0008E7,3,index=0|form_id=0x0003EB42|magnitude=17|duration=5|area=0|base_cost=1.5|flags=0x00200805,selection=1|form_id=0x000516C8|name=D;selection=2|form_id=0x0002F44C|name=N
Requiem,"Glowing Mushroom, Nightshade",32,100,0,1,0,0,0,0,0,"{""AlchemicalLoreRank"":""1"",""AlchemyIngredientInitMultiplier"":4.0,""AlchemySkillFactor"":1.100000023841858,""HasImprovedElixirs"":""0"",""HasImprovedPoisons"":""0"",""HasPurificationProcess"":""0"",""HasUnperkedCraftingKeyword"":""0""}",1.25,"Glowing Mushroom [form=0x0007EE01, count=1]; Nightshade [form=0x0002F44C, count=1]",0xFF0008EA,0,index=0|form_id=0x0003EB26|magnitude=14|duration=60|area=0|base_cost=0.25|flags=0x00200802,selection=1|form_id=0x0007EE01|name=G;selection=2|form_id=0x0002F44C|name=N
Requiem,"Blue Mountain Flower, Wheat",25,100,0,2,0,0,0,0,0,"{""AlchemicalLoreRank"":""2"",""AlchemyIngredientInitMultiplier"":4.0,""AlchemySkillFactor"":1.100000023841858,""HasImprovedElixirs"":""0"",""HasImprovedPoisons"":""0"",""HasPurificationProcess"":""0"",""HasUnperkedCraftingKeyword"":""0""}",1.5,"Blue Mountain Flower [form=0x00077E1C, count=1]; Wheat [form=0x0004B0BA, count=1]",0xFF0008F5,0,index=0|form_id=0x0003EAF3|magnitude=13|duration=60|area=0|base_cost=0.200000003|flags=0x00200802;index=1|form_id=0x0003EB15|magnitude=3|duration=20|area=0|base_cost=0.25|flags=0x00200800,selection=1|form_id=0x00077E1C|name=B;selection=2|form_id=0x0004B0BA|name=W
Requiem,"Deathbell, Nightshade",18,100,0,2,0,0,0,0,0,"{""AlchemicalLoreRank"":""2"",""AlchemyIngredientInitMultiplier"":4.0,""AlchemySkillFactor"":1.100000023841858,""HasImprovedElixirs"":""0"",""HasImprovedPoisons"":""0"",""HasPurificationProcess"":""0"",""HasUnperkedCraftingKeyword"":""0""}",1.5,"Deathbell [form=0x000516C8, count=1]; Nightshade [form=0x0002F44C, count=1]",0xFF0008F9,3,index=0|form_id=0x0003EB42|magnitude=20|duration=5|area=0|base_cost=1.5|flags=0x00200805,selection=1|form_id=0x000516C8|name=D;selection=2|form_id=0x0002F44C|name=N
Requiem,"Glowing Mushroom, Nightshade",40,100,0,2,0,0,0,0,0,"{""AlchemicalLoreRank"":""2"",""AlchemyIngredientInitMultiplier"":4.0,""AlchemySkillFactor"":1.100000023841858,""HasImprovedElixirs"":""0"",""HasImprovedPoisons"":""0"",""HasPurificationProcess"":""0"",""HasUnperkedCraftingKeyword"":""0""}",1.5,"Glowing Mushroom [form=0x0007EE01, count=1]; Nightshade [form=0x0002F44C, count=1]",0xFF0008FB,0,index=0|form_id=0x0003EB26|magnitude=17|duration=60|area=0|base_cost=0.25|flags=0x00200802,selection=1|form_id=0x0007EE01|name=G;selection=2|form_id=0x0002F44C|name=N
Requiem,"Glowing Mushroom, Snowberries",48,100,0,2,0,0,0,0,0,"{""AlchemicalLoreRank"":""2"",""AlchemyIngredientInitMultiplier"":4.0,""AlchemySkillFactor"":1.100000023841858,""HasImprovedElixirs"":""0"",""HasImprovedPoisons"":""0"",""HasPurificationProcess"":""0"",""HasUnperkedCraftingKeyword"":""0""}",1.5,"Glowing Mushroom [form=0x0007EE01, count=1]; Snowberries [form=0x0001B3BD, count=1]",0xFF0008FC,0,index=0|form_id=0x0003EAEC|magnitude=20|duration=60|area=0|base_cost=0.25|flags=0x00201002,selection=1|form_id=0x0007EE01|name=G;selection=2|form_id=0x0001B3BD|name=S
Requiem,"Blue Mountain Flower, Wheat",35,100,0,2,0,1,0,0,0,"{""AlchemicalLoreRank"":""2"",""AlchemyIngredientInitMultiplier"":4.0,""AlchemySkillFactor"":1.100000023841858,""HasImprovedElixirs"":""1"",""HasImprovedPoisons"":""0"",""HasPurificationProcess"":""0"",""HasUnperkedCraftingKeyword"":""0""}",1.5,"Blue Mountain Flower [form=0x00077E1C, count=1]; Wheat [form=0x0004B0BA, count=1]",0xFF00091F,0,index=0|form_id=0x0003EAF3|magnitude=17|duration=60|area=0|base_cost=0.200000003|flags=0x00200802;index=1|form_id=0x0003EB15|magnitude=5|duration=20|area=0|base_cost=0.25|flags=0x00200800,selection=1|form_id=0x00077E1C|name=B;selection=2|form_id=0x0004B0BA|name=W
Requiem,"Garlic, Salt Pile",250,100,0,2,0,1,0,0,0,"{""AlchemicalLoreRank"":""2"",""AlchemyIngredientInitMultiplier"":4.0,""AlchemySkillFactor"":1.100000023841858,""HasImprovedElixirs"":""1"",""HasImprovedPoisons"":""0"",""HasPurificationProcess"":""0"",""HasUnperkedCraftingKeyword"":""0""}",1.5,"Garlic [form=0x00034D22, count=1]; Salt Pile [form=0x00074A19, count=1]",0xFF00093B,0,index=0|form_id=0x0003EB07|magnitude=41|duration=300|area=0|base_cost=0.100000001|flags=0x00200802,selection=1|form_id=0x00074A19|name=S;selection=2|form_id=0x00034D22|name=G
Requiem,"Deathbell, Nightshade",18,100,0,2,0,1,0,0,0,"{""AlchemicalLoreRank"":""2"",""AlchemyIngredientInitMultiplier"":4.0,""AlchemySkillFactor"":1.100000023841858,""HasImprovedElixirs"":""1"",""HasImprovedPoisons"":""0"",""HasPurificationProcess"":""0"",""HasUnperkedCraftingKeyword"":""0""}",1.5,"Deathbell [form=0x000516C8, count=1]; Nightshade [form=0x0002F44C, count=1]",0xFF0008F9,3,index=0|form_id=0x0003EB42|magnitude=20|duration=5|area=0|base_cost=1.5|flags=0x00200805,selection=1|form_id=0x000516C8|name=D;selection=2|form_id=0x0002F44C|name=N
Requiem,"Deathbell, Nightshade",24,100,0,2,0,0,1,0,0,"{""AlchemicalLoreRank"":""2"",""AlchemyIngredientInitMultiplier"":4.0,""AlchemySkillFactor"":1.100000023841858,""HasImprovedElixirs"":""0"",""HasImprovedPoisons"":""1"",""HasPurificationProcess"":""0"",""HasUnperkedCraftingKeyword"":""0""}",1.5,"Deathbell [form=0x000516C8, count=1]; Nightshade [form=0x0002F44C, count=1]",0xFF000944,3,index=0|form_id=0x0003EB42|magnitude=25|duration=5|area=0|base_cost=1.5|flags=0x00200805,selection=1|form_id=0x000516C8|name=D;selection=2|form_id=0x0002F44C|name=N
Requiem,"Briar Heart, Creep Cluster",16,100,0,2,0,0,1,0,0,"{""AlchemicalLoreRank"":""2"",""AlchemyIngredientInitMultiplier"":4.0,""AlchemySkillFactor"":1.100000023841858,""HasImprovedElixirs"":""0"",""HasImprovedPoisons"":""1"",""HasPurificationProcess"":""0"",""HasUnperkedCraftingKeyword"":""0""}",1.5,"Briar Heart [form=0x0003AD61, count=1]; Creep Cluster [form=0x000B2183, count=1]",0xFF00094B,0,index=0|form_id=0x0003EB17|magnitude=13|duration=30|area=0|base_cost=0.300000012|flags=0x00200800,selection=1|form_id=0x0003AD61|name=B;selection=2|form_id=0x000B2183|name=C
Requiem,"Blue Mountain Flower, Wheat",25,100,0,2,0,0,1,0,0,"{""AlchemicalLoreRank"":""2"",""AlchemyIngredientInitMultiplier"":4.0,""AlchemySkillFactor"":1.100000023841858,""HasImprovedElixirs"":""0"",""HasImprovedPoisons"":""1"",""HasPurificationProcess"":""0"",""HasUnperkedCraftingKeyword"":""0""}",1.5,"Blue Mountain Flower [form=0x00077E1C, count=1]; Wheat [form=0x0004B0BA, count=1]",0xFF0008F5,0,index=0|form_id=0x0003EAF3|magnitude=13|duration=60|area=0|base_cost=0.200000003|flags=0x00200802;index=1|form_id=0x0003EB15|magnitude=3|duration=20|area=0|base_cost=0.25|flags=0x00200800,selection=1|form_id=0x00077E1C|name=B;selection=2|form_id=0x0004B0BA|name=W
Requiem,"Blue Mountain Flower, Wheat",53,100,0,2,0,0,0,1,0,"{""AlchemicalLoreRank"":""2"",""AlchemyIngredientInitMultiplier"":4.0,""AlchemySkillFactor"":1.100000023841858,""HasImprovedElixirs"":""0"",""HasImprovedPoisons"":""0"",""HasPurificationProcess"":""1"",""HasUnperkedCraftingKeyword"":""0""}",1.5,"Blue Mountain Flower [form=0x00077E1C, count=1]; Wheat [form=0x0004B0BA, count=1]",0xFF000951,0,index=0|form_id=0x0003EAF3|magnitude=24|duration=60|area=0|base_cost=0.200000003|flags=0x00200802;index=1|form_id=0x0003EB15|magnitude=9|duration=20|area=0|base_cost=0.25|flags=0x00200800,selection=1|form_id=0x00077E1C|name=B;selection=2|form_id=0x0004B0BA|name=W
Requiem,"Blue Butterfly Wing, Blue Mountain Flower",279,100,0,2,0,0,0,1,0,"{""AlchemicalLoreRank"":""2"",""AlchemyIngredientInitMultiplier"":4.0,""AlchemySkillFactor"":1.100000023841858,""HasImprovedElixirs"":""0"",""HasImprovedPoisons"":""0"",""HasPurificationProcess"":""1"",""HasUnperkedCraftingKeyword"":""0""}",1.5,"Blue Butterfly Wing [form=0x000727DE, count=1]; Blue Mountain Flower [form=0x00077E1C, count=1]",0xFF00095C,3,index=0|form_id=0x00073F2B|magnitude=100|duration=59|area=0|base_cost=0.25|flags=0x00400807,selection=1|form_id=0x00077E1C|name=B;selection=2|form_id=0x000727DE|name=B
Requiem,"Garlic, Salt Pile",373,100,0,2,0,0,0,1,0,"{""AlchemicalLoreRank"":""2"",""AlchemyIngredientInitMultiplier"":4.0,""AlchemySkillFactor"":1.100000023841858,""HasImprovedElixirs"":""0"",""HasImprovedPoisons"":""0"",""HasPurificationProcess"":""1"",""HasUnperkedCraftingKeyword"":""0""}",1.5,"Garlic [form=0x00034D22, count=1]; Salt Pile [form=0x00074A19, count=1]",0xFF000961,0,index=0|form_id=0x0003EB07|magnitude=59|duration=300|area=0|base_cost=0.100000001|flags=0x00200802,selection=1|form_id=0x00074A19|name=S;selection=2|form_id=0x00034D22|name=G
Requiem,"Blue Mountain Flower, Wheat",1,100,0,0,0,0,0,0,0,"{""AlchemicalLoreRank"":""0"",""AlchemyIngredientInitMultiplier"":4.0,""AlchemySkillFactor"":1.100000023841858,""HasImprovedElixirs"":""0"",""HasImprovedPoisons"":""0"",""HasPurificationProcess"":""0"",""HasUnperkedCraftingKeyword"":""0""}",0,"Blue Mountain Flower [form=0x00077E1C, count=1]; Wheat [form=0x0004B0BA, count=1]",0xFF000962,0,index=0|form_id=0x0003EAF3|magnitude=0|duration=60|area=0|base_cost=0.200000003|flags=0x00200802;index=1|form_id=0x0003EB15|magnitude=0|duration=20|area=0|base_cost=0.25|flags=0x00200800,selection=1|form_id=0x00077E1C|name=B;selection=2|form_id=0x0004B0BA|name=W
Requiem,"Deathbell, Nightshade",0,100,0,0,0,0,0,0,0,"{""AlchemicalLoreRank"":""0"",""AlchemyIngredientInitMultiplier"":4.0,""AlchemySkillFactor"":1.100000023841858,""HasImprovedElixirs"":""0"",""HasImprovedPoisons"":""0"",""HasPurificationProcess"":""0"",""HasUnperkedCraftingKeyword"":""0""}",0,"Deathbell [form=0x000516C8, count=1]; Nightshade [form=0x0002F44C, count=1]",0xFF00096E,3,index=0|form_id=0x0003EB42|magnitude=0|duration=5|area=0|base_cost=1.5|flags=0x00200805,selection=1|form_id=0x000516C8|name=D;selection=2|form_id=0x0002F44C|name=N
Requiem,"Blue Mountain Flower, Wheat",35,100,0,2,0,1,1,0,0,"{""AlchemicalLoreRank"":""2"",""AlchemyIngredientInitMultiplier"":4.0,""AlchemySkillFactor"":1.100000023841858,""HasImprovedElixirs"":""1"",""HasImprovedPoisons"":""1"",""HasPurificationProcess"":""0"",""HasUnperkedCraftingKeyword"":""0""}",1.5,"Blue Mountain Flower [form=0x00077E1C, count=1]; Wheat [form=0x0004B0BA, count=1]",0xFF00091F,0,index=0|form_id=0x0003EAF3|magnitude=17|duration=60|area=0|base_cost=0.200000003|flags=0x00200802;index=1|form_id=0x0003EB15|magnitude=5|duration=20|area=0|base_cost=0.25|flags=0x00200800,selection=1|form_id=0x00077E1C|name=B;selection=2|form_id=0x0004B0BA|name=W
Requiem,"Deathbell, Nightshade",24,100,0,2,0,1,1,0,0,"{""AlchemicalLoreRank"":""2"",""AlchemyIngredientInitMultiplier"":4.0,""AlchemySkillFactor"":1.100000023841858,""HasImprovedElixirs"":""1"",""HasImprovedPoisons"":""1"",""HasPurificationProcess"":""0"",""HasUnperkedCraftingKeyword"":""0""}",1.5,"Deathbell [form=0x000516C8, count=1]; Nightshade [form=0x0002F44C, count=1]",0xFF000944,3,index=0|form_id=0x0003EB42|magnitude=25|duration=5|area=0|base_cost=1.5|flags=0x00200805,selection=1|form_id=0x000516C8|name=D;selection=2|form_id=0x0002F44C|name=N
Requiem,"Garlic, Salt Pile",250,100,0,2,0,1,1,0,0,"{""AlchemicalLoreRank"":""2"",""AlchemyIngredientInitMultiplier"":4.0,""AlchemySkillFactor"":1.100000023841858,""HasImprovedElixirs"":""1"",""HasImprovedPoisons"":""1"",""HasPurificationProcess"":""0"",""HasUnperkedCraftingKeyword"":""0""}",1.5,"Garlic [form=0x00034D22, count=1]; Salt Pile [form=0x00074A19, count=1]",0xFF00093B,0,index=0|form_id=0x0003EB07|magnitude=41|duration=300|area=0|base_cost=0.100000001|flags=0x00200802,selection=1|form_id=0x00074A19|name=S;selection=2|form_id=0x00034D22|name=G
Requiem,"Blue Mountain Flower, Wheat",70,100,0,2,0,1,1,1,0,"{""AlchemicalLoreRank"":""2"",""AlchemyIngredientInitMultiplier"":4.0,""AlchemySkillFactor"":1.100000023841858,""HasImprovedElixirs"":""1"",""HasImprovedPoisons"":""1"",""HasPurificationProcess"":""1"",""HasUnperkedCraftingKeyword"":""0""}",1.5,"Blue Mountain Flower [form=0x00077E1C, count=1]; Wheat [form=0x0004B0BA, count=1]",0xFF000973,0,index=0|form_id=0x0003EAF3|magnitude=30|duration=60|area=0|base_cost=0.200000003|flags=0x00200802;index=1|form_id=0x0003EB15|magnitude=14|duration=20|area=0|base_cost=0.25|flags=0x00200800,selection=1|form_id=0x00077E1C|name=B;selection=2|form_id=0x0004B0BA|name=W
Requiem,"Briar Heart, Creep Cluster",84,100,0,2,0,1,1,1,0,"{""AlchemicalLoreRank"":""2"",""AlchemyIngredientInitMultiplier"":4.0,""AlchemySkillFactor"":1.100000023841858,""HasImprovedElixirs"":""1"",""HasImprovedPoisons"":""1"",""HasPurificationProcess"":""1"",""HasUnperkedCraftingKeyword"":""0""}",1.5,"Briar Heart [form=0x0003AD61, count=1]; Creep Cluster [form=0x000B2183, count=1]",0xFF000976,0,index=0|form_id=0x0003EB17|magnitude=56|duration=30|area=0|base_cost=0.300000012|flags=0x00200800,selection=1|form_id=0x0003AD61|name=B;selection=2|form_id=0x000B2183|name=C
Requiem,"Dragon's Tongue, Fly Amanita",237,100,0,2,0,1,1,1,0,"{""AlchemicalLoreRank"":""2"",""AlchemyIngredientInitMultiplier"":4.0,""AlchemySkillFactor"":1.100000023841858,""HasImprovedElixirs"":""1"",""HasImprovedPoisons"":""1"",""HasPurificationProcess"":""1"",""HasUnperkedCraftingKeyword"":""0""}",1.5,"Dragon's Tongue [form=0x000889A2, count=1]; Fly Amanita [form=0x0004DA00, count=1]",0xFF00098D,0,index=0|form_id=0x0003EB1A|magnitude=30|duration=60|area=0|base_cost=0.25|flags=0x00200802;index=1|form_id=0x0003EAEA|magnitude=45|duration=80|area=0|base_cost=0.25|flags=0x00201002,selection=1|form_id=0x000889A2|name=D;selection=2|form_id=0x0004DA00|name=F
Requiem,"Blue Mountain Flower, Wheat",34,50,36,2,0,0,0,0,0,"{""AlchemicalLoreRank"":""2"",""AlchemyIngredientInitMultiplier"":4.0,""AlchemySkillFactor"":1.100000023841858,""HasImprovedElixirs"":""0"",""HasImprovedPoisons"":""0"",""HasPurificationProcess"":""0"",""HasUnperkedCraftingKeyword"":""0""}",1.5,"Blue Mountain Flower [form=0x00077E1C, count=1]; Wheat [form=0x0004B0BA, count=1]",0xFF0009A2,0,index=0|form_id=0x0003EAF3|magnitude=17|duration=60|area=0|base_cost=0.200000003|flags=0x00200802;index=1|form_id=0x0003EB15|magnitude=4|duration=20|area=0|base_cost=0.25|flags=0x00200800,selection=1|form_id=0x00077E1C|name=B;selection=2|form_id=0x0004B0BA|name=W
Requiem,"Glowing Mushroom, Snowberries",64,50,36,2,0,0,0,0,0,"{""AlchemicalLoreRank"":""2"",""AlchemyIngredientInitMultiplier"":4.0,""AlchemySkillFactor"":1.100000023841858,""HasImprovedElixirs"":""0"",""HasImprovedPoisons"":""0"",""HasPurificationProcess"":""0"",""HasUnperkedCraftingKeyword"":""0""}",1.5,"Glowing Mushroom [form=0x0007EE01, count=1]; Snowberries [form=0x0001B3BD, count=1]",0xFF0009A4,0,index=0|form_id=0x0003EAEC|magnitude=26|duration=60|area=0|base_cost=0.25|flags=0x00201002,selection=1|form_id=0x0007EE01|name=G;selection=2|form_id=0x0001B3BD|name=S
Requiem,"Deathbell, Nightshade",25,50,36,2,0,0,0,0,0,"{""AlchemicalLoreRank"":""2"",""AlchemyIngredientInitMultiplier"":4.0,""AlchemySkillFactor"":1.100000023841858,""HasImprovedElixirs"":""0"",""HasImprovedPoisons"":""0"",""HasPurificationProcess"":""0"",""HasUnperkedCraftingKeyword"":""0""}",1.5,"Deathbell [form=0x000516C8, count=1]; Nightshade [form=0x0002F44C, count=1]",0xFF0009B2,3,index=0|form_id=0x0003EB42|magnitude=26|duration=5|area=0|base_cost=1.5|flags=0x00200805,selection=1|form_id=0x000516C8|name=D;selection=2|form_id=0x0002F44C|name=N
Apothecary,"Blue Butterfly Wing, Blue Mountain Flower",33,100,0,0,0,0,0,0,0,"{""AlchemyIngredientInitMultiplier"":4.0,""AlchemySkillFactor"":1.5}",1,"Blue Butterfly Wing [form=0x000727DE, count=1]; Blue Mountain Flower [form=0x00077E1C, count=1]",0xFF000893,0,index=0|form_id=0x0003EB25|magnitude=40|duration=60|area=0|base_cost=0.0799999982|flags=0x00200802,selection=1|form_id=0x000727DE|name=B;selection=2|form_id=0x00077E1C|name=B
Apothecary,"Blisterwort, Wheat",50,100,0,0,0,0,0,0,0,"{""AlchemyIngredientInitMultiplier"":4.0,""AlchemySkillFactor"":1.5}",1,"Blisterwort [form=0x0004DA25, count=1]; Wheat [form=0x0004B0BA, count=1]",0xFF000899,0,index=0|form_id=0x0003EB15|magnitude=10|duration=10|area=0|base_cost=4|flags=0x00200800,selection=1|form_id=0x0004DA25|name=B;selection=2|form_id=0x0004B0BA|name=W
Apothecary,"Garlic, Salt Pile",85,100,0,0,0,0,0,0,0,"{""AlchemyIngredientInitMultiplier"":4.0,""AlchemySkillFactor"":1.5}",1,"Garlic [form=0x00034D22, count=1]; Salt Pile [form=0x00074A19, count=1]",0xFF0008A0,0,index=0|form_id=0x0003EB07|magnitude=40|duration=300|area=0|base_cost=0.0350000001|flags=0x00200802,selection=1|form_id=0x00074A19|name=S;selection=2|form_id=0x00034D22|name=G
Apothecary,"Canis Root, Spider Egg",68,100,0,0,0,0,0,0,0,"{""AlchemyIngredientInitMultiplier"":4.0,""AlchemySkillFactor"":1.5}",1,"Canis Root [form=0x0006ABCB, count=1]; Spider Egg [form=0x0009151B, count=1]",0xFF0008A2,0,index=0|form_id=0x0003EB1B|magnitude=20|duration=60|area=0|base_cost=0.200000003|flags=0x00200802;index=1|form_id=0x0003A2C6|magnitude=8|duration=10|area=0|base_cost=3|flags=0x00200805,selection=1|form_id=0x0006ABCB|name=C;selection=2|form_id=0x0009151B|name=S
Apothecary,"Blisterwort, Wheat",61,100,0,1,0,0,0,0,0,"{""AlchemyIngredientInitMultiplier"":4.0,""AlchemySkillFactor"":1.5}",1.20000005,"Blisterwort [form=0x0004DA25, count=1]; Wheat [form=0x0004B0BA, count=1]",0xFF0008AE,0,index=0|form_id=0x0003EB15|magnitude=12|duration=10|area=0|base_cost=4|flags=0x00200800,selection=1|form_id=0x0004DA25|name=B;selection=2|form_id=0x0004B0BA|name=W
Apothecary,"Blue Butterfly Wing, Blue Mountain Flower",40,100,0,1,0,0,0,0,0,"{""AlchemyIngredientInitMultiplier"":4.0,""AlchemySkillFactor"":1.5}",1.20000005,"Blue Butterfly Wing [form=0x000727DE, count=1]; Blue Mountain Flower [form=0x00077E1C, count=1]",0xFF0008D0,0,index=0|form_id=0x0003EB25|magnitude=48|duration=60|area=0|base_cost=0.0799999982|flags=0x00200802,selection=1|form_id=0x000727DE|name=B;selection=2|form_id=0x00077E1C|name=B
Apothecary,"Garlic, Salt Pile",104,100,0,1,0,0,0,0,0,"{""AlchemyIngredientInitMultiplier"":4.0,""AlchemySkillFactor"":1.5}",1.20000005,"Garlic [form=0x00034D22, count=1]; Salt Pile [form=0x00074A19, count=1]",0xFF0008D9,0,index=0|form_id=0x0003EB07|magnitude=48|duration=300|area=0|base_cost=0.0350000001|flags=0x00200802,selection=1|form_id=0x00074A19|name=S;selection=2|form_id=0x00034D22|name=G
Apothecary,"Blisterwort, Wheat",78,100,0,3,0,0,0,0,0,"{""AlchemyIngredientInitMultiplier"":4.0,""AlchemySkillFactor"":1.5}",1.60000002,"Blisterwort [form=0x0004DA25, count=1]; Wheat [form=0x0004B0BA, count=1]",0xFF0008FB,0,index=0|form_id=0x0003EB15|magnitude=15|duration=10|area=0|base_cost=4|flags=0x00200800,selection=1|form_id=0x0004DA25|name=B;selection=2|form_id=0x0004B0BA|name=W
Apothecary,"Deathbell, Nightshade",21,100,0,3,0,0,0,0,0,"{""AlchemyIngredientInitMultiplier"":4.0,""AlchemySkillFactor"":1.5}",1.60000002,"Deathbell [form=0x000516C8, count=1]; Nightshade [form=0x0002F44C, count=1]",0xFF000907,3,index=0|form_id=0x0003EB42|magnitude=6|duration=10|area=0|base_cost=3|flags=0x00200805,selection=1|form_id=0x000516C8|name=D;selection=2|form_id=0x0002F44C|name=N
Apothecary,"Luna Moth Wing, Vampire Dust",208,100,0,3,0,0,0,0,0,"{""AlchemyIngredientInitMultiplier"":4.0,""AlchemySkillFactor"":1.5}",1.60000002,"Luna Moth Wing [form=0x000727DF, count=1]; Vampire Dust [form=0x0003AD76, count=1]",0xFF000908,0,index=0|form_id=0x0003EB3D|magnitude=0|duration=38|area=0|base_cost=15|flags=0x00401C02;index=1|form_id=0x0003EB06|magnitude=64|duration=300|area=0|base_cost=0.0350000001|flags=0x00200802,selection=1|form_id=0x000727DF|name=L;selection=2|form_id=0x0003AD76|name=V
Apothecary,"Blue Butterfly Wing, Blue Mountain Flower",71,100,0,5,0,0,0,0,0,"{""AlchemyIngredientInitMultiplier"":4.0,""AlchemySkillFactor"":1.5}",2,"Blue Butterfly Wing [form=0x000727DE, count=1]; Blue Mountain Flower [form=0x00077E1C, count=1]",0xFF00090A,0,index=0|form_id=0x0003EB25|magnitude=80|duration=60|area=0|base_cost=0.0799999982|flags=0x00200802,selection=1|form_id=0x000727DE|name=B;selection=2|form_id=0x00077E1C|name=B
Apothecary,"Blisterwort, Wheat",102,100,0,5,0,0,0,0,0,"{""AlchemyIngredientInitMultiplier"":4.0,""AlchemySkillFactor"":1.5}",2,"Blisterwort [form=0x0004DA25, count=1]; Wheat [form=0x0004B0BA, count=1]",0xFF00090B,0,index=0|form_id=0x0003EB15|magnitude=19|duration=10|area=0|base_cost=4|flags=0x00200800,selection=1|form_id=0x0004DA25|name=B;selection=2|form_id=0x0004B0BA|name=W
Apothecary,"Garlic, Salt Pile",182,100,0,5,0,0,0,0,0,"{""AlchemyIngredientInitMultiplier"":4.0,""AlchemySkillFactor"":1.5}",2,"Garlic [form=0x00034D22, count=1]; Salt Pile [form=0x00074A19, count=1]",0xFF00090D,0,index=0|form_id=0x0003EB07|magnitude=80|duration=300|area=0|base_cost=0.0350000001|flags=0x00200802,selection=1|form_id=0x00074A19|name=S;selection=2|form_id=0x00034D22|name=G
Apothecary,"Canis Root, Spider Egg",146,100,0,5,0,0,0,0,0,"{""AlchemyIngredientInitMultiplier"":4.0,""AlchemySkillFactor"":1.5}",2,"Canis Root [form=0x0006ABCB, count=1]; Spider Egg [form=0x0009151B, count=1]",0xFF000913,0,index=0|form_id=0x0003EB1B|magnitude=40|duration=60|area=0|base_cost=0.200000003|flags=0x00200802;index=1|form_id=0x0003A2C6|magnitude=16|duration=10|area=0|base_cost=3|flags=0x00200805,selection=1|form_id=0x0006ABCB|name=C;selection=2|form_id=0x0009151B|name=S
Apothecary,"Blisterwort, Wheat",125,100,50,3,0,0,0,0,0,"{""AlchemyIngredientInitMultiplier"":4.0,""AlchemySkillFactor"":1.5}",1.60000002,"Blisterwort [form=0x0004DA25, count=1]; Wheat [form=0x0004B0BA, count=1]",0xFF000914,0,index=0|form_id=0x0003EB15|magnitude=23|duration=10|area=0|base_cost=4|flags=0x00200800,selection=1|form_id=0x0004DA25|name=B;selection=2|form_id=0x0004B0BA|name=W
Apothecary,"Blue Butterfly Wing, Blue Mountain Flower",87,100,50,3,0,0,0,0,0,"{""AlchemyIngredientInitMultiplier"":4.0,""AlchemySkillFactor"":1.5}",1.60000002,"Blue Butterfly Wing [form=0x000727DE, count=1]; Blue Mountain Flower [form=0x00077E1C, count=1]",0xFF000918,0,index=0|form_id=0x0003EB25|magnitude=96|duration=60|area=0|base_cost=0.0799999982|flags=0x00200802,selection=1|form_id=0x000727DE|name=B;selection=2|form_id=0x00077E1C|name=B
Apothecary,"Garlic, Salt Pile",223,100,50,3,0,0,0,0,0,"{""AlchemyIngredientInitMultiplier"":4.0,""AlchemySkillFactor"":1.5}",1.60000002,"Garlic [form=0x00034D22, count=1]; Salt Pile [form=0x00074A19, count=1]",0xFF00091B,0,index=0|form_id=0x0003EB07|magnitude=96|duration=300|area=0|base_cost=0.0350000001|flags=0x00200802,selection=1|form_id=0x00074A19|name=S;selection=2|form_id=0x00034D22|name=G
Apothecary,"Blisterwort, Wheat",125,100,0,4,0,0,0,0,0,"{""AlchemyIngredientInitMultiplier"":4.5,""AlchemySkillFactor"":1.7999999523162842}",1.79999995,"Blisterwort [form=0x0004DA25, count=1]; Wheat [form=0x0004B0BA, count=1]",0xFF000914,0,index=0|form_id=0x0003EB15|magnitude=23|duration=10|area=0|base_cost=4|flags=0x00200800,selection=1|form_id=0x0004DA25|name=B;selection=2|form_id=0x0004B0BA|name=W
Apothecary,"Deathbell, Nightshade",37,100,0,4,0,0,0,0,0,"{""AlchemyIngredientInitMultiplier"":4.5,""AlchemySkillFactor"":1.7999999523162842}",1.79999995,"Deathbell [form=0x000516C8, count=1]; Nightshade [form=0x0002F44C, count=1]",0xFF0008FC,3,index=0|form_id=0x0003EB42|magnitude=10|duration=10|area=0|base_cost=3|flags=0x00200805,selection=1|form_id=0x000516C8|name=D;selection=2|form_id=0x0002F44C|name=N
Apothecary,"Luna Moth Wing, Vampire Dust",329,100,0,4,0,0,0,0,0,"{""AlchemyIngredientInitMultiplier"":4.5,""AlchemySkillFactor"":1.7999999523162842}",1.79999995,"Luna Moth Wing [form=0x000727DF, count=1]; Vampire Dust [form=0x0003AD76, count=1]",0xFF00091C,0,index=0|form_id=0x0003EB3D|magnitude=0|duration=58|area=0|base_cost=15|flags=0x00401C02;index=1|form_id=0x0003EB06|magnitude=97|duration=300|area=0|base_cost=0.0350000001|flags=0x00200802,selection=1|form_id=0x000727DF|name=L;selection=2|form_id=0x0003AD76|name=V
Apothecary,"Dragon's Tongue, Fly Amanita",77,100,0,0,0,0,0,0,0,"{""AlchemyIngredientInitMultiplier"":4.0,""AlchemySkillFactor"":1.5}",1,"Dragon's Tongue [form=0x000889A2, count=1]; Fly Amanita [form=0x0004DA00, count=1]",0xFF000931,0,index=0|form_id=0x0003EB1A|magnitude=20|duration=60|area=0|base_cost=0.200000003|flags=0x00200802;index=1|form_id=0x0003EB27|magnitude=20|duration=60|area=0|base_cost=0.200000003|flags=0x00200802,selection=1|form_id=0x000889A2|name=D;selection=2|form_id=0x0004DA00|name=F
Apothecary,"Luna Moth Wing, Vampire Dust",124,100,0,0,0,0,0,0,0,"{""AlchemyIngredientInitMultiplier"":4.0,""AlchemySkillFactor"":1.5}",1,"Luna Moth Wing [form=0x000727DF, count=1]; Vampire Dust [form=0x0003AD76, count=1]",0xFF000933,0,index=0|form_id=0x0003EB3D|magnitude=0|duration=24|area=0|base_cost=15|flags=0x00401C02;index=1|form_id=0x0003EB06|magnitude=40|duration=300|area=0|base_cost=0.0350000001|flags=0x00200802,selection=1|form_id=0x000727DF|name=L;selection=2|form_id=0x0003AD76|name=V
Apothecary,"Briar Heart, Ectoplasm",160,100,0,0,0,0,0,0,0,"{""AlchemyIngredientInitMultiplier"":4.0,""AlchemySkillFactor"":1.5}",1,"Briar Heart [form=0x0003AD61, count=1]; Ectoplasm [form=0x0003AD63, count=1]",0xFF000937,0,index=0|form_id=0x0003EAF8|magnitude=40|duration=300|area=0|base_cost=0.0450000018|flags=0x00200802;index=1|form_id=0x0003EB17|magnitude=10|duration=10|area=0|base_cost=4|flags=0x00200800,selection=1|form_id=0x0003AD61|name=B;selection=2|form_id=0x0003AD63|name=E
Apothecary,"Deathbell, Nightshade",13,100,0,0,0,0,0,0,0,"{""AlchemyIngredientInitMultiplier"":4.0,""AlchemySkillFactor"":1.5}",1,"Deathbell [form=0x000516C8, count=1]; Nightshade [form=0x0002F44C, count=1]",0xFF00093A,3,index=0|form_id=0x0003EB42|magnitude=4|duration=10|area=0|base_cost=3|flags=0x00200805,selection=1|form_id=0x000516C8|name=D;selection=2|form_id=0x0002F44C|name=N
Apothecary,"Blisterwort, Wheat",67,100,0,2,0,0,0,0,0,"{""AlchemyIngredientInitMultiplier"":4.0,""AlchemySkillFactor"":1.5}",1.39999998,"Blisterwort [form=0x0004DA25, count=1]; Wheat [form=0x0004B0BA, count=1]",0xFF000941,0,index=0|form_id=0x0003EB15|magnitude=13|duration=10|area=0|base_cost=4|flags=0x00200800,selection=1|form_id=0x0004DA25|name=B;selection=2|form_id=0x0004B0BA|name=W
Apothecary,"Blue Butterfly Wing, Blue Mountain Flower",48,100,0,2,0,0,0,0,0,"{""AlchemyIngredientInitMultiplier"":4.0,""AlchemySkillFactor"":1.5}",1.39999998,"Blue Butterfly Wing [form=0x000727DE, count=1]; Blue Mountain Flower [form=0x00077E1C, count=1]",0xFF000945,0,index=0|form_id=0x0003EB25|magnitude=56|duration=60|area=0|base_cost=0.0799999982|flags=0x00200802,selection=1|form_id=0x000727DE|name=B;selection=2|form_id=0x00077E1C|name=B
Apothecary,"Deathbell, Nightshade",21,100,0,2,0,0,0,0,0,"{""AlchemyIngredientInitMultiplier"":4.0,""AlchemySkillFactor"":1.5}",1.39999998,"Deathbell [form=0x000516C8, count=1]; Nightshade [form=0x0002F44C, count=1]",0xFF000907,3,index=0|form_id=0x0003EB42|magnitude=6|duration=10|area=0|base_cost=3|flags=0x00200805,selection=1|form_id=0x000516C8|name=D;selection=2|form_id=0x0002F44C|name=N
Apothecary,"Blisterwort, Wheat",78,50,50,3,0,0,0,0,0,"{""AlchemyIngredientInitMultiplier"":4.0,""AlchemySkillFactor"":1.5}",1.60000002,"Blisterwort [form=0x0004DA25, count=1]; Wheat [form=0x0004B0BA, count=1]",0xFF0008FB,0,index=0|form_id=0x0003EB15|magnitude=15|duration=10|area=0|base_cost=4|flags=0x00200800,selection=1|form_id=0x0004DA25|name=B;selection=2|form_id=0x0004B0BA|name=W
Apothecary,"Blue Butterfly Wing, Blue Mountain Flower",71,50,50,3,0,0,0,0,0,"{""AlchemyIngredientInitMultiplier"":4.0,""AlchemySkillFactor"":1.5}",1.60000002,"Blue Butterfly Wing [form=0x000727DE, count=1]; Blue Mountain Flower [form=0x00077E1C, count=1]",0xFF00090A,0,index=0|form_id=0x0003EB25|magnitude=80|duration=60|area=0|base_cost=0.0799999982|flags=0x00200802,selection=1|form_id=0x000727DE|name=B;selection=2|form_id=0x00077E1C|name=B
Apothecary,"Garlic, Salt Pile",123,50,50,3,0,0,0,0,0,"{""AlchemyIngredientInitMultiplier"":4.0,""AlchemySkillFactor"":1.5}",1.60000002,"Garlic [form=0x00034D22, count=1]; Salt Pile [form=0x00074A19, count=1]",0xFF000983,0,index=0|form_id=0x0003EB07|magnitude=56|duration=300|area=0|base_cost=0.0350000001|flags=0x00200802,selection=1|form_id=0x00074A19|name=S;selection=2|form_id=0x00034D22|name=G
Apothecary,"Deathbell, Nightshade",25,50,50,3,0,0,0,0,0,"{""AlchemyIngredientInitMultiplier"":4.0,""AlchemySkillFactor"":1.5}",1.60000002,"Deathbell [form=0x000516C8, count=1]; Nightshade [form=0x0002F44C, count=1]",0xFF00098A,3,index=0|form_id=0x0003EB42|magnitude=7|duration=10|area=0|base_cost=3|flags=0x00200805,selection=1|form_id=0x000516C8|name=D;selection=2|form_id=0x0002F44C|name=N
AP,"Luna Moth Wing, Vampire Dust",439,100,0,0,0,0,0,0,0,"{""AlchemyIngredientInitMultiplier"":4.0,""AlchemySkillFactor"":1.5,""copyExemplars"":{""$comment"":""Swap models and names of crafted potions to the nearest exemplar."",""enabled"":true,""exemplars"":[""Skyrim.esm|E3E9A"",""Skyrim.esm|65A72"",""Skyrim.esm|65A3E"",""Skyrim.esm|65A3F"",""Skyrim.esm|65A5A"",""Skyrim.esm|74A29"",""Skyrim.esm|74A23"",""Skyrim.esm|74A2D"",""Skyrim.esm|74A27"",""Skyrim.esm|74A21""]},""impureCostFix"":{""$comment"":""Impurities in mixtures subtract from the cost instead of adding to it."",""enabled"":true},""knownFailureFix"":{""$comment"":""Display known failures in UI between ingredients with all effects known."",""enabled"":true},""mixtureNames"":{""$comment"":""Modify names to reflect additional effects/impurities."",""enabled"":true},""roundedPotency"":{""$comment"":""Round effect potency to a multiple above a threshold."",""durationMult"":5.0,""durationThreshold"":15.0,""enabled"":false,""magnitudeMult"":5.0,""magnitudeThreshold"":25.0,""overrides"":{""$comment"":""Define setting overrides per alchemy effect.""}}}",1,"Luna Moth Wing [form=0x000727DF, count=1]; Vampire Dust [form=0x0003AD76, count=1]",0xFF00088D,0,index=0|form_id=0x0003EB3D|magnitude=0|duration=24|area=0|base_cost=100|flags=0x00401C02;index=1|form_id=0x0003EB06|magnitude=30|duration=300|area=0|base_cost=0.100000001|flags=0x00200802,selection=1|form_id=0x000727DF|name=L;selection=2|form_id=0x0003AD76|name=V
AP,"Garlic, Salt Pile",197,100,0,0,0,0,0,0,1,"{""AlchemyIngredientInitMultiplier"":4.0,""AlchemySkillFactor"":1.5,""copyExemplars"":{""$comment"":""Swap models and names of crafted potions to the nearest exemplar."",""enabled"":true,""exemplars"":[""Skyrim.esm|E3E9A"",""Skyrim.esm|65A72"",""Skyrim.esm|65A3E"",""Skyrim.esm|65A3F"",""Skyrim.esm|65A5A"",""Skyrim.esm|74A29"",""Skyrim.esm|74A23"",""Skyrim.esm|74A2D"",""Skyrim.esm|74A27"",""Skyrim.esm|74A21""]},""impureCostFix"":{""$comment"":""Impurities in mixtures subtract from the cost instead of adding to it."",""enabled"":true},""knownFailureFix"":{""$comment"":""Display known failures in UI between ingredients with all effects known."",""enabled"":true},""mixtureNames"":{""$comment"":""Modify names to reflect additional effects/impurities."",""enabled"":true},""roundedPotency"":{""$comment"":""Round effect potency to a multiple above a threshold."",""durationMult"":5.0,""durationThreshold"":15.0,""enabled"":false,""magnitudeMult"":5.0,""magnitudeThreshold"":25.0,""overrides"":{""$comment"":""Define setting overrides per alchemy effect.""}}}",1,"Garlic [form=0x00034D22, count=1]; Salt Pile [form=0x00034CDF, count=1]",0xFF0008C6,0,index=0|form_id=0x0003EB07|magnitude=33|duration=300|area=0|base_cost=0.100000001|flags=0x00200802,selection=1|form_id=0x00034D22|name=G;selection=2|form_id=0x00034CDF|name=S
Vanilla,"Garlic, Salt Pile",230,100,0,0,0,1,0,0,0,"{""AlchemyIngredientInitMultiplier"":4.0,""AlchemySkillFactor"":1.5}",1,"Garlic [form=0x00034D22, count=1]; Salt Pile [form=0x00034CDF, count=1]",0xFF000873,0,index=0|form_id=0x0003EB07|magnitude=38|duration=300|area=0|base_cost=0.100000001|flags=0x00200802,selection=1|form_id=0x00034D22|name=G;selection=2|form_id=0x00034CDF|name=S
Vanilla,"Glowing Mushroom, Nightshade",151,100,0,0,1,0,0,0,0,"{""AlchemyIngredientInitMultiplier"":4.0,""AlchemySkillFactor"":1.5}",1,"Glowing Mushroom [form=0x0007EE01, count=1]; Nightshade [form=0x0002F44C, count=1]",0xFF000880,0,index=0|form_id=0x0003EB26|magnitude=30|duration=60|area=0|base_cost=0.5|flags=0x00200802,selection=1|form_id=0x0007EE01|name=G;selection=2|form_id=0x0002F44C|name=N
Vanilla,"Garlic, Salt Pile",177,100,0,0,0,0,1,0,0,"{""AlchemyIngredientInitMultiplier"":4.0,""AlchemySkillFactor"":1.5}",1,"Garlic [form=0x00034D22, count=1]; Salt Pile [form=0x00034CDF, count=1]",0xFF00088A,0,index=0|form_id=0x0003EB07|magnitude=30|duration=300|area=0|base_cost=0.100000001|flags=0x00200802,selection=1|form_id=0x00034D22|name=G;selection=2|form_id=0x00034CDF|name=S
Vanilla,"Garlic, Salt Pile",197,100,0,0,0,0,0,0,1,"{""AlchemyIngredientInitMultiplier"":4.0,""AlchemySkillFactor"":1.5}",1,"Garlic [form=0x00034D22, count=1]; Salt Pile [form=0x00034CDF, count=1]",0xFF000894,0,index=0|form_id=0x0003EB07|magnitude=33|duration=300|area=0|base_cost=0.100000001|flags=0x00200802,selection=1|form_id=0x00034D22|name=G;selection=2|form_id=0x00034CDF|name=S
Vanilla,"Deathbell, River Betty",415,100,0,0,0,0,0,0,1,"{""AlchemyIngredientInitMultiplier"":4.0,""AlchemySkillFactor"":1.5}",1,"Deathbell [form=0x000516C8, count=1]; River Betty [form=0x00106E1A, count=1]",0xFF0008DC,3,index=0|form_id=0x00073F25|magnitude=50|duration=33|area=0|base_cost=1|flags=0x00401807;index=1|form_id=0x0003EB42|magnitude=33|duration=0|area=0|base_cost=3|flags=0x00200805,selection=1|form_id=0x000516C8|name=D;selection=2|form_id=0x00106E1A|name=R
Vanilla,"Blisterwort, Wheat",40,100,0,4,0,0,0,0,0,"{""AlchemyIngredientInitMultiplier"":4.0,""AlchemySkillFactor"":1.5}",1.79999995,"Blisterwort [form=0x0004DA25, count=1]; Wheat [form=0x0004B0BA, count=1]",0xFF0008DD,0,index=0|form_id=0x0003EB15|magnitude=54|duration=0|area=0|base_cost=0.5|flags=0x00200A00,selection=1|form_id=0x0004DA25|name=B;selection=2|form_id=0x0004B0BA|name=W
Vanilla,"Watcher's Eye, Withering Moon",380,100,0,0,0,0,0,0,0,"{""AlchemyIngredientInitMultiplier"":4.0,""AlchemySkillFactor"":1.5}",1,"Watcher's Eye [form=0xFE004821, count=1]; Withering Moon [form=0xFE004824, count=1]",0xFF0008E0,0,index=0|form_id=0xFE004812|magnitude=50|duration=360|area=0|base_cost=0.100000001|flags=0x00400002,selection=1|form_id=0xFE004821|name=W;selection=2|form_id=0xFE004824|name=W
Vanilla,"Alocasia Fruit, Blind Watcher's Eye",25,100,0,0,0,0,0,0,0,"{""AlchemyIngredientInitMultiplier"":4.0,""AlchemySkillFactor"":1.5}",1,"Alocasia Fruit [form=0xFE004D62, count=1]; Blind Watcher's Eye [form=0xFE004822, count=1]",0xFF0008E7,0,index=0|form_id=0xFE004846|magnitude=0|duration=360|area=0|base_cost=0.5|flags=0x00401000,selection=1|form_id=0xFE004D62|name=A;selection=2|form_id=0xFE004822|name=B
Vanilla,"Chicken's Egg, Nordic Barnacle",100,100,0,0,0,0,0,0,0,"{""AlchemyIngredientInitMultiplier"":4.0,""AlchemySkillFactor"":1.5}",1,"Chicken's Egg [form=0x00023D77, count=1]; Nordic Barnacle [form=0x0007EDF5, count=1]",0xFF0008E9,0,index=0|form_id=0x0003AC2D|magnitude=0|duration=30|area=0|base_cost=30|flags=0x00400C02,selection=1|form_id=0x00023D77|name=C;selection=2|form_id=0x0007EDF5|name=N
Vanilla,"Blisterwort, Wheat",14,15,0,0,0,0,0,0,0,"{""AlchemyIngredientInitMultiplier"":4.0,""AlchemySkillFactor"":1.5}",1,"Blisterwort [form=0x0004DA25, count=1]; Wheat [form=0x0004B0BA, count=1]",0xFF0008FC,0,index=0|form_id=0x0003EB15|magnitude=22|duration=0|area=0|base_cost=0.5|flags=0x00200A00,selection=1|form_id=0x0004DA25|name=B;selection=2|form_id=0x0004B0BA|name=W
CACO,"Blisterwort, Wheat Extract",85,100,50,4,1,0,0,0,0,"{""AlchemyIngredientInitMultiplier"":3.0,""AlchemySkillFactor"":3.0,""AlchemyXPMultiplier"":""1"",""DamageHealthDuration"":""0"",""DamageMagickaDuration"":""0"",""DamageStaminaDuration"":""0"",""DisableAllPotionHandling"":""1"",""ImpurePotionProcessing"":""0"",""RestoreEffectsDoNotStack"":""1"",""RestoreHealthDuration"":""0"",""RestoreMagickaDuration"":""0"",""RestoreStaminaDuration"":""0""}",1.79999995,"Blisterwort [form=0x0004DA25, count=1]; Wheat Extract [form=0x085A46B8, count=1]",0xFF0008A4,0,index=0|form_id=0x0003EB15|magnitude=125|duration=1|area=0|base_cost=5.30000019|flags=0x00200800,selection=1|form_id=0x0004DA25|name=B;selection=2|form_id=0x085A46B8|name=W
CACO,"Dragon's Tongue, Fly Amanita",184,100,50,4,1,0,0,0,0,"{""AlchemyIngredientInitMultiplier"":3.0,""AlchemySkillFactor"":3.0,""AlchemyXPMultiplier"":""1"",""DamageHealthDuration"":""0"",""DamageMagickaDuration"":""0"",""DamageStaminaDuration"":""0"",""DisableAllPotionHandling"":""1"",""ImpurePotionProcessing"":""0"",""RestoreEffectsDoNotStack"":""1"",""RestoreHealthDuration"":""0"",""RestoreMagickaDuration"":""0"",""RestoreStaminaDuration"":""0""}",1.79999995,"Dragon's Tongue [form=0x000889A2, count=1]; Fly Amanita [form=0x0004DA00, count=1]",0xFF0008EC,0,index=0|form_id=0x0003EB1A|magnitude=30|duration=60|area=0|base_cost=0.324999988|flags=0x00200802;index=1|form_id=0x0003EAEA|magnitude=24|duration=60|area=0|base_cost=0.36500001|flags=0x00201002,selection=1|form_id=0x000889A2|name=D;selection=2|form_id=0x0004DA00|name=F
CACO,"Blisterwort, Wheat Extract",104,100,50,1,1,0,0,0,0,"{""AlchemyIngredientInitMultiplier"":3.0,""AlchemySkillFactor"":3.0,""AlchemyXPMultiplier"":""1"",""DamageHealthDuration"":""0"",""DamageMagickaDuration"":""0"",""DamageStaminaDuration"":""0"",""DisableAllPotionHandling"":""1"",""ImpurePotionProcessing"":""0"",""RestoreEffectsDoNotStack"":""1"",""RestoreHealthDuration"":""0"",""RestoreMagickaDuration"":""0"",""RestoreStaminaDuration"":""0""}",1.20000005,"Blisterwort [form=0x0004DA25, count=1]; Wheat Extract [form=0x085A46B8, count=1]",0xFF0008F9,0,index=0|form_id=0x0003EB15|magnitude=150|duration=1|area=0|base_cost=5.30000019|flags=0x00200800,selection=1|form_id=0x0004DA25|name=B;selection=2|form_id=0x085A46B8|name=W
CACO,"Dragon's Tongue, Fly Amanita",226,100,50,1,1,0,0,0,0,"{""AlchemyIngredientInitMultiplier"":3.0,""AlchemySkillFactor"":3.0,""AlchemyXPMultiplier"":""1"",""DamageHealthDuration"":""0"",""DamageMagickaDuration"":""0"",""DamageStaminaDuration"":""0"",""DisableAllPotionHandling"":""1"",""ImpurePotionProcessing"":""0"",""RestoreEffectsDoNotStack"":""1"",""RestoreHealthDuration"":""0"",""RestoreMagickaDuration"":""0"",""RestoreStaminaDuration"":""0""}",1.20000005,"Dragon's Tongue [form=0x000889A2, count=1]; Fly Amanita [form=0x0004DA00, count=1]",0xFF0008FA,0,index=0|form_id=0x0003EB1A|magnitude=36|duration=60|area=0|base_cost=0.324999988|flags=0x00200802;index=1|form_id=0x0003EAEA|magnitude=29|duration=60|area=0|base_cost=0.36500001|flags=0x00201002,selection=1|form_id=0x000889A2|name=D;selection=2|form_id=0x0004DA00|name=F
CACO,"Bear Claws, Bee",61,100,0,0,0,0,0,0,0,"{""AlchemyIngredientInitMultiplier"":3.0,""AlchemySkillFactor"":3.0,""AlchemyXPMultiplier"":""1"",""DamageHealthDuration"":""0"",""DamageMagickaDuration"":""0"",""DamageStaminaDuration"":""0"",""DisableAllPotionHandling"":""1"",""ImpurePotionProcessing"":""0"",""RestoreEffectsDoNotStack"":""1"",""RestoreHealthDuration"":""0"",""RestoreMagickaDuration"":""0"",""RestoreStaminaDuration"":""0""}",1,"Bear Claws [form=0x0006BC02, count=1]; Bee [form=0x000A9195, count=1]",0xFF000905,0,index=0|form_id=0x0003EB16|magnitude=104|duration=1|area=0|base_cost=4.69999981|flags=0x00200800,selection=1|form_id=0x0006BC02|name=B;selection=2|form_id=0x000A9195|name=B
CACO,"Swamp Fungal Pod, Wheat Extract",50,100,0,0,0,0,0,0,0,"{""AlchemyIngredientInitMultiplier"":3.0,""AlchemySkillFactor"":3.0,""AlchemyXPMultiplier"":""1"",""DamageHealthDuration"":""0"",""DamageMagickaDuration"":""0"",""DamageStaminaDuration"":""0"",""DisableAllPotionHandling"":""1"",""ImpurePotionProcessing"":""0"",""RestoreEffectsDoNotStack"":""1"",""RestoreHealthDuration"":""0"",""RestoreMagickaDuration"":""0"",""RestoreStaminaDuration"":""0""}",1,"Swamp Fungal Pod [form=0x0007E8B7, count=1]; Wheat Extract [form=0x085A46B8, count=1]",0xFF000921,7,index=0|form_id=0x00073F2B|magnitude=30|duration=30|area=0|base_cost=0.360000014|flags=0x00200807,selection=1|form_id=0x0007E8B7|name=S;selection=2|form_id=0x085A46B8|name=W
CACO,"Garlic, Mudcrab Chitin",51,100,0,0,0,0,0,0,0,"{""AlchemyIngredientInitMultiplier"":3.0,""AlchemySkillFactor"":3.0,""AlchemyXPMultiplier"":""1"",""DamageHealthDuration"":""0"",""DamageMagickaDuration"":""0"",""DamageStaminaDuration"":""0"",""DisableAllPotionHandling"":""1"",""ImpurePotionProcessing"":""0"",""RestoreEffectsDoNotStack"":""1"",""RestoreHealthDuration"":""0"",""RestoreMagickaDuration"":""0"",""RestoreStaminaDuration"":""0""}",1,"Garlic [form=0x00034D22, count=1]; Mudcrab Chitin [form=0x0006BC00, count=1]",0xFF000930,0,index=0|form_id=0x0806AE45|magnitude=100|duration=165|area=0|base_cost=0.0149999997|flags=0x00401002,selection=1|form_id=0x00034D22|name=G;selection=2|form_id=0x0006BC00|name=M
CACO,"Nightshade, Saltrice",55,100,0,0,0,0,0,0,0,"{""AlchemyIngredientInitMultiplier"":3.0,""AlchemySkillFactor"":3.0,""AlchemyXPMultiplier"":""1"",""DamageHealthDuration"":""0"",""DamageMagickaDuration"":""0"",""DamageStaminaDuration"":""0"",""DisableAllPotionHandling"":""1"",""ImpurePotionProcessing"":""0"",""RestoreEffectsDoNotStack"":""1"",""RestoreHealthDuration"":""0"",""RestoreMagickaDuration"":""0"",""RestoreStaminaDuration"":""0""}",1,"Nightshade [form=0x0002F44C, count=1]; Saltrice [form=0xFE00481A, count=1]",0xFF0008F0,7,index=0|form_id=0x0010DE5F|magnitude=56|duration=1|area=0|base_cost=8.30000019|flags=0x00200805,selection=1|form_id=0x0002F44C|name=N;selection=2|form_id=0xFE00481A|name=S
CACO,"Dragon's Tongue, Fly Amanita",129,100,0,0,0,0,0,0,1,"{""AlchemyIngredientInitMultiplier"":3.0,""AlchemySkillFactor"":3.0,""AlchemyXPMultiplier"":""1"",""DamageHealthDuration"":""0"",""DamageMagickaDuration"":""0"",""DamageStaminaDuration"":""0"",""DisableAllPotionHandling"":""1"",""ImpurePotionProcessing"":""0"",""RestoreEffectsDoNotStack"":""1"",""RestoreHealthDuration"":""0"",""RestoreMagickaDuration"":""0"",""RestoreStaminaDuration"":""0""}",1,"Dragon's Tongue [form=0x000889A2, count=1]; Fly Amanita [form=0x0004DA00, count=1]",0xFF000931,0,index=0|form_id=0x0003EB1A|magnitude=22|duration=60|area=0|base_cost=0.324999988|flags=0x00200802;index=1|form_id=0x0003EAEA|magnitude=17|duration=60|area=0|base_cost=0.36500001|flags=0x00201002,selection=1|form_id=0x000889A2|name=D;selection=2|form_id=0x0004DA00|name=F
CACO,"Aloe Vera, Wisp Wrappings",99,100,0,0,0,0,0,0,1,"{""AlchemyIngredientInitMultiplier"":3.0,""AlchemySkillFactor"":3.0,""AlchemyXPMultiplier"":""1"",""DamageHealthDuration"":""0"",""DamageMagickaDuration"":""0"",""DamageStaminaDuration"":""0"",""DisableAllPotionHandling"":""1"",""ImpurePotionProcessing"":""0"",""RestoreEffectsDoNotStack"":""1"",""RestoreHealthDuration"":""0"",""RestoreMagickaDuration"":""0"",""RestoreStaminaDuration"":""0""}",1,"Aloe Vera [form=0x08A100AD, count=1]; Wisp Wrappings [form=0x0006BC0E, count=1]",0xFF00093D,0,index=0|form_id=0x080425EF|magnitude=0|duration=6|area=0|base_cost=174|flags=0x00401C00,selection=1|form_id=0x08A100AD|name=A;selection=2|form_id=0x0006BC0E|name=W
CACO,"Ancestor Moth, Spider Egg",184,100,0,0,0,0,0,0,1,"{""AlchemyIngredientInitMultiplier"":3.0,""AlchemySkillFactor"":3.0,""AlchemyXPMultiplier"":""1"",""DamageHealthDuration"":""0"",""DamageMagickaDuration"":""0"",""DamageStaminaDuration"":""0"",""DisableAllPotionHandling"":""1"",""ImpurePotionProcessing"":""0"",""RestoreEffectsDoNotStack"":""1"",""RestoreHealthDuration"":""0"",""RestoreMagickaDuration"":""0"",""RestoreStaminaDuration"":""0""}",1,"Ancestor Moth [form=0x020059BA, count=1]; Spider Egg [form=0x0009151B, count=1]",0xFF00093E,0,index=0|form_id=0x0804C7FF|magnitude=0|duration=46|area=0|base_cost=18.6000004|flags=0x0C401C12;index=1|form_id=0x00073F2B|magnitude=48|duration=30|area=0|base_cost=0.360000014|flags=0x00200807,selection=1|form_id=0x020059BA|name=A;selection=2|form_id=0x0009151B|name=S
CACO+AP,"Blisterwort, Wheat Extract",54,100,0,0,0,0,0,0,0,"{""AlchemyIngredientInitMultiplier"":3.0,""AlchemySkillFactor"":3.0,""alchemyPlus"":{""copyExemplars"":{""$comment"":""Swap models and names of crafted potions to the nearest exemplar."",""enabled"":true,""exemplars"":[""Skyrim.esm|E3E9A"",""Skyrim.esm|65A72"",""Skyrim.esm|65A3E"",""Skyrim.esm|65A3F"",""Skyrim.esm|65A5A"",""Skyrim.esm|74A29"",""Skyrim.esm|74A23"",""Skyrim.esm|74A2D"",""Skyrim.esm|74A27"",""Skyrim.esm|74A21""]},""impureCostFix"":{""$comment"":""Impurities in mixtures subtract from the cost instead of adding to it."",""enabled"":true},""knownFailureFix"":{""$comment"":""Display known failures in UI between ingredients with all effects known."",""enabled"":true},""mixtureNames"":{""$comment"":""Modify names to reflect additional effects/impurities."",""enabled"":true},""roundedPotency"":{""$comment"":""Round effect potency to a multiple above a threshold."",""durationMult"":5.0,""durationThreshold"":15.0,""enabled"":false,""magnitudeMult"":5.0,""magnitudeThreshold"":25.0,""overrides"":{""$comment"":""Define setting overrides per alchemy effect.""}}},""caco"":{""AlchemyIngredientInitMultiplier"":""3"",""AlchemySkillFactor"":""3"",""AlchemyXPMultiplier"":""1"",""DamageHealthDuration"":""0"",""DamageMagickaDuration"":""0"",""DamageStaminaDuration"":""0"",""DisableAllPotionHandling"":""1"",""ImpurePotionProcessing"":""0"",""RestoreEffectsDoNotStack"":""1"",""RestoreHealthDuration"":""0"",""RestoreMagickaDuration"":""0"",""RestoreStaminaDuration"":""0""}}",1,"Blisterwort [form=0x0004DA25, count=1]; Wheat Extract [form=0x085A46B8, count=1]",0xFF000872,0,index=0|form_id=0x0003EB15|magnitude=83|duration=1|area=0|base_cost=5.30000019|flags=0x00200800,selection=1|form_id=0x0004DA25|name=B;selection=2|form_id=0x085A46B8|name=W
Requiem,"Glowing Mushroom, Nightshade",51,100,0,2,0,1,0,0,0,"{""AlchemicalLoreRank"":""2"",""AlchemyIngredientInitMultiplier"":4.0,""AlchemySkillFactor"":1.100000023841858,""HasImprovedElixirs"":""1"",""HasImprovedPoisons"":""0"",""HasPurificationProcess"":""0"",""HasUnperkedCraftingKeyword"":""0""}",1.5,"Glowing Mushroom [form=0x0007EE01, count=1]; Nightshade [form=0x0002F44C, count=1]",0xFF0008EE,0,index=0|form_id=0x0003EB26|magnitude=21|duration=60|area=0|base_cost=0.25|flags=0x00200802,selection=1|form_id=0x0007EE01|name=G;selection=2|form_id=0x0002F44C|name=N
Apothecary,"Blisterwort, Wheat",39,75,0,0,0,0,0,0,0,"{""AlchemyIngredientInitMultiplier"":4.0,""AlchemySkillFactor"":1.5}",1,"Blisterwort [form=0x0004DA25, count=1]; Wheat [form=0x0004B0BA, count=1]",0xFF00089C,0,index=0|form_id=0x0003EB15|magnitude=8|duration=10|area=0|base_cost=4|flags=0x00200800,selection=1|form_id=0x0004DA25|name=B;selection=2|form_id=0x0004B0BA|name=W
Apothecary,"Garlic, Salt Pile",64,75,0,0,0,0,0,0,0,"{""AlchemyIngredientInitMultiplier"":4.0,""AlchemySkillFactor"":1.5}",1,"Garlic [form=0x00034D22, count=1]; Salt Pile [form=0x00074A19, count=1]",0xFF0008A0,0,index=0|form_id=0x0003EB07|magnitude=31|duration=300|area=0|base_cost=0.0350000001|flags=0x00200802,selection=1|form_id=0x00034D22|name=G;selection=2|form_id=0x00074A19|name=S
Apothecary,"Deathbell, Nightshade",10,75,0,0,0,0,0,0,0,"{""AlchemyIngredientInitMultiplier"":4.0,""AlchemySkillFactor"":1.5}",1,"Deathbell [form=0x000516C8, count=1]; Nightshade [form=0x0002F44C, count=1]",0xFF0008AC,3,index=0|form_id=0x0003EB42|magnitude=3|duration=10|area=0|base_cost=3|flags=0x00200805,selection=1|form_id=0x000516C8|name=D;selection=2|form_id=0x0002F44C|name=N
Apothecary,"Fly Amanita, Garlic",109,100,0,0,0,0,0,0,0,"{""AlchemyIngredientInitMultiplier"":4.0,""AlchemySkillFactor"":1.5}",1,"Fly Amanita [form=0x0004DA00, count=1]; Garlic [form=0x00034D22, count=1]",0xFF0008F8,0,index=0|form_id=0x0003EAF9|magnitude=40|duration=300|area=0|base_cost=0.0450000018|flags=0x00200802,selection=1|form_id=0x0004DA00|name=F;selection=2|form_id=0x00034D22|name=G
AP,"Briar Heart, Canis Root",285,100,0,0,0,0,0,0,0,"{""AlchemyIngredientInitMultiplier"":4.0,""AlchemySkillFactor"":1.5,""copyExemplars"":{""$comment"":""Swap models and names of crafted potions to the nearest exemplar."",""enabled"":true,""exemplars"":[""Skyrim.esm|E3E9A"",""Skyrim.esm|65A72"",""Skyrim.esm|65A3E"",""Skyrim.esm|65A3F"",""Skyrim.esm|65A5A"",""Skyrim.esm|74A29"",""Skyrim.esm|74A23"",""Skyrim.esm|74A2D"",""Skyrim.esm|74A27"",""Skyrim.esm|74A21""]},""impureCostFix"":{""$comment"":""Impurities in mixtures subtract from the cost instead of adding to it."",""enabled"":true},""knownFailureFix"":{""$comment"":""Display known failures in UI between ingredients with all effects known."",""enabled"":true},""mixtureNames"":{""$comment"":""Modify names to reflect additional effects/impurities."",""enabled"":true},""roundedPotency"":{""$comment"":""Round effect potency to a multiple above a threshold."",""durationMult"":5.0,""durationThreshold"":15.0,""enabled"":false,""magnitudeMult"":5.0,""magnitudeThreshold"":25.0,""overrides"":{""$comment"":""Define setting overrides per alchemy effect.""}}}",1,"Briar Heart [form=0x0003AD61, count=1]; Canis Root [form=0x0006ABCB, count=1]",0xFF0008B7,3,index=0|form_id=0x00073F30|magnitude=10|duration=6|area=0|base_cost=500|flags=0x00400C03,selection=1|form_id=0x0003AD61|name=B;selection=2|form_id=0x0006ABCB|name=C
AP,"Blisterwort, Wheat",21,100,0,0,0,0,0,0,0,"{""AlchemyIngredientInitMultiplier"":4.0,""AlchemySkillFactor"":1.5,""copyExemplars"":{""$comment"":""Swap models and names of crafted potions to the nearest exemplar."",""enabled"":true,""exemplars"":[""Skyrim.esm|E3E9A"",""Skyrim.esm|65A72"",""Skyrim.esm|65A3E"",""Skyrim.esm|65A3F"",""Skyrim.esm|65A5A"",""Skyrim.esm|74A29"",""Skyrim.esm|74A23"",""Skyrim.esm|74A2D"",""Skyrim.esm|74A27"",""Skyrim.esm|74A21""]},""impureCostFix"":{""$comment"":""Impurities in mixtures subtract from the cost instead of adding to it."",""enabled"":true},""knownFailureFix"":{""$comment"":""Display known failures in UI between ingredients with all effects known."",""enabled"":true},""mixtureNames"":{""$comment"":""Modify names to reflect additional effects/impurities."",""enabled"":true},""roundedPotency"":{""$comment"":""Round effect potency to a multiple above a threshold."",""durationMult"":5.0,""durationThreshold"":15.0,""enabled"":false,""magnitudeMult"":5.0,""magnitudeThreshold"":25.0,""overrides"":{""$comment"":""Define setting overrides per alchemy effect.""}}}",1,"Blisterwort [form=0x0004DA25, count=1]; Wheat [form=0x0004B0BA, count=1]",0xFF0008BC,0,index=0|form_id=0x0003EB15|magnitude=30|duration=0|area=0|base_cost=0.5|flags=0x00200A00,selection=1|form_id=0x0004DA25|name=B;selection=2|form_id=0x0004B0BA|name=W
AP,"Blisterwort, Wheat",23,100,0,0,0,0,0,0,1,"{""AlchemyIngredientInitMultiplier"":4.0,""AlchemySkillFactor"":1.5,""copyExemplars"":{""$comment"":""Swap models and names of crafted potions to the nearest exemplar."",""enabled"":true,""exemplars"":[""Skyrim.esm|E3E9A"",""Skyrim.esm|65A72"",""Skyrim.esm|65A3E"",""Skyrim.esm|65A3F"",""Skyrim.esm|65A5A"",""Skyrim.esm|74A29"",""Skyrim.esm|74A23"",""Skyrim.esm|74A2D"",""Skyrim.esm|74A27"",""Skyrim.esm|74A21""]},""impureCostFix"":{""$comment"":""Impurities in mixtures subtract from the cost instead of adding to it."",""enabled"":true},""knownFailureFix"":{""$comment"":""Display known failures in UI between ingredients with all effects known."",""enabled"":true},""mixtureNames"":{""$comment"":""Modify names to reflect additional effects/impurities."",""enabled"":true},""roundedPotency"":{""$comment"":""Round effect potency to a multiple above a threshold."",""durationMult"":5.0,""durationThreshold"":15.0,""enabled"":false,""magnitudeMult"":5.0,""magnitudeThreshold"":25.0,""overrides"":{""$comment"":""Define setting overrides per alchemy effect.""}}}",1,"Blisterwort [form=0x0004DA25, count=1]; Wheat [form=0x0004B0BA, count=1]",0xFF0008EA,0,index=0|form_id=0x0003EB15|magnitude=33|duration=0|area=0|base_cost=0.5|flags=0x00200A00,selection=1|form_id=0x0004DA25|name=B;selection=2|form_id=0x0004B0BA|name=W
AP,"Briar Heart, Canis Root",337,100,0,0,0,0,0,0,1,"{""AlchemyIngredientInitMultiplier"":4.0,""AlchemySkillFactor"":1.5,""copyExemplars"":{""$comment"":""Swap models and names of crafted potions to the nearest exemplar."",""enabled"":true,""exemplars"":[""Skyrim.esm|E3E9A"",""Skyrim.esm|65A72"",""Skyrim.esm|65A3E"",""Skyrim.esm|65A3F"",""Skyrim.esm|65A5A"",""Skyrim.esm|74A29"",""Skyrim.esm|74A23"",""Skyrim.esm|74A2D"",""Skyrim.esm|74A27"",""Skyrim.esm|74A21""]},""impureCostFix"":{""$comment"":""Impurities in mixtures subtract from the cost instead of adding to it."",""enabled"":true},""knownFailureFix"":{""$comment"":""Display known failures in UI between ingredients with all effects known."",""enabled"":true},""mixtureNames"":{""$comment"":""Modify names to reflect additional effects/impurities."",""enabled"":true},""roundedPotency"":{""$comment"":""Round effect potency to a multiple above a threshold."",""durationMult"":5.0,""durationThreshold"":15.0,""enabled"":false,""magnitudeMult"":5.0,""magnitudeThreshold"":25.0,""overrides"":{""$comment"":""Define setting overrides per alchemy effect.""}}}",1,"Briar Heart [form=0x0003AD61, count=1]; Canis Root [form=0x0006ABCB, count=1]",0xFF0008EC,3,index=0|form_id=0x00073F30|magnitude=10|duration=7|area=0|base_cost=500|flags=0x00400C03,selection=1|form_id=0x0003AD61|name=B;selection=2|form_id=0x0006ABCB|name=C
Vanilla,"Blue Butterfly Wing, Blue Mountain Flower",340,100,0,0,0,1,0,0,0,"{""AlchemyIngredientInitMultiplier"":4.0,""AlchemySkillFactor"":1.5}",1,"Blue Butterfly Wing [form=0x000727DE, count=1]; Blue Mountain Flower [form=0x00077E1C, count=1]",0xFF00088C,3,index=0|form_id=0x00073F2B|magnitude=100|duration=30|area=0|base_cost=0.5|flags=0x00400807;index=1|form_id=0x0003EB25|magnitude=30|duration=60|area=0|base_cost=0.25|flags=0x00200802,selection=1|form_id=0x00077E1C|name=B;selection=2|form_id=0x000727DE|name=B
Vanilla,"Blue Butterfly Wing, Blue Mountain Flower",340,100,0,0,1,0,0,0,0,"{""AlchemyIngredientInitMultiplier"":4.0,""AlchemySkillFactor"":1.5}",1,"Blue Butterfly Wing [form=0x000727DE, count=1]; Blue Mountain Flower [form=0x00077E1C, count=1]",0xFF00088C,3,index=0|form_id=0x00073F2B|magnitude=100|duration=30|area=0|base_cost=0.5|flags=0x00400807;index=1|form_id=0x0003EB25|magnitude=30|duration=60|area=0|base_cost=0.25|flags=0x00200802,selection=1|form_id=0x00077E1C|name=B;selection=2|form_id=0x000727DE|name=B
Vanilla,"Blisterwort, Wheat",21,100,0,0,0,0,1,0,0,"{""AlchemyIngredientInitMultiplier"":4.0,""AlchemySkillFactor"":1.5}",1,"Blisterwort [form=0x0004DA25, count=1]; Wheat [form=0x0004B0BA, count=1]",0xFF000895,0,index=0|form_id=0x0003EB15|magnitude=30|duration=0|area=0|base_cost=0.5|flags=0x00200A00,selection=1|form_id=0x0004DA25|name=B;selection=2|form_id=0x0004B0BA|name=W
Vanilla,"Blisterwort, Wheat",23,100,0,0,0,0,0,0,1,"{""AlchemyIngredientInitMultiplier"":4.0,""AlchemySkillFactor"":1.5}",1,"Blisterwort [form=0x0004DA25, count=1]; Wheat [form=0x0004B0BA, count=1]",0xFF000899,0,index=0|form_id=0x0003EB15|magnitude=33|duration=0|area=0|base_cost=0.5|flags=0x00200A00,selection=1|form_id=0x0004DA25|name=B;selection=2|form_id=0x0004B0BA|name=W
Vanilla,"Abecean Longfin, Cyrodilic Spadetail, Salt Pile",118,100,0,0,0,0,0,0,0,"{""AlchemyIngredientInitMultiplier"":4.0,""AlchemySkillFactor"":1.5}",1,"Abecean Longfin [form=0x00106E1B, count=1]; Cyrodilic Spadetail [form=0x00106E19, count=1]; Salt Pile [form=0x00034CDF, count=1]",0xFF0008E9,0,index=0|form_id=0x0003EB28|magnitude=24|duration=60|area=0|base_cost=0.5|flags=0x00200802,selection=1|form_id=0x00106E1B|name=A;selection=2|form_id=0x00034CDF|name=S;selection=3|form_id=0x00106E19|name=C
CACO,"Creep Cluster, Giant Lichen, Rock Warbler Egg",63,100,0,0,0,0,0,0,0,"{""AlchemyIngredientInitMultiplier"":3.0,""AlchemySkillFactor"":3.0,""AlchemyXPMultiplier"":""1"",""DamageHealthDuration"":""2"",""DamageMagickaDuration"":""2"",""DamageStaminaDuration"":""2"",""DisableAllPotionHandling"":""1"",""ImpurePotionProcessing"":""0"",""RestoreEffectsDoNotStack"":""1"",""RestoreHealthDuration"":""2"",""RestoreMagickaDuration"":""2"",""RestoreStaminaDuration"":""2""}",1,"Creep Cluster [form=0x000B2183, count=1]; Giant Lichen [form=0x0007E8C1, count=1]; Rock Warbler Egg [form=0x0007E8C8, count=1]",0xFF000887,7,index=0|form_id=0x00073F51|magnitude=30|duration=30|area=0|base_cost=0.430000007|flags=0x00201007;index=1|form_id=0x0003EB17|magnitude=7|duration=1|area=0|base_cost=4.69999981|flags=0x00200800,selection=1|form_id=0x000B2183|name=C;selection=2|form_id=0x0007E8C1|name=G;selection=3|form_id=0x0007E8C8|name=R
CACO,"Blisterwort, Wheat Extract",4,100,0,0,0,0,0,0,0,"{""AlchemyIngredientInitMultiplier"":3.0,""AlchemySkillFactor"":3.0,""AlchemyXPMultiplier"":""1"",""DamageHealthDuration"":""0"",""DamageMagickaDuration"":""0"",""DamageStaminaDuration"":""0"",""DisableAllPotionHandling"":""1"",""ImpurePotionProcessing"":""0"",""RestoreEffectsDoNotStack"":""1"",""RestoreHealthDuration"":""2"",""RestoreMagickaDuration"":""2"",""RestoreStaminaDuration"":""0""}",1,"Blisterwort [form=0x0004DA25, count=1]; Wheat Extract [form=0x085A46B8, count=1]",0xFF000890,0,index=0|form_id=0x0003EB15|magnitude=8|duration=1|area=0|base_cost=5.30000019|flags=0x00200800,selection=1|form_id=0x0004DA25|name=B;selection=2|form_id=0x085A46B8|name=W
CACO,"Watcher's Eye, Wisp Wrappings",76,100,0,0,0,0,0,0,1,"{""AlchemyIngredientInitMultiplier"":3.0,""AlchemySkillFactor"":3.0,""AlchemyXPMultiplier"":""1"",""DamageHealthDuration"":""0"",""DamageMagickaDuration"":""0"",""DamageStaminaDuration"":""0"",""DisableAllPotionHandling"":""1"",""ImpurePotionProcessing"":""0"",""RestoreEffectsDoNotStack"":""1"",""RestoreHealthDuration"":""0"",""RestoreMagickaDuration"":""0"",""RestoreStaminaDuration"":""0""}",1,"Watcher's Eye [form=0xFE004821, count=1]; Wisp Wrappings [form=0x0006BC0E, count=1]",0xFF0008CE,0,index=0|form_id=0x0804C7FF|magnitude=0|duration=36|area=0|base_cost=18.6000004|flags=0x0C401C12,selection=1|form_id=0x0006BC0E|name=W;selection=2|form_id=0xFE004821|name=W
CACO,"Blind Watcher's Eye, Watcher's Eye",705,100,0,0,0,0,0,0,1,"{""AlchemyIngredientInitMultiplier"":3.0,""AlchemySkillFactor"":3.0,""AlchemyXPMultiplier"":""1"",""DamageHealthDuration"":""0"",""DamageMagickaDuration"":""0"",""DamageStaminaDuration"":""0"",""DisableAllPotionHandling"":""1"",""ImpurePotionProcessing"":""0"",""RestoreEffectsDoNotStack"":""1"",""RestoreHealthDuration"":""0"",""RestoreMagickaDuration"":""0"",""RestoreStaminaDuration"":""0""}",1,"Blind Watcher's Eye [form=0xFE004822, count=1]; Watcher's Eye [form=0xFE004821, count=1]",0xFF0008D6,0,index=0|form_id=0xFE004812|magnitude=50|duration=594|area=0|base_cost=0.100000001|flags=0x00400002;index=1|form_id=0xFE004846|magnitude=0|duration=594|area=0|base_cost=0.5|flags=0x00401000,selection=1|form_id=0xFE004822|name=B;selection=2|form_id=0xFE004821|name=W
CACO+AP,"Canis Root, Spider Egg",20,100,0,0,0,0,0,0,0,"{""AlchemyIngredientInitMultiplier"":3.0,""AlchemySkillFactor"":3.0,""alchemyPlus"":{""copyExemplars"":{""$comment"":""Swap models and names of crafted potions to the nearest exemplar."",""enabled"":true,""exemplars"":[""Skyrim.esm|E3E9A"",""Skyrim.esm|65A72"",""Skyrim.esm|65A3E"",""Skyrim.esm|65A3F"",""Skyrim.esm|65A5A"",""Skyrim.esm|74A29"",""Skyrim.esm|74A23"",""Skyrim.esm|74A2D"",""Skyrim.esm|74A27"",""Skyrim.esm|74A21""]},""impureCostFix"":{""$comment"":""Impurities in mixtures subtract from the cost instead of adding to it."",""enabled"":true},""knownFailureFix"":{""$comment"":""Display known failures in UI between ingredients with all effects known."",""enabled"":true},""mixtureNames"":{""$comment"":""Modify names to reflect additional effects/impurities."",""enabled"":true},""roundedPotency"":{""$comment"":""Round effect potency to a multiple above a threshold."",""durationMult"":5.0,""durationThreshold"":15.0,""enabled"":false,""magnitudeMult"":5.0,""magnitudeThreshold"":25.0,""overrides"":{""$comment"":""Define setting overrides per alchemy effect.""}}},""caco"":{""AlchemyIngredientInitMultiplier"":""3"",""AlchemySkillFactor"":""3"",""AlchemyXPMultiplier"":""1"",""DamageHealthDuration"":""0"",""DamageMagickaDuration"":""0"",""DamageStaminaDuration"":""0"",""DisableAllPotionHandling"":""1"",""ImpurePotionProcessing"":""0"",""RestoreEffectsDoNotStack"":""1"",""RestoreHealthDuration"":""0"",""RestoreMagickaDuration"":""0"",""RestoreStaminaDuration"":""0""}}",1,"Canis Root [form=0x0006ABCB, count=1]; Spider Egg [form=0x0009151B, count=1]",0xFF00089F,20,index=0|form_id=0x0003EB1B|magnitude=29|duration=60|area=0|base_cost=0.324999988|flags=0x00200802;index=1|form_id=0x0003A2C6|magnitude=125|duration=1|area=0|base_cost=4.5999999|flags=0x00200805,selection=1|form_id=0x0006ABCB|name=C;selection=2|form_id=0x0009151B|name=S
Requiem,"Blue Mountain Flower, Wheat",137,100,0,2,0,1,1,1,0,"{""AlchemicalLoreRank"":""2"",""AlchemyIngredientInitMultiplier"":4.5,""AlchemySkillFactor"":1.7999999523162842,""HasImprovedElixirs"":""1"",""HasImprovedPoisons"":""1"",""HasPurificationProcess"":""1"",""HasUnperkedCraftingKeyword"":""0""}",1.5,"Blue Mountain Flower [form=0x00077E1C, count=1]; Wheat [form=0x0004B0BA, count=1]",0xFF0008F7,0,index=0|form_id=0x0003EAF3|magnitude=55|duration=60|area=0|base_cost=0.200000003|flags=0x00200802;index=1|form_id=0x0003EB15|magnitude=26|duration=20|area=0|base_cost=0.25|flags=0x00200800,selection=1|form_id=0x00077E1C|name=B;selection=2|form_id=0x0004B0BA|name=W
Requiem,"Deathbell, Nightshade",89,100,0,2,0,1,1,1,0,"{""AlchemicalLoreRank"":""2"",""AlchemyIngredientInitMultiplier"":4.5,""AlchemySkillFactor"":1.7999999523162842,""HasImprovedElixirs"":""1"",""HasImprovedPoisons"":""1"",""HasPurificationProcess"":""1"",""HasUnperkedCraftingKeyword"":""0""}",1.5,"Deathbell [form=0x000516C8, count=1]; Nightshade [form=0x0002F44C, count=1]",0xFF0008FB,3,index=0|form_id=0x0003EB42|magnitude=82|duration=5|area=0|base_cost=1.5|flags=0x00200805,selection=1|form_id=0x000516C8|name=D;selection=2|form_id=0x0002F44C|name=N
Requiem,"Glowing Mushroom, Snowberries",228,100,0,2,0,1,1,1,0,"{""AlchemicalLoreRank"":""2"",""AlchemyIngredientInitMultiplier"":4.5,""AlchemySkillFactor"":1.7999999523162842,""HasImprovedElixirs"":""1"",""HasImprovedPoisons"":""1"",""HasPurificationProcess"":""1"",""HasUnperkedCraftingKeyword"":""0""}",1.5,"Glowing Mushroom [form=0x0007EE01, count=1]; Snowberries [form=0x0001B3BD, count=1]",0xFF0008FD,0,index=0|form_id=0x0003EAEC|magnitude=82|duration=60|area=0|base_cost=0.25|flags=0x00201002,selection=1|form_id=0x0007EE01|name=G;selection=2|form_id=0x0001B3BD|name=S
Requiem,"Blue Mountain Flower, Wheat",25,50,0,2,0,0,0,0,0,"{""AlchemicalLoreRank"":""2"",""AlchemyIngredientInitMultiplier"":4.0,""AlchemySkillFactor"":1.100000023841858,""HasImprovedElixirs"":""0"",""HasImprovedPoisons"":""0"",""HasPurificationProcess"":""0"",""HasUnperkedCraftingKeyword"":""0""}",1.5,"Blue Mountain Flower [form=0x00077E1C, count=1]; Wheat [form=0x0004B0BA, count=1]",0xFF00092C,0,index=0|form_id=0x0003EAF3|magnitude=13|duration=60|area=0|base_cost=0.200000003|flags=0x00200802;index=1|form_id=0x0003EB15|magnitude=3|duration=20|area=0|base_cost=0.25|flags=0x00200800,selection=1|form_id=0x00077E1C|name=B;selection=2|form_id=0x0004B0BA|name=W
Requiem,"Glowing Mushroom, Snowberries",45,50,0,2,0,0,0,0,0,"{""AlchemicalLoreRank"":""2"",""AlchemyIngredientInitMultiplier"":4.0,""AlchemySkillFactor"":1.100000023841858,""HasImprovedElixirs"":""0"",""HasImprovedPoisons"":""0"",""HasPurificationProcess"":""0"",""HasUnperkedCraftingKeyword"":""0""}",1.5,"Glowing Mushroom [form=0x0007EE01, count=1]; Snowberries [form=0x0001B3BD, count=1]",0xFF000930,0,index=0|form_id=0x0003EAEC|magnitude=19|duration=60|area=0|base_cost=0.25|flags=0x00201002,selection=1|form_id=0x0007EE01|name=G;selection=2|form_id=0x0001B3BD|name=S
Requiem,"Deathbell, Nightshade",17,50,0,2,0,0,0,0,0,"{""AlchemicalLoreRank"":""2"",""AlchemyIngredientInitMultiplier"":4.0,""AlchemySkillFactor"":1.100000023841858,""HasImprovedElixirs"":""0"",""HasImprovedPoisons"":""0"",""HasPurificationProcess"":""0"",""HasUnperkedCraftingKeyword"":""0""}",1.5,"Deathbell [form=0x000516C8, count=1]; Nightshade [form=0x0002F44C, count=1]",0xFF000935,3,index=0|form_id=0x0003EB42|magnitude=19|duration=5|area=0|base_cost=1.5|flags=0x00200805,selection=1|form_id=0x000516C8|name=D;selection=2|form_id=0x0002F44C|name=N
Requiem,"Blue Mountain Flower, Wheat",17,100,0,0,0,0,0,0,0,"{""AlchemicalLoreRank"":""0"",""AlchemyIngredientInitMultiplier"":4.0,""AlchemySkillFactor"":1.100000023841858,""HasImprovedElixirs"":""0"",""HasImprovedPoisons"":""0"",""HasPurificationProcess"":""0"",""HasUnperkedCraftingKeyword"":""1""}",1,"Blue Mountain Flower [form=0x00077E1C, count=1]; Wheat [form=0x0004B0BA, count=1]",0xFF000936,0,index=0|form_id=0x0003EAF3|magnitude=9|duration=60|area=0|base_cost=0.200000003|flags=0x00200802;index=1|form_id=0x0003EB15|magnitude=2|duration=20|area=0|base_cost=0.25|flags=0x00200800,selection=1|form_id=0x00077E1C|name=B;selection=2|form_id=0x0004B0BA|name=W
Apothecary,"Blue Butterfly Wing, Blue Mountain Flower",30,75,0,0,0,0,0,0,0,"{""AlchemyIngredientInitMultiplier"":4.0,""AlchemySkillFactor"":1.5}",1,"Blue Butterfly Wing [form=0x000727DE, count=1]; Blue Mountain Flower [form=0x00077E1C, count=1]",0xFF0008C9,0,index=0|form_id=0x0003EB25|magnitude=37|duration=60|area=0|base_cost=0.0799999982|flags=0x00200802,selection=1|form_id=0x000727DE|name=B;selection=2|form_id=0x00077E1C|name=B
Apothecary,"Chaurus Eggs, Torchbug Thorax",109,100,0,0,0,0,0,0,0,"{""AlchemyIngredientInitMultiplier"":4.0,""AlchemySkillFactor"":1.5}",1,"Chaurus Eggs [form=0x0003AD56, count=1]; Torchbug Thorax [form=0x0004DA73, count=1]",0xFF0008DA,0,index=0|form_id=0x0003EAF9|magnitude=40|duration=300|area=0|base_cost=0.0450000018|flags=0x00200802,selection=1|form_id=0x0004DA73|name=T;selection=2|form_id=0x0003AD56|name=C
Vanilla,"Abecean Longfin, Cyrodilic Spadetail, Salt Pile",360,100,0,5,1,1,1,1,1,"{""AlchemyIngredientInitMultiplier"":4.0,""AlchemySkillFactor"":1.5}",2,"Abecean Longfin [form=0x00106E1B, count=1]; Cyrodilic Spadetail [form=0x00106E19, count=1]; Salt Pile [form=0x00034CDF, count=1]",0xFF00085D,0,index=0|form_id=0x0003EB28|magnitude=66|duration=60|area=0|base_cost=0.5|flags=0x00200802,selection=1|form_id=0x00106E1B|name=A;selection=2|form_id=0x00034CDF|name=S;selection=3|form_id=0x00106E19|name=C
CACO,"Blisterwort, Wheat Extract",4,100,0,0,0,0,0,0,0,"{""AlchemyIngredientInitMultiplier"":3.0,""AlchemySkillFactor"":3.0,""AlchemyXPMultiplier"":""1"",""DamageHealthDuration"":""2"",""DamageMagickaDuration"":""2"",""DamageStaminaDuration"":""2"",""DisableAllPotionHandling"":""1"",""ImpurePotionProcessing"":""0"",""RestoreEffectsDoNotStack"":""1"",""RestoreHealthDuration"":""2"",""RestoreMagickaDuration"":""2"",""RestoreStaminaDuration"":""2""}",1,"Blisterwort [form=0x0004DA25, count=1]; Wheat Extract [form=0x085A46B8, count=1]",0xFF000879,0,index=0|form_id=0x0003EB15|magnitude=8|duration=1|area=0|base_cost=5.30000019|flags=0x00200800,selection=1|form_id=0x0004DA25|name=B;selection=2|form_id=0x085A46B8|name=W
CACO,"Deathbell, River Betty",80,100,0,0,0,0,0,0,0,"{""AlchemyIngredientInitMultiplier"":3.0,""AlchemySkillFactor"":3.0,""AlchemyXPMultiplier"":""1"",""DamageHealthDuration"":""2"",""DamageMagickaDuration"":""2"",""DamageStaminaDuration"":""2"",""DisableAllPotionHandling"":""1"",""ImpurePotionProcessing"":""0"",""RestoreEffectsDoNotStack"":""1"",""RestoreHealthDuration"":""2"",""RestoreMagickaDuration"":""2"",""RestoreStaminaDuration"":""2""}",1,"Deathbell [form=0x000516C8, count=1]; River Betty [form=0x00106E1A, count=1]",0xFF00087A,7,index=0|form_id=0x00073F25|magnitude=50|duration=30|area=0|base_cost=0.300000012|flags=0x00401807;index=1|form_id=0x0003EB42|magnitude=8|duration=1|area=0|base_cost=7.9000001|flags=0x00200805,selection=1|form_id=0x000516C8|name=D;selection=2|form_id=0x00106E1A|name=R
CACO,"Ancestor Moth, Blue Mountain Flower",95,100,0,0,0,0,0,0,0,"{""AlchemyIngredientInitMultiplier"":3.0,""AlchemySkillFactor"":3.0,""AlchemyXPMultiplier"":""1"",""DamageHealthDuration"":""2"",""DamageMagickaDuration"":""2"",""DamageStaminaDuration"":""2"",""DisableAllPotionHandling"":""1"",""ImpurePotionProcessing"":""0"",""RestoreEffectsDoNotStack"":""1"",""RestoreHealthDuration"":""2"",""RestoreMagickaDuration"":""2"",""RestoreStaminaDuration"":""2""}",1,"Ancestor Moth [form=0x020059BA, count=1]; Blue Mountain Flower [form=0x00077E1C, count=1]",0xFF0008B4,0,index=0|form_id=0x0003EB25|magnitude=52|duration=60|area=0|base_cost=0.172000006|flags=0x00200802,selection=1|form_id=0x020059BA|name=A;selection=2|form_id=0x00077E1C|name=B
CACO,"Briar Heart, Ectoplasm",92,100,0,0,0,0,0,0,0,"{""AlchemyIngredientInitMultiplier"":3.0,""AlchemySkillFactor"":3.0,""AlchemyXPMultiplier"":""1"",""DamageHealthDuration"":""2"",""DamageMagickaDuration"":""2"",""DamageStaminaDuration"":""2"",""DisableAllPotionHandling"":""1"",""ImpurePotionProcessing"":""0"",""RestoreEffectsDoNotStack"":""1"",""RestoreHealthDuration"":""2"",""RestoreMagickaDuration"":""2"",""RestoreStaminaDuration"":""2""}",1,"Briar Heart [form=0x0003AD61, count=1]; Ectoplasm [form=0x0003AD63, count=1]",0xFF0008CA,0,index=0|form_id=0x0003EAF8|magnitude=65|duration=60|area=0|base_cost=0.129999995|flags=0x00200802,selection=1|form_id=0x0003AD61|name=B;selection=2|form_id=0x0003AD63|name=E
CACO,"Boar Tusk, Briar Heart",99,100,0,2,0,0,0,0,0,"{""AlchemyIngredientInitMultiplier"":3.0,""AlchemySkillFactor"":3.0,""AlchemyXPMultiplier"":""1"",""DamageHealthDuration"":""1"",""DamageMagickaDuration"":""1"",""DamageStaminaDuration"":""1"",""DisableAllPotionHandling"":""1"",""ImpurePotionProcessing"":""0"",""RestoreEffectsDoNotStack"":""1"",""RestoreHealthDuration"":""1"",""RestoreMagickaDuration"":""1"",""RestoreStaminaDuration"":""1""}",1.39999998,"Boar Tusk [form=0x0401CD6F, count=1]; Briar Heart [form=0x0003AD61, count=1]",0xFF0008DA,0,index=0|form_id=0x0003EAF3|magnitude=70|duration=60|area=0|base_cost=0.129999995|flags=0x00200802,selection=1|form_id=0x0401CD6F|name=B;selection=2|form_id=0x0003AD61|name=B
CACO,"Canis Root, Spider Egg",107,100,0,2,0,0,0,0,0,"{""AlchemyIngredientInitMultiplier"":3.0,""AlchemySkillFactor"":3.0,""AlchemyXPMultiplier"":""1"",""DamageHealthDuration"":""1"",""DamageMagickaDuration"":""1"",""DamageStaminaDuration"":""1"",""DisableAllPotionHandling"":""1"",""ImpurePotionProcessing"":""0"",""RestoreEffectsDoNotStack"":""1"",""RestoreHealthDuration"":""1"",""RestoreMagickaDuration"":""1"",""RestoreStaminaDuration"":""1""}",1.39999998,"Canis Root [form=0x0006ABCB, count=1]; Spider Egg [form=0x0009151B, count=1]",0xFF0008DF,0,index=0|form_id=0x0003EB1B|magnitude=29|duration=60|area=0|base_cost=0.324999988|flags=0x00200802;index=1|form_id=0x0003A2C6|magnitude=25|duration=1|area=0|base_cost=4.5999999|flags=0x00200805,selection=1|form_id=0x0006ABCB|name=C;selection=2|form_id=0x0009151B|name=S
CACO,"Blisterwort, Wheat",4,100,0,2,0,0,0,0,0,"{""AlchemyIngredientInitMultiplier"":3.0,""AlchemySkillFactor"":3.0,""AlchemyXPMultiplier"":""1"",""DamageHealthDuration"":""1"",""DamageMagickaDuration"":""1"",""DamageStaminaDuration"":""1"",""DisableAllPotionHandling"":""1"",""ImpurePotionProcessing"":""0"",""RestoreEffectsDoNotStack"":""1"",""RestoreHealthDuration"":""1"",""RestoreMagickaDuration"":""1"",""RestoreStaminaDuration"":""1""}",1.39999998,"Blisterwort [form=0x0004DA25, count=1]; Wheat [form=0x0004B0BA, count=1]",0xFF000879,0,index=0|form_id=0x0003EB15|magnitude=8|duration=1|area=0|base_cost=5.30000019|flags=0x00200800,selection=1|form_id=0x0004DA25|name=B;selection=2|form_id=0x0004B0BA|name=W
CACO,"Blisterwort, Wheat Extract",9,100,0,0,1,0,0,0,0,"{""AlchemyIngredientInitMultiplier"":3.0,""AlchemySkillFactor"":3.0,""AlchemyXPMultiplier"":""1"",""DamageHealthDuration"":""0"",""DamageMagickaDuration"":""0"",""DamageStaminaDuration"":""0"",""DisableAllPotionHandling"":""1"",""ImpurePotionProcessing"":""0"",""RestoreEffectsDoNotStack"":""1"",""RestoreHealthDuration"":""1"",""RestoreMagickaDuration"":""2"",""RestoreStaminaDuration"":""0""}",1,"Blisterwort [form=0x0004DA25, count=1]; Wheat Extract [form=0x085A46B8, count=1]",0xFF0008E6,0,index=0|form_id=0x0003EB15|magnitude=17|duration=1|area=0|base_cost=5.30000019|flags=0x00200800,selection=1|form_id=0x0004DA25|name=B;selection=2|form_id=0x085A46B8|name=W
CACO,"Briar Heart, Ectoplasm",92,100,0,0,1,0,0,0,0,"{""AlchemyIngredientInitMultiplier"":3.0,""AlchemySkillFactor"":3.0,""AlchemyXPMultiplier"":""1"",""DamageHealthDuration"":""0"",""DamageMagickaDuration"":""0"",""DamageStaminaDuration"":""0"",""DisableAllPotionHandling"":""1"",""ImpurePotionProcessing"":""0"",""RestoreEffectsDoNotStack"":""1"",""RestoreHealthDuration"":""1"",""RestoreMagickaDuration"":""2"",""RestoreStaminaDuration"":""0""}",1,"Briar Heart [form=0x0003AD61, count=1]; Ectoplasm [form=0x0003AD63, count=1]",0xFF0008CA,0,index=0|form_id=0x0003EAF8|magnitude=65|duration=60|area=0|base_cost=0.129999995|flags=0x00200802,selection=1|form_id=0x0003AD61|name=B;selection=2|form_id=0x0003AD63|name=E
CACO,"Chaurus Eggs, Vampire Dust",90,100,0,0,1,0,0,0,0,"{""AlchemyIngredientInitMultiplier"":3.0,""AlchemySkillFactor"":3.0,""AlchemyXPMultiplier"":""1"",""DamageHealthDuration"":""0"",""DamageMagickaDuration"":""0"",""DamageStaminaDuration"":""0"",""DisableAllPotionHandling"":""1"",""ImpurePotionProcessing"":""0"",""RestoreEffectsDoNotStack"":""1"",""RestoreHealthDuration"":""1"",""RestoreMagickaDuration"":""2"",""RestoreStaminaDuration"":""0""}",1,"Chaurus Eggs [form=0x0003AD56, count=1]; Vampire Dust [form=0x0003AD76, count=1]",0xFF0008E7,0,index=0|form_id=0x0003EB3D|magnitude=0|duration=30|area=0|base_cost=27|flags=0x00401C02,selection=1|form_id=0x0003AD56|name=C;selection=2|form_id=0x0003AD76|name=V
CACO,"Deathbell, River Betty",104,100,0,0,0,0,1,0,0,"{""AlchemyIngredientInitMultiplier"":3.0,""AlchemySkillFactor"":3.0,""AlchemyXPMultiplier"":""1"",""DamageHealthDuration"":""2"",""DamageMagickaDuration"":""2"",""DamageStaminaDuration"":""2"",""DisableAllPotionHandling"":""1"",""ImpurePotionProcessing"":""0"",""RestoreEffectsDoNotStack"":""1"",""RestoreHealthDuration"":""2"",""RestoreMagickaDuration"":""2"",""RestoreStaminaDuration"":""2""}",1,"Deathbell [form=0x000516C8, count=1]; River Betty [form=0x00106E1A, count=1]",0xFF0008EC,7,index=0|form_id=0x00073F25|magnitude=50|duration=38|area=0|base_cost=0.300000012|flags=0x00401807;index=1|form_id=0x0003EB42|magnitude=10|duration=1|area=0|base_cost=7.9000001|flags=0x00200805,selection=1|form_id=0x000516C8|name=D;selection=2|form_id=0x00106E1A|name=R
CACO,"Canis Root, Spider Egg",100,100,0,0,0,0,1,0,0,"{""AlchemyIngredientInitMultiplier"":3.0,""AlchemySkillFactor"":3.0,""AlchemyXPMultiplier"":""1"",""DamageHealthDuration"":""2"",""DamageMagickaDuration"":""2"",""DamageStaminaDuration"":""2"",""DisableAllPotionHandling"":""1"",""ImpurePotionProcessing"":""0"",""RestoreEffectsDoNotStack"":""1"",""RestoreHealthDuration"":""2"",""RestoreMagickaDuration"":""2"",""RestoreStaminaDuration"":""2""}",1,"Canis Root [form=0x0006ABCB, count=1]; Spider Egg [form=0x0009151B, count=1]",0xFF0008F3,0,index=0|form_id=0x0003EB1B|magnitude=29|duration=60|area=0|base_cost=0.324999988|flags=0x00200802;index=1|form_id=0x0003A2C6|magnitude=12|duration=1|area=0|base_cost=4.5999999|flags=0x00200805,selection=1|form_id=0x0006ABCB|name=C;selection=2|form_id=0x0009151B|name=S
CACO,"Swamp Fungal Pod, Wheat Extract",65,100,0,0,0,0,1,0,0,"{""AlchemyIngredientInitMultiplier"":3.0,""AlchemySkillFactor"":3.0,""AlchemyXPMultiplier"":""1"",""DamageHealthDuration"":""2"",""DamageMagickaDuration"":""2"",""DamageStaminaDuration"":""2"",""DisableAllPotionHandling"":""1"",""ImpurePotionProcessing"":""0"",""RestoreEffectsDoNotStack"":""1"",""RestoreHealthDuration"":""2"",""RestoreMagickaDuration"":""2"",""RestoreStaminaDuration"":""2""}",1,"Swamp Fungal Pod [form=0x0007E8B7, count=1]; Wheat Extract [form=0x085A46B8, count=1]",0xFF0008FA,7,index=0|form_id=0x00073F2B|magnitude=38|duration=30|area=0|base_cost=0.360000014|flags=0x00200807,selection=1|form_id=0x0007E8B7|name=S;selection=2|form_id=0x085A46B8|name=W
CACO,"Dragon's Tongue, Fly Amanita",151,100,0,0,0,1,0,0,0,"{""AlchemyIngredientInitMultiplier"":3.0,""AlchemySkillFactor"":3.0,""AlchemyXPMultiplier"":""1"",""DamageHealthDuration"":""1"",""DamageMagickaDuration"":""1"",""DamageStaminaDuration"":""1"",""DisableAllPotionHandling"":""1"",""ImpurePotionProcessing"":""0"",""RestoreEffectsDoNotStack"":""1"",""RestoreHealthDuration"":""1"",""RestoreMagickaDuration"":""1"",""RestoreStaminaDuration"":""1""}",1,"Dragon's Tongue [form=0x000889A2, count=1]; Fly Amanita [form=0x0004DA00, count=1]",0xFF0008FB,0,index=0|form_id=0x0003EB1A|magnitude=25|duration=60|area=0|base_cost=0.324999988|flags=0x00200802;index=1|form_id=0x0003EAEA|magnitude=20|duration=60|area=0|base_cost=0.36500001|flags=0x00201002,selection=1|form_id=0x000889A2|name=D;selection=2|form_id=0x0004DA00|name=F
CACO,"Ancestor Moth, Blue Mountain Flower",121,100,0,0,0,1,0,0,0,"{""AlchemyIngredientInitMultiplier"":3.0,""AlchemySkillFactor"":3.0,""AlchemyXPMultiplier"":""1"",""DamageHealthDuration"":""1"",""DamageMagickaDuration"":""1"",""DamageStaminaDuration"":""1"",""DisableAllPotionHandling"":""1"",""ImpurePotionProcessing"":""0"",""RestoreEffectsDoNotStack"":""1"",""RestoreHealthDuration"":""1"",""RestoreMagickaDuration"":""1"",""RestoreStaminaDuration"":""1""}",1,"Ancestor Moth [form=0x020059BA, count=1]; Blue Mountain Flower [form=0x00077E1C, count=1]",0xFF0008B6,0,index=0|form_id=0x0003EB25|magnitude=65|duration=60|area=0|base_cost=0.172000006|flags=0x00200802,selection=1|form_id=0x020059BA|name=A;selection=2|form_id=0x00077E1C|name=B
CACO,"Garlic, Salt Pile",41,100,0,0,0,1,0,0,0,"{""AlchemyIngredientInitMultiplier"":3.0,""AlchemySkillFactor"":3.0,""AlchemyXPMultiplier"":""1"",""DamageHealthDuration"":""1"",""DamageMagickaDuration"":""1"",""DamageStaminaDuration"":""1"",""DisableAllPotionHandling"":""1"",""ImpurePotionProcessing"":""0"",""RestoreEffectsDoNotStack"":""1"",""RestoreHealthDuration"":""1"",""RestoreMagickaDuration"":""1"",""RestoreStaminaDuration"":""1""}",1,"Garlic [form=0x00034D22, count=1]; Salt Pile [form=0x00034CDF, count=1]",0xFF0008FD,0,index=0|form_id=0x0003EB08|magnitude=47|duration=180|area=0|base_cost=0.0252|flags=0x00200802,selection=1|form_id=0x00034CDF|name=S;selection=2|form_id=0x00034D22|name=G
CACO,"Red Mountain Flower, Wheat",106,100,50,5,1,1,1,1,0,"{""AlchemyIngredientInitMultiplier"":3.0,""AlchemySkillFactor"":3.0,""AlchemyXPMultiplier"":""1"",""DamageHealthDuration"":""0"",""DamageMagickaDuration"":""0"",""DamageStaminaDuration"":""0"",""DisableAllPotionHandling"":""1"",""ImpurePotionProcessing"":""0"",""RestoreEffectsDoNotStack"":""1"",""RestoreHealthDuration"":""1"",""RestoreMagickaDuration"":""2"",""RestoreStaminaDuration"":""0""}",2,"Red Mountain Flower [form=0x00077E1D, count=1]; Wheat [form=0x0004B0BA, count=1]",0xFF0008FE,0,index=0|form_id=0x0003EAF3|magnitude=66|duration=60|area=0|base_cost=0.129999995|flags=0x00200802;index=1|form_id=0x0003EB15|magnitude=22|duration=1|area=0|base_cost=5.30000019|flags=0x00200800,selection=1|form_id=0x00077E1D|name=R;selection=2|form_id=0x0004B0BA|name=W
CACO,"Boar Tusk, Briar Heart",367,100,50,5,1,1,1,1,0,"{""AlchemyIngredientInitMultiplier"":3.0,""AlchemySkillFactor"":3.0,""AlchemyXPMultiplier"":""1"",""DamageHealthDuration"":""0"",""DamageMagickaDuration"":""0"",""DamageStaminaDuration"":""0"",""DisableAllPotionHandling"":""1"",""ImpurePotionProcessing"":""0"",""RestoreEffectsDoNotStack"":""1"",""RestoreHealthDuration"":""1"",""RestoreMagickaDuration"":""2"",""RestoreStaminaDuration"":""0""}",2,"Boar Tusk [form=0x0401CD6F, count=1]; Briar Heart [form=0x0003AD61, count=1]",0xFF0008FF,0,index=0|form_id=0x0003EAF3|magnitude=229|duration=60|area=0|base_cost=0.129999995|flags=0x00200802,selection=1|form_id=0x0401CD6F|name=B;selection=2|form_id=0x0003AD61|name=B
CACO,"Deathbell, River Betty",557,100,50,5,1,1,1,1,0,"{""AlchemyIngredientInitMultiplier"":3.0,""AlchemySkillFactor"":3.0,""AlchemyXPMultiplier"":""1"",""DamageHealthDuration"":""0"",""DamageMagickaDuration"":""0"",""DamageStaminaDuration"":""0"",""DisableAllPotionHandling"":""1"",""ImpurePotionProcessing"":""0"",""RestoreEffectsDoNotStack"":""1"",""RestoreHealthDuration"":""1"",""RestoreMagickaDuration"":""2"",""RestoreStaminaDuration"":""0""}",2,"Deathbell [form=0x000516C8, count=1]; River Betty [form=0x00106E1A, count=1]",0xFF000914,7,index=0|form_id=0x00073F25|magnitude=50|duration=99|area=0|base_cost=0.300000012|flags=0x00401807;index=1|form_id=0x0003EB42|magnitude=257|duration=1|area=0|base_cost=7.9000001|flags=0x00200805,selection=1|form_id=0x000516C8|name=D;selection=2|form_id=0x00106E1A|name=R
CACO,"Blisterwort, Wheat Extract",13,50,50,3,1,0,0,0,0,"{""AlchemyIngredientInitMultiplier"":3.0,""AlchemySkillFactor"":3.0,""AlchemyXPMultiplier"":""1"",""DamageHealthDuration"":""1"",""DamageMagickaDuration"":""1"",""DamageStaminaDuration"":""1"",""DisableAllPotionHandling"":""1"",""ImpurePotionProcessing"":""0"",""RestoreEffectsDoNotStack"":""1"",""RestoreHealthDuration"":""1"",""RestoreMagickaDuration"":""1"",""RestoreStaminaDuration"":""1""}",1.60000002,"Blisterwort [form=0x0004DA25, count=1]; Wheat Extract [form=0x085A46B8, count=1]",0xFF00091B,0,index=0|form_id=0x0003EB15|magnitude=24|duration=1|area=0|base_cost=5.30000019|flags=0x00200800,selection=1|form_id=0x0004DA25|name=B;selection=2|form_id=0x085A46B8|name=W
CACO,"Mudcrab Chitin, Vampire Dust",45,50,50,3,1,0,0,0,0,"{""AlchemyIngredientInitMultiplier"":3.0,""AlchemySkillFactor"":3.0,""AlchemyXPMultiplier"":""1"",""DamageHealthDuration"":""1"",""DamageMagickaDuration"":""1"",""DamageStaminaDuration"":""1"",""DisableAllPotionHandling"":""1"",""ImpurePotionProcessing"":""0"",""RestoreEffectsDoNotStack"":""1"",""RestoreHealthDuration"":""1"",""RestoreMagickaDuration"":""1"",""RestoreStaminaDuration"":""1""}",1.60000002,"Mudcrab Chitin [form=0x0006BC00, count=1]; Vampire Dust [form=0x0003AD76, count=1]",0xFF000920,0,index=0|form_id=0x000AE722|magnitude=1|duration=0|area=0|base_cost=45|flags=0x00001A00,selection=1|form_id=0x0006BC00|name=M;selection=2|form_id=0x0003AD76|name=V
CACO,"Dragon's Tongue, Fly Amanita",177,50,50,3,1,0,0,0,0,"{""AlchemyIngredientInitMultiplier"":3.0,""AlchemySkillFactor"":3.0,""AlchemyXPMultiplier"":""1"",""DamageHealthDuration"":""1"",""DamageMagickaDuration"":""1"",""DamageStaminaDuration"":""1"",""DisableAllPotionHandling"":""1"",""ImpurePotionProcessing"":""0"",""RestoreEffectsDoNotStack"":""1"",""RestoreHealthDuration"":""1"",""RestoreMagickaDuration"":""1"",""RestoreStaminaDuration"":""1""}",1.60000002,"Dragon's Tongue [form=0x000889A2, count=1]; Fly Amanita [form=0x0004DA00, count=1]",0xFF000921,0,index=0|form_id=0x0003EB1A|magnitude=29|duration=60|area=0|base_cost=0.324999988|flags=0x00200802;index=1|form_id=0x0003EAEA|magnitude=23|duration=60|area=0|base_cost=0.36500001|flags=0x00201002,selection=1|form_id=0x000889A2|name=D;selection=2|form_id=0x0004DA00|name=F
CACO,"Blisterwort, Wheat Extract",9,100,0,0,0,0,0,0,0,"{""AlchemyIngredientInitMultiplier"":3.0,""AlchemySkillFactor"":3.0,""AlchemyXPMultiplier"":""1"",""DamageHealthDuration"":""1"",""DamageMagickaDuration"":""1"",""DamageStaminaDuration"":""1"",""DisableAllPotionHandling"":""1"",""ImpurePotionProcessing"":""0"",""RestoreEffectsDoNotStack"":""1"",""RestoreHealthDuration"":""1"",""RestoreMagickaDuration"":""1"",""RestoreStaminaDuration"":""1""}",1,"Blisterwort [form=0x0004DA25, count=1]; Wheat Extract [form=0x085A46B8, count=1]",0xFF0008E6,0,index=0|form_id=0x0003EB15|magnitude=17|duration=1|area=0|base_cost=5.30000019|flags=0x00200800,selection=1|form_id=0x0004DA25|name=B;selection=2|form_id=0x085A46B8|name=W
CACO,"Deathbell, River Betty",80,100,0,0,0,0,0,0,0,"{""AlchemyIngredientInitMultiplier"":3.0,""AlchemySkillFactor"":3.0,""AlchemyXPMultiplier"":""1"",""DamageHealthDuration"":""2"",""DamageMagickaDuration"":""1"",""DamageStaminaDuration"":""1"",""DisableAllPotionHandling"":""1"",""ImpurePotionProcessing"":""0"",""RestoreEffectsDoNotStack"":""1"",""RestoreHealthDuration"":""1"",""RestoreMagickaDuration"":""2"",""RestoreStaminaDuration"":""2""}",1,"Deathbell [form=0x000516C8, count=1]; River Betty [form=0x00106E1A, count=1]",0xFF00087A,7,index=0|form_id=0x00073F25|magnitude=50|duration=30|area=0|base_cost=0.300000012|flags=0x00401807;index=1|form_id=0x0003EB42|magnitude=8|duration=1|area=0|base_cost=7.9000001|flags=0x00200805,selection=1|form_id=0x000516C8|name=D;selection=2|form_id=0x00106E1A|name=R
CACO,"Briar Heart, Ectoplasm",92,100,0,0,0,0,0,0,0,"{""AlchemyIngredientInitMultiplier"":3.0,""AlchemySkillFactor"":3.0,""AlchemyXPMultiplier"":""1"",""DamageHealthDuration"":""2"",""DamageMagickaDuration"":""1"",""DamageStaminaDuration"":""1"",""DisableAllPotionHandling"":""1"",""ImpurePotionProcessing"":""0"",""RestoreEffectsDoNotStack"":""1"",""RestoreHealthDuration"":""1"",""RestoreMagickaDuration"":""2"",""RestoreStaminaDuration"":""2""}",1,"Briar Heart [form=0x0003AD61, count=1]; Ectoplasm [form=0x0003AD63, count=1]",0xFF0008CA,0,index=0|form_id=0x0003EAF8|magnitude=65|duration=60|area=0|base_cost=0.129999995|flags=0x00200802,selection=1|form_id=0x0003AD61|name=B;selection=2|form_id=0x0003AD63|name=E
CACO,"Bear Claws, Bee",4,100,0,0,0,0,0,0,0,"{""AlchemyIngredientInitMultiplier"":3.0,""AlchemySkillFactor"":3.0,""AlchemyXPMultiplier"":""1"",""DamageHealthDuration"":""2"",""DamageMagickaDuration"":""1"",""DamageStaminaDuration"":""1"",""DisableAllPotionHandling"":""1"",""ImpurePotionProcessing"":""0"",""RestoreEffectsDoNotStack"":""1"",""RestoreHealthDuration"":""1"",""RestoreMagickaDuration"":""2"",""RestoreStaminaDuration"":""2""}",1,"Bear Claws [form=0x0006BC02, count=1]; Bee [form=0x000A9195, count=1]",0xFF000925,0,index=0|form_id=0x0003EB16|magnitude=10|duration=1|area=0|base_cost=4.69999981|flags=0x00200800,selection=1|form_id=0x0006BC02|name=B;selection=2|form_id=0x000A9195|name=B
CACO,"Blisterwort, Wheat Extract",10,100,0,0,0,0,0,0,1,"{""AlchemyIngredientInitMultiplier"":3.0,""AlchemySkillFactor"":3.0,""AlchemyXPMultiplier"":""1"",""DamageHealthDuration"":""2"",""DamageMagickaDuration"":""1"",""DamageStaminaDuration"":""1"",""DisableAllPotionHandling"":""1"",""ImpurePotionProcessing"":""0"",""RestoreEffectsDoNotStack"":""1"",""RestoreHealthDuration"":""1"",""RestoreMagickaDuration"":""2"",""RestoreStaminaDuration"":""2""}",1,"Blisterwort [form=0x0004DA25, count=1]; Wheat Extract [form=0x085A46B8, count=1]",0xFF000966,0,index=0|form_id=0x0003EB15|magnitude=18|duration=1|area=0|base_cost=5.30000019|flags=0x00200800,selection=1|form_id=0x0004DA25|name=B;selection=2|form_id=0x085A46B8|name=W
CACO,"Glowing Mushroom, Wisp Wrappings",161,100,0,0,0,0,0,0,0,"{""AlchemyIngredientInitMultiplier"":3.0,""AlchemySkillFactor"":3.0,""AlchemyXPMultiplier"":""1"",""DamageHealthDuration"":""2"",""DamageMagickaDuration"":""1"",""DamageStaminaDuration"":""1"",""DisableAllPotionHandling"":""1"",""ImpurePotionProcessing"":""0"",""RestoreEffectsDoNotStack"":""1"",""RestoreHealthDuration"":""1"",""RestoreMagickaDuration"":""2"",""RestoreStaminaDuration"":""2""}",1,"Glowing Mushroom [form=0x0007EE01, count=1]; Wisp Wrappings [form=0x0006BC0E, count=1]",0xFF000975,0,index=0|form_id=0x080425EF|magnitude=0|duration=5|area=0|base_cost=174|flags=0x00401C00;index=1|form_id=0x0003EB26|magnitude=25|duration=60|area=0|base_cost=0.324999988|flags=0x00200802,selection=1|form_id=0x0006BC0E|name=W;selection=2|form_id=0x0007EE01|name=G
CACO,"Watcher's Eye, Wisp Wrappings",69,100,0,0,0,0,0,0,0,"{""AlchemyIngredientInitMultiplier"":3.0,""AlchemySkillFactor"":3.0,""AlchemyXPMultiplier"":""1"",""DamageHealthDuration"":""2"",""DamageMagickaDuration"":""1"",""DamageStaminaDuration"":""1"",""DisableAllPotionHandling"":""1"",""ImpurePotionProcessing"":""0"",""RestoreEffectsDoNotStack"":""1"",""RestoreHealthDuration"":""1"",""RestoreMagickaDuration"":""2"",""RestoreStaminaDuration"":""2""}",1,"Watcher's Eye [form=0xFE004821, count=1]; Wisp Wrappings [form=0x0006BC0E, count=1]",0xFF00097F,0,index=0|form_id=0x0804C7FF|magnitude=0|duration=33|area=0|base_cost=18.6000004|flags=0x0C401C12,selection=1|form_id=0x0006BC0E|name=W;selection=2|form_id=0xFE004821|name=W
CACO,"Blind Watcher's Eye, Watcher's Eye",635,100,0,0,0,0,0,0,0,"{""AlchemyIngredientInitMultiplier"":3.0,""AlchemySkillFactor"":3.0,""AlchemyXPMultiplier"":""1"",""DamageHealthDuration"":""2"",""DamageMagickaDuration"":""1"",""DamageStaminaDuration"":""1"",""DisableAllPotionHandling"":""1"",""ImpurePotionProcessing"":""0"",""RestoreEffectsDoNotStack"":""1"",""RestoreHealthDuration"":""1"",""RestoreMagickaDuration"":""2"",""RestoreStaminaDuration"":""2""}",1,"Blind Watcher's Eye [form=0xFE004822, count=1]; Watcher's Eye [form=0xFE004821, count=1]",0xFF000980,0,index=0|form_id=0xFE004812|magnitude=50|duration=540|area=0|base_cost=0.100000001|flags=0x00400002;index=1|form_id=0xFE004846|magnitude=0|duration=540|area=0|base_cost=0.5|flags=0x00401000,selection=1|form_id=0xFE004822|name=B;selection=2|form_id=0xFE004821|name=W
CACO+AP,"Blisterwort, Wheat Extract",9,100,0,0,1,0,0,0,0,"{""AlchemyIngredientInitMultiplier"":3.0,""AlchemySkillFactor"":3.0,""alchemyPlus"":{""copyExemplars"":{""$comment"":""Swap models and names of crafted potions to the nearest exemplar."",""enabled"":true,""exemplars"":[""Skyrim.esm|E3E9A"",""Skyrim.esm|65A72"",""Skyrim.esm|65A3E"",""Skyrim.esm|65A3F"",""Skyrim.esm|65A5A"",""Skyrim.esm|74A29"",""Skyrim.esm|74A23"",""Skyrim.esm|74A2D"",""Skyrim.esm|74A27"",""Skyrim.esm|74A21""]},""impureCostFix"":{""$comment"":""Impurities in mixtures subtract from the cost instead of adding to it."",""enabled"":true},""knownFailureFix"":{""$comment"":""Display known failures in UI between ingredients with all effects known."",""enabled"":true},""mixtureNames"":{""$comment"":""Modify names to reflect additional effects/impurities."",""enabled"":true},""roundedPotency"":{""$comment"":""Round effect potency to a multiple above a threshold."",""durationMult"":5.0,""durationThreshold"":15.0,""enabled"":true,""magnitudeMult"":5.0,""magnitudeThreshold"":25.0,""overrides"":{""$comment"":""Define setting overrides per alchemy effect.""}}},""caco"":{""AlchemyIngredientInitMultiplier"":""3"",""AlchemySkillFactor"":""3"",""AlchemyXPMultiplier"":""1"",""DamageHealthDuration"":""1"",""DamageMagickaDuration"":""1"",""DamageStaminaDuration"":""1"",""DisableAllPotionHandling"":""1"",""ImpurePotionProcessing"":""0"",""RestoreEffectsDoNotStack"":""1"",""RestoreHealthDuration"":""1"",""RestoreMagickaDuration"":""1"",""RestoreStaminaDuration"":""1""}}",1,"Blisterwort [form=0x0004DA25, count=1]; Wheat Extract [form=0x085A46B8, count=1]",0xFF00086D,0,index=0|form_id=0x0003EB15|magnitude=17|duration=1|area=0|base_cost=5.30000019|flags=0x00200800,selection=1|form_id=0x0004DA25|name=B;selection=2|form_id=0x085A46B8|name=W
CACO+AP,"Boar Tusk, Briar Heart",99,100,0,0,1,0,0,0,0,"{""AlchemyIngredientInitMultiplier"":3.0,""AlchemySkillFactor"":3.0,""alchemyPlus"":{""copyExemplars"":{""$comment"":""Swap models and names of crafted potions to the nearest exemplar."",""enabled"":true,""exemplars"":[""Skyrim.esm|E3E9A"",""Skyrim.esm|65A72"",""Skyrim.esm|65A3E"",""Skyrim.esm|65A3F"",""Skyrim.esm|65A5A"",""Skyrim.esm|74A29"",""Skyrim.esm|74A23"",""Skyrim.esm|74A2D"",""Skyrim.esm|74A27"",""Skyrim.esm|74A21""]},""impureCostFix"":{""$comment"":""Impurities in mixtures subtract from the cost instead of adding to it."",""enabled"":true},""knownFailureFix"":{""$comment"":""Display known failures in UI between ingredients with all effects known."",""enabled"":true},""mixtureNames"":{""$comment"":""Modify names to reflect additional effects/impurities."",""enabled"":true},""roundedPotency"":{""$comment"":""Round effect potency to a multiple above a threshold."",""durationMult"":5.0,""durationThreshold"":15.0,""enabled"":true,""magnitudeMult"":5.0,""magnitudeThreshold"":25.0,""overrides"":{""$comment"":""Define setting overrides per alchemy effect.""}}},""caco"":{""AlchemyIngredientInitMultiplier"":""3"",""AlchemySkillFactor"":""3"",""AlchemyXPMultiplier"":""1"",""DamageHealthDuration"":""1"",""DamageMagickaDuration"":""1"",""DamageStaminaDuration"":""1"",""DisableAllPotionHandling"":""1"",""ImpurePotionProcessing"":""0"",""RestoreEffectsDoNotStack"":""1"",""RestoreHealthDuration"":""1"",""RestoreMagickaDuration"":""1"",""RestoreStaminaDuration"":""1""}}",1,"Boar Tusk [form=0x0401CD6F, count=1]; Briar Heart [form=0x0003AD61, count=1]",0xFF000873,0,index=0|form_id=0x0003EAF3|magnitude=70|duration=60|area=0|base_cost=0.129999995|flags=0x00200802,selection=1|form_id=0x0401CD6F|name=B;selection=2|form_id=0x0003AD61|name=B
CACO+AP,"Briar Heart, Ectoplasm",99,100,0,0,1,0,0,0,0,"{""AlchemyIngredientInitMultiplier"":3.0,""AlchemySkillFactor"":3.0,""alchemyPlus"":{""copyExemplars"":{""$comment"":""Swap models and names of crafted potions to the nearest exemplar."",""enabled"":true,""exemplars"":[""Skyrim.esm|E3E9A"",""Skyrim.esm|65A72"",""Skyrim.esm|65A3E"",""Skyrim.esm|65A3F"",""Skyrim.esm|65A5A"",""Skyrim.esm|74A29"",""Skyrim.esm|74A23"",""Skyrim.esm|74A2D"",""Skyrim.esm|74A27"",""Skyrim.esm|74A21""]},""impureCostFix"":{""$comment"":""Impurities in mixtures subtract from the cost instead of adding to it."",""enabled"":true},""knownFailureFix"":{""$comment"":""Display known failures in UI between ingredients with all effects known."",""enabled"":true},""mixtureNames"":{""$comment"":""Modify names to reflect additional effects/impurities."",""enabled"":true},""roundedPotency"":{""$comment"":""Round effect potency to a multiple above a threshold."",""durationMult"":5.0,""durationThreshold"":15.0,""enabled"":true,""magnitudeMult"":5.0,""magnitudeThreshold"":25.0,""overrides"":{""$comment"":""Define setting overrides per alchemy effect.""}}},""caco"":{""AlchemyIngredientInitMultiplier"":""3"",""AlchemySkillFactor"":""3"",""AlchemyXPMultiplier"":""1"",""DamageHealthDuration"":""1"",""DamageMagickaDuration"":""1"",""DamageStaminaDuration"":""1"",""DisableAllPotionHandling"":""1"",""ImpurePotionProcessing"":""0"",""RestoreEffectsDoNotStack"":""1"",""RestoreHealthDuration"":""1"",""RestoreMagickaDuration"":""1"",""RestoreStaminaDuration"":""1""}}",1,"Briar Heart [form=0x0003AD61, count=1]; Ectoplasm [form=0x0003AD63, count=1]",0xFF000874,0,index=0|form_id=0x0003EAF8|magnitude=70|duration=60|area=0|base_cost=0.129999995|flags=0x00200802,selection=1|form_id=0x0003AD61|name=B;selection=2|form_id=0x0003AD63|name=E
CACO+AP,"Boar Tusk, Briar Heart",103,100,0,0,0,0,0,0,0,"{""AlchemyIngredientInitMultiplier"":3.0,""AlchemySkillFactor"":3.0,""alchemyPlus"":{""copyExemplars"":{""$comment"":""Swap models and names of crafted potions to the nearest exemplar."",""enabled"":true,""exemplars"":[""Skyrim.esm|E3E9A"",""Skyrim.esm|65A72"",""Skyrim.esm|65A3E"",""Skyrim.esm|65A3F"",""Skyrim.esm|65A5A"",""Skyrim.esm|74A29"",""Skyrim.esm|74A23"",""Skyrim.esm|74A2D"",""Skyrim.esm|74A27"",""Skyrim.esm|74A21""]},""impureCostFix"":{""$comment"":""Impurities in mixtures subtract from the cost instead of adding to it."",""enabled"":true},""knownFailureFix"":{""$comment"":""Display known failures in UI between ingredients with all effects known."",""enabled"":true},""mixtureNames"":{""$comment"":""Modify names to reflect additional effects/impurities."",""enabled"":true},""roundedPotency"":{""$comment"":""Round effect potency to a multiple above a threshold."",""durationMult"":2.0,""durationThreshold"":10.0,""enabled"":true,""magnitudeMult"":2.0,""magnitudeThreshold"":10.0,""overrides"":{""$comment"":""Define setting overrides per alchemy effect.""}}},""caco"":{""AlchemyIngredientInitMultiplier"":""3"",""AlchemySkillFactor"":""3"",""AlchemyXPMultiplier"":""1"",""DamageHealthDuration"":""1"",""DamageMagickaDuration"":""1"",""DamageStaminaDuration"":""1"",""DisableAllPotionHandling"":""1"",""ImpurePotionProcessing"":""0"",""RestoreEffectsDoNotStack"":""1"",""RestoreHealthDuration"":""1"",""RestoreMagickaDuration"":""1"",""RestoreStaminaDuration"":""1""}}",1,"Boar Tusk [form=0x0401CD6F, count=1]; Briar Heart [form=0x0003AD61, count=1]",0xFF000871,0,index=0|form_id=0x0003EAF3|magnitude=72|duration=60|area=0|base_cost=0.129999995|flags=0x00200802,selection=1|form_id=0x0401CD6F|name=B;selection=2|form_id=0x0003AD61|name=B
CACO+AP,"Creep Cluster, Giant's Toe",49,100,0,0,0,0,0,0,0,"{""AlchemyIngredientInitMultiplier"":3.0,""AlchemySkillFactor"":3.0,""alchemyPlus"":{""copyExemplars"":{""$comment"":""Swap models and names of crafted potions to the nearest exemplar."",""enabled"":true,""exemplars"":[""Skyrim.esm|E3E9A"",""Skyrim.esm|65A72"",""Skyrim.esm|65A3E"",""Skyrim.esm|65A3F"",""Skyrim.esm|65A5A"",""Skyrim.esm|74A29"",""Skyrim.esm|74A23"",""Skyrim.esm|74A2D"",""Skyrim.esm|74A27"",""Skyrim.esm|74A21""]},""impureCostFix"":{""$comment"":""Impurities in mixtures subtract from the cost instead of adding to it."",""enabled"":true},""knownFailureFix"":{""$comment"":""Display known failures in UI between ingredients with all effects known."",""enabled"":true},""mixtureNames"":{""$comment"":""Modify names to reflect additional effects/impurities."",""enabled"":true},""roundedPotency"":{""$comment"":""Round effect potency to a multiple above a threshold."",""durationMult"":2.0,""durationThreshold"":10.0,""enabled"":true,""magnitudeMult"":2.0,""magnitudeThreshold"":10.0,""overrides"":{""$comment"":""Define setting overrides per alchemy effect.""}}},""caco"":{""AlchemyIngredientInitMultiplier"":""3"",""AlchemySkillFactor"":""3"",""AlchemyXPMultiplier"":""1"",""DamageHealthDuration"":""1"",""DamageMagickaDuration"":""1"",""DamageStaminaDuration"":""1"",""DisableAllPotionHandling"":""1"",""ImpurePotionProcessing"":""0"",""RestoreEffectsDoNotStack"":""1"",""RestoreHealthDuration"":""1"",""RestoreMagickaDuration"":""1"",""RestoreStaminaDuration"":""1""}}",1,"Creep Cluster [form=0x000B2183, count=1]; Giant's Toe [form=0x0003AD64, count=1]",0xFF000877,49,index=0|form_id=0x0003EB01|magnitude=44|duration=300|area=0|base_cost=0.0469999984|flags=0x00200802;index=1|form_id=0x00073F2C|magnitude=46|duration=30|area=0|base_cost=0.344999999|flags=0x00200807,selection=1|form_id=0x000B2183|name=C;selection=2|form_id=0x0003AD64|name=G
CACO+AP,"Blue Mountain Flower, Bog Beacon, Jarrin Root",445,100,0,0,0,0,0,0,0,"{""AlchemyIngredientInitMultiplier"":3.0,""AlchemySkillFactor"":3.0,""alchemyPlus"":{""copyExemplars"":{""$comment"":""Swap models and names of crafted potions to the nearest exemplar."",""enabled"":true,""exemplars"":[""Skyrim.esm|E3E9A"",""Skyrim.esm|65A72"",""Skyrim.esm|65A3E"",""Skyrim.esm|65A3F"",""Skyrim.esm|65A5A"",""Skyrim.esm|74A29"",""Skyrim.esm|74A23"",""Skyrim.esm|74A2D"",""Skyrim.esm|74A27"",""Skyrim.esm|74A21""]},""impureCostFix"":{""$comment"":""Impurities in mixtures subtract from the cost instead of adding to it."",""enabled"":true},""knownFailureFix"":{""$comment"":""Display known failures in UI between ingredients with all effects known."",""enabled"":true},""mixtureNames"":{""$comment"":""Modify names to reflect additional effects/impurities."",""enabled"":true},""roundedPotency"":{""$comment"":""Round effect potency to a multiple above a threshold."",""durationMult"":2.0,""durationThreshold"":10.0,""enabled"":true,""magnitudeMult"":2.0,""magnitudeThreshold"":10.0,""overrides"":{""$comment"":""Define setting overrides per alchemy effect.""}}},""caco"":{""AlchemyIngredientInitMultiplier"":""3"",""AlchemySkillFactor"":""3"",""AlchemyXPMultiplier"":""1"",""DamageHealthDuration"":""1"",""DamageMagickaDuration"":""1"",""DamageStaminaDuration"":""1"",""DisableAllPotionHandling"":""1"",""ImpurePotionProcessing"":""0"",""RestoreEffectsDoNotStack"":""1"",""RestoreHealthDuration"":""1"",""RestoreMagickaDuration"":""1"",""RestoreStaminaDuration"":""1""}}",1,"Blue Mountain Flower [form=0x00077E1C, count=1]; Bog Beacon [form=0xFE004D6C, count=1]; Jarrin Root [form=0x0001BCBC, count=1]",0xFF000883,445,index=0|form_id=0x0003EB42|magnitude=376|duration=1|area=0|base_cost=7.9000001|flags=0x00200805;index=1|form_id=0x0003A2C6|magnitude=52|duration=1|area=0|base_cost=4.5999999|flags=0x00200805;index=2|form_id=0x0003EB17|magnitude=20|duration=1|area=0|base_cost=4.69999981|flags=0x00200800,selection=1|form_id=0x00077E1C|name=B;selection=2|form_id=0xFE004D6C|name=B;selection=3|form_id=0x0001BCBC|name=J
CACO+AP,"Ash Creep Cluster, Crimson Nirnroot",110,100,0,0,0,0,0,0,0,"{""AlchemyIngredientInitMultiplier"":3.0,""AlchemySkillFactor"":3.0,""alchemyPlus"":{""copyExemplars"":{""$comment"":""Swap models and names of crafted potions to the nearest exemplar."",""enabled"":true,""exemplars"":[""Skyrim.esm|E3E9A"",""Skyrim.esm|65A72"",""Skyrim.esm|65A3E"",""Skyrim.esm|65A3F"",""Skyrim.esm|65A5A"",""Skyrim.esm|74A29"",""Skyrim.esm|74A23"",""Skyrim.esm|74A2D"",""Skyrim.esm|74A27"",""Skyrim.esm|74A21""]},""impureCostFix"":{""$comment"":""Impurities in mixtures subtract from the cost instead of adding to it."",""enabled"":true},""knownFailureFix"":{""$comment"":""Display known failures in UI between ingredients with all effects known."",""enabled"":true},""mixtureNames"":{""$comment"":""Modify names to reflect additional effects/impurities."",""enabled"":true},""roundedPotency"":{""$comment"":""Round effect potency to a multiple above a threshold."",""durationMult"":2.0,""durationThreshold"":10.0,""enabled"":true,""magnitudeMult"":2.0,""magnitudeThreshold"":10.0,""overrides"":{""$comment"":""Define setting overrides per alchemy effect.""}}},""caco"":{""AlchemyIngredientInitMultiplier"":""3"",""AlchemySkillFactor"":""3"",""AlchemyXPMultiplier"":""1"",""DamageHealthDuration"":""1"",""DamageMagickaDuration"":""1"",""DamageStaminaDuration"":""1"",""DisableAllPotionHandling"":""1"",""ImpurePotionProcessing"":""0"",""RestoreEffectsDoNotStack"":""1"",""RestoreHealthDuration"":""1"",""RestoreMagickaDuration"":""1"",""RestoreStaminaDuration"":""1""}}",1,"Ash Creep Cluster [form=0x0401CD74, count=1]; Crimson Nirnroot [form=0x000B701A, count=1]",0xFF0008CE,0,index=0|form_id=0x0003EB3D|magnitude=0|duration=36|area=0|base_cost=27|flags=0x00401C02,selection=1|form_id=0x0401CD74|name=A;selection=2|form_id=0x000B701A|name=C
CACO+AP,"Deathbell, River Betty",109,100,0,0,0,0,1,0,0,"{""AlchemyIngredientInitMultiplier"":3.0,""AlchemySkillFactor"":3.0,""alchemyPlus"":{""copyExemplars"":{""$comment"":""Swap models and names of crafted potions to the nearest exemplar."",""enabled"":true,""exemplars"":[""Skyrim.esm|E3E9A"",""Skyrim.esm|65A72"",""Skyrim.esm|65A3E"",""Skyrim.esm|65A3F"",""Skyrim.esm|65A5A"",""Skyrim.esm|74A29"",""Skyrim.esm|74A23"",""Skyrim.esm|74A2D"",""Skyrim.esm|74A27"",""Skyrim.esm|74A21""]},""impureCostFix"":{""$comment"":""Impurities in mixtures subtract from the cost instead of adding to it."",""enabled"":true},""knownFailureFix"":{""$comment"":""Display known failures in UI between ingredients with all effects known."",""enabled"":true},""mixtureNames"":{""$comment"":""Modify names to reflect additional effects/impurities."",""enabled"":true},""roundedPotency"":{""$comment"":""Round effect potency to a multiple above a threshold."",""durationMult"":2.0,""durationThreshold"":10.0,""enabled"":true,""magnitudeMult"":2.0,""magnitudeThreshold"":10.0,""overrides"":{""$comment"":""Define setting overrides per alchemy effect.""}}},""caco"":{""AlchemyIngredientInitMultiplier"":""3"",""AlchemySkillFactor"":""3"",""AlchemyXPMultiplier"":""1"",""DamageHealthDuration"":""2"",""DamageMagickaDuration"":""2"",""DamageStaminaDuration"":""2"",""DisableAllPotionHandling"":""1"",""ImpurePotionProcessing"":""0"",""RestoreEffectsDoNotStack"":""1"",""RestoreHealthDuration"":""2"",""RestoreMagickaDuration"":""2"",""RestoreStaminaDuration"":""2""}}",1,"Deathbell [form=0x000516C8, count=1]; River Betty [form=0x00106E1A, count=1]",0xFF0008D0,7,index=0|form_id=0x00073F25|magnitude=50|duration=40|area=0|base_cost=0.300000012|flags=0x00401807;index=1|form_id=0x0003EB42|magnitude=10|duration=1|area=0|base_cost=7.9000001|flags=0x00200805,selection=1|form_id=0x000516C8|name=D;selection=2|form_id=0x00106E1A|name=R
CACO+AP,"Canis Root, Spider Egg",92,100,0,0,0,0,1,0,0,"{""AlchemyIngredientInitMultiplier"":3.0,""AlchemySkillFactor"":3.0,""alchemyPlus"":{""copyExemplars"":{""$comment"":""Swap models and names of crafted potions to the nearest exemplar."",""enabled"":true,""exemplars"":[""Skyrim.esm|E3E9A"",""Skyrim.esm|65A72"",""Skyrim.esm|65A3E"",""Skyrim.esm|65A3F"",""Skyrim.esm|65A5A"",""Skyrim.esm|74A29"",""Skyrim.esm|74A23"",""Skyrim.esm|74A2D"",""Skyrim.esm|74A27"",""Skyrim.esm|74A21""]},""impureCostFix"":{""$comment"":""Impurities in mixtures subtract from the cost instead of adding to it."",""enabled"":true},""knownFailureFix"":{""$comment"":""Display known failures in UI between ingredients with all effects known."",""enabled"":true},""mixtureNames"":{""$comment"":""Modify names to reflect additional effects/impurities."",""enabled"":true},""roundedPotency"":{""$comment"":""Round effect potency to a multiple above a threshold."",""durationMult"":2.0,""durationThreshold"":10.0,""enabled"":true,""magnitudeMult"":2.0,""magnitudeThreshold"":10.0,""overrides"":{""$comment"":""Define setting overrides per alchemy effect.""}}},""caco"":{""AlchemyIngredientInitMultiplier"":""3"",""AlchemySkillFactor"":""3"",""AlchemyXPMultiplier"":""1"",""DamageHealthDuration"":""2"",""DamageMagickaDuration"":""2"",""DamageStaminaDuration"":""2"",""DisableAllPotionHandling"":""1"",""ImpurePotionProcessing"":""0"",""RestoreEffectsDoNotStack"":""1"",""RestoreHealthDuration"":""2"",""RestoreMagickaDuration"":""2"",""RestoreStaminaDuration"":""2""}}",1,"Canis Root [form=0x0006ABCB, count=1]; Spider Egg [form=0x0009151B, count=1]",0xFF0008DE,92,index=0|form_id=0x0003EB1B|magnitude=30|duration=60|area=0|base_cost=0.324999988|flags=0x00200802;index=1|form_id=0x0003A2C6|magnitude=12|duration=1|area=0|base_cost=4.5999999|flags=0x00200805,selection=1|form_id=0x0006ABCB|name=C;selection=2|form_id=0x0009151B|name=S
CACO+AP,"Swamp Fungal Pod, Wheat Extract",69,100,0,0,0,0,1,0,0,"{""AlchemyIngredientInitMultiplier"":3.0,""AlchemySkillFactor"":3.0,""alchemyPlus"":{""copyExemplars"":{""$comment"":""Swap models and names of crafted potions to the nearest exemplar."",""enabled"":true,""exemplars"":[""Skyrim.esm|E3E9A"",""Skyrim.esm|65A72"",""Skyrim.esm|65A3E"",""Skyrim.esm|65A3F"",""Skyrim.esm|65A5A"",""Skyrim.esm|74A29"",""Skyrim.esm|74A23"",""Skyrim.esm|74A2D"",""Skyrim.esm|74A27"",""Skyrim.esm|74A21""]},""impureCostFix"":{""$comment"":""Impurities in mixtures subtract from the cost instead of adding to it."",""enabled"":true},""knownFailureFix"":{""$comment"":""Display known failures in UI between ingredients with all effects known."",""enabled"":true},""mixtureNames"":{""$comment"":""Modify names to reflect additional effects/impurities."",""enabled"":true},""roundedPotency"":{""$comment"":""Round effect potency to a multiple above a threshold."",""durationMult"":2.0,""durationThreshold"":10.0,""enabled"":true,""magnitudeMult"":2.0,""magnitudeThreshold"":10.0,""overrides"":{""$comment"":""Define setting overrides per alchemy effect.""}}},""caco"":{""AlchemyIngredientInitMultiplier"":""3"",""AlchemySkillFactor"":""3"",""AlchemyXPMultiplier"":""1"",""DamageHealthDuration"":""2"",""DamageMagickaDuration"":""2"",""DamageStaminaDuration"":""2"",""DisableAllPotionHandling"":""1"",""ImpurePotionProcessing"":""0"",""RestoreEffectsDoNotStack"":""1"",""RestoreHealthDuration"":""2"",""RestoreMagickaDuration"":""2"",""RestoreStaminaDuration"":""2""}}",1,"Swamp Fungal Pod [form=0x0007E8B7, count=1]; Wheat Extract [form=0x085A46B8, count=1]",0xFF0008E1,7,index=0|form_id=0x00073F2B|magnitude=40|duration=30|area=0|base_cost=0.360000014|flags=0x00200807,selection=1|form_id=0x0007E8B7|name=S;selection=2|form_id=0x085A46B8|name=W
CACO+AP,"Ash Creep Cluster, Comberry",84,100,0,0,0,1,0,0,0,"{""AlchemyIngredientInitMultiplier"":3.0,""AlchemySkillFactor"":3.0,""alchemyPlus"":{""copyExemplars"":{""$comment"":""Swap models and names of crafted potions to the nearest exemplar."",""enabled"":true,""exemplars"":[""Skyrim.esm|E3E9A"",""Skyrim.esm|65A72"",""Skyrim.esm|65A3E"",""Skyrim.esm|65A3F"",""Skyrim.esm|65A5A"",""Skyrim.esm|74A29"",""Skyrim.esm|74A23"",""Skyrim.esm|74A2D"",""Skyrim.esm|74A27"",""Skyrim.esm|74A21""]},""impureCostFix"":{""$comment"":""Impurities in mixtures subtract from the cost instead of adding to it."",""enabled"":true},""knownFailureFix"":{""$comment"":""Display known failures in UI between ingredients with all effects known."",""enabled"":true},""mixtureNames"":{""$comment"":""Modify names to reflect additional effects/impurities."",""enabled"":true},""roundedPotency"":{""$comment"":""Round effect potency to a multiple above a threshold."",""durationMult"":2.0,""durationThreshold"":10.0,""enabled"":true,""magnitudeMult"":2.0,""magnitudeThreshold"":10.0,""overrides"":{""$comment"":""Define setting overrides per alchemy effect.""}}},""caco"":{""AlchemyIngredientInitMultiplier"":""3"",""AlchemySkillFactor"":""3"",""AlchemyXPMultiplier"":""1"",""DamageHealthDuration"":""2"",""DamageMagickaDuration"":""2"",""DamageStaminaDuration"":""2"",""DisableAllPotionHandling"":""1"",""ImpurePotionProcessing"":""0"",""RestoreEffectsDoNotStack"":""1"",""RestoreHealthDuration"":""2"",""RestoreMagickaDuration"":""2"",""RestoreStaminaDuration"":""2""}}",1,"Ash Creep Cluster [form=0x0401CD74, count=1]; Comberry [form=0xFE004806, count=1]",0xFF0008C8,0,index=0|form_id=0x0003EB26|magnitude=26|duration=60|area=0|base_cost=0.324999988|flags=0x00200802,selection=1|form_id=0x0401CD74|name=A;selection=2|form_id=0xFE004806|name=C
CACO+AP,"Dragon's Tongue, Fly Amanita",154,100,0,0,0,1,0,0,0,"{""AlchemyIngredientInitMultiplier"":3.0,""AlchemySkillFactor"":3.0,""alchemyPlus"":{""copyExemplars"":{""$comment"":""Swap models and names of crafted potions to the nearest exemplar."",""enabled"":true,""exemplars"":[""Skyrim.esm|E3E9A"",""Skyrim.esm|65A72"",""Skyrim.esm|65A3E"",""Skyrim.esm|65A3F"",""Skyrim.esm|65A5A"",""Skyrim.esm|74A29"",""Skyrim.esm|74A23"",""Skyrim.esm|74A2D"",""Skyrim.esm|74A27"",""Skyrim.esm|74A21""]},""impureCostFix"":{""$comment"":""Impurities in mixtures subtract from the cost instead of adding to it."",""enabled"":true},""knownFailureFix"":{""$comment"":""Display known failures in UI between ingredients with all effects known."",""enabled"":true},""mixtureNames"":{""$comment"":""Modify names to reflect additional effects/impurities."",""enabled"":true},""roundedPotency"":{""$comment"":""Round effect potency to a multiple above a threshold."",""durationMult"":2.0,""durationThreshold"":10.0,""enabled"":true,""magnitudeMult"":2.0,""magnitudeThreshold"":10.0,""overrides"":{""$comment"":""Define setting overrides per alchemy effect.""}}},""caco"":{""AlchemyIngredientInitMultiplier"":""3"",""AlchemySkillFactor"":""3"",""AlchemyXPMultiplier"":""1"",""DamageHealthDuration"":""2"",""DamageMagickaDuration"":""2"",""DamageStaminaDuration"":""2"",""DisableAllPotionHandling"":""1"",""ImpurePotionProcessing"":""0"",""RestoreEffectsDoNotStack"":""1"",""RestoreHealthDuration"":""2"",""RestoreMagickaDuration"":""2"",""RestoreStaminaDuration"":""2""}}",1,"Dragon's Tongue [form=0x000889A2, count=1]; Fly Amanita [form=0x0004DA00, count=1]",0xFF0008F4,0,index=0|form_id=0x0003EB1A|magnitude=26|duration=60|area=0|base_cost=0.324999988|flags=0x00200802;index=1|form_id=0x0003EAEA|magnitude=20|duration=60|area=0|base_cost=0.36500001|flags=0x00201002,selection=1|form_id=0x000889A2|name=D;selection=2|form_id=0x0004DA00|name=F
CACO+AP,"Garlic, Salt Pile",42,100,0,0,0,1,0,0,0,"{""AlchemyIngredientInitMultiplier"":3.0,""AlchemySkillFactor"":3.0,""alchemyPlus"":{""copyExemplars"":{""$comment"":""Swap models and names of crafted potions to the nearest exemplar."",""enabled"":true,""exemplars"":[""Skyrim.esm|E3E9A"",""Skyrim.esm|65A72"",""Skyrim.esm|65A3E"",""Skyrim.esm|65A3F"",""Skyrim.esm|65A5A"",""Skyrim.esm|74A29"",""Skyrim.esm|74A23"",""Skyrim.esm|74A2D"",""Skyrim.esm|74A27"",""Skyrim.esm|74A21""]},""impureCostFix"":{""$comment"":""Impurities in mixtures subtract from the cost instead of adding to it."",""enabled"":true},""knownFailureFix"":{""$comment"":""Display known failures in UI between ingredients with all effects known."",""enabled"":true},""mixtureNames"":{""$comment"":""Modify names to reflect additional effects/impurities."",""enabled"":true},""roundedPotency"":{""$comment"":""Round effect potency to a multiple above a threshold."",""durationMult"":2.0,""durationThreshold"":10.0,""enabled"":true,""magnitudeMult"":2.0,""magnitudeThreshold"":10.0,""overrides"":{""$comment"":""Define setting overrides per alchemy effect.""}}},""caco"":{""AlchemyIngredientInitMultiplier"":""3"",""AlchemySkillFactor"":""3"",""AlchemyXPMultiplier"":""1"",""DamageHealthDuration"":""2"",""DamageMagickaDuration"":""2"",""DamageStaminaDuration"":""2"",""DisableAllPotionHandling"":""1"",""ImpurePotionProcessing"":""0"",""RestoreEffectsDoNotStack"":""1"",""RestoreHealthDuration"":""2"",""RestoreMagickaDuration"":""2"",""RestoreStaminaDuration"":""2""}}",1,"Garlic [form=0x00034D22, count=1]; Salt Pile [form=0x00034CDF, count=1]",0xFF0008F6,0,index=0|form_id=0x0003EB08|magnitude=48|duration=180|area=0|base_cost=0.0252|flags=0x00200802,selection=1|form_id=0x00034CDF|name=S;selection=2|form_id=0x00034D22|name=G
CACO+AP,"Red Mountain Flower, Wheat",28,100,0,0,0,0,0,1,0,"{""AlchemyIngredientInitMultiplier"":3.0,""AlchemySkillFactor"":3.0,""alchemyPlus"":{""copyExemplars"":{""$comment"":""Swap models and names of crafted potions to the nearest exemplar."",""enabled"":true,""exemplars"":[""Skyrim.esm|E3E9A"",""Skyrim.esm|65A72"",""Skyrim.esm|65A3E"",""Skyrim.esm|65A3F"",""Skyrim.esm|65A5A"",""Skyrim.esm|74A29"",""Skyrim.esm|74A23"",""Skyrim.esm|74A2D"",""Skyrim.esm|74A27"",""Skyrim.esm|74A21""]},""impureCostFix"":{""$comment"":""Impurities in mixtures subtract from the cost instead of adding to it."",""enabled"":true},""knownFailureFix"":{""$comment"":""Display known failures in UI between ingredients with all effects known."",""enabled"":true},""mixtureNames"":{""$comment"":""Modify names to reflect additional effects/impurities."",""enabled"":true},""roundedPotency"":{""$comment"":""Round effect potency to a multiple above a threshold."",""durationMult"":2.0,""durationThreshold"":10.0,""enabled"":true,""magnitudeMult"":2.0,""magnitudeThreshold"":10.0,""overrides"":{""$comment"":""Define setting overrides per alchemy effect.""}}},""caco"":{""AlchemyIngredientInitMultiplier"":""3"",""AlchemySkillFactor"":""3"",""AlchemyXPMultiplier"":""1"",""DamageHealthDuration"":""0"",""DamageMagickaDuration"":""0"",""DamageStaminaDuration"":""0"",""DisableAllPotionHandling"":""1"",""ImpurePotionProcessing"":""0"",""RestoreEffectsDoNotStack"":""1"",""RestoreHealthDuration"":""1"",""RestoreMagickaDuration"":""2"",""RestoreStaminaDuration"":""0""}}",1,"Red Mountain Flower [form=0x00077E1D, count=1]; Wheat [form=0x0004B0BA, count=1]",0xFF0008F7,0,index=0|form_id=0x0003EAF3|magnitude=20|duration=60|area=0|base_cost=0.129999995|flags=0x00200802;index=1|form_id=0x0003EB15|magnitude=7|duration=1|area=0|base_cost=5.30000019|flags=0x00200800,selection=1|form_id=0x00077E1D|name=R;selection=2|form_id=0x0004B0BA|name=W
CACO+AP,"Blisterwort, Wheat Extract",10,100,0,0,0,0,0,1,0,"{""AlchemyIngredientInitMultiplier"":3.0,""AlchemySkillFactor"":3.0,""alchemyPlus"":{""copyExemplars"":{""$comment"":""Swap models and names of crafted potions to the nearest exemplar."",""enabled"":true,""exemplars"":[""Skyrim.esm|E3E9A"",""Skyrim.esm|65A72"",""Skyrim.esm|65A3E"",""Skyrim.esm|65A3F"",""Skyrim.esm|65A5A"",""Skyrim.esm|74A29"",""Skyrim.esm|74A23"",""Skyrim.esm|74A2D"",""Skyrim.esm|74A27"",""Skyrim.esm|74A21""]},""impureCostFix"":{""$comment"":""Impurities in mixtures subtract from the cost instead of adding to it."",""enabled"":true},""knownFailureFix"":{""$comment"":""Display known failures in UI between ingredients with all effects known."",""enabled"":true},""mixtureNames"":{""$comment"":""Modify names to reflect additional effects/impurities."",""enabled"":true},""roundedPotency"":{""$comment"":""Round effect potency to a multiple above a threshold."",""durationMult"":2.0,""durationThreshold"":10.0,""enabled"":true,""magnitudeMult"":2.0,""magnitudeThreshold"":10.0,""overrides"":{""$comment"":""Define setting overrides per alchemy effect.""}}},""caco"":{""AlchemyIngredientInitMultiplier"":""3"",""AlchemySkillFactor"":""3"",""AlchemyXPMultiplier"":""1"",""DamageHealthDuration"":""0"",""DamageMagickaDuration"":""0"",""DamageStaminaDuration"":""0"",""DisableAllPotionHandling"":""1"",""ImpurePotionProcessing"":""0"",""RestoreEffectsDoNotStack"":""1"",""RestoreHealthDuration"":""1"",""RestoreMagickaDuration"":""2"",""RestoreStaminaDuration"":""0""}}",1,"Blisterwort [form=0x0004DA25, count=1]; Wheat Extract [form=0x085A46B8, count=1]",0xFF00090D,0,index=0|form_id=0x0003EB15|magnitude=18|duration=1|area=0|base_cost=5.30000019|flags=0x00200800,selection=1|form_id=0x0004DA25|name=B;selection=2|form_id=0x085A46B8|name=W
CACO+AP,"Boar Tusk, Briar Heart",103,100,0,0,0,0,0,1,0,"{""AlchemyIngredientInitMultiplier"":3.0,""AlchemySkillFactor"":3.0,""alchemyPlus"":{""copyExemplars"":{""$comment"":""Swap models and names of crafted potions to the nearest exemplar."",""enabled"":true,""exemplars"":[""Skyrim.esm|E3E9A"",""Skyrim.esm|65A72"",""Skyrim.esm|65A3E"",""Skyrim.esm|65A3F"",""Skyrim.esm|65A5A"",""Skyrim.esm|74A29"",""Skyrim.esm|74A23"",""Skyrim.esm|74A2D"",""Skyrim.esm|74A27"",""Skyrim.esm|74A21""]},""impureCostFix"":{""$comment"":""Impurities in mixtures subtract from the cost instead of adding to it."",""enabled"":true},""knownFailureFix"":{""$comment"":""Display known failures in UI between ingredients with all effects known."",""enabled"":true},""mixtureNames"":{""$comment"":""Modify names to reflect additional effects/impurities."",""enabled"":true},""roundedPotency"":{""$comment"":""Round effect potency to a multiple above a threshold."",""durationMult"":2.0,""durationThreshold"":10.0,""enabled"":true,""magnitudeMult"":2.0,""magnitudeThreshold"":10.0,""overrides"":{""$comment"":""Define setting overrides per alchemy effect.""}}},""caco"":{""AlchemyIngredientInitMultiplier"":""3"",""AlchemySkillFactor"":""3"",""AlchemyXPMultiplier"":""1"",""DamageHealthDuration"":""0"",""DamageMagickaDuration"":""0"",""DamageStaminaDuration"":""0"",""DisableAllPotionHandling"":""1"",""ImpurePotionProcessing"":""0"",""RestoreEffectsDoNotStack"":""1"",""RestoreHealthDuration"":""1"",""RestoreMagickaDuration"":""2"",""RestoreStaminaDuration"":""0""}}",1,"Boar Tusk [form=0x0401CD6F, count=1]; Briar Heart [form=0x0003AD61, count=1]",0xFF000871,0,index=0|form_id=0x0003EAF3|magnitude=72|duration=60|area=0|base_cost=0.129999995|flags=0x00200802,selection=1|form_id=0x0401CD6F|name=B;selection=2|form_id=0x0003AD61|name=B
CACO+AP,"Aloe Vera, Daedra Heart",7,100,0,0,0,0,0,0,0,"{""AlchemyIngredientInitMultiplier"":5.0,""AlchemySkillFactor"":2.0,""alchemyPlus"":{""copyExemplars"":{""$comment"":""Swap models and names of crafted potions to the nearest exemplar."",""enabled"":true,""exemplars"":[""Skyrim.esm|E3E9A"",""Skyrim.esm|65A72"",""Skyrim.esm|65A3E"",""Skyrim.esm|65A3F"",""Skyrim.esm|65A5A"",""Skyrim.esm|74A29"",""Skyrim.esm|74A23"",""Skyrim.esm|74A2D"",""Skyrim.esm|74A27"",""Skyrim.esm|74A21""]},""impureCostFix"":{""$comment"":""Impurities in mixtures subtract from the cost instead of adding to it."",""enabled"":true},""knownFailureFix"":{""$comment"":""Display known failures in UI between ingredients with all effects known."",""enabled"":true},""mixtureNames"":{""$comment"":""Modify names to reflect additional effects/impurities."",""enabled"":true},""roundedPotency"":{""$comment"":""Round effect potency to a multiple above a threshold."",""durationMult"":6.0,""durationThreshold"":20.0,""enabled"":true,""magnitudeMult"":6.0,""magnitudeThreshold"":30.0,""overrides"":{""$comment"":""Define setting overrides per alchemy effect.""}}},""caco"":{""AlchemyIngredientInitMultiplier"":""5"",""AlchemySkillFactor"":""2"",""AlchemyXPMultiplier"":""1"",""DamageHealthDuration"":""2"",""DamageMagickaDuration"":""2"",""DamageStaminaDuration"":""2"",""DisableAllPotionHandling"":""1"",""ImpurePotionProcessing"":""0"",""RestoreEffectsDoNotStack"":""1"",""RestoreHealthDuration"":""2"",""RestoreMagickaDuration"":""2"",""RestoreStaminaDuration"":""2""}}",1,"Aloe Vera [form=0x08A100AD, count=1]; Daedra Heart [form=0x0003AD5B, count=1]",0xFF0008A7,0,index=0|form_id=0x0003EB15|magnitude=14|duration=1|area=0|base_cost=5.30000019|flags=0x00200800,selection=1|form_id=0x08A100AD|name=A;selection=2|form_id=0x0003AD5B|name=D
CACO+AP,"Creep Cluster, Scaly Pholiota",48,100,0,0,0,0,0,0,0,"{""AlchemyIngredientInitMultiplier"":5.0,""AlchemySkillFactor"":2.0,""alchemyPlus"":{""copyExemplars"":{""$comment"":""Swap models and names of crafted potions to the nearest exemplar."",""enabled"":true,""exemplars"":[""Skyrim.esm|E3E9A"",""Skyrim.esm|65A72"",""Skyrim.esm|65A3E"",""Skyrim.esm|65A3F"",""Skyrim.esm|65A5A"",""Skyrim.esm|74A29"",""Skyrim.esm|74A23"",""Skyrim.esm|74A2D"",""Skyrim.esm|74A27"",""Skyrim.esm|74A21""]},""impureCostFix"":{""$comment"":""Impurities in mixtures subtract from the cost instead of adding to it."",""enabled"":true},""knownFailureFix"":{""$comment"":""Display known failures in UI between ingredients with all effects known."",""enabled"":true},""mixtureNames"":{""$comment"":""Modify names to reflect additional effects/impurities."",""enabled"":true},""roundedPotency"":{""$comment"":""Round effect potency to a multiple above a threshold."",""durationMult"":6.0,""durationThreshold"":20.0,""enabled"":true,""magnitudeMult"":6.0,""magnitudeThreshold"":30.0,""overrides"":{""$comment"":""Define setting overrides per alchemy effect.""}}},""caco"":{""AlchemyIngredientInitMultiplier"":""5"",""AlchemySkillFactor"":""2"",""AlchemyXPMultiplier"":""1"",""DamageHealthDuration"":""2"",""DamageMagickaDuration"":""2"",""DamageStaminaDuration"":""2"",""DisableAllPotionHandling"":""1"",""ImpurePotionProcessing"":""0"",""RestoreEffectsDoNotStack"":""1"",""RestoreHealthDuration"":""2"",""RestoreMagickaDuration"":""2"",""RestoreStaminaDuration"":""2""}}",1,"Creep Cluster [form=0x000B2183, count=1]; Scaly Pholiota [form=0x0006F950, count=1]",0xFF0008B0,48,index=0|form_id=0x0003EB01|magnitude=36|duration=300|area=0|base_cost=0.0469999984|flags=0x00200802;index=1|form_id=0x00073F51|magnitude=27|duration=30|area=0|base_cost=0.430000007|flags=0x00201007,selection=1|form_id=0x000B2183|name=C;selection=2|form_id=0x0006F950|name=S
CACO+AP,"Ancestor Moth, Blue Mountain Flower",111,100,0,0,0,0,0,0,0,"{""AlchemyIngredientInitMultiplier"":5.0,""AlchemySkillFactor"":2.0,""alchemyPlus"":{""copyExemplars"":{""$comment"":""Swap models and names of crafted potions to the nearest exemplar."",""enabled"":true,""exemplars"":[""Skyrim.esm|E3E9A"",""Skyrim.esm|65A72"",""Skyrim.esm|65A3E"",""Skyrim.esm|65A3F"",""Skyrim.esm|65A5A"",""Skyrim.esm|74A29"",""Skyrim.esm|74A23"",""Skyrim.esm|74A2D"",""Skyrim.esm|74A27"",""Skyrim.esm|74A21""]},""impureCostFix"":{""$comment"":""Impurities in mixtures subtract from the cost instead of adding to it."",""enabled"":true},""knownFailureFix"":{""$comment"":""Display known failures in UI between ingredients with all effects known."",""enabled"":true},""mixtureNames"":{""$comment"":""Modify names to reflect additional effects/impurities."",""enabled"":true},""roundedPotency"":{""$comment"":""Round effect potency to a multiple above a threshold."",""durationMult"":6.0,""durationThreshold"":20.0,""enabled"":true,""magnitudeMult"":6.0,""magnitudeThreshold"":30.0,""overrides"":{""$comment"":""Define setting overrides per alchemy effect.""}}},""caco"":{""AlchemyIngredientInitMultiplier"":""5"",""AlchemySkillFactor"":""2"",""AlchemyXPMultiplier"":""1"",""DamageHealthDuration"":""2"",""DamageMagickaDuration"":""2"",""DamageStaminaDuration"":""2"",""DisableAllPotionHandling"":""1"",""ImpurePotionProcessing"":""0"",""RestoreEffectsDoNotStack"":""1"",""RestoreHealthDuration"":""2"",""RestoreMagickaDuration"":""2"",""RestoreStaminaDuration"":""2""}}",1,"Ancestor Moth [form=0x020059BA, count=1]; Blue Mountain Flower [form=0x00077E1C, count=1]",0xFF0008B5,0,index=0|form_id=0x0003EB25|magnitude=60|duration=60|area=0|base_cost=0.172000006|flags=0x00200802,selection=1|form_id=0x020059BA|name=A;selection=2|form_id=0x00077E1C|name=B
CACO+AP,"Blisterwort, Wheat Extract",38,100,50,5,1,1,1,0,0,"{""AlchemyIngredientInitMultiplier"":3.0,""AlchemySkillFactor"":3.0,""alchemyPlus"":{""copyExemplars"":{""$comment"":""Swap models and names of crafted potions to the nearest exemplar."",""enabled"":true,""exemplars"":[""Skyrim.esm|E3E9A"",""Skyrim.esm|65A72"",""Skyrim.esm|65A3E"",""Skyrim.esm|65A3F"",""Skyrim.esm|65A5A"",""Skyrim.esm|74A29"",""Skyrim.esm|74A23"",""Skyrim.esm|74A2D"",""Skyrim.esm|74A27"",""Skyrim.esm|74A21""]},""impureCostFix"":{""$comment"":""Impurities in mixtures subtract from the cost instead of adding to it."",""enabled"":true},""knownFailureFix"":{""$comment"":""Display known failures in UI between ingredients with all effects known."",""enabled"":true},""mixtureNames"":{""$comment"":""Modify names to reflect additional effects/impurities."",""enabled"":true},""roundedPotency"":{""$comment"":""Round effect potency to a multiple above a threshold."",""durationMult"":6.0,""durationThreshold"":20.0,""enabled"":true,""magnitudeMult"":6.0,""magnitudeThreshold"":30.0,""overrides"":{""$comment"":""Define setting overrides per alchemy effect.""}}},""caco"":{""AlchemyIngredientInitMultiplier"":""3"",""AlchemySkillFactor"":""3"",""AlchemyXPMultiplier"":""1"",""DamageHealthDuration"":""1"",""DamageMagickaDuration"":""1"",""DamageStaminaDuration"":""1"",""DisableAllPotionHandling"":""1"",""ImpurePotionProcessing"":""0"",""RestoreEffectsDoNotStack"":""1"",""RestoreHealthDuration"":""1"",""RestoreMagickaDuration"":""1"",""RestoreStaminaDuration"":""1""}}",2,"Blisterwort [form=0x0004DA25, count=1]; Wheat Extract [form=0x085A46B8, count=1]",0xFF0008B9,0,index=0|form_id=0x0003EB15|magnitude=60|duration=1|area=0|base_cost=5.30000019|flags=0x00200800,selection=1|form_id=0x0004DA25|name=B;selection=2|form_id=0x085A46B8|name=W
CACO+AP,"Deathbell, River Betty",335,100,50,5,1,1,1,0,0,"{""AlchemyIngredientInitMultiplier"":3.0,""AlchemySkillFactor"":3.0,""alchemyPlus"":{""copyExemplars"":{""$comment"":""Swap models and names of crafted potions to the nearest exemplar."",""enabled"":true,""exemplars"":[""Skyrim.esm|E3E9A"",""Skyrim.esm|65A72"",""Skyrim.esm|65A3E"",""Skyrim.esm|65A3F"",""Skyrim.esm|65A5A"",""Skyrim.esm|74A29"",""Skyrim.esm|74A23"",""Skyrim.esm|74A2D"",""Skyrim.esm|74A27"",""Skyrim.esm|74A21""]},""impureCostFix"":{""$comment"":""Impurities in mixtures subtract from the cost instead of adding to it."",""enabled"":true},""knownFailureFix"":{""$comment"":""Display known failures in UI between ingredients with all effects known."",""enabled"":true},""mixtureNames"":{""$comment"":""Modify names to reflect additional effects/impurities."",""enabled"":true},""roundedPotency"":{""$comment"":""Round effect potency to a multiple above a threshold."",""durationMult"":6.0,""durationThreshold"":20.0,""enabled"":true,""magnitudeMult"":6.0,""magnitudeThreshold"":30.0,""overrides"":{""$comment"":""Define setting overrides per alchemy effect.""}}},""caco"":{""AlchemyIngredientInitMultiplier"":""3"",""AlchemySkillFactor"":""3"",""AlchemyXPMultiplier"":""1"",""DamageHealthDuration"":""1"",""DamageMagickaDuration"":""1"",""DamageStaminaDuration"":""1"",""DisableAllPotionHandling"":""1"",""ImpurePotionProcessing"":""0"",""RestoreEffectsDoNotStack"":""1"",""RestoreHealthDuration"":""1"",""RestoreMagickaDuration"":""1"",""RestoreStaminaDuration"":""1""}}",2,"Deathbell [form=0x000516C8, count=1]; River Betty [form=0x00106E1A, count=1]",0xFF0008C9,7,index=0|form_id=0x00073F25|magnitude=50|duration=102|area=0|base_cost=0.300000012|flags=0x00401807;index=1|form_id=0x0003EB42|magnitude=54|duration=1|area=0|base_cost=7.9000001|flags=0x00200805,selection=1|form_id=0x000516C8|name=D;selection=2|form_id=0x00106E1A|name=R
CACO+AP,"Ash Creep Cluster, Comberry",234,100,50,5,1,1,1,0,0,"{""AlchemyIngredientInitMultiplier"":3.0,""AlchemySkillFactor"":3.0,""alchemyPlus"":{""copyExemplars"":{""$comment"":""Swap models and names of crafted potions to the nearest exemplar."",""enabled"":true,""exemplars"":[""Skyrim.esm|E3E9A"",""Skyrim.esm|65A72"",""Skyrim.esm|65A3E"",""Skyrim.esm|65A3F"",""Skyrim.esm|65A5A"",""Skyrim.esm|74A29"",""Skyrim.esm|74A23"",""Skyrim.esm|74A2D"",""Skyrim.esm|74A27"",""Skyrim.esm|74A21""]},""impureCostFix"":{""$comment"":""Impurities in mixtures subtract from the cost instead of adding to it."",""enabled"":true},""knownFailureFix"":{""$comment"":""Display known failures in UI between ingredients with all effects known."",""enabled"":true},""mixtureNames"":{""$comment"":""Modify names to reflect additional effects/impurities."",""enabled"":true},""roundedPotency"":{""$comment"":""Round effect potency to a multiple above a threshold."",""durationMult"":6.0,""durationThreshold"":20.0,""enabled"":true,""magnitudeMult"":6.0,""magnitudeThreshold"":30.0,""overrides"":{""$comment"":""Define setting overrides per alchemy effect.""}}},""caco"":{""AlchemyIngredientInitMultiplier"":""3"",""AlchemySkillFactor"":""3"",""AlchemyXPMultiplier"":""1"",""DamageHealthDuration"":""1"",""DamageMagickaDuration"":""1"",""DamageStaminaDuration"":""1"",""DisableAllPotionHandling"":""1"",""ImpurePotionProcessing"":""0"",""RestoreEffectsDoNotStack"":""1"",""RestoreHealthDuration"":""1"",""RestoreMagickaDuration"":""1"",""RestoreStaminaDuration"":""1""}}",2,"Ash Creep Cluster [form=0x0401CD74, count=1]; Comberry [form=0xFE004806, count=1]",0xFF0008CD,0,index=0|form_id=0x0003EB26|magnitude=66|duration=60|area=0|base_cost=0.324999988|flags=0x00200802,selection=1|form_id=0x0401CD74|name=A;selection=2|form_id=0xFE004806|name=C
CACO+AP,"Blisterwort, Wheat Extract",5,50,50,2,1,1,0,0,0,"{""AlchemyIngredientInitMultiplier"":3.0,""AlchemySkillFactor"":3.0,""alchemyPlus"":{""copyExemplars"":{""$comment"":""Swap models and names of crafted potions to the nearest exemplar."",""enabled"":true,""exemplars"":[""Skyrim.esm|E3E9A"",""Skyrim.esm|65A72"",""Skyrim.esm|65A3E"",""Skyrim.esm|65A3F"",""Skyrim.esm|65A5A"",""Skyrim.esm|74A29"",""Skyrim.esm|74A23"",""Skyrim.esm|74A2D"",""Skyrim.esm|74A27"",""Skyrim.esm|74A21""]},""impureCostFix"":{""$comment"":""Impurities in mixtures subtract from the cost instead of adding to it."",""enabled"":true},""knownFailureFix"":{""$comment"":""Display known failures in UI between ingredients with all effects known."",""enabled"":true},""mixtureNames"":{""$comment"":""Modify names to reflect additional effects/impurities."",""enabled"":true},""roundedPotency"":{""$comment"":""Round effect potency to a multiple above a threshold."",""durationMult"":6.0,""durationThreshold"":20.0,""enabled"":true,""magnitudeMult"":6.0,""magnitudeThreshold"":30.0,""overrides"":{""$comment"":""Define setting overrides per alchemy effect.""}}},""caco"":{""AlchemyIngredientInitMultiplier"":""3"",""AlchemySkillFactor"":""3"",""AlchemyXPMultiplier"":""1"",""DamageHealthDuration"":""2"",""DamageMagickaDuration"":""2"",""DamageStaminaDuration"":""2"",""DisableAllPotionHandling"":""1"",""ImpurePotionProcessing"":""0"",""RestoreEffectsDoNotStack"":""1"",""RestoreHealthDuration"":""2"",""RestoreMagickaDuration"":""2"",""RestoreStaminaDuration"":""2""}}",1.39999998,"Blisterwort [form=0x0004DA25, count=1]; Wheat Extract [form=0x085A46B8, count=1]",0xFF000907,0,index=0|form_id=0x0003EB15|magnitude=10|duration=1|area=0|base_cost=5.30000019|flags=0x00200800,selection=1|form_id=0x0004DA25|name=B;selection=2|form_id=0x085A46B8|name=W
CACO+AP,"Ash Creep Cluster, Comberry",80,50,50,2,1,1,0,0,0,"{""AlchemyIngredientInitMultiplier"":3.0,""AlchemySkillFactor"":3.0,""alchemyPlus"":{""copyExemplars"":{""$comment"":""Swap models and names of crafted potions to the nearest exemplar."",""enabled"":true,""exemplars"":[""Skyrim.esm|E3E9A"",""Skyrim.esm|65A72"",""Skyrim.esm|65A3E"",""Skyrim.esm|65A3F"",""Skyrim.esm|65A5A"",""Skyrim.esm|74A29"",""Skyrim.esm|74A23"",""Skyrim.esm|74A2D"",""Skyrim.esm|74A27"",""Skyrim.esm|74A21""]},""impureCostFix"":{""$comment"":""Impurities in mixtures subtract from the cost instead of adding to it."",""enabled"":true},""knownFailureFix"":{""$comment"":""Display known failures in UI between ingredients with all effects known."",""enabled"":true},""mixtureNames"":{""$comment"":""Modify names to reflect additional effects/impurities."",""enabled"":true},""roundedPotency"":{""$comment"":""Round effect potency to a multiple above a threshold."",""durationMult"":6.0,""durationThreshold"":20.0,""enabled"":true,""magnitudeMult"":6.0,""magnitudeThreshold"":30.0,""overrides"":{""$comment"":""Define setting overrides per alchemy effect.""}}},""caco"":{""AlchemyIngredientInitMultiplier"":""3"",""AlchemySkillFactor"":""3"",""AlchemyXPMultiplier"":""1"",""DamageHealthDuration"":""2"",""DamageMagickaDuration"":""2"",""DamageStaminaDuration"":""2"",""DisableAllPotionHandling"":""1"",""ImpurePotionProcessing"":""0"",""RestoreEffectsDoNotStack"":""1"",""RestoreHealthDuration"":""2"",""RestoreMagickaDuration"":""2"",""RestoreStaminaDuration"":""2""}}",1.39999998,"Ash Creep Cluster [form=0x0401CD74, count=1]; Comberry [form=0xFE004806, count=1]",0xFF000911,0,index=0|form_id=0x0003EB26|magnitude=25|duration=60|area=0|base_cost=0.324999988|flags=0x00200802,selection=1|form_id=0x0401CD74|name=A;selection=2|form_id=0xFE004806|name=C
CACO+AP,"Mudcrab Chitin, Vampire Dust",45,50,50,2,1,1,0,0,0,"{""AlchemyIngredientInitMultiplier"":3.0,""AlchemySkillFactor"":3.0,""alchemyPlus"":{""copyExemplars"":{""$comment"":""Swap models and names of crafted potions to the nearest exemplar."",""enabled"":true,""exemplars"":[""Skyrim.esm|E3E9A"",""Skyrim.esm|65A72"",""Skyrim.esm|65A3E"",""Skyrim.esm|65A3F"",""Skyrim.esm|65A5A"",""Skyrim.esm|74A29"",""Skyrim.esm|74A23"",""Skyrim.esm|74A2D"",""Skyrim.esm|74A27"",""Skyrim.esm|74A21""]},""impureCostFix"":{""$comment"":""Impurities in mixtures subtract from the cost instead of adding to it."",""enabled"":true},""knownFailureFix"":{""$comment"":""Display known failures in UI between ingredients with all effects known."",""enabled"":true},""mixtureNames"":{""$comment"":""Modify names to reflect additional effects/impurities."",""enabled"":true},""roundedPotency"":{""$comment"":""Round effect potency to a multiple above a threshold."",""durationMult"":6.0,""durationThreshold"":20.0,""enabled"":true,""magnitudeMult"":6.0,""magnitudeThreshold"":30.0,""overrides"":{""$comment"":""Define setting overrides per alchemy effect.""}}},""caco"":{""AlchemyIngredientInitMultiplier"":""3"",""AlchemySkillFactor"":""3"",""AlchemyXPMultiplier"":""1"",""DamageHealthDuration"":""2"",""DamageMagickaDuration"":""2"",""DamageStaminaDuration"":""2"",""DisableAllPotionHandling"":""1"",""ImpurePotionProcessing"":""0"",""RestoreEffectsDoNotStack"":""1"",""RestoreHealthDuration"":""2"",""RestoreMagickaDuration"":""2"",""RestoreStaminaDuration"":""2""}}",1.39999998,"Mudcrab Chitin [form=0x0006BC00, count=1]; Vampire Dust [form=0x0003AD76, count=1]",0xFF000912,0,index=0|form_id=0x000AE722|magnitude=1|duration=0|area=0|base_cost=45|flags=0x00001A00,selection=1|form_id=0x0006BC00|name=M;selection=2|form_id=0x0003AD76|name=V
Requiem,"Blue Mountain Flower, Wheat",190,100,36,2,0,1,1,1,0,"{""AlchemicalLoreRank"":""2"",""AlchemyIngredientInitMultiplier"":4.5,""AlchemySkillFactor"":1.7999999523162842,""HasImprovedElixirs"":""1"",""HasImprovedPoisons"":""1"",""HasPurificationProcess"":""1"",""HasUnperkedCraftingKeyword"":""0""}",1.5,"Blue Mountain Flower [form=0x00077E1C, count=1]; Wheat [form=0x0004B0BA, count=1]",0xFF0008E1,0,index=0|form_id=0x0003EAF3|magnitude=74|duration=60|area=0|base_cost=0.200000003|flags=0x00200802;index=1|form_id=0x0003EB15|magnitude=35|duration=20|area=0|base_cost=0.25|flags=0x00200800,selection=1|form_id=0x00077E1C|name=B;selection=2|form_id=0x0004B0BA|name=W
Requiem,"Deathbell, Nightshade",125,100,36,2,0,1,1,1,0,"{""AlchemicalLoreRank"":""2"",""AlchemyIngredientInitMultiplier"":4.5,""AlchemySkillFactor"":1.7999999523162842,""HasImprovedElixirs"":""1"",""HasImprovedPoisons"":""1"",""HasPurificationProcess"":""1"",""HasUnperkedCraftingKeyword"":""0""}",1.5,"Deathbell [form=0x000516C8, count=1]; Nightshade [form=0x0002F44C, count=1]",0xFF0008E5,3,index=0|form_id=0x0003EB42|magnitude=112|duration=5|area=0|base_cost=1.5|flags=0x00200805,selection=1|form_id=0x000516C8|name=D;selection=2|form_id=0x0002F44C|name=N
Requiem,"Glowing Mushroom, Snowberries",322,100,36,2,0,1,1,1,0,"{""AlchemicalLoreRank"":""2"",""AlchemyIngredientInitMultiplier"":4.5,""AlchemySkillFactor"":1.7999999523162842,""HasImprovedElixirs"":""1"",""HasImprovedPoisons"":""1"",""HasPurificationProcess"":""1"",""HasUnperkedCraftingKeyword"":""0""}",1.5,"Glowing Mushroom [form=0x0007EE01, count=1]; Snowberries [form=0x0001B3BD, count=1]",0xFF0008E9,0,index=0|form_id=0x0003EAEC|magnitude=112|duration=60|area=0|base_cost=0.25|flags=0x00201002,selection=1|form_id=0x0007EE01|name=G;selection=2|form_id=0x0001B3BD|name=S
CACO,"Monarch Butterfly, Nightshade",39,100,0,0,0,0,0,0,0,"{""AlchemyIngredientInitMultiplier"":3.0,""AlchemySkillFactor"":3.0,""AlchemyXPMultiplier"":""1"",""DamageHealthDuration"":""2"",""DamageMagickaDuration"":""2"",""DamageStaminaDuration"":""2"",""DisableAllPotionHandling"":""1"",""ImpurePotionProcessing"":""0"",""RestoreEffectsDoNotStack"":""1"",""RestoreHealthDuration"":""2"",""RestoreMagickaDuration"":""2"",""RestoreStaminaDuration"":""2""}",1,"Monarch Butterfly [form=0x000727E0, count=1]; Nightshade [form=0x0002F44C, count=1]",0xFF00087D,7,index=0|form_id=0x0010DE5F|magnitude=6|duration=1|area=0|base_cost=8.30000019|flags=0x00200805;index=1|form_id=0x00073F2B|magnitude=21|duration=30|area=0|base_cost=0.360000014|flags=0x00200807,selection=1|form_id=0x000727E0|name=M;selection=2|form_id=0x0002F44C|name=N
CACO,"Glowing Mushroom, Wisp Wrappings",161,100,0,0,0,0,0,0,0,"{""AlchemyIngredientInitMultiplier"":3.0,""AlchemySkillFactor"":3.0,""AlchemyXPMultiplier"":""1"",""DamageHealthDuration"":""1"",""DamageMagickaDuration"":""1"",""DamageStaminaDuration"":""1"",""DisableAllPotionHandling"":""1"",""ImpurePotionProcessing"":""0"",""RestoreEffectsDoNotStack"":""1"",""RestoreHealthDuration"":""1"",""RestoreMagickaDuration"":""1"",""RestoreStaminaDuration"":""1""}",1,"Glowing Mushroom [form=0x0007EE01, count=1]; Wisp Wrappings [form=0x0006BC0E, count=1]",0xFF0008C1,0,index=0|form_id=0x080425EF|magnitude=0|duration=5|area=0|base_cost=174|flags=0x00401C00;index=1|form_id=0x0003EB26|magnitude=25|duration=60|area=0|base_cost=0.324999988|flags=0x00200802,selection=1|form_id=0x0006BC0E|name=W;selection=2|form_id=0x0007EE01|name=G
CACO,"Watcher's Eye, Wisp Wrappings",69,100,0,0,0,0,0,0,0,"{""AlchemyIngredientInitMultiplier"":3.0,""AlchemySkillFactor"":3.0,""AlchemyXPMultiplier"":""1"",""DamageHealthDuration"":""1"",""DamageMagickaDuration"":""1"",""DamageStaminaDuration"":""1"",""DisableAllPotionHandling"":""1"",""ImpurePotionProcessing"":""0"",""RestoreEffectsDoNotStack"":""1"",""RestoreHealthDuration"":""1"",""RestoreMagickaDuration"":""1"",""RestoreStaminaDuration"":""1""}",1,"Watcher's Eye [form=0xFE004821, count=1]; Wisp Wrappings [form=0x0006BC0E, count=1]",0xFF0008C0,0,index=0|form_id=0x0804C7FF|magnitude=0|duration=33|area=0|base_cost=18.6000004|flags=0x0C401C12,selection=1|form_id=0x0006BC0E|name=W;selection=2|form_id=0xFE004821|name=W
CACO,"Blind Watcher's Eye, Watcher's Eye",635,100,0,0,0,0,0,0,0,"{""AlchemyIngredientInitMultiplier"":3.0,""AlchemySkillFactor"":3.0,""AlchemyXPMultiplier"":""1"",""DamageHealthDuration"":""1"",""DamageMagickaDuration"":""1"",""DamageStaminaDuration"":""1"",""DisableAllPotionHandling"":""1"",""ImpurePotionProcessing"":""0"",""RestoreEffectsDoNotStack"":""1"",""RestoreHealthDuration"":""1"",""RestoreMagickaDuration"":""1"",""RestoreStaminaDuration"":""1""}",1,"Blind Watcher's Eye [form=0xFE004822, count=1]; Watcher's Eye [form=0xFE004821, count=1]",0xFF0008CA,0,index=0|form_id=0xFE004812|magnitude=50|duration=540|area=0|base_cost=0.100000001|flags=0x00400002;index=1|form_id=0xFE004846|magnitude=0|duration=540|area=0|base_cost=0.5|flags=0x00401000,selection=1|form_id=0xFE004822|name=B;selection=2|form_id=0xFE004821|name=W
Requiem,"Ash Creep Cluster, Flame Stalk, Frost Salts",709,100,0,1,0,0,0,0,0,"{""AlchemicalLoreRank"":""1"",""AlchemyIngredientInitMultiplier"":4.0,""AlchemySkillFactor"":1.100000023841858,""HasImprovedElixirs"":""0"",""HasImprovedPoisons"":""0"",""HasPurificationProcess"":""0"",""HasUnperkedCraftingKeyword"":""0""}",1.25,"Ash Creep Cluster [form=0x0401CD74, count=1]; Flame Stalk [form=0xFE00482A, count=1]; Frost Salts [form=0x0003AD5F, count=1]",0xFF00092E,0,index=0|form_id=0x0003EAEB|magnitude=33|duration=300|area=0|base_cost=0.25|flags=0x00201002;index=1|form_id=0x0003EB3D|magnitude=0|duration=33|area=0|base_cost=50|flags=0x00401C02;index=2|form_id=0x00073F2D|magnitude=22|duration=30|area=0|base_cost=0.300000012|flags=0x00201007,selection=1|form_id=0x0401CD74|name=A;selection=2|form_id=0xFE00482A|name=F;selection=3|form_id=0x0003AD5F|name=F
Apothecary,"Garlic, Screaming Maw, Slaughterfish Egg",118,17,0,0,0,0,0,0,0,"{""AlchemyIngredientInitMultiplier"":4.0,""AlchemySkillFactor"":1.5}",1,"Garlic [form=0x00034D22, count=1]; Screaming Maw [form=0x0100306E, count=1]; Slaughterfish Egg [form=0x0007E8C5, count=1]",0xFF0008E8,0,index=0|form_id=0x0003EAF9|magnitude=15|duration=300|area=0|base_cost=0.0450000018|flags=0x00200802;index=1|form_id=0x00090041|magnitude=14|duration=60|area=0|base_cost=0.180000007|flags=0x00201002;index=2|form_id=0x0003EB07|magnitude=15|duration=300|area=0|base_cost=0.0350000001|flags=0x00200802;index=3|form_id=0x0003EB06|magnitude=15|duration=300|area=0|base_cost=0.0350000001|flags=0x00200802,selection=1|form_id=0x00034D22|name=G;selection=2|form_id=0x0100306E|name=S;selection=3|form_id=0x0007E8C5|name=S
Apothecary,"Green Butterfly Wing, Salt Pile, Salt Pile",96,17,0,0,0,0,0,0,0,"{""AlchemyIngredientInitMultiplier"":4.0,""AlchemySkillFactor"":1.5}",1,"Green Butterfly Wing [form=0x06059151, count=1]; Salt Pile [form=0x00034CDF, count=1]; Salt Pile [form=0x00074A19, count=1]",0xFF0008D3,0,index=0|form_id=0x0003EB28|magnitude=14|duration=60|area=0|base_cost=0.200000003|flags=0x00200802;index=1|form_id=0x0003EB07|magnitude=15|duration=300|area=0|base_cost=0.0350000001|flags=0x00200802;index=2|form_id=0x00073F25|magnitude=14|duration=60|area=0|base_cost=0.157499999|flags=0x00201807;index=3|form_id=0x00073F51|magnitude=15|duration=60|area=0|base_cost=0.150000006|flags=0x00201002,selection=1|form_id=0x06059151|name=G;selection=2|form_id=0x00034CDF|name=S;selection=3|form_id=0x00074A19|name=S
