ingredient_name,form_id,effect_name,effect_form_id,base_cost,magnitude,duration,power_affects_magnitude,power_affects_duration,no_magnitude,no_duration,beneficial,harmful,hostile,duration_based,keyword_editor_ids,source_effect_form_id,resolved_effect_form_id,caco_duration_index,resolved_magnitude,resolved_duration,resolved_peak_value_modifier,effect_index,effect_cost,source_effect_editor_id,source_base_cost,source_flags,source_archetype,source_keyword_form_ids,resolved_effect_name,resolved_effect_editor_id,resolved_base_cost,resolved_flags,resolved_archetype,resolved_keyword_form_ids
Abecean Longfin,0x106E1B,Weakness to Frost,0x73F2E,0.100000001,6.65999985,60,1,0,0,0,0,1,1,0,MagicAlchHarmful;MagicAlchWeaknessFrost,0x73F2E,0x73F2E,,6.65999985,60,1,0,5.77814007,,0.100000001,2101255,34,0x42509;0x74F4F,Weakness to Frost,,0.100000001,2101255,34,0x42509;0x74F4F
Abecean Longfin,0x106E1B,Fortify Sneak,0x3EB22,0.180000007,3.32999992,60,1,0,0,0,1,0,0,0,MagicAlchFortifySneak;MagicAlchBeneficial,0x3EB22,0x3EB22,,3.32999992,60,1,1,4.85207558,,0.180000007,2099202,34,0x65A27;0xF8A4E,Fortify Sneak,,0.180000007,2099202,34,0x65A27;0xF8A4E
Abecean Longfin,0x106E1B,Fortify Speed,0x8246C21,0.600000024,1.33000004,60,1,0,0,0,1,0,0,0,MAG_MagicAlchSpeed;MagicAlchBeneficial,0x8246C21,0x8246C21,,1.33000004,60,1,2,5.89324522,,0.600000024,2097154,34,0x81C82ED;0xF8A4E,Fortify Speed,,0.600000024,2097154,34,0x81C82ED;0xF8A4E
Abecean Longfin,0x106E1B,Fortify Restoration Power,0x3EB28,0.200000003,3.32999992,60,1,0,0,0,1,0,0,0,MagicAlchFortifyRestoration;MagicAlchBeneficial,0x3EB28,0x3EB28,,3.32999992,60,1,3,5.39119482,,0.200000003,2099202,34,0x65A2D;0xF8A4E,Fortify Restoration Power,,0.200000003,2099202,34,0x65A2D;0xF8A4E
Alocasia Fruit,0xFE004D62,Fortify Stamina Regeneration,0x3EB08,0.0350000001,2.67000008,300,1,0,0,0,1,0,0,0,MagicAlchFortifyStaminaRate;MagicAlchBeneficial,0x3EB08,0x3EB08,,2.67000008,300,1,0,4.34574175,,0.0350000001,2099202,34,0x65A35;0xF8A4E,Fortify Stamina Regeneration,,0.0350000001,2099202,34,0x65A35;0xF8A4E
Alocasia Fruit,0xFE004D62,Light,0xFE004846,8,0,4,0,1,0,0,1,0,0,1,WISpellColorful;MagicAlchBeneficial;MagicAlchDurationBased,0xFE004846,0xFE004846,,0,4,0,1,2.91981936,,8,4198400,12,0xA9B1E;0xF8A4E;0xF8A4F,Light,,8,4198400,12,0xA9B1E;0xF8A4E;0xF8A4F
Alocasia Fruit,0xFE004D62,Damage Armor,0x73F27,0.0350000001,19.9500008,60,1,0,0,0,0,1,1,0,MagicAlchHarmful;MAG_MagicAlchDamageArmor,0x73F27,0x73F27,,19.9500008,60,1,2,6.76038885,,0.0350000001,2103303,34,0x42509;0x80F3882,Damage Armor,,0.0350000001,2103303,34,0x42509;0x80F3882
Alocasia Fruit,0xFE004D62,Fortify Health Regeneration,0x3EB06,0.0350000001,2.67000008,300,1,0,0,0,1,0,0,0,MagicAlchFortifyHealRate;MagicAlchBeneficial,0x3EB06,0x3EB06,,2.67000008,300,1,3,4.34574175,,0.0350000001,2099202,34,0x65A30;0xF8A4E,Fortify Health Regeneration,,0.0350000001,2099202,34,0x65A30;0xF8A4E
Aloe Vera Leaves,0xFE0060D0,Restore Health,0x3EB15,4,5,0,1,0,0,0,1,0,0,0,MagicAlchRestoreHealth;MagicAlchBeneficial,0x3EB15,0x3EB15,,5,0,1,0,2.93654752,,4,2099200,34,0x42503;0xF8A4E,Restore Health,,4,2099200,34,0x42503;0xF8A4E
Aloe Vera Leaves,0xFE0060D0,Restore Stamina,0x3EB16,4,5,0,1,0,0,0,1,0,0,0,MagicAlchRestoreStamina;MagicAlchBeneficial,0x3EB16,0x3EB16,,5,0,1,1,3.52385712,,4,2099200,34,0x42504;0xF8A4E,Restore Stamina,,4,2099200,34,0x42504;0xF8A4E
Aloe Vera Leaves,0xFE0060D0,Damage Magicka,0x3A2B6,3,5,0,1,0,0,0,0,1,1,0,MagicAlchHarmful;MagicAlchDamageMagicka,0x3A2B6,0x3A2B6,,5,0,0,2,12.9208097,,3,2099205,0,0x42509;0x10F9DE,Damage Magicka,,3,2099205,0,0x42509;0x10F9DE
Aloe Vera Leaves,0xFE0060D0,Invisibility,0x3EB3D,15,0,2,0,1,1,0,1,0,0,1,MagicInvisibility;MagicAlchBeneficial;MagicAlchDurationBased,0x3EB3D,0x3EB3D,,0,2,0,3,17.0267982,,15,4201474,11,0x1EA6F;0xF8A4E;0xF8A4F,Invisibility,,15,4201474,11,0x1EA6F;0xF8A4E;0xF8A4F
Ambrosia,0xFE004836,Restore Health,0x3EB15,4,0.959999979,10,1,0,0,0,1,0,0,0,MagicAlchRestoreHealth;MagicAlchBeneficial,0x3EB15,0x3EB15,,0.959999979,10,1,0,4,,4,2099200,34,0x42503;0xF8A4E,Restore Health,,4,2099200,34,0x42503;0xF8A4E
Ambrosia,0xFE004836,Fortify Health Regeneration,0x3EB06,0.0350000001,2.67000008,300,1,0,0,0,1,0,0,0,MagicAlchFortifyHealRate;MagicAlchBeneficial,0x3EB06,0x3EB06,,2.67000008,300,1,1,4.34574175,,0.0350000001,2099202,34,0x65A30;0xF8A4E,Fortify Health Regeneration,,0.0350000001,2099202,34,0x65A30;0xF8A4E
Ambrosia,0xFE004836,Fortify Health,0x3EAF3,0.0450000018,2.67000008,300,1,0,0,0,1,0,0,0,MagicAlchFortifyHealth;MagicAlchBeneficial,0x3EAF3,0x3EAF3,,2.67000008,300,1,2,5.58738232,,0.0450000018,2099202,34,0x65A31;0xF8A4E,Fortify Health,,0.0450000018,2099202,34,0x65A31;0xF8A4E
Ambrosia,0xFE004836,Muffle,0x81FFE18,12,1,4,0,1,0,0,1,0,0,0,MagicAlchBeneficial;MAG_MagicAlchMuffle,0x81FFE18,0x81FFE18,,1,4,0,3,4.37972927,,12,4196354,0,0xF8A4E;0x80F3873,Muffle,,12,4196354,0,0xF8A4E;0x80F3873
Ancestor Moth Wing,0x20059BA,Damage Stamina,0x3A2C6,3,0.879999995,10,1,0,0,0,0,1,1,0,MagicAlchHarmful;MagicAlchDamageStamina,0x3A2C6,0x3A2C6,,0.879999995,10,0,0,3,,3,2099205,0,0x42509;0x10F9DC,Damage Stamina,,3,2099205,0,0x42509;0x10F9DC
Ancestor Moth Wing,0x20059BA,Fortify Conjuration Power,0x3EB25,0.0799999982,6.67000008,60,1,0,0,0,1,0,0,0,MagicAlchFortifyConjuration;MagicAlchBeneficial,0x3EB25,0x3EB25,,6.67000008,60,1,1,4.63014746,,0.0799999982,2099202,34,0x65A2A;0xF8A4E,Fortify Conjuration Power,,0.0799999982,2099202,34,0x65A2A;0xF8A4E
Ancestor Moth Wing,0x20059BA,Damage Weapon,0x73F26,0.25,3.32999992,60,1,0,0,0,0,1,1,0,MagicAlchHarmful;MAG_MagicAlchDamageWeapon,0x73F26,0x73F26,,3.32999992,60,1,2,6.73899364,,0.25,2103303,34,0x42509;0x80F3881,Damage Weapon,,0.25,2103303,34,0x42509;0x80F3881
Ancestor Moth Wing,0x20059BA,Fortify Sneak Attacks,0x3EB18,0.200000003,3.32999992,60,1,0,0,0,1,0,0,0,MagicAlchBeneficial;MAG_MagicAlchFortifySneakAttacks,0x3EB18,0x3EB18,,3.32999992,60,1,3,5.39119482,,0.200000003,136448002,34,0xF8A4E;0x65A28,Fortify Sneak Attacks,,0.200000003,136448002,34,0xF8A4E;0x65A28
Angelfish,0x50008EB,Fortify Health Regeneration,0x3EB06,0.0350000001,2.67000008,300,1,0,0,0,1,0,0,0,MagicAlchFortifyHealRate;MagicAlchBeneficial,0x3EB06,0x3EB06,,2.67000008,300,1,0,4.34574175,,0.0350000001,2099202,34,0x65A30;0xF8A4E,Fortify Health Regeneration,,0.0350000001,2099202,34,0x65A30;0xF8A4E
Angelfish,0x50008EB,Resist Fire,0x3EAEA,0.180000007,3.32999992,60,1,0,0,0,1,0,0,0,MagicAlchResistFire;MagicAlchBeneficial,0x3EAEA,0x3EAEA,,3.32999992,60,1,1,4.85207558,,0.180000007,2101250,34,0x65A37;0xF8A4E,Resist Fire,,0.180000007,2101250,34,0x65A37;0xF8A4E
Angelfish,0x50008EB,Fortify Marksman,0x3EB1B,0.200000003,3.32999992,60,1,0,0,0,1,0,0,0,MagicAlchFortifyMarksman;MagicAlchBeneficial,0x3EB1B,0x3EB1B,,3.32999992,60,1,2,5.39119482,,0.200000003,2099202,34,0x65A21;0xF8A4E,Fortify Marksman,,0.200000003,2099202,34,0x65A21;0xF8A4E
Angelfish,0x50008EB,Waterbreathing,0x3AC2D,10,0,4,0,1,1,0,1,0,0,1,MagicAlchBeneficial;MagicAlchDurationBased,0x3AC2D,0x3AC2D,,0,4,1,3,3.64977407,,10,4197378,34,0xF8A4E;0xF8A4F,Waterbreathing,,10,4197378,34,0xF8A4E;0xF8A4F
Angler Larvae,0x50008F0,Lingering Damage Health,0x10AA4A,1.25,0.270000011,30,1,0,0,0,0,1,1,0,MagicAlchHarmful;MAG_MagicAlchDamageHealthDuration;MagicAlchDamageHealth,0x10AA4A,0x10AA4A,,0.270000011,30,0,0,4.185462,,1.25,2099205,0,0x42509;0x80F3883;0x10F9DD,Lingering Damage Health,,1.25,2099205,0,0x42509;0x80F3883;0x10F9DD
Angler Larvae,0x50008F0,Fortify Stamina Regeneration,0x3EB08,0.0350000001,2.67000008,300,1,0,0,0,1,0,0,0,MagicAlchFortifyStaminaRate;MagicAlchBeneficial,0x3EB08,0x3EB08,,2.67000008,300,1,1,4.34574175,,0.0350000001,2099202,34,0x65A35;0xF8A4E,Fortify Stamina Regeneration,,0.0350000001,2099202,34,0x65A35;0xF8A4E
Angler Larvae,0x50008F0,Waterbreathing,0x3AC2D,10,0,4,0,1,1,0,1,0,0,1,MagicAlchBeneficial;MagicAlchDurationBased,0x3AC2D,0x3AC2D,,0,4,1,2,3.64977407,,10,4197378,34,0xF8A4E;0xF8A4F,Waterbreathing,,10,4197378,34,0xF8A4E;0xF8A4F
Angler Larvae,0x50008F0,Fortify Two-handed,0x3EB1A,0.200000003,3.32999992,60,1,0,0,0,1,0,0,0,MagicAlchFortifyTwoHanded;MagicAlchBeneficial,0x3EB1A,0x3EB1A,,3.32999992,60,1,3,5.39119482,,0.200000003,2099202,34,0x65A20;0xF8A4E,Fortify Two-handed,,0.200000003,2099202,34,0x65A20;0xF8A4E
Ash Creep Cluster,0x401CD74,Damage Stamina,0x3A2C6,3,0.879999995,10,1,0,0,0,0,1,1,0,MagicAlchHarmful;MagicAlchDamageStamina,0x3A2C6,0x3A2C6,,0.879999995,10,0,0,3,,3,2099205,0,0x42509;0x10F9DC,Damage Stamina,,3,2099205,0,0x42509;0x10F9DC
Ash Creep Cluster,0x401CD74,Invisibility,0x3EB3D,15,0,4,0,1,1,0,1,0,0,1,MagicInvisibility;MagicAlchBeneficial;MagicAlchDurationBased,0x3EB3D,0x3EB3D,,0,4,0,1,5.47466135,,15,4201474,11,0x1EA6F;0xF8A4E;0xF8A4F,Invisibility,,15,4201474,11,0x1EA6F;0xF8A4E;0xF8A4F
Ash Creep Cluster,0x401CD74,Resist Fire,0x3EAEA,0.180000007,3.32999992,60,1,0,0,0,1,0,0,0,MagicAlchResistFire;MagicAlchBeneficial,0x3EAEA,0x3EAEA,,3.32999992,60,1,2,4.85207558,,0.180000007,2101250,34,0x65A37;0xF8A4E,Resist Fire,,0.180000007,2101250,34,0x65A37;0xF8A4E
Ash Creep Cluster,0x401CD74,Fortify Destruction Power,0x3EB26,0.200000003,3.32999992,60,1,0,0,0,1,0,0,0,MagicAlchFortifyDestruction;MagicAlchBeneficial,0x3EB26,0x3EB26,,3.32999992,60,1,3,5.39119482,,0.200000003,2099202,34,0x65A2B;0xF8A4E,Fortify Destruction Power,,0.200000003,2099202,34,0x65A2B;0xF8A4E
Ash Hopper Jelly,0x401CD71,Restore Health,0x3EB15,4,0.959999979,10,1,0,0,0,1,0,0,0,MagicAlchRestoreHealth;MagicAlchBeneficial,0x3EB15,0x3EB15,,0.959999979,10,1,0,4,,4,2099200,34,0x42503;0xF8A4E,Restore Health,,4,2099200,34,0x42503;0xF8A4E
Ash Hopper Jelly,0x401CD71,Fortify Power Attacks,0x3EB29,0.200000003,3.32999992,60,1,0,0,0,1,0,0,0,MAG_MagicAlchFortifyPowerAttacks;MagicAlchBeneficial,0x3EB29,0x3EB29,,3.32999992,60,1,1,5.39119482,,0.200000003,2099202,34,0x65A2E;0xF8A4E,Fortify Power Attacks,,0.200000003,2099202,34,0x65A2E;0xF8A4E
Ash Hopper Jelly,0x401CD71,Resist Shock,0x3EAEC,0.180000007,3.32999992,60,1,0,0,0,1,0,0,0,MagicAlchResistShock;MagicAlchBeneficial,0x3EAEC,0x3EAEC,,3.32999992,60,1,2,4.85207558,,0.180000007,2101250,34,0x65A39;0xF8A4E,Resist Shock,,0.180000007,2101250,34,0x65A39;0xF8A4E
Ash Hopper Jelly,0x401CD71,Weakness to Frost,0x73F2E,0.100000001,6.65999985,60,1,0,0,0,0,1,1,0,MagicAlchHarmful;MagicAlchWeaknessFrost,0x73F2E,0x73F2E,,6.65999985,60,1,3,5.77814007,,0.100000001,2101255,34,0x42509;0x74F4F,Weakness to Frost,,0.100000001,2101255,34,0x42509;0x74F4F
Ashen Grass Pod,0x4016E26,Resist Fire,0x3EAEA,0.180000007,3.32999992,60,1,0,0,0,1,0,0,0,MagicAlchResistFire;MagicAlchBeneficial,0x3EAEA,0x3EAEA,,3.32999992,60,1,0,4.85207558,,0.180000007,2101250,34,0x65A37;0xF8A4E,Resist Fire,,0.180000007,2101250,34,0x65A37;0xF8A4E
Ashen Grass Pod,0x4016E26,Weakness to Shock,0x73F2F,0.100000001,6.65999985,60,1,0,0,0,0,1,1,0,MagicAlchWeaknessShock;MagicAlchHarmful,0x73F2F,0x73F2F,,6.65999985,60,1,1,5.77814007,,0.100000001,2101255,34,0x74F50;0x42509,Weakness to Shock,,0.100000001,2101255,34,0x74F50;0x42509
Ashen Grass Pod,0x4016E26,Fortify Lockpicking,0x3EB21,0.180000007,3.32999992,60,1,0,0,0,1,0,0,0,MagicAlchFortifyLockpicking;MagicAlchBeneficial,0x3EB21,0x3EB21,,3.32999992,60,1,2,4.85207558,,0.180000007,2099202,34,0x65A26;0xF8A4E,Fortify Lockpicking,,0.180000007,2099202,34,0x65A26;0xF8A4E
Ashen Grass Pod,0x4016E26,Fortify Sneak,0x3EB22,0.180000007,3.32999992,60,1,0,0,0,1,0,0,0,MagicAlchFortifySneak;MagicAlchBeneficial,0x3EB22,0x3EB22,,3.32999992,60,1,3,4.85207558,,0.180000007,2099202,34,0x65A27;0xF8A4E,Fortify Sneak,,0.180000007,2099202,34,0x65A27;0xF8A4E
Aster Bloom Core,0xFE004D66,Resist Magic,0x39E51,0.0900000036,1.66999996,300,1,0,0,0,1,0,0,0,MagicAlchResistMagic;MagicAlchBeneficial,0x39E51,0x39E51,,1.66999996,300,1,0,6.66905117,,0.0900000036,2103298,34,0x65A3A;0xF8A4E,Resist Magic,,0.0900000036,2103298,34,0x65A3A;0xF8A4E
Aster Bloom Core,0xFE004D66,Fortify Armor Rating,0x3EB1F,0.0199999996,6.67000008,300,1,0,0,0,1,0,0,0,MagicAlchFortifyArmorRating;MagicAlchBeneficial,0x3EB1F,0x3EB1F,,6.67000008,300,1,1,6.79832363,,0.0199999996,2099202,34,0x65A24;0xF8A4E,Fortify Armor Rating,,0.0199999996,2099202,34,0x65A24;0xF8A4E
Aster Bloom Core,0xFE004D66,Fortify Block,0x3EB1C,0.200000003,3.32999992,60,1,0,0,0,1,0,0,0,MagicAlchFortifyBlock;MagicAlchBeneficial,0x3EB1C,0x3EB1C,,3.32999992,60,1,2,5.39119482,,0.200000003,2099202,34,0x65A1E;0xF8A4E,Fortify Block,,0.200000003,2099202,34,0x65A1E;0xF8A4E
Aster Bloom Core,0xFE004D66,Paralysis,0x73F30,1.75,3.32999992,10,1,0,0,0,0,1,1,0,MagicParalysis;MagicAlchHarmful;MAG_MagicAlchIllusionEffect,0x73F30,0x73F30,,3.32999992,10,0,3,6.5724411,,1.75,2099203,38,0x1EA70;0x42509;0x823791D,Paralysis,,1.75,2099203,38,0x1EA70;0x42509;0x823791D
Bear Claws,0x6BC02,Restore Stamina,0x3EB16,4,0.959999979,10,1,0,0,0,1,0,0,0,MagicAlchRestoreStamina;MagicAlchBeneficial,0x3EB16,0x3EB16,,0.959999979,10,1,0,4,,4,2099200,34,0x42504;0xF8A4E,Restore Stamina,,4,2099200,34,0x42504;0xF8A4E
Bear Claws,0x6BC02,Fortify Health,0x3EAF3,0.0450000018,2.67000008,300,1,0,0,0,1,0,0,0,MagicAlchFortifyHealth;MagicAlchBeneficial,0x3EAF3,0x3EAF3,,2.67000008,300,1,1,5.58738232,,0.0450000018,2099202,34,0x65A31;0xF8A4E,Fortify Health,,0.0450000018,2099202,34,0x65A31;0xF8A4E
Bear Claws,0x6BC02,Fortify One-handed,0x3EB19,0.200000003,3.32999992,60,1,0,0,0,1,0,0,0,MagicAlchFortifyOneHanded;MagicAlchBeneficial,0x3EB19,0x3EB19,,3.32999992,60,1,2,5.39119482,,0.200000003,2099202,34,0x65A1F;0xF8A4E,Fortify One-handed,,0.200000003,2099202,34,0x65A1F;0xF8A4E
Bear Claws,0x6BC02,Damage Armor,0x73F27,0.0350000001,19.9500008,60,1,0,0,0,0,1,1,0,MagicAlchHarmful;MAG_MagicAlchDamageArmor,0x73F27,0x73F27,,19.9500008,60,1,3,6.76038885,,0.0350000001,2103303,34,0x42509;0x80F3882,Damage Armor,,0.0350000001,2103303,34,0x42509;0x80F3882
Bee,0xA9195,Restore Stamina,0x3EB16,4,0.959999979,10,1,0,0,0,1,0,0,0,MagicAlchRestoreStamina;MagicAlchBeneficial,0x3EB16,0x3EB16,,0.959999979,10,1,0,4,,4,2099200,34,0x42504;0xF8A4E,Restore Stamina,,4,2099200,34,0x42504;0xF8A4E
Bee,0xA9195,Command,0x73F2C,0.5,3.32999992,30,1,0,0,0,0,1,1,0,MagicAlchHarmful;MAG_MagicAlchIllusionEffect,0x73F2C,0x73F2C,,3.32999992,30,0,1,6.28770351,,0.5,2099203,38,0x42509;0x823791D,Command,,0.5,2099203,38,0x42509;0x823791D
Bee,0xA9195,Fortify Stamina Regeneration,0x3EB08,0.0350000001,2.67000008,300,1,0,0,0,1,0,0,0,MagicAlchFortifyStaminaRate;MagicAlchBeneficial,0x3EB08,0x3EB08,,2.67000008,300,1,2,4.34574175,,0.0350000001,2099202,34,0x65A35;0xF8A4E,Fortify Stamina Regeneration,,0.0350000001,2099202,34,0x65A35;0xF8A4E
Bee,0xA9195,Weakness to Shock,0x73F2F,0.100000001,6.65999985,60,1,0,0,0,0,1,1,0,MagicAlchWeaknessShock;MagicAlchHarmful,0x73F2F,0x73F2F,,6.65999985,60,1,3,5.77814007,,0.100000001,2101255,34,0x74F50;0x42509,Weakness to Shock,,0.100000001,2101255,34,0x74F50;0x42509
Beehive Husk,0xA9191,Resist Poison,0x90041,0.180000007,3.32999992,60,1,0,0,0,1,0,0,0,MagicAlchResistPoison;MagicAlchBeneficial,0x90041,0x90041,,3.32999992,60,1,0,4.85207558,,0.180000007,2101250,34,0x10EB5F;0xF8A4E,Resist Poison,,0.180000007,2101250,34,0x10EB5F;0xF8A4E
Beehive Husk,0xA9191,Fortify Power Attacks,0x3EB29,0.200000003,3.32999992,60,1,0,0,0,1,0,0,0,MAG_MagicAlchFortifyPowerAttacks;MagicAlchBeneficial,0x3EB29,0x3EB29,,3.32999992,60,1,1,5.39119482,,0.200000003,2099202,34,0x65A2E;0xF8A4E,Fortify Power Attacks,,0.200000003,2099202,34,0x65A2E;0xF8A4E
Beehive Husk,0xA9191,Fortify Sneak,0x3EB22,0.180000007,3.32999992,60,1,0,0,0,1,0,0,0,MagicAlchFortifySneak;MagicAlchBeneficial,0x3EB22,0x3EB22,,3.32999992,60,1,2,4.85207558,,0.180000007,2099202,34,0x65A27;0xF8A4E,Fortify Sneak,,0.180000007,2099202,34,0x65A27;0xF8A4E
Beehive Husk,0xA9191,Fortify Destruction Power,0x3EB26,0.200000003,3.32999992,60,1,0,0,0,1,0,0,0,MagicAlchFortifyDestruction;MagicAlchBeneficial,0x3EB26,0x3EB26,,3.32999992,60,1,3,5.39119482,,0.200000003,2099202,34,0x65A2B;0xF8A4E,Fortify Destruction Power,,0.200000003,2099202,34,0x65A2B;0xF8A4E
Berit's Ashes,0x705B7,Damage Stamina,0x3A2C6,3,0.879999995,10,1,0,0,0,0,1,1,0,MagicAlchHarmful;MagicAlchDamageStamina,0x3A2C6,0x3A2C6,,0.879999995,10,0,0,3,,3,2099205,0,0x42509;0x10F9DC,Damage Stamina,,3,2099205,0,0x42509;0x10F9DC
Berit's Ashes,0x705B7,Resist Fire,0x3EAEA,0.180000007,3.32999992,60,1,0,0,0,1,0,0,0,MagicAlchResistFire;MagicAlchBeneficial,0x3EAEA,0x3EAEA,,3.32999992,60,1,1,4.85207558,,0.180000007,2101250,34,0x65A37;0xF8A4E,Resist Fire,,0.180000007,2101250,34,0x65A37;0xF8A4E
Berit's Ashes,0x705B7,Fortify Conjuration Power,0x3EB25,0.0799999982,6.67000008,60,1,0,0,0,1,0,0,0,MagicAlchFortifyConjuration;MagicAlchBeneficial,0x3EB25,0x3EB25,,6.67000008,60,1,2,4.63014746,,0.0799999982,2099202,34,0x65A2A;0xF8A4E,Fortify Conjuration Power,,0.0799999982,2099202,34,0x65A2A;0xF8A4E
Berit's Ashes,0x705B7,Command,0x73F2C,0.5,3.32999992,30,1,0,0,0,0,1,1,0,MagicAlchHarmful;MAG_MagicAlchIllusionEffect,0x73F2C,0x73F2C,,3.32999992,30,0,3,6.28770351,,0.5,2099203,38,0x42509;0x823791D,Command,,0.5,2099203,38,0x42509;0x823791D
Bittergreen Petals,0xFE004D68,Lingering Damage Stamina,0x10DE5E,1.5,0.519999981,30,1,0,0,0,0,1,1,0,MagicAlchHarmful;MAG_MagicAlchDamageStaminaDuration;MagicAlchDamageStamina,0x10DE5E,0x10DE5E,,0.519999981,30,0,0,5.0225544,,1.5,2099205,0,0x42509;0x80F3885;0x10F9DC,Lingering Damage Stamina,,1.5,2099205,0,0x42509;0x80F3885;0x10F9DC
Bittergreen Petals,0xFE004D68,Invisibility,0x3EB3D,15,0,4,0,1,1,0,1,0,0,1,MagicInvisibility;MagicAlchBeneficial;MagicAlchDurationBased,0x3EB3D,0x3EB3D,,0,4,0,1,5.47466135,,15,4201474,11,0x1EA6F;0xF8A4E;0xF8A4F,Invisibility,,15,4201474,11,0x1EA6F;0xF8A4E;0xF8A4F
Bittergreen Petals,0xFE004D68,Muffle,0x81FFE18,12,1,4,0,1,0,0,1,0,0,0,MagicAlchBeneficial;MAG_MagicAlchMuffle,0x81FFE18,0x81FFE18,,1,4,0,2,4.37972927,,12,4196354,0,0xF8A4E;0x80F3873,Muffle,,12,4196354,0,0xF8A4E;0x80F3873
Bittergreen Petals,0xFE004D68,Damage Magicka,0x3A2B6,3,0.879999995,10,1,0,0,0,0,1,1,0,MagicAlchHarmful;MagicAlchDamageMagicka,0x3A2B6,0x3A2B6,,0.879999995,10,0,3,3,,3,2099205,0,0x42509;0x10F9DE,Damage Magicka,,3,2099205,0,0x42509;0x10F9DE
Bleeding Crown,0x4DA20,Weakness to Fire,0x73F2D,0.100000001,6.65999985,60,1,0,0,0,0,1,1,0,MagicAlchWeaknessFire;MagicAlchHarmful,0x73F2D,0x73F2D,,6.65999985,60,1,0,5.77814007,,0.100000001,2101255,34,0x74F4E;0x42509,Weakness to Fire,,0.100000001,2101255,34,0x74F4E;0x42509
Bleeding Crown,0x4DA20,Fortify Block,0x3EB1C,0.200000003,3.32999992,60,1,0,0,0,1,0,0,0,MagicAlchFortifyBlock;MagicAlchBeneficial,0x3EB1C,0x3EB1C,,3.32999992,60,1,1,5.39119482,,0.200000003,2099202,34,0x65A1E;0xF8A4E,Fortify Block,,0.200000003,2099202,34,0x65A1E;0xF8A4E
Bleeding Crown,0x4DA20,Fortify Speed,0x8246C21,0.600000024,1.33000004,60,1,0,0,0,1,0,0,0,MAG_MagicAlchSpeed;MagicAlchBeneficial,0x8246C21,0x8246C21,,1.33000004,60,1,2,5.89324522,,0.600000024,2097154,34,0x81C82ED;0xF8A4E,Fortify Speed,,0.600000024,2097154,34,0x81C82ED;0xF8A4E
Bleeding Crown,0x4DA20,Resist Magic,0x39E51,0.0900000036,1.66999996,300,1,0,0,0,1,0,0,0,MagicAlchResistMagic;MagicAlchBeneficial,0x39E51,0x39E51,,1.66999996,300,1,3,6.66905117,,0.0900000036,2103298,34,0x65A3A;0xF8A4E,Resist Magic,,0.0900000036,2103298,34,0x65A3A;0xF8A4E
Blind Watcher's Eye,0xFE004822,Light,0xFE004846,8,0,4,0,1,0,0,1,0,0,1,WISpellColorful;MagicAlchBeneficial;MagicAlchDurationBased,0xFE004846,0xFE004846,,0,4,0,0,2.91981936,,8,4198400,12,0xA9B1E;0xF8A4E;0xF8A4F,Light,,8,4198400,12,0xA9B1E;0xF8A4E;0xF8A4F
Blind Watcher's Eye,0xFE004822,Fortify Magicka,0x3EAF8,0.0450000018,2.67000008,300,1,0,0,0,1,0,0,0,MagicAlchFortifyMagicka;MagicAlchBeneficial,0x3EAF8,0x3EAF8,,2.67000008,300,1,1,5.58738232,,0.0450000018,2099202,34,0x65A33;0xF8A4E,Fortify Magicka,,0.0450000018,2099202,34,0x65A33;0xF8A4E
Blind Watcher's Eye,0xFE004822,Fortify Alteration Power,0x3EB24,0.0799999982,6.67000008,60,1,0,0,0,1,0,0,0,MagicAlchFortifyAlteration;MagicAlchBeneficial,0x3EB24,0x3EB24,,6.67000008,60,1,2,4.63014746,,0.0799999982,2099202,34,0x65A1D;0xF8A4E,Fortify Alteration Power,,0.0799999982,2099202,34,0x65A1D;0xF8A4E
Blind Watcher's Eye,0xFE004822,Spell Absorption,0xFE004812,0.115000002,1.66999996,60,1,0,0,0,1,0,0,0,MagicAlchBeneficial;MAG_MagicAlchAbsorbSpell,0xFE004812,0xFE004812,,1.66999996,60,1,3,1.45094967,,0.115000002,2097154,34,0xF8A4E;0xFE00CB00,Spell Absorption,,0.115000002,2097154,34,0xF8A4E;0xFE00CB00
Bliss Bug Thorax,0x6059155,Weakness to Fire,0x73F2D,0.100000001,6.65999985,60,1,0,0,0,0,1,1,0,MagicAlchWeaknessFire;MagicAlchHarmful,0x73F2D,0x73F2D,,6.65999985,60,1,0,5.77814007,,0.100000001,2101255,34,0x74F4E;0x42509,Weakness to Fire,,0.100000001,2101255,34,0x74F4E;0x42509
Bliss Bug Thorax,0x6059155,Resist Fire,0x3EAEA,0.180000007,3.32999992,60,1,0,0,0,1,0,0,0,MagicAlchResistFire;MagicAlchBeneficial,0x3EAEA,0x3EAEA,,3.32999992,60,1,1,4.85207558,,0.180000007,2101250,34,0x65A37;0xF8A4E,Resist Fire,,0.180000007,2101250,34,0x65A37;0xF8A4E
Bliss Bug Thorax,0x6059155,Fortify Shouts,0x3EB1E,0.25,6.67000008,60,1,0,0,0,1,0,0,0,MagicAlchFortifyShouts;MagicAlchBeneficial,0x3EB1E,0x3EB1E,,6.67000008,60,1,2,14.4692106,,0.25,2099202,34,0x65A23;0xF8A4E,Fortify Shouts,,0.25,2099202,34,0x65A23;0xF8A4E
Bliss Bug Thorax,0x6059155,Fortify Illusion Power,0x3EB27,0.200000003,3.32999992,60,1,0,0,0,1,0,0,0,MagicAlchFortifyIllusion;MagicAlchBeneficial,0x3EB27,0x3EB27,,3.32999992,60,1,3,5.39119482,,0.200000003,2099202,34,0x65A2C;0xF8A4E,Fortify Illusion Power,,0.200000003,2099202,34,0x65A2C;0xF8A4E
Blister Pod Cap,0xFE004D6A,Restore Magicka,0x3EB17,4,0.959999979,10,1,0,0,0,1,0,0,0,MagicAlchRestoreMagicka;MagicAlchBeneficial,0x3EB17,0x3EB17,,0.959999979,10,1,0,4,,4,2099200,34,0x42508;0xF8A4E,Restore Magicka,,4,2099200,34,0x42508;0xF8A4E
Blister Pod Cap,0xFE004D6A,Fortify Magicka,0x3EAF8,0.0450000018,2.67000008,300,1,0,0,0,1,0,0,0,MagicAlchFortifyMagicka;MagicAlchBeneficial,0x3EAF8,0x3EAF8,,2.67000008,300,1,1,5.58738232,,0.0450000018,2099202,34,0x65A33;0xF8A4E,Fortify Magicka,,0.0450000018,2099202,34,0x65A33;0xF8A4E
Blister Pod Cap,0xFE004D6A,Night Eye,0xFE004803,12,0,4,0,1,0,0,1,0,0,0,MAG_MagicAlchFortifySneakAttacks;MagicAlchBeneficial,0xFE004803,0xFE004803,,0,4,0,2,4.37972927,,12,138545408,1,0x65A28;0xF8A4E,Night Eye,,12,138545408,1,0x65A28;0xF8A4E
Blister Pod Cap,0xFE004D6A,Invisibility,0x3EB3D,15,0,4,0,1,1,0,1,0,0,1,MagicInvisibility;MagicAlchBeneficial;MagicAlchDurationBased,0x3EB3D,0x3EB3D,,0,4,0,3,5.47466135,,15,4201474,11,0x1EA6F;0xF8A4E;0xF8A4F,Invisibility,,15,4201474,11,0x1EA6F;0xF8A4E;0xF8A4F
Blisterwort,0x4DA25,Restore Health,0x3EB15,4,0.959999979,10,1,0,0,0,1,0,0,0,MagicAlchRestoreHealth;MagicAlchBeneficial,0x3EB15,0x3EB15,,0.959999979,10,1,0,4,,4,2099200,34,0x42503;0xF8A4E,Restore Health,,4,2099200,34,0x42503;0xF8A4E
Blisterwort,0x4DA25,Frenzy,0x73F29,0.349999994,3.32999992,30,1,0,0,0,0,1,1,0,MagicAlchHarmful;MAG_MagicAlchIllusionEffect,0x73F29,0x73F29,,3.32999992,30,0,1,4.40139246,,0.349999994,2099463,8,0x42509;0x823791D,Frenzy,,0.349999994,2099463,8,0x42509;0x823791D
Blisterwort,0x4DA25,Resist Magic,0x39E51,0.0900000036,1.66999996,300,1,0,0,0,1,0,0,0,MagicAlchResistMagic;MagicAlchBeneficial,0x39E51,0x39E51,,1.66999996,300,1,2,6.66905117,,0.0900000036,2103298,34,0x65A3A;0xF8A4E,Resist Magic,,0.0900000036,2103298,34,0x65A3A;0xF8A4E
Blisterwort,0x4DA25,Fortify Armor Rating,0x3EB1F,0.0199999996,6.67000008,300,1,0,0,0,1,0,0,0,MagicAlchFortifyArmorRating;MagicAlchBeneficial,0x3EB1F,0x3EB1F,,6.67000008,300,1,3,6.79832363,,0.0199999996,2099202,34,0x65A24;0xF8A4E,Fortify Armor Rating,,0.0199999996,2099202,34,0x65A24;0xF8A4E
Blue Butterfly Wing,0x727DE,Damage Stamina,0x3A2C6,3,0.879999995,10,1,0,0,0,0,1,1,0,MagicAlchHarmful;MagicAlchDamageStamina,0x3A2C6,0x3A2C6,,0.879999995,10,0,0,3,,3,2099205,0,0x42509;0x10F9DC,Damage Stamina,,3,2099205,0,0x42509;0x10F9DC
Blue Butterfly Wing,0x727DE,Fortify Conjuration Power,0x3EB25,0.0799999982,6.67000008,60,1,0,0,0,1,0,0,0,MagicAlchFortifyConjuration;MagicAlchBeneficial,0x3EB25,0x3EB25,,6.67000008,60,1,1,4.63014746,,0.0799999982,2099202,34,0x65A2A;0xF8A4E,Fortify Conjuration Power,,0.0799999982,2099202,34,0x65A2A;0xF8A4E
Blue Butterfly Wing,0x727DE,Damage Weapon,0x73F26,0.25,3.32999992,60,1,0,0,0,0,1,1,0,MagicAlchHarmful;MAG_MagicAlchDamageWeapon,0x73F26,0x73F26,,3.32999992,60,1,2,6.73899364,,0.25,2103303,34,0x42509;0x80F3881,Damage Weapon,,0.25,2103303,34,0x42509;0x80F3881
Blue Butterfly Wing,0x727DE,Fortify Sneak Attacks,0x3EB18,0.200000003,3.32999992,60,1,0,0,0,1,0,0,0,MagicAlchBeneficial;MAG_MagicAlchFortifySneakAttacks,0x3EB18,0x3EB18,,3.32999992,60,1,3,5.39119482,,0.200000003,136448002,34,0xF8A4E;0x65A28,Fortify Sneak Attacks,,0.200000003,136448002,34,0xF8A4E;0x65A28
Blue Dartwing,0xE4F0C,Resist Shock,0x3EAEC,0.180000007,3.32999992,60,1,0,0,0,1,0,0,0,MagicAlchResistShock;MagicAlchBeneficial,0x3EAEC,0x3EAEC,,3.32999992,60,1,0,4.85207558,,0.180000007,2101250,34,0x65A39;0xF8A4E,Resist Shock,,0.180000007,2101250,34,0x65A39;0xF8A4E
Blue Dartwing,0xE4F0C,Fortify Pickpocket,0x3EB20,0.180000007,3.32999992,60,1,0,0,0,1,0,0,0,MagicAlchFortifyPickPocket;MagicAlchBeneficial,0x3EB20,0x3EB20,,3.32999992,60,1,1,4.85207558,,0.180000007,2099202,34,0x65A25;0xF8A4E,Fortify Pickpocket,,0.180000007,2099202,34,0x65A25;0xF8A4E
Blue Dartwing,0xE4F0C,Restore Health,0x3EB15,4,0.959999979,10,1,0,0,0,1,0,0,0,MagicAlchRestoreHealth;MagicAlchBeneficial,0x3EB15,0x3EB15,,0.959999979,10,1,2,4,,4,2099200,34,0x42503;0xF8A4E,Restore Health,,4,2099200,34,0x42503;0xF8A4E
Blue Dartwing,0xE4F0C,Fear,0x73F20,0.449999988,3.32999992,30,1,0,0,0,0,1,1,0,MagicAlchHarmful;MAG_MagicAlchIllusionEffect,0x73F20,0x73F20,,3.32999992,30,0,3,5.65893316,,0.449999988,2099463,7,0x42509;0x823791D,Fear,,0.449999988,2099463,7,0x42509;0x823791D
Blue Mountain Flower,0x77E1C,Restore Health,0x3EB15,4,0.959999979,10,1,0,0,0,1,0,0,0,MagicAlchRestoreHealth;MagicAlchBeneficial,0x3EB15,0x3EB15,,0.959999979,10,1,0,4,,4,2099200,34,0x42503;0xF8A4E,Restore Health,,4,2099200,34,0x42503;0xF8A4E
Blue Mountain Flower,0x77E1C,Fortify Conjuration Power,0x3EB25,0.0799999982,6.67000008,60,1,0,0,0,1,0,0,0,MagicAlchFortifyConjuration;MagicAlchBeneficial,0x3EB25,0x3EB25,,6.67000008,60,1,1,4.63014746,,0.0799999982,2099202,34,0x65A2A;0xF8A4E,Fortify Conjuration Power,,0.0799999982,2099202,34,0x65A2A;0xF8A4E
Blue Mountain Flower,0x77E1C,Fortify Health,0x3EAF3,0.0450000018,2.67000008,300,1,0,0,0,1,0,0,0,MagicAlchFortifyHealth;MagicAlchBeneficial,0x3EAF3,0x3EAF3,,2.67000008,300,1,2,5.58738232,,0.0450000018,2099202,34,0x65A31;0xF8A4E,Fortify Health,,0.0450000018,2099202,34,0x65A31;0xF8A4E
Blue Mountain Flower,0x77E1C,Damage Armor,0x73F27,0.0350000001,19.9500008,60,1,0,0,0,0,1,1,0,MagicAlchHarmful;MAG_MagicAlchDamageArmor,0x73F27,0x73F27,,19.9500008,60,1,3,6.76038885,,0.0350000001,2103303,34,0x42509;0x80F3882,Damage Armor,,0.0350000001,2103303,34,0x42509;0x80F3882
Boar Tusk,0x401CD6F,Fortify Stamina,0x3EAF9,0.0450000018,2.67000008,300,1,0,0,0,1,0,0,0,MagicAlchFortifyStamina;MagicAlchBeneficial,0x3EAF9,0x3EAF9,,2.67000008,300,1,0,5.58738232,,0.0450000018,2099202,34,0x65A32;0xF8A4E,Fortify Stamina,,0.0450000018,2099202,34,0x65A32;0xF8A4E
Boar Tusk,0x401CD6F,Fortify Health,0x3EAF3,0.0450000018,2.67000008,300,1,0,0,0,1,0,0,0,MagicAlchFortifyHealth;MagicAlchBeneficial,0x3EAF3,0x3EAF3,,2.67000008,300,1,1,5.58738232,,0.0450000018,2099202,34,0x65A31;0xF8A4E,Fortify Health,,0.0450000018,2099202,34,0x65A31;0xF8A4E
Boar Tusk,0x401CD6F,Fortify Block,0x3EB1C,0.200000003,3.32999992,60,1,0,0,0,1,0,0,0,MagicAlchFortifyBlock;MagicAlchBeneficial,0x3EB1C,0x3EB1C,,3.32999992,60,1,2,5.39119482,,0.200000003,2099202,34,0x65A1E;0xF8A4E,Fortify Block,,0.200000003,2099202,34,0x65A1E;0xF8A4E
Boar Tusk,0x401CD6F,Frenzy,0x73F29,0.349999994,3.32999992,30,1,0,0,0,0,1,1,0,MagicAlchHarmful;MAG_MagicAlchIllusionEffect,0x73F29,0x73F29,,3.32999992,30,0,3,4.40139246,,0.349999994,2099463,8,0x42509;0x823791D,Frenzy,,0.349999994,2099463,8,0x42509;0x823791D
Bog Beacon,0xFE004D6C,Restore Magicka,0x3EB17,4,0.959999979,10,1,0,0,0,1,0,0,0,MagicAlchRestoreMagicka;MagicAlchBeneficial,0x3EB17,0x3EB17,,0.959999979,10,1,0,4,,4,2099200,34,0x42508;0xF8A4E,Restore Magicka,,4,2099200,34,0x42508;0xF8A4E
Bog Beacon,0xFE004D6C,Fortify Shouts,0x3EB1E,0.25,6.67000008,60,1,0,0,0,1,0,0,0,MagicAlchFortifyShouts;MagicAlchBeneficial,0x3EB1E,0x3EB1E,,6.67000008,60,1,1,14.4692106,,0.25,2099202,34,0x65A23;0xF8A4E,Fortify Shouts,,0.25,2099202,34,0x65A23;0xF8A4E
Bog Beacon,0xFE004D6C,Fear,0x73F20,0.449999988,3.32999992,30,1,0,0,0,0,1,1,0,MagicAlchHarmful;MAG_MagicAlchIllusionEffect,0x73F20,0x73F20,,3.32999992,30,0,2,5.65893316,,0.449999988,2099463,7,0x42509;0x823791D,Fear,,0.449999988,2099463,7,0x42509;0x823791D
Bog Beacon,0xFE004D6C,Damage Stamina,0x3A2C6,3,0.879999995,10,1,0,0,0,0,1,1,0,MagicAlchHarmful;MagicAlchDamageStamina,0x3A2C6,0x3A2C6,,0.879999995,10,0,3,3,,3,2099205,0,0x42509;0x10F9DC,Damage Stamina,,3,2099205,0,0x42509;0x10F9DC
Bone Meal,0x34CDD,Fortify Conjuration Power,0x3EB25,0.0799999982,6.67000008,60,1,0,0,0,1,0,0,0,MagicAlchFortifyConjuration;MagicAlchBeneficial,0x3EB25,0x3EB25,,6.67000008,60,1,0,4.63014746,,0.0799999982,2099202,34,0x65A2A;0xF8A4E,Fortify Conjuration Power,,0.0799999982,2099202,34,0x65A2A;0xF8A4E
Bone Meal,0x34CDD,Resist Fire,0x3EAEA,0.180000007,3.32999992,60,1,0,0,0,1,0,0,0,MagicAlchResistFire;MagicAlchBeneficial,0x3EAEA,0x3EAEA,,3.32999992,60,1,1,4.85207558,,0.180000007,2101250,34,0x65A37;0xF8A4E,Resist Fire,,0.180000007,2101250,34,0x65A37;0xF8A4E
Bone Meal,0x34CDD,Become Ethereal,0x80F3879,17.5,0,4,0,1,1,0,1,0,0,0,MagicAlchBeneficial;MAG_MagicAlchShroud,0x80F3879,0x80F3879,,0,4,0,2,6.38710499,,17.5,4201472,41,0xF8A4E;0x80F387A,Become Ethereal,,17.5,4201472,41,0xF8A4E;0x80F387A
Bone Meal,0x34CDD,Calm,0x73F23,0.349999994,3.32999992,30,1,0,0,0,0,1,1,0,MagicAlchHarmful;MAG_MagicAlchIllusionEffect,0x73F23,0x73F23,,3.32999992,30,0,3,4.40139246,,0.349999994,2103555,38,0x42509;0x823791D,Calm,,0.349999994,2103555,38,0x42509;0x823791D
Briar Heart,0x3AD61,Restore Magicka,0x3EB17,4,0.959999979,10,1,0,0,0,1,0,0,0,MagicAlchRestoreMagicka;MagicAlchBeneficial,0x3EB17,0x3EB17,,0.959999979,10,1,0,4,,4,2099200,34,0x42508;0xF8A4E,Restore Magicka,,4,2099200,34,0x42508;0xF8A4E
Briar Heart,0x3AD61,Fortify Block,0x3EB1C,0.200000003,3.32999992,60,1,0,0,0,1,0,0,0,MagicAlchFortifyBlock;MagicAlchBeneficial,0x3EB1C,0x3EB1C,,3.32999992,60,1,1,5.39119482,,0.200000003,2099202,34,0x65A1E;0xF8A4E,Fortify Block,,0.200000003,2099202,34,0x65A1E;0xF8A4E
Briar Heart,0x3AD61,Paralysis,0x73F30,1.75,3.32999992,10,1,0,0,0,0,1,1,0,MagicParalysis;MagicAlchHarmful;MAG_MagicAlchIllusionEffect,0x73F30,0x73F30,,3.32999992,10,0,2,6.5724411,,1.75,2099203,38,0x1EA70;0x42509;0x823791D,Paralysis,,1.75,2099203,38,0x1EA70;0x42509;0x823791D
Briar Heart,0x3AD61,Fortify Magicka,0x3EAF8,0.0450000018,2.67000008,300,1,0,0,0,1,0,0,0,MagicAlchFortifyMagicka;MagicAlchBeneficial,0x3EAF8,0x3EAF8,,2.67000008,300,1,3,5.58738232,,0.0450000018,2099202,34,0x65A33;0xF8A4E,Fortify Magicka,,0.0450000018,2099202,34,0x65A33;0xF8A4E
Bungler's Bane,0xFE004802,Burden,0x73F25,0.157499999,3.32999992,60,1,0,0,0,0,1,1,0,MagicAlchHarmful;MagicSlow,0x73F25,0x73F25,,3.32999992,60,1,0,4.24556589,,0.157499999,2103303,34,0x42509;0xB729E,Burden,,0.157499999,2103303,34,0x42509;0xB729E
Bungler's Bane,0xFE004802,Calm,0x73F23,0.349999994,3.32999992,30,1,0,0,0,0,1,1,0,MagicAlchHarmful;MAG_MagicAlchIllusionEffect,0x73F23,0x73F23,,3.32999992,30,0,1,4.40139246,,0.349999994,2103555,38,0x42509;0x823791D,Calm,,0.349999994,2103555,38,0x42509;0x823791D
Bungler's Bane,0xFE004802,Command,0x73F2C,0.5,3.32999992,30,1,0,0,0,0,1,1,0,MagicAlchHarmful;MAG_MagicAlchIllusionEffect,0x73F2C,0x73F2C,,3.32999992,30,0,2,6.28770351,,0.5,2099203,38,0x42509;0x823791D,Command,,0.5,2099203,38,0x42509;0x823791D
Bungler's Bane,0xFE004802,Resist Magic,0x39E51,0.0900000036,1.66999996,300,1,0,0,0,1,0,0,0,MagicAlchResistMagic;MagicAlchBeneficial,0x39E51,0x39E51,,1.66999996,300,1,3,6.66905117,,0.0900000036,2103298,34,0x65A3A;0xF8A4E,Resist Magic,,0.0900000036,2103298,34,0x65A3A;0xF8A4E
Burnt Spriggan Wood,0x401CD6E,Weakness to Fire,0x73F2D,0.100000001,6.65999985,60,1,0,0,0,0,1,1,0,MagicAlchWeaknessFire;MagicAlchHarmful,0x73F2D,0x73F2D,,6.65999985,60,1,0,5.77814007,,0.100000001,2101255,34,0x74F4E;0x42509,Weakness to Fire,,0.100000001,2101255,34,0x74F4E;0x42509
Burnt Spriggan Wood,0x401CD6E,Fortify Alteration Power,0x3EB24,0.0799999982,6.67000008,60,1,0,0,0,1,0,0,0,MagicAlchFortifyAlteration;MagicAlchBeneficial,0x3EB24,0x3EB24,,6.67000008,60,1,1,4.63014746,,0.0799999982,2099202,34,0x65A1D;0xF8A4E,Fortify Alteration Power,,0.0799999982,2099202,34,0x65A1D;0xF8A4E
Burnt Spriggan Wood,0x401CD6E,Damage Weapon,0x73F26,0.25,3.32999992,60,1,0,0,0,0,1,1,0,MagicAlchHarmful;MAG_MagicAlchDamageWeapon,0x73F26,0x73F26,,3.32999992,60,1,2,6.73899364,,0.25,2103303,34,0x42509;0x80F3881,Damage Weapon,,0.25,2103303,34,0x42509;0x80F3881
Burnt Spriggan Wood,0x401CD6E,Burden,0x73F25,0.157499999,3.32999992,60,1,0,0,0,0,1,1,0,MagicAlchHarmful;MagicSlow,0x73F25,0x73F25,,3.32999992,60,1,3,4.24556589,,0.157499999,2103303,34,0x42509;0xB729E,Burden,,0.157499999,2103303,34,0x42509;0xB729E
Butterfly Wing,0x727E0,Restore Health,0x3EB15,4,0.959999979,10,1,0,0,0,1,0,0,0,MagicAlchRestoreHealth;MagicAlchBeneficial,0x3EB15,0x3EB15,,0.959999979,10,1,0,4,,4,2099200,34,0x42503;0xF8A4E,Restore Health,,4,2099200,34,0x42503;0xF8A4E
Butterfly Wing,0x727E0,Fortify Barter,0x3EB23,0.075000003,1.33000004,300,1,0,0,0,1,0,0,0,MagicAlchFortifySpeechcraft;MagicAlchBeneficial,0x3EB23,0x3EB23,,1.33000004,300,1,1,4.32644844,,0.075000003,2099202,34,0x65A29;0xF8A4E,Fortify Barter,,0.075000003,2099202,34,0x65A29;0xF8A4E
Butterfly Wing,0x727E0,Lingering Damage Stamina,0x10DE5E,1.5,0.519999981,30,1,0,0,0,0,1,1,0,MagicAlchHarmful;MAG_MagicAlchDamageStaminaDuration;MagicAlchDamageStamina,0x10DE5E,0x10DE5E,,0.519999981,30,0,2,5.0225544,,1.5,2099205,0,0x42509;0x80F3885;0x10F9DC,Lingering Damage Stamina,,1.5,2099205,0,0x42509;0x80F3885;0x10F9DC
Butterfly Wing,0x727E0,Damage Magicka,0x3A2B6,3,0.879999995,10,1,0,0,0,0,1,1,0,MagicAlchHarmful;MagicAlchDamageMagicka,0x3A2B6,0x3A2B6,,0.879999995,10,0,3,3,,3,2099205,0,0x42509;0x10F9DE,Damage Magicka,,3,2099205,0,0x42509;0x10F9DE
Canis Root,0x6ABCB,Damage Stamina,0x3A2C6,3,0.879999995,10,1,0,0,0,0,1,1,0,MagicAlchHarmful;MagicAlchDamageStamina,0x3A2C6,0x3A2C6,,0.879999995,10,0,0,3,,3,2099205,0,0x42509;0x10F9DC,Damage Stamina,,3,2099205,0,0x42509;0x10F9DC
Canis Root,0x6ABCB,Fortify One-handed,0x3EB19,0.200000003,3.32999992,60,1,0,0,0,1,0,0,0,MagicAlchFortifyOneHanded;MagicAlchBeneficial,0x3EB19,0x3EB19,,3.32999992,60,1,1,5.39119482,,0.200000003,2099202,34,0x65A1F;0xF8A4E,Fortify One-handed,,0.200000003,2099202,34,0x65A1F;0xF8A4E
Canis Root,0x6ABCB,Fortify Marksman,0x3EB1B,0.200000003,3.32999992,60,1,0,0,0,1,0,0,0,MagicAlchFortifyMarksman;MagicAlchBeneficial,0x3EB1B,0x3EB1B,,3.32999992,60,1,2,5.39119482,,0.200000003,2099202,34,0x65A21;0xF8A4E,Fortify Marksman,,0.200000003,2099202,34,0x65A21;0xF8A4E
Canis Root,0x6ABCB,Paralysis,0x73F30,1.75,3.32999992,10,1,0,0,0,0,1,1,0,MagicParalysis;MagicAlchHarmful;MAG_MagicAlchIllusionEffect,0x73F30,0x73F30,,3.32999992,10,0,3,6.5724411,,1.75,2099203,38,0x1EA70;0x42509;0x823791D,Paralysis,,1.75,2099203,38,0x1EA70;0x42509;0x823791D
Charred Skeever Hide,0x52695,Restore Stamina,0x3EB16,4,0.959999979,10,1,0,0,0,1,0,0,0,MagicAlchRestoreStamina;MagicAlchBeneficial,0x3EB16,0x3EB16,,0.959999979,10,1,0,4,,4,2099200,34,0x42504;0xF8A4E,Restore Stamina,,4,2099200,34,0x42504;0xF8A4E
Charred Skeever Hide,0x52695,Cure Disease,0xAE722,3,1,0,1,0,0,1,1,0,0,0,MagicAlchBeneficial,0xAE722,0xAE722,,1,0,0,1,3,,3,2103808,3,0xF8A4E,Cure Disease,,3,2103808,3,0xF8A4E
Charred Skeever Hide,0x52695,Resist Poison,0x90041,0.180000007,3.32999992,60,1,0,0,0,1,0,0,0,MagicAlchResistPoison;MagicAlchBeneficial,0x90041,0x90041,,3.32999992,60,1,2,4.85207558,,0.180000007,2101250,34,0x10EB5F;0xF8A4E,Resist Poison,,0.180000007,2101250,34,0x10EB5F;0xF8A4E
Charred Skeever Hide,0x52695,Restore Health,0x3EB15,4,0.959999979,10,1,0,0,0,1,0,0,0,MagicAlchRestoreHealth;MagicAlchBeneficial,0x3EB15,0x3EB15,,0.959999979,10,1,3,4,,4,2099200,34,0x42503;0xF8A4E,Restore Health,,4,2099200,34,0x42503;0xF8A4E
Chaurus Eggs,0x3AD56,Weakness to Poison,0x90042,0.100000001,6.65999985,60,1,0,0,0,0,1,1,0,MagicAlchHarmful;MAG_MagicAlchWeaknessPoison,0x90042,0x90042,,6.65999985,60,1,0,5.77814007,,0.100000001,2101255,34,0x42509;0x80F3886,Weakness to Poison,,0.100000001,2101255,34,0x42509;0x80F3886
Chaurus Eggs,0x3AD56,Fortify Stamina,0x3EAF9,0.0450000018,2.67000008,300,1,0,0,0,1,0,0,0,MagicAlchFortifyStamina;MagicAlchBeneficial,0x3EAF9,0x3EAF9,,2.67000008,300,1,1,5.58738232,,0.0450000018,2099202,34,0x65A32;0xF8A4E,Fortify Stamina,,0.0450000018,2099202,34,0x65A32;0xF8A4E
Chaurus Eggs,0x3AD56,Damage Magicka,0x3A2B6,3,0.879999995,10,1,0,0,0,0,1,1,0,MagicAlchHarmful;MagicAlchDamageMagicka,0x3A2B6,0x3A2B6,,0.879999995,10,0,2,3,,3,2099205,0,0x42509;0x10F9DE,Damage Magicka,,3,2099205,0,0x42509;0x10F9DE
Chaurus Eggs,0x3AD56,Invisibility,0x3EB3D,15,0,4,0,1,1,0,1,0,0,1,MagicInvisibility;MagicAlchBeneficial;MagicAlchDurationBased,0x3EB3D,0x3EB3D,,0,4,0,3,5.47466135,,15,4201474,11,0x1EA6F;0xF8A4E;0xF8A4F,Invisibility,,15,4201474,11,0x1EA6F;0xF8A4E;0xF8A4F
Chaurus Hunter Antennae,0x20183B7,Damage Stamina,0x3A2C6,3,0.879999995,10,1,0,0,0,0,1,1,0,MagicAlchHarmful;MagicAlchDamageStamina,0x3A2C6,0x3A2C6,,0.879999995,10,0,0,3,,3,2099205,0,0x42509;0x10F9DC,Damage Stamina,,3,2099205,0,0x42509;0x10F9DC
Chaurus Hunter Antennae,0x20183B7,Fortify Conjuration Power,0x3EB25,0.0799999982,6.67000008,60,1,0,0,0,1,0,0,0,MagicAlchFortifyConjuration;MagicAlchBeneficial,0x3EB25,0x3EB25,,6.67000008,60,1,1,4.63014746,,0.0799999982,2099202,34,0x65A2A;0xF8A4E,Fortify Conjuration Power,,0.0799999982,2099202,34,0x65A2A;0xF8A4E
Chaurus Hunter Antennae,0x20183B7,Damage Armor,0x73F27,0.0350000001,19.9500008,60,1,0,0,0,0,1,1,0,MagicAlchHarmful;MAG_MagicAlchDamageArmor,0x73F27,0x73F27,,19.9500008,60,1,2,6.76038885,,0.0350000001,2103303,34,0x42509;0x80F3882,Damage Armor,,0.0350000001,2103303,34,0x42509;0x80F3882
Chaurus Hunter Antennae,0x20183B7,Fortify Sneak Attacks,0x3EB18,0.200000003,3.32999992,60,1,0,0,0,1,0,0,0,MagicAlchBeneficial;MAG_MagicAlchFortifySneakAttacks,0x3EB18,0x3EB18,,3.32999992,60,1,3,5.39119482,,0.200000003,136448002,34,0xF8A4E;0x65A28,Fortify Sneak Attacks,,0.200000003,136448002,34,0xF8A4E;0x65A28
Chicken's Egg,0x23D77,Resist Magic,0x39E51,0.0900000036,1.66999996,300,1,0,0,0,1,0,0,0,MagicAlchResistMagic;MagicAlchBeneficial,0x39E51,0x39E51,,1.66999996,300,1,0,6.66905117,,0.0900000036,2103298,34,0x65A3A;0xF8A4E,Resist Magic,,0.0900000036,2103298,34,0x65A3A;0xF8A4E
Chicken's Egg,0x23D77,Damage Weapon,0x73F26,0.25,3.32999992,60,1,0,0,0,0,1,1,0,MagicAlchHarmful;MAG_MagicAlchDamageWeapon,0x73F26,0x73F26,,3.32999992,60,1,1,6.73899364,,0.25,2103303,34,0x42509;0x80F3881,Damage Weapon,,0.25,2103303,34,0x42509;0x80F3881
Chicken's Egg,0x23D77,Waterbreathing,0x3AC2D,10,0,4,0,1,1,0,1,0,0,1,MagicAlchBeneficial;MagicAlchDurationBased,0x3AC2D,0x3AC2D,,0,4,1,2,3.64977407,,10,4197378,34,0xF8A4E;0xF8A4F,Waterbreathing,,10,4197378,34,0xF8A4E;0xF8A4F
Chicken's Egg,0x23D77,Lingering Damage Stamina,0x10DE5E,1.5,0.519999981,30,1,0,0,0,0,1,1,0,MagicAlchHarmful;MAG_MagicAlchDamageStaminaDuration;MagicAlchDamageStamina,0x10DE5E,0x10DE5E,,0.519999981,30,0,3,5.0225544,,1.5,2099205,0,0x42509;0x80F3885;0x10F9DC,Lingering Damage Stamina,,1.5,2099205,0,0x42509;0x80F3885;0x10F9DC
Chokeberry,0xFE004838,Damage Health,0x3EB42,3,0.439999998,10,1,0,0,0,0,1,1,0,MagicAlchHarmful;MagicAlchDamageHealth,0x3EB42,0x3EB42,,0.439999998,10,0,0,3,,3,2099205,0,0x42509;0x10F9DD,Damage Health,,3,2099205,0,0x42509;0x10F9DD
Chokeberry,0xFE004838,Damage Weapon,0x73F26,0.25,3.32999992,60,1,0,0,0,0,1,1,0,MagicAlchHarmful;MAG_MagicAlchDamageWeapon,0x73F26,0x73F26,,3.32999992,60,1,1,6.73899364,,0.25,2103303,34,0x42509;0x80F3881,Damage Weapon,,0.25,2103303,34,0x42509;0x80F3881
Chokeberry,0xFE004838,Lingering Damage Health,0x10AA4A,1.25,0.270000011,30,1,0,0,0,0,1,1,0,MagicAlchHarmful;MAG_MagicAlchDamageHealthDuration;MagicAlchDamageHealth,0x10AA4A,0x10AA4A,,0.270000011,30,0,2,4.185462,,1.25,2099205,0,0x42509;0x80F3883;0x10F9DD,Lingering Damage Health,,1.25,2099205,0,0x42509;0x80F3883;0x10F9DD
Chokeberry,0xFE004838,Weakness to Poison,0x90042,0.100000001,6.65999985,60,1,0,0,0,0,1,1,0,MagicAlchHarmful;MAG_MagicAlchWeaknessPoison,0x90042,0x90042,,6.65999985,60,1,3,5.77814007,,0.100000001,2101255,34,0x42509;0x80F3886,Weakness to Poison,,0.100000001,2101255,34,0x42509;0x80F3886
Chokeweed,0xFE004804,Weakness to Frost,0x73F2E,0.100000001,6.65999985,60,1,0,0,0,0,1,1,0,MagicAlchHarmful;MagicAlchWeaknessFrost,0x73F2E,0x73F2E,,6.65999985,60,1,0,5.77814007,,0.100000001,2101255,34,0x42509;0x74F4F,Weakness to Frost,,0.100000001,2101255,34,0x42509;0x74F4F
Chokeweed,0xFE004804,Restore Stamina,0x3EB16,4,0.959999979,10,1,0,0,0,1,0,0,0,MagicAlchRestoreStamina;MagicAlchBeneficial,0x3EB16,0x3EB16,,0.959999979,10,1,1,4,,4,2099200,34,0x42504;0xF8A4E,Restore Stamina,,4,2099200,34,0x42504;0xF8A4E
Chokeweed,0xFE004804,Cure Disease,0xAE722,3,1,0,1,0,0,1,1,0,0,0,MagicAlchBeneficial,0xAE722,0xAE722,,1,0,0,2,3,,3,2103808,3,0xF8A4E,Cure Disease,,3,2103808,3,0xF8A4E
Chokeweed,0xFE004804,Damage Magicka,0x3A2B6,3,0.879999995,10,1,0,0,0,0,1,1,0,MagicAlchHarmful;MagicAlchDamageMagicka,0x3A2B6,0x3A2B6,,0.879999995,10,0,3,3,,3,2099205,0,0x42509;0x10F9DE,Damage Magicka,,3,2099205,0,0x42509;0x10F9DE
Coda Flower,0xFE004805,Damage Health,0x3EB42,3,0.439999998,10,1,0,0,0,0,1,1,0,MagicAlchHarmful;MagicAlchDamageHealth,0x3EB42,0x3EB42,,0.439999998,10,0,0,3,,3,2099205,0,0x42509;0x10F9DD,Damage Health,,3,2099205,0,0x42509;0x10F9DD
Coda Flower,0xFE004805,Lingering Damage Stamina,0x10DE5E,1.5,0.519999981,30,1,0,0,0,0,1,1,0,MagicAlchHarmful;MAG_MagicAlchDamageStaminaDuration;MagicAlchDamageStamina,0x10DE5E,0x10DE5E,,0.519999981,30,0,1,5.0225544,,1.5,2099205,0,0x42509;0x80F3885;0x10F9DC,Lingering Damage Stamina,,1.5,2099205,0,0x42509;0x80F3885;0x10F9DC
Coda Flower,0xFE004805,Damage Armor,0x73F27,0.0350000001,19.9500008,60,1,0,0,0,0,1,1,0,MagicAlchHarmful;MAG_MagicAlchDamageArmor,0x73F27,0x73F27,,19.9500008,60,1,2,6.76038885,,0.0350000001,2103303,34,0x42509;0x80F3882,Damage Armor,,0.0350000001,2103303,34,0x42509;0x80F3882
Coda Flower,0xFE004805,Fortify Carry Weight,0x3EB01,0.0149999997,6.67000008,300,1,0,0,0,1,0,0,0,MagicAlchFortifyCarryWeight;MagicAlchBeneficial,0x3EB01,0x3EB01,,6.67000008,300,1,3,5.09874296,,0.0149999997,2099202,34,0x65A2F;0xF8A4E,Fortify Carry Weight,,0.0149999997,2099202,34,0x65A2F;0xF8A4E
Comberry,0xFE004806,Damage Stamina,0x3A2C6,3,0.879999995,10,1,0,0,0,0,1,1,0,MagicAlchHarmful;MagicAlchDamageStamina,0x3A2C6,0x3A2C6,,0.879999995,10,0,0,3,,3,2099205,0,0x42509;0x10F9DC,Damage Stamina,,3,2099205,0,0x42509;0x10F9DC
Comberry,0xFE004806,Spell Absorption,0xFE004812,0.115000002,1.66999996,60,1,0,0,0,1,0,0,0,MagicAlchBeneficial;MAG_MagicAlchAbsorbSpell,0xFE004812,0xFE004812,,1.66999996,60,1,1,1.45094967,,0.115000002,2097154,34,0xF8A4E;0xFE00CB00,Spell Absorption,,0.115000002,2097154,34,0xF8A4E;0xFE00CB00
Comberry,0xFE004806,Restore Magicka,0x3EB17,4,0.959999979,10,1,0,0,0,1,0,0,0,MagicAlchRestoreMagicka;MagicAlchBeneficial,0x3EB17,0x3EB17,,0.959999979,10,1,2,4,,4,2099200,34,0x42508;0xF8A4E,Restore Magicka,,4,2099200,34,0x42508;0xF8A4E
Comberry,0xFE004806,Fortify Destruction Power,0x3EB26,0.200000003,3.32999992,60,1,0,0,0,1,0,0,0,MagicAlchFortifyDestruction;MagicAlchBeneficial,0x3EB26,0x3EB26,,3.32999992,60,1,3,5.39119482,,0.200000003,2099202,34,0x65A2B;0xF8A4E,Fortify Destruction Power,,0.200000003,2099202,34,0x65A2B;0xF8A4E
Congealed Putrescence,0xFE004807,Damage Weapon,0x73F26,0.25,3.32999992,60,1,0,0,0,0,1,1,0,MagicAlchHarmful;MAG_MagicAlchDamageWeapon,0x73F26,0x73F26,,3.32999992,60,1,0,6.73899364,,0.25,2103303,34,0x42509;0x80F3881,Damage Weapon,,0.25,2103303,34,0x42509;0x80F3881
Congealed Putrescence,0xFE004807,Restore Magicka,0x3EB17,4,0.959999979,10,1,0,0,0,1,0,0,0,MagicAlchRestoreMagicka;MagicAlchBeneficial,0x3EB17,0x3EB17,,0.959999979,10,1,1,4,,4,2099200,34,0x42508;0xF8A4E,Restore Magicka,,4,2099200,34,0x42508;0xF8A4E
Congealed Putrescence,0xFE004807,Weakness to Fire,0x73F2D,0.100000001,6.65999985,60,1,0,0,0,0,1,1,0,MagicAlchWeaknessFire;MagicAlchHarmful,0x73F2D,0x73F2D,,6.65999985,60,1,2,5.77814007,,0.100000001,2101255,34,0x74F4E;0x42509,Weakness to Fire,,0.100000001,2101255,34,0x74F4E;0x42509
Congealed Putrescence,0xFE004807,Fortify Conjuration Power,0x3EB25,0.0799999982,6.67000008,60,1,0,0,0,1,0,0,0,MagicAlchFortifyConjuration;MagicAlchBeneficial,0x3EB25,0x3EB25,,6.67000008,60,1,3,4.63014746,,0.0799999982,2099202,34,0x65A2A;0xF8A4E,Fortify Conjuration Power,,0.0799999982,2099202,34,0x65A2A;0xF8A4E
Corkbulb Root,0xFE004809,Paralysis,0x73F30,1.75,3.32999992,10,1,0,0,0,0,1,1,0,MagicParalysis;MagicAlchHarmful;MAG_MagicAlchIllusionEffect,0x73F30,0x73F30,,3.32999992,10,0,0,6.5724411,,1.75,2099203,38,0x1EA70;0x42509;0x823791D,Paralysis,,1.75,2099203,38,0x1EA70;0x42509;0x823791D
Corkbulb Root,0xFE004809,Restore Health,0x3EB15,4,0.959999979,10,1,0,0,0,1,0,0,0,MagicAlchRestoreHealth;MagicAlchBeneficial,0x3EB15,0x3EB15,,0.959999979,10,1,1,4,,4,2099200,34,0x42503;0xF8A4E,Restore Health,,4,2099200,34,0x42503;0xF8A4E
Corkbulb Root,0xFE004809,Resist Shock,0x3EAEC,0.180000007,3.32999992,60,1,0,0,0,1,0,0,0,MagicAlchResistShock;MagicAlchBeneficial,0x3EAEC,0x3EAEC,,3.32999992,60,1,2,4.85207558,,0.180000007,2101250,34,0x65A39;0xF8A4E,Resist Shock,,0.180000007,2101250,34,0x65A39;0xF8A4E
Corkbulb Root,0xFE004809,Fortify Marksman,0x3EB1B,0.200000003,3.32999992,60,1,0,0,0,1,0,0,0,MagicAlchFortifyMarksman;MagicAlchBeneficial,0x3EB1B,0x3EB1B,,3.32999992,60,1,3,5.39119482,,0.200000003,2099202,34,0x65A21;0xF8A4E,Fortify Marksman,,0.200000003,2099202,34,0x65A21;0xF8A4E
Creep Cluster,0xB2183,Restore Magicka,0x3EB17,4,0.959999979,10,1,0,0,0,1,0,0,0,MagicAlchRestoreMagicka;MagicAlchBeneficial,0x3EB17,0x3EB17,,0.959999979,10,1,0,4,,4,2099200,34,0x42508;0xF8A4E,Restore Magicka,,4,2099200,34,0x42508;0xF8A4E
Creep Cluster,0xB2183,Fortify Unarmed,0x3EB1D,0.200000003,3.32999992,60,1,0,0,0,1,0,0,0,MAG_MagicAlchFortifyUnarmedDamage;MagicAlchBeneficial,0x3EB1D,0x3EB1D,,3.32999992,60,1,1,5.39119482,,0.200000003,2099202,34,0x65A22;0xF8A4E,Fortify Unarmed,,0.200000003,2099202,34,0x65A22;0xF8A4E
Creep Cluster,0xB2183,Fortify Carry Weight,0x3EB01,0.0149999997,6.67000008,300,1,0,0,0,1,0,0,0,MagicAlchFortifyCarryWeight;MagicAlchBeneficial,0x3EB01,0x3EB01,,6.67000008,300,1,2,5.09874296,,0.0149999997,2099202,34,0x65A2F;0xF8A4E,Fortify Carry Weight,,0.0149999997,2099202,34,0x65A2F;0xF8A4E
Creep Cluster,0xB2183,Reflect Damage,0x73F51,0.150000006,2.67000008,60,1,0,0,0,1,0,0,0,MagicAlchBeneficial;MAG_MagicAlchReflectDamage,0x73F51,0x73F51,,2.67000008,60,1,3,3.17117405,,0.150000006,2101250,34,0xF8A4E;0x820A01B,Reflect Damage,,0.150000006,2101250,34,0xF8A4E;0x820A01B
Crimson Nirnroot,0xB701A,Damage Health,0x3EB42,3,0.439999998,10,1,0,0,0,0,1,1,0,MagicAlchHarmful;MagicAlchDamageHealth,0x3EB42,0x3EB42,,0.439999998,10,0,0,3,,3,2099205,0,0x42509;0x10F9DD,Damage Health,,3,2099205,0,0x42509;0x10F9DD
Crimson Nirnroot,0xB701A,Damage Stamina,0x3A2C6,3,0.879999995,10,1,0,0,0,0,1,1,0,MagicAlchHarmful;MagicAlchDamageStamina,0x3A2C6,0x3A2C6,,0.879999995,10,0,1,3,,3,2099205,0,0x42509;0x10F9DC,Damage Stamina,,3,2099205,0,0x42509;0x10F9DC
Crimson Nirnroot,0xB701A,Invisibility,0x3EB3D,15,0,4,0,1,1,0,1,0,0,1,MagicInvisibility;MagicAlchBeneficial;MagicAlchDurationBased,0x3EB3D,0x3EB3D,,0,4,0,2,5.47466135,,15,4201474,11,0x1EA6F;0xF8A4E;0xF8A4F,Invisibility,,15,4201474,11,0x1EA6F;0xF8A4E;0xF8A4F
Crimson Nirnroot,0xB701A,Resist Magic,0x39E51,0.0900000036,1.66999996,300,1,0,0,0,1,0,0,0,MagicAlchResistMagic;MagicAlchBeneficial,0x39E51,0x39E51,,1.66999996,300,1,3,6.66905117,,0.0900000036,2103298,34,0x65A3A;0xF8A4E,Resist Magic,,0.0900000036,2103298,34,0x65A3A;0xF8A4E
Cyrodilic Spadetail,0x106E19,Damage Stamina,0x3A2C6,3,0.879999995,10,1,0,0,0,0,1,1,0,MagicAlchHarmful;MagicAlchDamageStamina,0x3A2C6,0x3A2C6,,0.879999995,10,0,0,3,,3,2099205,0,0x42509;0x10F9DC,Damage Stamina,,3,2099205,0,0x42509;0x10F9DC
Cyrodilic Spadetail,0x106E19,Fortify Restoration Power,0x3EB28,0.200000003,3.32999992,60,1,0,0,0,1,0,0,0,MagicAlchFortifyRestoration;MagicAlchBeneficial,0x3EB28,0x3EB28,,3.32999992,60,1,1,5.39119482,,0.200000003,2099202,34,0x65A2D;0xF8A4E,Fortify Restoration Power,,0.200000003,2099202,34,0x65A2D;0xF8A4E
Cyrodilic Spadetail,0x106E19,Fear,0x73F20,0.449999988,3.32999992,30,1,0,0,0,0,1,1,0,MagicAlchHarmful;MAG_MagicAlchIllusionEffect,0x73F20,0x73F20,,3.32999992,30,0,2,5.65893316,,0.449999988,2099463,7,0x42509;0x823791D,Fear,,0.449999988,2099463,7,0x42509;0x823791D
Cyrodilic Spadetail,0x106E19,Calm,0x73F23,0.349999994,3.32999992,30,1,0,0,0,0,1,1,0,MagicAlchHarmful;MAG_MagicAlchIllusionEffect,0x73F23,0x73F23,,3.32999992,30,0,3,4.40139246,,0.349999994,2103555,38,0x42509;0x823791D,Calm,,0.349999994,2103555,38,0x42509;0x823791D
Daedra Heart,0x3AD5B,Restore Health,0x3EB15,4,0.959999979,10,1,0,0,0,1,0,0,0,MagicAlchRestoreHealth;MagicAlchBeneficial,0x3EB15,0x3EB15,,0.959999979,10,1,0,4,,4,2099200,34,0x42503;0xF8A4E,Restore Health,,4,2099200,34,0x42503;0xF8A4E
Daedra Heart,0x3AD5B,Fortify Unarmed,0x3EB1D,0.200000003,3.32999992,60,1,0,0,0,1,0,0,0,MAG_MagicAlchFortifyUnarmedDamage;MagicAlchBeneficial,0x3EB1D,0x3EB1D,,3.32999992,60,1,1,5.39119482,,0.200000003,2099202,34,0x65A22;0xF8A4E,Fortify Unarmed,,0.200000003,2099202,34,0x65A22;0xF8A4E
Daedra Heart,0x3AD5B,Damage Magicka,0x3A2B6,3,0.879999995,10,1,0,0,0,0,1,1,0,MagicAlchHarmful;MagicAlchDamageMagicka,0x3A2B6,0x3A2B6,,0.879999995,10,0,2,3,,3,2099205,0,0x42509;0x10F9DE,Damage Magicka,,3,2099205,0,0x42509;0x10F9DE
Daedra Heart,0x3AD5B,Fear,0x73F20,0.449999988,3.32999992,30,1,0,0,0,0,1,1,0,MagicAlchHarmful;MAG_MagicAlchIllusionEffect,0x73F20,0x73F20,,3.32999992,30,0,3,5.65893316,,0.449999988,2099463,7,0x42509;0x823791D,Fear,,0.449999988,2099463,7,0x42509;0x823791D
Daedra Silk,0xFE00480A,Lingering Damage Stamina,0x10DE5E,1.5,0.519999981,30,1,0,0,0,0,1,1,0,MagicAlchHarmful;MAG_MagicAlchDamageStaminaDuration;MagicAlchDamageStamina,0x10DE5E,0x10DE5E,,0.519999981,30,0,0,5.0225544,,1.5,2099205,0,0x42509;0x80F3885;0x10F9DC,Lingering Damage Stamina,,1.5,2099205,0,0x42509;0x80F3885;0x10F9DC
Daedra Silk,0xFE00480A,Paralysis,0x73F30,1.75,3.32999992,10,1,0,0,0,0,1,1,0,MagicParalysis;MagicAlchHarmful;MAG_MagicAlchIllusionEffect,0x73F30,0x73F30,,3.32999992,10,0,1,6.5724411,,1.75,2099203,38,0x1EA70;0x42509;0x823791D,Paralysis,,1.75,2099203,38,0x1EA70;0x42509;0x823791D
Daedra Silk,0xFE00480A,Night Eye,0xFE004803,12,0,4,0,1,0,0,1,0,0,0,MAG_MagicAlchFortifySneakAttacks;MagicAlchBeneficial,0xFE004803,0xFE004803,,0,4,0,2,4.37972927,,12,138545408,1,0x65A28;0xF8A4E,Night Eye,,12,138545408,1,0x65A28;0xF8A4E
Daedra Silk,0xFE00480A,Invisibility,0x3EB3D,15,0,4,0,1,1,0,1,0,0,1,MagicInvisibility;MagicAlchBeneficial;MagicAlchDurationBased,0x3EB3D,0x3EB3D,,0,4,0,3,5.47466135,,15,4201474,11,0x1EA6F;0xF8A4E;0xF8A4F,Invisibility,,15,4201474,11,0x1EA6F;0xF8A4E;0xF8A4F
Daedra Venin,0xFE00480B,Damage Weapon,0x73F26,0.25,3.32999992,60,1,0,0,0,0,1,1,0,MagicAlchHarmful;MAG_MagicAlchDamageWeapon,0x73F26,0x73F26,,3.32999992,60,1,0,6.73899364,,0.25,2103303,34,0x42509;0x80F3881,Damage Weapon,,0.25,2103303,34,0x42509;0x80F3881
Daedra Venin,0xFE00480B,Paralysis,0x73F30,1.75,3.32999992,10,1,0,0,0,0,1,1,0,MagicParalysis;MagicAlchHarmful;MAG_MagicAlchIllusionEffect,0x73F30,0x73F30,,3.32999992,10,0,1,6.5724411,,1.75,2099203,38,0x1EA70;0x42509;0x823791D,Paralysis,,1.75,2099203,38,0x1EA70;0x42509;0x823791D
Daedra Venin,0xFE00480B,Fortify Destruction Power,0x3EB26,0.200000003,3.32999992,60,1,0,0,0,1,0,0,0,MagicAlchFortifyDestruction;MagicAlchBeneficial,0x3EB26,0x3EB26,,3.32999992,60,1,2,5.39119482,,0.200000003,2099202,34,0x65A2B;0xF8A4E,Fortify Destruction Power,,0.200000003,2099202,34,0x65A2B;0xF8A4E
Daedra Venin,0xFE00480B,Spell Absorption,0xFE004812,0.115000002,1.66999996,60,1,0,0,0,1,0,0,0,MagicAlchBeneficial;MAG_MagicAlchAbsorbSpell,0xFE004812,0xFE004812,,1.66999996,60,1,3,1.45094967,,0.115000002,2097154,34,0xF8A4E;0xFE00CB00,Spell Absorption,,0.115000002,2097154,34,0xF8A4E;0xFE00CB00
Daedroth Teeth,0xFE004826,Resist Frost,0x3EAEB,0.180000007,3.32999992,60,1,0,0,0,1,0,0,0,MagicAlchResistFrost;MagicAlchBeneficial,0x3EAEB,0x3EAEB,,3.32999992,60,1,0,4.85207558,,0.180000007,2101250,34,0x65A38;0xF8A4E,Resist Frost,,0.180000007,2101250,34,0x65A38;0xF8A4E
Daedroth Teeth,0xFE004826,Light,0xFE004846,8,0,4,0,1,0,0,1,0,0,1,WISpellColorful;MagicAlchBeneficial;MagicAlchDurationBased,0xFE004846,0xFE004846,,0,4,0,1,2.91981936,,8,4198400,12,0xA9B1E;0xF8A4E;0xF8A4F,Light,,8,4198400,12,0xA9B1E;0xF8A4E;0xF8A4F
Daedroth Teeth,0xFE004826,Silence,0x73F2B,0.400000006,3.32999992,30,1,0,0,0,0,1,1,0,MagicAlchHarmful;MAG_MagicAlchIllusionEffect,0x73F2B,0x73F2B,,3.32999992,30,0,2,5.03016281,,0.400000006,69212167,38,0x42509;0x823791D,Silence,,0.400000006,69212167,38,0x42509;0x823791D
Daedroth Teeth,0xFE004826,Fortify Stamina Regeneration,0x3EB08,0.0350000001,2.67000008,300,1,0,0,0,1,0,0,0,MagicAlchFortifyStaminaRate;MagicAlchBeneficial,0x3EB08,0x3EB08,,2.67000008,300,1,3,4.34574175,,0.0350000001,2099202,34,0x65A35;0xF8A4E,Fortify Stamina Regeneration,,0.0350000001,2099202,34,0x65A35;0xF8A4E
Deathbell,0x516C8,Damage Health,0x3EB42,3,0.439999998,10,1,0,0,0,0,1,1,0,MagicAlchHarmful;MagicAlchDamageHealth,0x3EB42,0x3EB42,,0.439999998,10,0,0,3,,3,2099205,0,0x42509;0x10F9DD,Damage Health,,3,2099205,0,0x42509;0x10F9DD
Deathbell,0x516C8,Command,0x73F2C,0.5,3.32999992,30,1,0,0,0,0,1,1,0,MagicAlchHarmful;MAG_MagicAlchIllusionEffect,0x73F2C,0x73F2C,,3.32999992,30,0,1,6.28770351,,0.5,2099203,38,0x42509;0x823791D,Command,,0.5,2099203,38,0x42509;0x823791D
Deathbell,0x516C8,Weakness to Poison,0x90042,0.100000001,6.65999985,60,1,0,0,0,0,1,1,0,MagicAlchHarmful;MAG_MagicAlchWeaknessPoison,0x90042,0x90042,,6.65999985,60,1,2,5.77814007,,0.100000001,2101255,34,0x42509;0x80F3886,Weakness to Poison,,0.100000001,2101255,34,0x42509;0x80F3886
Deathbell,0x516C8,Fortify Speed,0x8246C21,0.600000024,1.33000004,60,1,0,0,0,1,0,0,0,MAG_MagicAlchSpeed;MagicAlchBeneficial,0x8246C21,0x8246C21,,1.33000004,60,1,3,5.89324522,,0.600000024,2097154,34,0x81C82ED;0xF8A4E,Fortify Speed,,0.600000024,2097154,34,0x81C82ED;0xF8A4E
Dragon's Tongue,0x889A2,Fortify Carry Weight,0x3EB01,0.0149999997,6.67000008,300,1,0,0,0,1,0,0,0,MagicAlchFortifyCarryWeight;MagicAlchBeneficial,0x3EB01,0x3EB01,,6.67000008,300,1,0,5.09874296,,0.0149999997,2099202,34,0x65A2F;0xF8A4E,Fortify Carry Weight,,0.0149999997,2099202,34,0x65A2F;0xF8A4E
Dragon's Tongue,0x889A2,Fortify Barter,0x3EB23,0.075000003,1.33000004,300,1,0,0,0,1,0,0,0,MagicAlchFortifySpeechcraft;MagicAlchBeneficial,0x3EB23,0x3EB23,,1.33000004,300,1,1,4.32644844,,0.075000003,2099202,34,0x65A29;0xF8A4E,Fortify Barter,,0.075000003,2099202,34,0x65A29;0xF8A4E
Dragon's Tongue,0x889A2,Fortify Illusion Power,0x3EB27,0.200000003,3.32999992,60,1,0,0,0,1,0,0,0,MagicAlchFortifyIllusion;MagicAlchBeneficial,0x3EB27,0x3EB27,,3.32999992,60,1,2,5.39119482,,0.200000003,2099202,34,0x65A2C;0xF8A4E,Fortify Illusion Power,,0.200000003,2099202,34,0x65A2C;0xF8A4E
Dragon's Tongue,0x889A2,Fortify Two-handed,0x3EB1A,0.200000003,3.32999992,60,1,0,0,0,1,0,0,0,MagicAlchFortifyTwoHanded;MagicAlchBeneficial,0x3EB1A,0x3EB1A,,3.32999992,60,1,3,5.39119482,,0.200000003,2099202,34,0x65A20;0xF8A4E,Fortify Two-handed,,0.200000003,2099202,34,0x65A20;0xF8A4E
Dreugh Wax,0xFE004827,Reflect Damage,0x73F51,0.150000006,2.67000008,60,1,0,0,0,1,0,0,0,MagicAlchBeneficial;MAG_MagicAlchReflectDamage,0x73F51,0x73F51,,2.67000008,60,1,0,3.17117405,,0.150000006,2101250,34,0xF8A4E;0x820A01B,Reflect Damage,,0.150000006,2101250,34,0xF8A4E;0x820A01B
Dreugh Wax,0xFE004827,Frenzy,0x73F29,0.349999994,3.32999992,30,1,0,0,0,0,1,1,0,MagicAlchHarmful;MAG_MagicAlchIllusionEffect,0x73F29,0x73F29,,3.32999992,30,0,1,4.40139246,,0.349999994,2099463,8,0x42509;0x823791D,Frenzy,,0.349999994,2099463,8,0x42509;0x823791D
Dreugh Wax,0xFE004827,Fortify Power Attacks,0x3EB29,0.200000003,3.32999992,60,1,0,0,0,1,0,0,0,MAG_MagicAlchFortifyPowerAttacks;MagicAlchBeneficial,0x3EB29,0x3EB29,,3.32999992,60,1,2,5.39119482,,0.200000003,2099202,34,0x65A2E;0xF8A4E,Fortify Power Attacks,,0.200000003,2099202,34,0x65A2E;0xF8A4E
Dreugh Wax,0xFE004827,Fortify Unarmed,0x3EB1D,0.200000003,3.32999992,60,1,0,0,0,1,0,0,0,MAG_MagicAlchFortifyUnarmedDamage;MagicAlchBeneficial,0x3EB1D,0x3EB1D,,3.32999992,60,1,3,5.39119482,,0.200000003,2099202,34,0x65A22;0xF8A4E,Fortify Unarmed,,0.200000003,2099202,34,0x65A22;0xF8A4E
Dwarven Oil,0xF11C0,Reflect Damage,0x73F51,0.150000006,2.67000008,60,1,0,0,0,1,0,0,0,MagicAlchBeneficial;MAG_MagicAlchReflectDamage,0x73F51,0x73F51,,2.67000008,60,1,0,3.17117405,,0.150000006,2101250,34,0xF8A4E;0x820A01B,Reflect Damage,,0.150000006,2101250,34,0xF8A4E;0x820A01B
Dwarven Oil,0xF11C0,Fortify Illusion Power,0x3EB27,0.200000003,3.32999992,60,1,0,0,0,1,0,0,0,MagicAlchFortifyIllusion;MagicAlchBeneficial,0x3EB27,0x3EB27,,3.32999992,60,1,1,5.39119482,,0.200000003,2099202,34,0x65A2C;0xF8A4E,Fortify Illusion Power,,0.200000003,2099202,34,0x65A2C;0xF8A4E
Dwarven Oil,0xF11C0,Fortify Magicka Regeneration,0x3EB07,0.0350000001,2.67000008,300,1,0,0,0,1,0,0,0,MagicAlchFortifyMagickaRate;MagicAlchBeneficial,0x3EB07,0x3EB07,,2.67000008,300,1,2,4.34574175,,0.0350000001,2099202,34,0x65A34;0xF8A4E,Fortify Magicka Regeneration,,0.0350000001,2099202,34,0x65A34;0xF8A4E
Dwarven Oil,0xF11C0,Restore Magicka,0x3EB17,4,0.959999979,10,1,0,0,0,1,0,0,0,MagicAlchRestoreMagicka;MagicAlchBeneficial,0x3EB17,0x3EB17,,0.959999979,10,1,3,4,,4,2099200,34,0x42508;0xF8A4E,Restore Magicka,,4,2099200,34,0x42508;0xF8A4E
Ectoplasm,0x3AD63,Restore Magicka,0x3EB17,4,0.959999979,10,1,0,0,0,1,0,0,0,MagicAlchRestoreMagicka;MagicAlchBeneficial,0x3EB17,0x3EB17,,0.959999979,10,1,0,4,,4,2099200,34,0x42508;0xF8A4E,Restore Magicka,,4,2099200,34,0x42508;0xF8A4E
Ectoplasm,0x3AD63,Fortify Destruction Power,0x3EB26,0.200000003,3.32999992,60,1,0,0,0,1,0,0,0,MagicAlchFortifyDestruction;MagicAlchBeneficial,0x3EB26,0x3EB26,,3.32999992,60,1,1,5.39119482,,0.200000003,2099202,34,0x65A2B;0xF8A4E,Fortify Destruction Power,,0.200000003,2099202,34,0x65A2B;0xF8A4E
Ectoplasm,0x3AD63,Fortify Magicka,0x3EAF8,0.0450000018,2.67000008,300,1,0,0,0,1,0,0,0,MagicAlchFortifyMagicka;MagicAlchBeneficial,0x3EAF8,0x3EAF8,,2.67000008,300,1,2,5.58738232,,0.0450000018,2099202,34,0x65A33;0xF8A4E,Fortify Magicka,,0.0450000018,2099202,34,0x65A33;0xF8A4E
Ectoplasm,0x3AD63,Damage Health,0x3EB42,3,0.439999998,10,1,0,0,0,0,1,1,0,MagicAlchHarmful;MagicAlchDamageHealth,0x3EB42,0x3EB42,,0.439999998,10,0,3,3,,3,2099205,0,0x42509;0x10F9DD,Damage Health,,3,2099205,0,0x42509;0x10F9DD
Elves Ear,0x34D31,Restore Magicka,0x3EB17,4,0.959999979,10,1,0,0,0,1,0,0,0,MagicAlchRestoreMagicka;MagicAlchBeneficial,0x3EB17,0x3EB17,,0.959999979,10,1,0,4,,4,2099200,34,0x42508;0xF8A4E,Restore Magicka,,4,2099200,34,0x42508;0xF8A4E
Elves Ear,0x34D31,Fortify Marksman,0x3EB1B,0.200000003,3.32999992,60,1,0,0,0,1,0,0,0,MagicAlchFortifyMarksman;MagicAlchBeneficial,0x3EB1B,0x3EB1B,,3.32999992,60,1,1,5.39119482,,0.200000003,2099202,34,0x65A21;0xF8A4E,Fortify Marksman,,0.200000003,2099202,34,0x65A21;0xF8A4E
Elves Ear,0x34D31,Weakness to Frost,0x73F2E,0.100000001,6.65999985,60,1,0,0,0,0,1,1,0,MagicAlchHarmful;MagicAlchWeaknessFrost,0x73F2E,0x73F2E,,6.65999985,60,1,2,5.77814007,,0.100000001,2101255,34,0x42509;0x74F4F,Weakness to Frost,,0.100000001,2101255,34,0x42509;0x74F4F
Elves Ear,0x34D31,Resist Fire,0x3EAEA,0.180000007,3.32999992,60,1,0,0,0,1,0,0,0,MagicAlchResistFire;MagicAlchBeneficial,0x3EAEA,0x3EAEA,,3.32999992,60,1,3,4.85207558,,0.180000007,2101250,34,0x65A37;0xF8A4E,Resist Fire,,0.180000007,2101250,34,0x65A37;0xF8A4E
Elytra Ichor,0xFE004828,Restore Magicka,0x3EB17,4,0.959999979,10,1,0,0,0,1,0,0,0,MagicAlchRestoreMagicka;MagicAlchBeneficial,0x3EB17,0x3EB17,,0.959999979,10,1,0,4,,4,2099200,34,0x42508;0xF8A4E,Restore Magicka,,4,2099200,34,0x42508;0xF8A4E
Elytra Ichor,0xFE004828,Invisibility,0x3EB3D,15,0,4,0,1,1,0,1,0,0,1,MagicInvisibility;MagicAlchBeneficial;MagicAlchDurationBased,0x3EB3D,0x3EB3D,,0,4,0,1,5.47466135,,15,4201474,11,0x1EA6F;0xF8A4E;0xF8A4F,Invisibility,,15,4201474,11,0x1EA6F;0xF8A4E;0xF8A4F
Elytra Ichor,0xFE004828,Burden,0x73F25,0.157499999,3.32999992,60,1,0,0,0,0,1,1,0,MagicAlchHarmful;MagicSlow,0x73F25,0x73F25,,3.32999992,60,1,2,4.24556589,,0.157499999,2103303,34,0x42509;0xB729E,Burden,,0.157499999,2103303,34,0x42509;0xB729E
Elytra Ichor,0xFE004828,Fear,0x73F20,0.449999988,3.32999992,30,1,0,0,0,0,1,1,0,MagicAlchHarmful;MAG_MagicAlchIllusionEffect,0x73F20,0x73F20,,3.32999992,30,0,3,5.65893316,,0.449999988,2099463,7,0x42509;0x823791D,Fear,,0.449999988,2099463,7,0x42509;0x823791D
Emperor Parasol Moss,0x401FF75,Damage Health,0x3EB42,3,0.439999998,10,1,0,0,0,0,1,1,0,MagicAlchHarmful;MagicAlchDamageHealth,0x3EB42,0x3EB42,,0.439999998,10,0,0,3,,3,2099205,0,0x42509;0x10F9DD,Damage Health,,3,2099205,0,0x42509;0x10F9DD
Emperor Parasol Moss,0x401FF75,Fortify Magicka,0x3EAF8,0.0450000018,2.67000008,300,1,0,0,0,1,0,0,0,MagicAlchFortifyMagicka;MagicAlchBeneficial,0x3EAF8,0x3EAF8,,2.67000008,300,1,1,5.58738232,,0.0450000018,2099202,34,0x65A33;0xF8A4E,Fortify Magicka,,0.0450000018,2099202,34,0x65A33;0xF8A4E
Emperor Parasol Moss,0x401FF75,Fortify Health Regeneration,0x3EB06,0.0350000001,2.67000008,300,1,0,0,0,1,0,0,0,MagicAlchFortifyHealRate;MagicAlchBeneficial,0x3EB06,0x3EB06,,2.67000008,300,1,2,4.34574175,,0.0350000001,2099202,34,0x65A30;0xF8A4E,Fortify Health Regeneration,,0.0350000001,2099202,34,0x65A30;0xF8A4E
Emperor Parasol Moss,0x401FF75,Fortify Two-handed,0x3EB1A,0.200000003,3.32999992,60,1,0,0,0,1,0,0,0,MagicAlchFortifyTwoHanded;MagicAlchBeneficial,0x3EB1A,0x3EB1A,,3.32999992,60,1,3,5.39119482,,0.200000003,2099202,34,0x65A20;0xF8A4E,Fortify Two-handed,,0.200000003,2099202,34,0x65A20;0xF8A4E
Eye of Sabre Cat,0x6BC07,Restore Stamina,0x3EB16,4,0.959999979,10,1,0,0,0,1,0,0,0,MagicAlchRestoreStamina;MagicAlchBeneficial,0x3EB16,0x3EB16,,0.959999979,10,1,0,4,,4,2099200,34,0x42504;0xF8A4E,Restore Stamina,,4,2099200,34,0x42504;0xF8A4E
Eye of Sabre Cat,0x6BC07,Calm,0x73F23,0.349999994,3.32999992,30,1,0,0,0,0,1,1,0,MagicAlchHarmful;MAG_MagicAlchIllusionEffect,0x73F23,0x73F23,,3.32999992,30,0,1,4.40139246,,0.349999994,2103555,38,0x42509;0x823791D,Calm,,0.349999994,2103555,38,0x42509;0x823791D
Eye of Sabre Cat,0x6BC07,Damage Magicka,0x3A2B6,3,0.879999995,10,1,0,0,0,0,1,1,0,MagicAlchHarmful;MagicAlchDamageMagicka,0x3A2B6,0x3A2B6,,0.879999995,10,0,2,3,,3,2099205,0,0x42509;0x10F9DE,Damage Magicka,,3,2099205,0,0x42509;0x10F9DE
Eye of Sabre Cat,0x6BC07,Restore Health,0x3EB15,4,0.959999979,10,1,0,0,0,1,0,0,0,MagicAlchRestoreHealth;MagicAlchBeneficial,0x3EB15,0x3EB15,,0.959999979,10,1,3,4,,4,2099200,34,0x42503;0xF8A4E,Restore Health,,4,2099200,34,0x42503;0xF8A4E
Falmer Ear,0x3AD5D,Waterwalking,0x40390E1,12,0,4,1,1,1,0,1,0,0,0,MAG_MagicAlchWaterWalking;MagicAlchBeneficial,0x40390E1,0x40390E1,,0,4,1,0,4.37972927,,12,6294530,34,0x80F386D;0xF8A4E,Waterwalking,,12,6294530,34,0x80F386D;0xF8A4E
Falmer Ear,0x3AD5D,Frenzy,0x73F29,0.349999994,3.32999992,30,1,0,0,0,0,1,1,0,MagicAlchHarmful;MAG_MagicAlchIllusionEffect,0x73F29,0x73F29,,3.32999992,30,0,1,4.40139246,,0.349999994,2099463,8,0x42509;0x823791D,Frenzy,,0.349999994,2099463,8,0x42509;0x823791D
Falmer Ear,0x3AD5D,Resist Poison,0x90041,0.180000007,3.32999992,60,1,0,0,0,1,0,0,0,MagicAlchResistPoison;MagicAlchBeneficial,0x90041,0x90041,,3.32999992,60,1,2,4.85207558,,0.180000007,2101250,34,0x10EB5F;0xF8A4E,Resist Poison,,0.180000007,2101250,34,0x10EB5F;0xF8A4E
Falmer Ear,0x3AD5D,Fortify Lockpicking,0x3EB21,0.180000007,3.32999992,60,1,0,0,0,1,0,0,0,MagicAlchFortifyLockpicking;MagicAlchBeneficial,0x3EB21,0x3EB21,,3.32999992,60,1,3,4.85207558,,0.180000007,2099202,34,0x65A26;0xF8A4E,Fortify Lockpicking,,0.180000007,2099202,34,0x65A26;0xF8A4E
Felsaad Tern Feathers,0x403CD8E,Restore Health,0x3EB15,4,0.959999979,10,1,0,0,0,1,0,0,0,MagicAlchRestoreHealth;MagicAlchBeneficial,0x3EB15,0x3EB15,,0.959999979,10,1,0,4,,4,2099200,34,0x42503;0xF8A4E,Restore Health,,4,2099200,34,0x42503;0xF8A4E
Felsaad Tern Feathers,0x403CD8E,Fortify Power Attacks,0x3EB29,0.200000003,3.32999992,60,1,0,0,0,1,0,0,0,MAG_MagicAlchFortifyPowerAttacks;MagicAlchBeneficial,0x3EB29,0x3EB29,,3.32999992,60,1,1,5.39119482,,0.200000003,2099202,34,0x65A2E;0xF8A4E,Fortify Power Attacks,,0.200000003,2099202,34,0x65A2E;0xF8A4E
Felsaad Tern Feathers,0x403CD8E,Cure Disease,0xAE722,3,1,0,1,0,0,1,1,0,0,0,MagicAlchBeneficial,0xAE722,0xAE722,,1,0,0,2,3,,3,2103808,3,0xF8A4E,Cure Disease,,3,2103808,3,0xF8A4E
Felsaad Tern Feathers,0x403CD8E,Resist Magic,0x39E51,0.0900000036,1.66999996,300,1,0,0,0,1,0,0,0,MagicAlchResistMagic;MagicAlchBeneficial,0x39E51,0x39E51,,1.66999996,300,1,3,6.66905117,,0.0900000036,2103298,34,0x65A3A;0xF8A4E,Resist Magic,,0.0900000036,2103298,34,0x65A3A;0xF8A4E
Fire Petal,0xFE004829,Damage Health,0x3EB42,3,0.439999998,10,1,0,0,0,0,1,1,0,MagicAlchHarmful;MagicAlchDamageHealth,0x3EB42,0x3EB42,,0.439999998,10,0,0,3,,3,2099205,0,0x42509;0x10F9DD,Damage Health,,3,2099205,0,0x42509;0x10F9DD
Fire Petal,0xFE004829,Resist Fire,0x3EAEA,0.180000007,3.32999992,60,1,0,0,0,1,0,0,0,MagicAlchResistFire;MagicAlchBeneficial,0x3EAEA,0x3EAEA,,3.32999992,60,1,1,4.85207558,,0.180000007,2101250,34,0x65A37;0xF8A4E,Resist Fire,,0.180000007,2101250,34,0x65A37;0xF8A4E
Fire Petal,0xFE004829,Spell Absorption,0xFE004812,0.115000002,1.66999996,60,1,0,0,0,1,0,0,0,MagicAlchBeneficial;MAG_MagicAlchAbsorbSpell,0xFE004812,0xFE004812,,1.66999996,60,1,2,1.45094967,,0.115000002,2097154,34,0xF8A4E;0xFE00CB00,Spell Absorption,,0.115000002,2097154,34,0xF8A4E;0xFE00CB00
Fire Petal,0xFE004829,Paralysis,0x73F30,1.75,3.32999992,10,1,0,0,0,0,1,1,0,MagicParalysis;MagicAlchHarmful;MAG_MagicAlchIllusionEffect,0x73F30,0x73F30,,3.32999992,10,0,3,6.5724411,,1.75,2099203,38,0x1EA70;0x42509;0x823791D,Paralysis,,1.75,2099203,38,0x1EA70;0x42509;0x823791D
Fire Salts,0x3AD5E,Weakness to Frost,0x73F2E,0.100000001,6.65999985,60,1,0,0,0,0,1,1,0,MagicAlchHarmful;MagicAlchWeaknessFrost,0x73F2E,0x73F2E,,6.65999985,60,1,0,5.77814007,,0.100000001,2101255,34,0x42509;0x74F4F,Weakness to Frost,,0.100000001,2101255,34,0x42509;0x74F4F
Fire Salts,0x3AD5E,Resist Fire,0x3EAEA,0.180000007,3.32999992,60,1,0,0,0,1,0,0,0,MagicAlchResistFire;MagicAlchBeneficial,0x3EAEA,0x3EAEA,,3.32999992,60,1,1,4.85207558,,0.180000007,2101250,34,0x65A37;0xF8A4E,Resist Fire,,0.180000007,2101250,34,0x65A37;0xF8A4E
Fire Salts,0x3AD5E,Restore Magicka,0x3EB17,4,0.959999979,10,1,0,0,0,1,0,0,0,MagicAlchRestoreMagicka;MagicAlchBeneficial,0x3EB17,0x3EB17,,0.959999979,10,1,2,4,,4,2099200,34,0x42508;0xF8A4E,Restore Magicka,,4,2099200,34,0x42508;0xF8A4E
Fire Salts,0x3AD5E,Fortify Magicka Regeneration,0x3EB07,0.0350000001,2.67000008,300,1,0,0,0,1,0,0,0,MagicAlchFortifyMagickaRate;MagicAlchBeneficial,0x3EB07,0x3EB07,,2.67000008,300,1,3,4.34574175,,0.0350000001,2099202,34,0x65A34;0xF8A4E,Fortify Magicka Regeneration,,0.0350000001,2099202,34,0x65A34;0xF8A4E
Flame Stalk,0xFE00482A,Restore Health,0x3EB15,4,0.959999979,10,1,0,0,0,1,0,0,0,MagicAlchRestoreHealth;MagicAlchBeneficial,0x3EB15,0x3EB15,,0.959999979,10,1,0,4,,4,2099200,34,0x42503;0xF8A4E,Restore Health,,4,2099200,34,0x42503;0xF8A4E
Flame Stalk,0xFE00482A,Resist Frost,0x3EAEB,0.180000007,3.32999992,60,1,0,0,0,1,0,0,0,MagicAlchResistFrost;MagicAlchBeneficial,0x3EAEB,0x3EAEB,,3.32999992,60,1,1,4.85207558,,0.180000007,2101250,34,0x65A38;0xF8A4E,Resist Frost,,0.180000007,2101250,34,0x65A38;0xF8A4E
Flame Stalk,0xFE00482A,Weakness to Fire,0x73F2D,0.100000001,6.65999985,60,1,0,0,0,0,1,1,0,MagicAlchWeaknessFire;MagicAlchHarmful,0x73F2D,0x73F2D,,6.65999985,60,1,2,5.77814007,,0.100000001,2101255,34,0x74F4E;0x42509,Weakness to Fire,,0.100000001,2101255,34,0x74F4E;0x42509
Flame Stalk,0xFE00482A,Invisibility,0x3EB3D,15,0,4,0,1,1,0,1,0,0,1,MagicInvisibility;MagicAlchBeneficial;MagicAlchDurationBased,0x3EB3D,0x3EB3D,,0,4,0,3,5.47466135,,15,4201474,11,0x1EA6F;0xF8A4E;0xF8A4F,Invisibility,,15,4201474,11,0x1EA6F;0xF8A4E;0xF8A4F
Flame Stalk,0x6095E23,Restore Health,0x3EB15,4,0.959999979,10,1,0,0,0,1,0,0,0,MagicAlchRestoreHealth;MagicAlchBeneficial,0x3EB15,0x3EB15,,0.959999979,10,1,0,4,,4,2099200,34,0x42503;0xF8A4E,Restore Health,,4,2099200,34,0x42503;0xF8A4E
Flame Stalk,0x6095E23,Resist Frost,0x3EAEB,0.180000007,3.32999992,60,1,0,0,0,1,0,0,0,MagicAlchResistFrost;MagicAlchBeneficial,0x3EAEB,0x3EAEB,,3.32999992,60,1,1,4.85207558,,0.180000007,2101250,34,0x65A38;0xF8A4E,Resist Frost,,0.180000007,2101250,34,0x65A38;0xF8A4E
Flame Stalk,0x6095E23,Weakness to Fire,0x73F2D,0.100000001,6.65999985,60,1,0,0,0,0,1,1,0,MagicAlchWeaknessFire;MagicAlchHarmful,0x73F2D,0x73F2D,,6.65999985,60,1,2,5.77814007,,0.100000001,2101255,34,0x74F4E;0x42509,Weakness to Fire,,0.100000001,2101255,34,0x74F4E;0x42509
Flame Stalk,0x6095E23,Invisibility,0x3EB3D,15,0,4,0,1,1,0,1,0,0,1,MagicInvisibility;MagicAlchBeneficial;MagicAlchDurationBased,0x3EB3D,0x3EB3D,,0,4,0,3,5.47466135,,15,4201474,11,0x1EA6F;0xF8A4E;0xF8A4F,Invisibility,,15,4201474,11,0x1EA6F;0xF8A4E;0xF8A4F
Fly Amanita,0x4DA00,Resist Fire,0x3EAEA,0.180000007,3.32999992,60,1,0,0,0,1,0,0,0,MagicAlchResistFire;MagicAlchBeneficial,0x3EAEA,0x3EAEA,,3.32999992,60,1,0,4.85207558,,0.180000007,2101250,34,0x65A37;0xF8A4E,Resist Fire,,0.180000007,2101250,34,0x65A37;0xF8A4E
Fly Amanita,0x4DA00,Fortify Two-handed,0x3EB1A,0.200000003,3.32999992,60,1,0,0,0,1,0,0,0,MagicAlchFortifyTwoHanded;MagicAlchBeneficial,0x3EB1A,0x3EB1A,,3.32999992,60,1,1,5.39119482,,0.200000003,2099202,34,0x65A20;0xF8A4E,Fortify Two-handed,,0.200000003,2099202,34,0x65A20;0xF8A4E
Fly Amanita,0x4DA00,Fortify Stamina,0x3EAF9,0.0450000018,2.67000008,300,1,0,0,0,1,0,0,0,MagicAlchFortifyStamina;MagicAlchBeneficial,0x3EAF9,0x3EAF9,,2.67000008,300,1,2,5.58738232,,0.0450000018,2099202,34,0x65A32;0xF8A4E,Fortify Stamina,,0.0450000018,2099202,34,0x65A32;0xF8A4E
Fly Amanita,0x4DA00,Fortify Illusion Power,0x3EB27,0.200000003,3.32999992,60,1,0,0,0,1,0,0,0,MagicAlchFortifyIllusion;MagicAlchBeneficial,0x3EB27,0x3EB27,,3.32999992,60,1,3,5.39119482,,0.200000003,2099202,34,0x65A2C;0xF8A4E,Fortify Illusion Power,,0.200000003,2099202,34,0x65A2C;0xF8A4E
Frost Mirriam,0x34D32,Resist Frost,0x3EAEB,0.180000007,3.32999992,60,1,0,0,0,1,0,0,0,MagicAlchResistFrost;MagicAlchBeneficial,0x3EAEB,0x3EAEB,,3.32999992,60,1,0,4.85207558,,0.180000007,2101250,34,0x65A38;0xF8A4E,Resist Frost,,0.180000007,2101250,34,0x65A38;0xF8A4E
Frost Mirriam,0x34D32,Fortify Sneak,0x3EB22,0.180000007,3.32999992,60,1,0,0,0,1,0,0,0,MagicAlchFortifySneak;MagicAlchBeneficial,0x3EB22,0x3EB22,,3.32999992,60,1,1,4.85207558,,0.180000007,2099202,34,0x65A27;0xF8A4E,Fortify Sneak,,0.180000007,2099202,34,0x65A27;0xF8A4E
Frost Mirriam,0x34D32,Silence,0x73F2B,0.400000006,3.32999992,30,1,0,0,0,0,1,1,0,MagicAlchHarmful;MAG_MagicAlchIllusionEffect,0x73F2B,0x73F2B,,3.32999992,30,0,2,5.03016281,,0.400000006,69212167,38,0x42509;0x823791D,Silence,,0.400000006,69212167,38,0x42509;0x823791D
Frost Mirriam,0x34D32,Fortify Unarmed,0x3EB1D,0.200000003,3.32999992,60,1,0,0,0,1,0,0,0,MAG_MagicAlchFortifyUnarmedDamage;MagicAlchBeneficial,0x3EB1D,0x3EB1D,,3.32999992,60,1,3,5.39119482,,0.200000003,2099202,34,0x65A22;0xF8A4E,Fortify Unarmed,,0.200000003,2099202,34,0x65A22;0xF8A4E
Frost Salts,0x3AD5F,Weakness to Fire,0x73F2D,0.100000001,6.65999985,60,1,0,0,0,0,1,1,0,MagicAlchWeaknessFire;MagicAlchHarmful,0x73F2D,0x73F2D,,6.65999985,60,1,0,5.77814007,,0.100000001,2101255,34,0x74F4E;0x42509,Weakness to Fire,,0.100000001,2101255,34,0x74F4E;0x42509
Frost Salts,0x3AD5F,Resist Frost,0x3EAEB,0.180000007,3.32999992,60,1,0,0,0,1,0,0,0,MagicAlchResistFrost;MagicAlchBeneficial,0x3EAEB,0x3EAEB,,3.32999992,60,1,1,4.85207558,,0.180000007,2101250,34,0x65A38;0xF8A4E,Resist Frost,,0.180000007,2101250,34,0x65A38;0xF8A4E
Frost Salts,0x3AD5F,Restore Magicka,0x3EB17,4,0.959999979,10,1,0,0,0,1,0,0,0,MagicAlchRestoreMagicka;MagicAlchBeneficial,0x3EB17,0x3EB17,,0.959999979,10,1,2,4,,4,2099200,34,0x42508;0xF8A4E,Restore Magicka,,4,2099200,34,0x42508;0xF8A4E
Frost Salts,0x3AD5F,Fortify Conjuration Power,0x3EB25,0.0799999982,6.67000008,60,1,0,0,0,1,0,0,0,MagicAlchFortifyConjuration;MagicAlchBeneficial,0x3EB25,0x3EB25,,6.67000008,60,1,3,4.63014746,,0.0799999982,2099202,34,0x65A2A;0xF8A4E,Fortify Conjuration Power,,0.0799999982,2099202,34,0x65A2A;0xF8A4E
Fungus Stalk,0xFE00482B,Restore Magicka,0x3EB17,4,0.959999979,10,1,0,0,0,1,0,0,0,MagicAlchRestoreMagicka;MagicAlchBeneficial,0x3EB17,0x3EB17,,0.959999979,10,1,0,4,,4,2099200,34,0x42508;0xF8A4E,Restore Magicka,,4,2099200,34,0x42508;0xF8A4E
Fungus Stalk,0xFE00482B,Fortify Health,0x3EAF3,0.0450000018,2.67000008,300,1,0,0,0,1,0,0,0,MagicAlchFortifyHealth;MagicAlchBeneficial,0x3EAF3,0x3EAF3,,2.67000008,300,1,1,5.58738232,,0.0450000018,2099202,34,0x65A31;0xF8A4E,Fortify Health,,0.0450000018,2099202,34,0x65A31;0xF8A4E
Fungus Stalk,0xFE00482B,Fortify Stamina,0x3EAF9,0.0450000018,2.67000008,300,1,0,0,0,1,0,0,0,MagicAlchFortifyStamina;MagicAlchBeneficial,0x3EAF9,0x3EAF9,,2.67000008,300,1,2,5.58738232,,0.0450000018,2099202,34,0x65A32;0xF8A4E,Fortify Stamina,,0.0450000018,2099202,34,0x65A32;0xF8A4E
Fungus Stalk,0xFE00482B,Waterbreathing,0x3AC2D,10,0,4,0,1,1,0,1,0,0,1,MagicAlchBeneficial;MagicAlchDurationBased,0x3AC2D,0x3AC2D,,0,4,1,3,3.64977407,,10,4197378,34,0xF8A4E;0xF8A4F,Waterbreathing,,10,4197378,34,0xF8A4E;0xF8A4F
Garlic,0x34D22,Resist Poison,0x90041,0.180000007,3.32999992,60,1,0,0,0,1,0,0,0,MagicAlchResistPoison;MagicAlchBeneficial,0x90041,0x90041,,3.32999992,60,1,0,4.85207558,,0.180000007,2101250,34,0x10EB5F;0xF8A4E,Resist Poison,,0.180000007,2101250,34,0x10EB5F;0xF8A4E
Garlic,0x34D22,Fortify Stamina,0x3EAF9,0.0450000018,2.67000008,300,1,0,0,0,1,0,0,0,MagicAlchFortifyStamina;MagicAlchBeneficial,0x3EAF9,0x3EAF9,,2.67000008,300,1,1,5.58738232,,0.0450000018,2099202,34,0x65A32;0xF8A4E,Fortify Stamina,,0.0450000018,2099202,34,0x65A32;0xF8A4E
Garlic,0x34D22,Fortify Magicka Regeneration,0x3EB07,0.0350000001,2.67000008,300,1,0,0,0,1,0,0,0,MagicAlchFortifyMagickaRate;MagicAlchBeneficial,0x3EB07,0x3EB07,,2.67000008,300,1,2,4.34574175,,0.0350000001,2099202,34,0x65A34;0xF8A4E,Fortify Magicka Regeneration,,0.0350000001,2099202,34,0x65A34;0xF8A4E
Garlic,0x34D22,Fortify Health Regeneration,0x3EB06,0.0350000001,2.67000008,300,1,0,0,0,1,0,0,0,MagicAlchFortifyHealRate;MagicAlchBeneficial,0x3EB06,0x3EB06,,2.67000008,300,1,3,4.34574175,,0.0350000001,2099202,34,0x65A30;0xF8A4E,Fortify Health Regeneration,,0.0350000001,2099202,34,0x65A30;0xF8A4E
Giant Lichen,0x7E8C1,Weakness to Shock,0x73F2F,0.100000001,6.65999985,60,1,0,0,0,0,1,1,0,MagicAlchWeaknessShock;MagicAlchHarmful,0x73F2F,0x73F2F,,6.65999985,60,1,0,5.77814007,,0.100000001,2101255,34,0x74F50;0x42509,Weakness to Shock,,0.100000001,2101255,34,0x74F50;0x42509
Giant Lichen,0x7E8C1,Calm,0x73F23,0.349999994,3.32999992,30,1,0,0,0,0,1,1,0,MagicAlchHarmful;MAG_MagicAlchIllusionEffect,0x73F23,0x73F23,,3.32999992,30,0,1,4.40139246,,0.349999994,2103555,38,0x42509;0x823791D,Calm,,0.349999994,2103555,38,0x42509;0x823791D
Giant Lichen,0x7E8C1,Fortify Speed,0x8246C21,0.600000024,1.33000004,60,1,0,0,0,1,0,0,0,MAG_MagicAlchSpeed;MagicAlchBeneficial,0x8246C21,0x8246C21,,1.33000004,60,1,2,5.89324522,,0.600000024,2097154,34,0x81C82ED;0xF8A4E,Fortify Speed,,0.600000024,2097154,34,0x81C82ED;0xF8A4E
Giant Lichen,0x7E8C1,Weakness to Poison,0x90042,0.100000001,6.65999985,60,1,0,0,0,0,1,1,0,MagicAlchHarmful;MAG_MagicAlchWeaknessPoison,0x90042,0x90042,,6.65999985,60,1,3,5.77814007,,0.100000001,2101255,34,0x42509;0x80F3886,Weakness to Poison,,0.100000001,2101255,34,0x42509;0x80F3886
Giant's Toe,0x3AD64,Become Ethereal,0x80F3879,17.5,0,4,0,1,1,0,1,0,0,0,MagicAlchBeneficial;MAG_MagicAlchShroud,0x80F3879,0x80F3879,,0,4,0,0,6.38710499,,17.5,4201472,41,0xF8A4E;0x80F387A,Become Ethereal,,17.5,4201472,41,0xF8A4E;0x80F387A
Giant's Toe,0x3AD64,Fortify Health,0x3EAF3,0.0450000018,2.67000008,300,1,0,0,0,1,0,0,0,MagicAlchFortifyHealth;MagicAlchBeneficial,0x3EAF3,0x3EAF3,,2.67000008,300,1,1,5.58738232,,0.0450000018,2099202,34,0x65A31;0xF8A4E,Fortify Health,,0.0450000018,2099202,34,0x65A31;0xF8A4E
Giant's Toe,0x3AD64,Fortify Carry Weight,0x3EB01,0.0149999997,6.67000008,300,1,0,0,0,1,0,0,0,MagicAlchFortifyCarryWeight;MagicAlchBeneficial,0x3EB01,0x3EB01,,6.67000008,300,1,2,5.09874296,,0.0149999997,2099202,34,0x65A2F;0xF8A4E,Fortify Carry Weight,,0.0149999997,2099202,34,0x65A2F;0xF8A4E
Giant's Toe,0x3AD64,Fortify Shouts,0x3EB1E,0.25,3.32999992,60,1,0,0,0,1,0,0,0,MagicAlchFortifyShouts;MagicAlchBeneficial,0x3EB1E,0x3EB1E,,3.32999992,60,1,3,6.73899364,,0.25,2099202,34,0x65A23;0xF8A4E,Fortify Shouts,,0.25,2099202,34,0x65A23;0xF8A4E
Glassfish,0x50008EE,Restore Magicka,0x3EB17,4,0.959999979,10,1,0,0,0,1,0,0,0,MagicAlchRestoreMagicka;MagicAlchBeneficial,0x3EB17,0x3EB17,,0.959999979,10,1,0,4,,4,2099200,34,0x42508;0xF8A4E,Restore Magicka,,4,2099200,34,0x42508;0xF8A4E
Glassfish,0x50008EE,Invisibility,0x3EB3D,15,0,4,0,1,1,0,1,0,0,1,MagicInvisibility;MagicAlchBeneficial;MagicAlchDurationBased,0x3EB3D,0x3EB3D,,0,4,0,1,5.47466135,,15,4201474,11,0x1EA6F;0xF8A4E;0xF8A4F,Invisibility,,15,4201474,11,0x1EA6F;0xF8A4E;0xF8A4F
Glassfish,0x50008EE,Fortify Illusion Power,0x3EB27,0.200000003,3.32999992,60,1,0,0,0,1,0,0,0,MagicAlchFortifyIllusion;MagicAlchBeneficial,0x3EB27,0x3EB27,,3.32999992,60,1,2,5.39119482,,0.200000003,2099202,34,0x65A2C;0xF8A4E,Fortify Illusion Power,,0.200000003,2099202,34,0x65A2C;0xF8A4E
Glassfish,0x50008EE,Fortify Sneak Attacks,0x3EB18,0.200000003,3.32999992,60,1,0,0,0,1,0,0,0,MagicAlchBeneficial;MAG_MagicAlchFortifySneakAttacks,0x3EB18,0x3EB18,,3.32999992,60,1,3,5.39119482,,0.200000003,136448002,34,0xF8A4E;0x65A28,Fortify Sneak Attacks,,0.200000003,136448002,34,0xF8A4E;0x65A28
Gleamblossom,0x200B097,Resist Magic,0x39E51,0.0900000036,1.66999996,300,1,0,0,0,1,0,0,0,MagicAlchResistMagic;MagicAlchBeneficial,0x39E51,0x39E51,,1.66999996,300,1,0,6.66905117,,0.0900000036,2103298,34,0x65A3A;0xF8A4E,Resist Magic,,0.0900000036,2103298,34,0x65A3A;0xF8A4E
Gleamblossom,0x200B097,Fear,0x73F20,0.449999988,3.32999992,30,1,0,0,0,0,1,1,0,MagicAlchHarmful;MAG_MagicAlchIllusionEffect,0x73F20,0x73F20,,3.32999992,30,0,1,5.65893316,,0.449999988,2099463,7,0x42509;0x823791D,Fear,,0.449999988,2099463,7,0x42509;0x823791D
Gleamblossom,0x200B097,Fortify Health Regeneration,0x3EB06,0.0350000001,2.67000008,300,1,0,0,0,1,0,0,0,MagicAlchFortifyHealRate;MagicAlchBeneficial,0x3EB06,0x3EB06,,2.67000008,300,1,2,4.34574175,,0.0350000001,2099202,34,0x65A30;0xF8A4E,Fortify Health Regeneration,,0.0350000001,2099202,34,0x65A30;0xF8A4E
Gleamblossom,0x200B097,Paralysis,0x73F30,1.75,3.32999992,10,1,0,0,0,0,1,1,0,MagicParalysis;MagicAlchHarmful;MAG_MagicAlchIllusionEffect,0x73F30,0x73F30,,3.32999992,10,0,3,6.5724411,,1.75,2099203,38,0x1EA70;0x42509;0x823791D,Paralysis,,1.75,2099203,38,0x1EA70;0x42509;0x823791D
Glow Dust,0x3AD73,Damage Magicka,0x3A2B6,3,0.879999995,10,1,0,0,0,0,1,1,0,MagicAlchHarmful;MagicAlchDamageMagicka,0x3A2B6,0x3A2B6,,0.879999995,10,0,0,3,,3,2099205,0,0x42509;0x10F9DE,Damage Magicka,,3,2099205,0,0x42509;0x10F9DE
Glow Dust,0x3AD73,Damage Armor,0x73F27,0.0350000001,19.9500008,60,1,0,0,0,0,1,1,0,MagicAlchHarmful;MAG_MagicAlchDamageArmor,0x73F27,0x73F27,,19.9500008,60,1,1,6.76038885,,0.0350000001,2103303,34,0x42509;0x80F3882,Damage Armor,,0.0350000001,2103303,34,0x42509;0x80F3882
Glow Dust,0x3AD73,Fortify Destruction Power,0x3EB26,0.200000003,3.32999992,60,1,0,0,0,1,0,0,0,MagicAlchFortifyDestruction;MagicAlchBeneficial,0x3EB26,0x3EB26,,3.32999992,60,1,2,5.39119482,,0.200000003,2099202,34,0x65A2B;0xF8A4E,Fortify Destruction Power,,0.200000003,2099202,34,0x65A2B;0xF8A4E
Glow Dust,0x3AD73,Resist Shock,0x3EAEC,0.180000007,3.32999992,60,1,0,0,0,1,0,0,0,MagicAlchResistShock;MagicAlchBeneficial,0x3EAEC,0x3EAEC,,3.32999992,60,1,3,4.85207558,,0.180000007,2101250,34,0x65A39;0xF8A4E,Resist Shock,,0.180000007,2101250,34,0x65A39;0xF8A4E
Glowing Mushroom,0x7EE01,Resist Shock,0x3EAEC,0.180000007,3.32999992,60,1,0,0,0,1,0,0,0,MagicAlchResistShock;MagicAlchBeneficial,0x3EAEC,0x3EAEC,,3.32999992,60,1,0,4.85207558,,0.180000007,2101250,34,0x65A39;0xF8A4E,Resist Shock,,0.180000007,2101250,34,0x65A39;0xF8A4E
Glowing Mushroom,0x7EE01,Fortify Destruction Power,0x3EB26,0.200000003,3.32999992,60,1,0,0,0,1,0,0,0,MagicAlchFortifyDestruction;MagicAlchBeneficial,0x3EB26,0x3EB26,,3.32999992,60,1,1,5.39119482,,0.200000003,2099202,34,0x65A2B;0xF8A4E,Fortify Destruction Power,,0.200000003,2099202,34,0x65A2B;0xF8A4E
Glowing Mushroom,0x7EE01,Fortify Armor Rating,0x3EB1F,0.0199999996,6.67000008,300,1,0,0,0,1,0,0,0,MagicAlchFortifyArmorRating;MagicAlchBeneficial,0x3EB1F,0x3EB1F,,6.67000008,300,1,2,6.79832363,,0.0199999996,2099202,34,0x65A24;0xF8A4E,Fortify Armor Rating,,0.0199999996,2099202,34,0x65A24;0xF8A4E
Glowing Mushroom,0x7EE01,Fortify Health,0x3EAF3,0.0450000018,2.67000008,300,1,0,0,0,1,0,0,0,MagicAlchFortifyHealth;MagicAlchBeneficial,0x3EAF3,0x3EAF3,,2.67000008,300,1,3,5.58738232,,0.0450000018,2099202,34,0x65A31;0xF8A4E,Fortify Health,,0.0450000018,2099202,34,0x65A31;0xF8A4E
Gnarl Bark,0xFE00482C,Damage Health,0x3EB42,3,0.439999998,10,1,0,0,0,0,1,1,0,MagicAlchHarmful;MagicAlchDamageHealth,0x3EB42,0x3EB42,,0.439999998,10,0,0,3,,3,2099205,0,0x42509;0x10F9DD,Damage Health,,3,2099205,0,0x42509;0x10F9DD
Gnarl Bark,0xFE00482C,Fortify Health Regeneration,0x3EB06,0.0350000001,2.67000008,300,1,0,0,0,1,0,0,0,MagicAlchFortifyHealRate;MagicAlchBeneficial,0x3EB06,0x3EB06,,2.67000008,300,1,1,4.34574175,,0.0350000001,2099202,34,0x65A30;0xF8A4E,Fortify Health Regeneration,,0.0350000001,2099202,34,0x65A30;0xF8A4E
Gnarl Bark,0xFE00482C,Fortify Shouts,0x3EB1E,0.25,6.67000008,60,1,0,0,0,1,0,0,0,MagicAlchFortifyShouts;MagicAlchBeneficial,0x3EB1E,0x3EB1E,,6.67000008,60,1,2,14.4692106,,0.25,2099202,34,0x65A23;0xF8A4E,Fortify Shouts,,0.25,2099202,34,0x65A23;0xF8A4E
Gnarl Bark,0xFE00482C,Resist Fire,0x3EAEA,0.180000007,3.32999992,60,1,0,0,0,1,0,0,0,MagicAlchResistFire;MagicAlchBeneficial,0x3EAEA,0x3EAEA,,3.32999992,60,1,3,4.85207558,,0.180000007,2101250,34,0x65A37;0xF8A4E,Resist Fire,,0.180000007,2101250,34,0x65A37;0xF8A4E
Gold Kanet,0xFE00482D,Paralysis,0x73F30,1.75,3.32999992,10,1,0,0,0,0,1,1,0,MagicParalysis;MagicAlchHarmful;MAG_MagicAlchIllusionEffect,0x73F30,0x73F30,,3.32999992,10,0,0,6.5724411,,1.75,2099203,38,0x1EA70;0x42509;0x823791D,Paralysis,,1.75,2099203,38,0x1EA70;0x42509;0x823791D
Gold Kanet,0xFE00482D,Damage Weapon,0x73F26,0.25,3.32999992,60,1,0,0,0,0,1,1,0,MagicAlchHarmful;MAG_MagicAlchDamageWeapon,0x73F26,0x73F26,,3.32999992,60,1,1,6.73899364,,0.25,2103303,34,0x42509;0x80F3881,Damage Weapon,,0.25,2103303,34,0x42509;0x80F3881
Gold Kanet,0xFE00482D,Weakness to Frost,0x73F2E,0.100000001,6.65999985,60,1,0,0,0,0,1,1,0,MagicAlchHarmful;MagicAlchWeaknessFrost,0x73F2E,0x73F2E,,6.65999985,60,1,2,5.77814007,,0.100000001,2101255,34,0x42509;0x74F4F,Weakness to Frost,,0.100000001,2101255,34,0x42509;0x74F4F
Gold Kanet,0xFE00482D,Fortify Unarmed,0x3EB1D,0.200000003,3.32999992,60,1,0,0,0,1,0,0,0,MAG_MagicAlchFortifyUnarmedDamage;MagicAlchBeneficial,0x3EB1D,0x3EB1D,,3.32999992,60,1,3,5.39119482,,0.200000003,2099202,34,0x65A22;0xF8A4E,Fortify Unarmed,,0.200000003,2099202,34,0x65A22;0xF8A4E
Goldfish,0x50008EF,Restore Stamina,0x3EB16,4,0.959999979,10,1,0,0,0,1,0,0,0,MagicAlchRestoreStamina;MagicAlchBeneficial,0x3EB16,0x3EB16,,0.959999979,10,1,0,4,,4,2099200,34,0x42504;0xF8A4E,Restore Stamina,,4,2099200,34,0x42504;0xF8A4E
Goldfish,0x50008EF,Fortify Shouts,0x3EB1E,0.25,3.32999992,60,1,0,0,0,1,0,0,0,MagicAlchFortifyShouts;MagicAlchBeneficial,0x3EB1E,0x3EB1E,,3.32999992,60,1,1,6.73899364,,0.25,2099202,34,0x65A23;0xF8A4E,Fortify Shouts,,0.25,2099202,34,0x65A23;0xF8A4E
Goldfish,0x50008EF,Waterbreathing,0x3AC2D,10,0,4,0,1,1,0,1,0,0,1,MagicAlchBeneficial;MagicAlchDurationBased,0x3AC2D,0x3AC2D,,0,4,1,2,3.64977407,,10,4197378,34,0xF8A4E;0xF8A4F,Waterbreathing,,10,4197378,34,0xF8A4E;0xF8A4F
Goldfish,0x50008EF,Resist Frost,0x3EAEB,0.180000007,3.32999992,60,1,0,0,0,1,0,0,0,MagicAlchResistFrost;MagicAlchBeneficial,0x3EAEB,0x3EAEB,,3.32999992,60,1,3,4.85207558,,0.180000007,2101250,34,0x65A38;0xF8A4E,Resist Frost,,0.180000007,2101250,34,0x65A38;0xF8A4E
Grass Pod,0x83E64,Resist Poison,0x90041,0.180000007,3.32999992,60,1,0,0,0,1,0,0,0,MagicAlchResistPoison;MagicAlchBeneficial,0x90041,0x90041,,3.32999992,60,1,0,4.85207558,,0.180000007,2101250,34,0x10EB5F;0xF8A4E,Resist Poison,,0.180000007,2101250,34,0x10EB5F;0xF8A4E
Grass Pod,0x83E64,Silence,0x73F2B,0.400000006,3.32999992,30,1,0,0,0,0,1,1,0,MagicAlchHarmful;MAG_MagicAlchIllusionEffect,0x73F2B,0x73F2B,,3.32999992,30,0,1,5.03016281,,0.400000006,69212167,38,0x42509;0x823791D,Silence,,0.400000006,69212167,38,0x42509;0x823791D
Grass Pod,0x83E64,Fortify Alteration Power,0x3EB24,0.0799999982,6.67000008,60,1,0,0,0,1,0,0,0,MagicAlchFortifyAlteration;MagicAlchBeneficial,0x3EB24,0x3EB24,,6.67000008,60,1,2,4.63014746,,0.0799999982,2099202,34,0x65A1D;0xF8A4E,Fortify Alteration Power,,0.0799999982,2099202,34,0x65A1D;0xF8A4E
Grass Pod,0x83E64,Restore Magicka,0x3EB17,4,0.959999979,10,1,0,0,0,1,0,0,0,MagicAlchRestoreMagicka;MagicAlchBeneficial,0x3EB17,0x3EB17,,0.959999979,10,1,3,4,,4,2099200,34,0x42508;0xF8A4E,Restore Magicka,,4,2099200,34,0x42508;0xF8A4E
Green Butterfly Wing,0x6059151,Restore Magicka,0x3EB17,4,0.959999979,10,1,0,0,0,1,0,0,0,MagicAlchRestoreMagicka;MagicAlchBeneficial,0x3EB17,0x3EB17,,0.959999979,10,1,0,4,,4,2099200,34,0x42508;0xF8A4E,Restore Magicka,,4,2099200,34,0x42508;0xF8A4E
Green Butterfly Wing,0x6059151,Fear,0x73F20,0.449999988,3.32999992,30,1,0,0,0,0,1,1,0,MagicAlchHarmful;MAG_MagicAlchIllusionEffect,0x73F20,0x73F20,,3.32999992,30,0,1,5.65893316,,0.449999988,2099463,7,0x42509;0x823791D,Fear,,0.449999988,2099463,7,0x42509;0x823791D
Green Butterfly Wing,0x6059151,Burden,0x73F25,0.157499999,3.32999992,60,1,0,0,0,0,1,1,0,MagicAlchHarmful;MagicSlow,0x73F25,0x73F25,,3.32999992,60,1,2,4.24556589,,0.157499999,2103303,34,0x42509;0xB729E,Burden,,0.157499999,2103303,34,0x42509;0xB729E
Green Butterfly Wing,0x6059151,Invisibility,0x3EB3D,15,0,4,0,1,1,0,1,0,0,1,MagicInvisibility;MagicAlchBeneficial;MagicAlchDurationBased,0x3EB3D,0x3EB3D,,0,4,0,3,5.47466135,,15,4201474,11,0x1EA6F;0xF8A4E;0xF8A4F,Invisibility,,15,4201474,11,0x1EA6F;0xF8A4E;0xF8A4F
Hackle-Lo Leaf,0xFE00482E,Restore Stamina,0x3EB16,4,0.959999979,10,1,0,0,0,1,0,0,0,MagicAlchRestoreStamina;MagicAlchBeneficial,0x3EB16,0x3EB16,,0.959999979,10,1,0,4,,4,2099200,34,0x42504;0xF8A4E,Restore Stamina,,4,2099200,34,0x42504;0xF8A4E
Hackle-Lo Leaf,0xFE00482E,Paralysis,0x73F30,1.75,3.32999992,10,1,0,0,0,0,1,1,0,MagicParalysis;MagicAlchHarmful;MAG_MagicAlchIllusionEffect,0x73F30,0x73F30,,3.32999992,10,0,1,6.5724411,,1.75,2099203,38,0x1EA70;0x42509;0x823791D,Paralysis,,1.75,2099203,38,0x1EA70;0x42509;0x823791D
Hackle-Lo Leaf,0xFE00482E,Waterbreathing,0x3AC2D,10,0,4,0,1,1,0,1,0,0,1,MagicAlchBeneficial;MagicAlchDurationBased,0x3AC2D,0x3AC2D,,0,4,1,2,3.64977407,,10,4197378,34,0xF8A4E;0xF8A4F,Waterbreathing,,10,4197378,34,0xF8A4E;0xF8A4F
Hackle-Lo Leaf,0xFE00482E,Fortify Restoration Power,0x3EB28,0.200000003,3.32999992,60,1,0,0,0,1,0,0,0,MagicAlchFortifyRestoration;MagicAlchBeneficial,0x3EB28,0x3EB28,,3.32999992,60,1,3,5.39119482,,0.200000003,2099202,34,0x65A2D;0xF8A4E,Fortify Restoration Power,,0.200000003,2099202,34,0x65A2D;0xF8A4E
Hagraven Claw,0x6B689,Resist Magic,0x39E51,0.0900000036,1.66999996,300,1,0,0,0,1,0,0,0,MagicAlchResistMagic;MagicAlchBeneficial,0x39E51,0x39E51,,1.66999996,300,1,0,6.66905117,,0.0900000036,2103298,34,0x65A3A;0xF8A4E,Resist Magic,,0.0900000036,2103298,34,0x65A3A;0xF8A4E
Hagraven Claw,0x6B689,Lingering Damage Magicka,0x10DE5F,1.5,0.519999981,30,1,0,0,0,0,1,1,0,MagicAlchHarmful;MAG_MagicAlchDamageMagickaDuration;MagicAlchDamageMagicka,0x10DE5F,0x10DE5F,,0.519999981,30,0,1,5.0225544,,1.5,2099205,0,0x42509;0x80F3884;0x10F9DE,Lingering Damage Magicka,,1.5,2099205,0,0x42509;0x80F3884;0x10F9DE
Hagraven Claw,0x6B689,Fortify Sneak Attacks,0x3EB18,0.200000003,3.32999992,60,1,0,0,0,1,0,0,0,MagicAlchBeneficial;MAG_MagicAlchFortifySneakAttacks,0x3EB18,0x3EB18,,3.32999992,60,1,2,5.39119482,,0.200000003,136448002,34,0xF8A4E;0x65A28,Fortify Sneak Attacks,,0.200000003,136448002,34,0xF8A4E;0x65A28
Hagraven Claw,0x6B689,Fortify Barter,0x3EB23,0.075000003,1.33000004,300,1,0,0,0,1,0,0,0,MagicAlchFortifySpeechcraft;MagicAlchBeneficial,0x3EB23,0x3EB23,,1.33000004,300,1,3,4.32644844,,0.075000003,2099202,34,0x65A29;0xF8A4E,Fortify Barter,,0.075000003,2099202,34,0x65A29;0xF8A4E
Hagraven Feathers,0x3AD66,Damage Magicka,0x3A2B6,3,0.879999995,10,1,0,0,0,0,1,1,0,MagicAlchHarmful;MagicAlchDamageMagicka,0x3A2B6,0x3A2B6,,0.879999995,10,0,0,3,,3,2099205,0,0x42509;0x10F9DE,Damage Magicka,,3,2099205,0,0x42509;0x10F9DE
Hagraven Feathers,0x3AD66,Fortify Conjuration Power,0x3EB25,0.0799999982,6.67000008,60,1,0,0,0,1,0,0,0,MagicAlchFortifyConjuration;MagicAlchBeneficial,0x3EB25,0x3EB25,,6.67000008,60,1,1,4.63014746,,0.0799999982,2099202,34,0x65A2A;0xF8A4E,Fortify Conjuration Power,,0.0799999982,2099202,34,0x65A2A;0xF8A4E
Hagraven Feathers,0x3AD66,Frenzy,0x73F29,0.349999994,3.32999992,30,1,0,0,0,0,1,1,0,MagicAlchHarmful;MAG_MagicAlchIllusionEffect,0x73F29,0x73F29,,3.32999992,30,0,2,4.40139246,,0.349999994,2099463,8,0x42509;0x823791D,Frenzy,,0.349999994,2099463,8,0x42509;0x823791D
Hagraven Feathers,0x3AD66,Weakness to Shock,0x73F2F,0.100000001,6.65999985,60,1,0,0,0,0,1,1,0,MagicAlchWeaknessShock;MagicAlchHarmful,0x73F2F,0x73F2F,,6.65999985,60,1,3,5.77814007,,0.100000001,2101255,34,0x74F50;0x42509,Weakness to Shock,,0.100000001,2101255,34,0x74F50;0x42509
Hanging Moss,0x57F91,Damage Magicka,0x3A2B6,3,0.879999995,10,1,0,0,0,0,1,1,0,MagicAlchHarmful;MagicAlchDamageMagicka,0x3A2B6,0x3A2B6,,0.879999995,10,0,0,3,,3,2099205,0,0x42509;0x10F9DE,Damage Magicka,,3,2099205,0,0x42509;0x10F9DE
Hanging Moss,0x57F91,Fortify Health,0x3EAF3,0.0450000018,2.67000008,300,1,0,0,0,1,0,0,0,MagicAlchFortifyHealth;MagicAlchBeneficial,0x3EAF3,0x3EAF3,,2.67000008,300,1,1,5.58738232,,0.0450000018,2099202,34,0x65A31;0xF8A4E,Fortify Health,,0.0450000018,2099202,34,0x65A31;0xF8A4E
Hanging Moss,0x57F91,Damage Weapon,0x73F26,0.25,3.32999992,60,1,0,0,0,0,1,1,0,MagicAlchHarmful;MAG_MagicAlchDamageWeapon,0x73F26,0x73F26,,3.32999992,60,1,2,6.73899364,,0.25,2103303,34,0x42509;0x80F3881,Damage Weapon,,0.25,2103303,34,0x42509;0x80F3881
Hanging Moss,0x57F91,Fortify One-handed,0x3EB19,0.200000003,3.32999992,60,1,0,0,0,1,0,0,0,MagicAlchFortifyOneHanded;MagicAlchBeneficial,0x3EB19,0x3EB19,,3.32999992,60,1,3,5.39119482,,0.200000003,2099202,34,0x65A1F;0xF8A4E,Fortify One-handed,,0.200000003,2099202,34,0x65A1F;0xF8A4E
Hawk Beak,0xE7EBC,Restore Stamina,0x3EB16,4,0.959999979,10,1,0,0,0,1,0,0,0,MagicAlchRestoreStamina;MagicAlchBeneficial,0x3EB16,0x3EB16,,0.959999979,10,1,0,4,,4,2099200,34,0x42504;0xF8A4E,Restore Stamina,,4,2099200,34,0x42504;0xF8A4E
Hawk Beak,0xE7EBC,Resist Frost,0x3EAEB,0.180000007,3.32999992,60,1,0,0,0,1,0,0,0,MagicAlchResistFrost;MagicAlchBeneficial,0x3EAEB,0x3EAEB,,3.32999992,60,1,1,4.85207558,,0.180000007,2101250,34,0x65A38;0xF8A4E,Resist Frost,,0.180000007,2101250,34,0x65A38;0xF8A4E
Hawk Beak,0xE7EBC,Fortify Carry Weight,0x3EB01,0.0149999997,6.67000008,300,1,0,0,0,1,0,0,0,MagicAlchFortifyCarryWeight;MagicAlchBeneficial,0x3EB01,0x3EB01,,6.67000008,300,1,2,5.09874296,,0.0149999997,2099202,34,0x65A2F;0xF8A4E,Fortify Carry Weight,,0.0149999997,2099202,34,0x65A2F;0xF8A4E
Hawk Beak,0xE7EBC,Resist Shock,0x3EAEC,0.180000007,3.32999992,60,1,0,0,0,1,0,0,0,MagicAlchResistShock;MagicAlchBeneficial,0x3EAEC,0x3EAEC,,3.32999992,60,1,3,4.85207558,,0.180000007,2101250,34,0x65A39;0xF8A4E,Resist Shock,,0.180000007,2101250,34,0x65A39;0xF8A4E
Hawk Feathers,0xE7ED0,Fortify Power Attacks,0x3EB29,0.200000003,3.32999992,60,1,0,0,0,1,0,0,0,MAG_MagicAlchFortifyPowerAttacks;MagicAlchBeneficial,0x3EB29,0x3EB29,,3.32999992,60,1,0,5.39119482,,0.200000003,2099202,34,0x65A2E;0xF8A4E,Fortify Power Attacks,,0.200000003,2099202,34,0x65A2E;0xF8A4E
Hawk Feathers,0xE7ED0,Cure Disease,0xAE722,3,1,0,1,0,0,1,1,0,0,0,MagicAlchBeneficial,0xAE722,0xAE722,,1,0,0,1,3,,3,2103808,3,0xF8A4E,Cure Disease,,3,2103808,3,0xF8A4E
Hawk Feathers,0xE7ED0,Fortify One-handed,0x3EB19,0.200000003,3.32999992,60,1,0,0,0,1,0,0,0,MagicAlchFortifyOneHanded;MagicAlchBeneficial,0x3EB19,0x3EB19,,3.32999992,60,1,2,5.39119482,,0.200000003,2099202,34,0x65A1F;0xF8A4E,Fortify One-handed,,0.200000003,2099202,34,0x65A1F;0xF8A4E
Hawk Feathers,0xE7ED0,Fortify Sneak,0x3EB22,0.180000007,3.32999992,60,1,0,0,0,1,0,0,0,MagicAlchFortifySneak;MagicAlchBeneficial,0x3EB22,0x3EB22,,3.32999992,60,1,3,4.85207558,,0.180000007,2099202,34,0x65A27;0xF8A4E,Fortify Sneak,,0.180000007,2099202,34,0x65A27;0xF8A4E
Hawk's Egg,0x300F1CC,Resist Magic,0x39E51,0.0900000036,1.66999996,300,1,0,0,0,1,0,0,0,MagicAlchResistMagic;MagicAlchBeneficial,0x39E51,0x39E51,,1.66999996,300,1,0,6.66905117,,0.0900000036,2103298,34,0x65A3A;0xF8A4E,Resist Magic,,0.0900000036,2103298,34,0x65A3A;0xF8A4E
Hawk's Egg,0x300F1CC,Damage Armor,0x73F27,0.0350000001,19.9500008,60,1,0,0,0,0,1,1,0,MagicAlchHarmful;MAG_MagicAlchDamageArmor,0x73F27,0x73F27,,19.9500008,60,1,1,6.76038885,,0.0350000001,2103303,34,0x42509;0x80F3882,Damage Armor,,0.0350000001,2103303,34,0x42509;0x80F3882
Hawk's Egg,0x300F1CC,Waterbreathing,0x3AC2D,10,0,4,0,1,1,0,1,0,0,1,MagicAlchBeneficial;MagicAlchDurationBased,0x3AC2D,0x3AC2D,,0,4,1,2,3.64977407,,10,4197378,34,0xF8A4E;0xF8A4F,Waterbreathing,,10,4197378,34,0xF8A4E;0xF8A4F
Hawk's Egg,0x300F1CC,Lingering Damage Stamina,0x10DE5E,1.5,0.519999981,30,1,0,0,0,0,1,1,0,MagicAlchHarmful;MAG_MagicAlchDamageStaminaDuration;MagicAlchDamageStamina,0x10DE5E,0x10DE5E,,0.519999981,30,0,3,5.0225544,,1.5,2099205,0,0x42509;0x80F3885;0x10F9DC,Lingering Damage Stamina,,1.5,2099205,0,0x42509;0x80F3885;0x10F9DC
Heart of Order,0xFE004851,Restore Health,0x3EB15,4,0.959999979,10,1,0,0,0,1,0,0,0,MagicAlchRestoreHealth;MagicAlchBeneficial,0x3EB15,0x3EB15,,0.959999979,10,1,0,4,,4,2099200,34,0x42503;0xF8A4E,Restore Health,,4,2099200,34,0x42503;0xF8A4E
Heart of Order,0xFE004851,Fortify Health,0x3EAF3,0.0450000018,2.67000008,300,1,0,0,0,1,0,0,0,MagicAlchFortifyHealth;MagicAlchBeneficial,0x3EAF3,0x3EAF3,,2.67000008,300,1,1,5.58738232,,0.0450000018,2099202,34,0x65A31;0xF8A4E,Fortify Health,,0.0450000018,2099202,34,0x65A31;0xF8A4E
Heart of Order,0xFE004851,Fortify One-handed,0x3EB19,0.200000003,3.32999992,60,1,0,0,0,1,0,0,0,MagicAlchFortifyOneHanded;MagicAlchBeneficial,0x3EB19,0x3EB19,,3.32999992,60,1,2,5.39119482,,0.200000003,2099202,34,0x65A1F;0xF8A4E,Fortify One-handed,,0.200000003,2099202,34,0x65A1F;0xF8A4E
Heart of Order,0xFE004851,Fortify Two-handed,0x3EB1A,0.200000003,3.32999992,60,1,0,0,0,1,0,0,0,MagicAlchFortifyTwoHanded;MagicAlchBeneficial,0x3EB1A,0x3EB1A,,3.32999992,60,1,3,5.39119482,,0.200000003,2099202,34,0x65A20;0xF8A4E,Fortify Two-handed,,0.200000003,2099202,34,0x65A20;0xF8A4E
Histcarp,0x106E18,Restore Stamina,0x3EB16,4,0.959999979,10,1,0,0,0,1,0,0,0,MagicAlchRestoreStamina;MagicAlchBeneficial,0x3EB16,0x3EB16,,0.959999979,10,1,0,4,,4,2099200,34,0x42504;0xF8A4E,Restore Stamina,,4,2099200,34,0x42504;0xF8A4E
Histcarp,0x106E18,Fortify Magicka,0x3EAF8,0.0450000018,2.67000008,300,1,0,0,0,1,0,0,0,MagicAlchFortifyMagicka;MagicAlchBeneficial,0x3EAF8,0x3EAF8,,2.67000008,300,1,1,5.58738232,,0.0450000018,2099202,34,0x65A33;0xF8A4E,Fortify Magicka,,0.0450000018,2099202,34,0x65A33;0xF8A4E
Histcarp,0x106E18,Fortify Shouts,0x3EB1E,0.25,3.32999992,60,1,0,0,0,1,0,0,0,MagicAlchFortifyShouts;MagicAlchBeneficial,0x3EB1E,0x3EB1E,,3.32999992,60,1,2,6.73899364,,0.25,2099202,34,0x65A23;0xF8A4E,Fortify Shouts,,0.25,2099202,34,0x65A23;0xF8A4E
Histcarp,0x106E18,Waterbreathing,0x3AC2D,10,0,4,0,1,1,0,1,0,0,1,MagicAlchBeneficial;MagicAlchDurationBased,0x3AC2D,0x3AC2D,,0,4,1,3,3.64977407,,10,4197378,34,0xF8A4E;0xF8A4F,Waterbreathing,,10,4197378,34,0xF8A4E;0xF8A4F
Honeycomb,0xB08C5,Restore Stamina,0x3EB16,4,0.959999979,10,1,0,0,0,1,0,0,0,MagicAlchRestoreStamina;MagicAlchBeneficial,0x3EB16,0x3EB16,,0.959999979,10,1,0,4,,4,2099200,34,0x42504;0xF8A4E,Restore Stamina,,4,2099200,34,0x42504;0xF8A4E
Honeycomb,0xB08C5,Fortify Block,0x3EB1C,0.200000003,3.32999992,60,1,0,0,0,1,0,0,0,MagicAlchFortifyBlock;MagicAlchBeneficial,0x3EB1C,0x3EB1C,,3.32999992,60,1,1,5.39119482,,0.200000003,2099202,34,0x65A1E;0xF8A4E,Fortify Block,,0.200000003,2099202,34,0x65A1E;0xF8A4E
Honeycomb,0xB08C5,Fortify Power Attacks,0x3EB29,0.200000003,3.32999992,60,1,0,0,0,1,0,0,0,MAG_MagicAlchFortifyPowerAttacks;MagicAlchBeneficial,0x3EB29,0x3EB29,,3.32999992,60,1,2,5.39119482,,0.200000003,2099202,34,0x65A2E;0xF8A4E,Fortify Power Attacks,,0.200000003,2099202,34,0x65A2E;0xF8A4E
Honeycomb,0xB08C5,Command,0x73F2C,0.5,3.32999992,30,1,0,0,0,0,1,1,0,MagicAlchHarmful;MAG_MagicAlchIllusionEffect,0x73F2C,0x73F2C,,3.32999992,30,0,3,6.28770351,,0.5,2099203,38,0x42509;0x823791D,Command,,0.5,2099203,38,0x42509;0x823791D
Human Flesh,0x1016B3,Damage Health,0x3EB42,3,0.439999998,10,1,0,0,0,0,1,1,0,MagicAlchHarmful;MagicAlchDamageHealth,0x3EB42,0x3EB42,,0.439999998,10,0,0,3,,3,2099205,0,0x42509;0x10F9DD,Damage Health,,3,2099205,0,0x42509;0x10F9DD
Human Flesh,0x1016B3,Paralysis,0x73F30,1.75,3.32999992,10,1,0,0,0,0,1,1,0,MagicParalysis;MagicAlchHarmful;MAG_MagicAlchIllusionEffect,0x73F30,0x73F30,,3.32999992,10,0,1,6.5724411,,1.75,2099203,38,0x1EA70;0x42509;0x823791D,Paralysis,,1.75,2099203,38,0x1EA70;0x42509;0x823791D
Human Flesh,0x1016B3,Restore Magicka,0x3EB17,4,0.959999979,10,1,0,0,0,1,0,0,0,MagicAlchRestoreMagicka;MagicAlchBeneficial,0x3EB17,0x3EB17,,0.959999979,10,1,2,4,,4,2099200,34,0x42508;0xF8A4E,Restore Magicka,,4,2099200,34,0x42508;0xF8A4E
Human Flesh,0x1016B3,Fortify Sneak,0x3EB22,0.180000007,3.32999992,60,1,0,0,0,1,0,0,0,MagicAlchFortifySneak;MagicAlchBeneficial,0x3EB22,0x3EB22,,3.32999992,60,1,3,4.85207558,,0.180000007,2099202,34,0x65A27;0xF8A4E,Fortify Sneak,,0.180000007,2099202,34,0x65A27;0xF8A4E
Human Heart,0xB18CD,Damage Health,0x3EB42,3,0.439999998,10,1,0,0,0,0,1,1,0,MagicAlchHarmful;MagicAlchDamageHealth,0x3EB42,0x3EB42,,0.439999998,10,0,0,3,,3,2099205,0,0x42509;0x10F9DD,Damage Health,,3,2099205,0,0x42509;0x10F9DD
Human Heart,0xB18CD,Damage Magicka,0x3A2B6,3,0.879999995,10,1,0,0,0,0,1,1,0,MagicAlchHarmful;MagicAlchDamageMagicka,0x3A2B6,0x3A2B6,,0.879999995,10,0,1,3,,3,2099205,0,0x42509;0x10F9DE,Damage Magicka,,3,2099205,0,0x42509;0x10F9DE
Human Heart,0xB18CD,Damage Armor,0x73F27,0.0350000001,19.9500008,60,1,0,0,0,0,1,1,0,MagicAlchHarmful;MAG_MagicAlchDamageArmor,0x73F27,0x73F27,,19.9500008,60,1,2,6.76038885,,0.0350000001,2103303,34,0x42509;0x80F3882,Damage Armor,,0.0350000001,2103303,34,0x42509;0x80F3882
Human Heart,0xB18CD,Frenzy,0x73F29,0.349999994,3.32999992,30,1,0,0,0,0,1,1,0,MagicAlchHarmful;MAG_MagicAlchIllusionEffect,0x73F29,0x73F29,,3.32999992,30,0,3,4.40139246,,0.349999994,2099463,8,0x42509;0x823791D,Frenzy,,0.349999994,2099463,8,0x42509;0x823791D
Hunger Tongue,0xFE00480C,Weakness to Fire,0x73F2D,0.100000001,6.65999985,60,1,0,0,0,0,1,1,0,MagicAlchWeaknessFire;MagicAlchHarmful,0x73F2D,0x73F2D,,6.65999985,60,1,0,5.77814007,,0.100000001,2101255,34,0x74F4E;0x42509,Weakness to Fire,,0.100000001,2101255,34,0x74F4E;0x42509
Hunger Tongue,0xFE00480C,Cure Disease,0xAE722,3,1,0,1,0,0,1,1,0,0,0,MagicAlchBeneficial,0xAE722,0xAE722,,1,0,0,1,3,,3,2103808,3,0xF8A4E,Cure Disease,,3,2103808,3,0xF8A4E
Hunger Tongue,0xFE00480C,Muffle,0x81FFE18,12,1,4,0,1,0,0,1,0,0,0,MagicAlchBeneficial;MAG_MagicAlchMuffle,0x81FFE18,0x81FFE18,,1,4,0,2,4.37972927,,12,4196354,0,0xF8A4E;0x80F3873,Muffle,,12,4196354,0,0xF8A4E;0x80F3873
Hunger Tongue,0xFE00480C,Fortify Magicka,0x3EAF8,0.0450000018,2.67000008,300,1,0,0,0,1,0,0,0,MagicAlchFortifyMagicka;MagicAlchBeneficial,0x3EAF8,0x3EAF8,,2.67000008,300,1,3,5.58738232,,0.0450000018,2099202,34,0x65A33;0xF8A4E,Fortify Magicka,,0.0450000018,2099202,34,0x65A33;0xF8A4E
Hydnum Azure Giant Spore,0xFE00480D,Resist Frost,0x3EAEB,0.180000007,3.32999992,60,1,0,0,0,1,0,0,0,MagicAlchResistFrost;MagicAlchBeneficial,0x3EAEB,0x3EAEB,,3.32999992,60,1,0,4.85207558,,0.180000007,2101250,34,0x65A38;0xF8A4E,Resist Frost,,0.180000007,2101250,34,0x65A38;0xF8A4E
Hydnum Azure Giant Spore,0xFE00480D,Fortify Health,0x3EAF3,0.0450000018,2.67000008,300,1,0,0,0,1,0,0,0,MagicAlchFortifyHealth;MagicAlchBeneficial,0x3EAF3,0x3EAF3,,2.67000008,300,1,1,5.58738232,,0.0450000018,2099202,34,0x65A31;0xF8A4E,Fortify Health,,0.0450000018,2099202,34,0x65A31;0xF8A4E
Hydnum Azure Giant Spore,0xFE00480D,Fortify Health Regeneration,0x3EB06,0.0350000001,2.67000008,300,1,0,0,0,1,0,0,0,MagicAlchFortifyHealRate;MagicAlchBeneficial,0x3EB06,0x3EB06,,2.67000008,300,1,2,4.34574175,,0.0350000001,2099202,34,0x65A30;0xF8A4E,Fortify Health Regeneration,,0.0350000001,2099202,34,0x65A30;0xF8A4E
Hydnum Azure Giant Spore,0xFE00480D,Light,0xFE004846,8,0,4,0,1,0,0,1,0,0,1,WISpellColorful;MagicAlchBeneficial;MagicAlchDurationBased,0xFE004846,0xFE004846,,0,4,0,3,2.91981936,,8,4198400,12,0xA9B1E;0xF8A4E;0xF8A4F,Light,,8,4198400,12,0xA9B1E;0xF8A4E;0xF8A4F
Hypha Facia,0xFE00480E,Weakness to Poison,0x90042,0.100000001,6.65999985,60,1,0,0,0,0,1,1,0,MagicAlchHarmful;MAG_MagicAlchWeaknessPoison,0x90042,0x90042,,6.65999985,60,1,0,5.77814007,,0.100000001,2101255,34,0x42509;0x80F3886,Weakness to Poison,,0.100000001,2101255,34,0x42509;0x80F3886
Hypha Facia,0xFE00480E,Frenzy,0x73F29,0.349999994,3.32999992,30,1,0,0,0,0,1,1,0,MagicAlchHarmful;MAG_MagicAlchIllusionEffect,0x73F29,0x73F29,,3.32999992,30,0,1,4.40139246,,0.349999994,2099463,8,0x42509;0x823791D,Frenzy,,0.349999994,2099463,8,0x42509;0x823791D
Hypha Facia,0xFE00480E,Calm,0x73F23,0.349999994,3.32999992,30,1,0,0,0,0,1,1,0,MagicAlchHarmful;MAG_MagicAlchIllusionEffect,0x73F23,0x73F23,,3.32999992,30,0,2,4.40139246,,0.349999994,2103555,38,0x42509;0x823791D,Calm,,0.349999994,2103555,38,0x42509;0x823791D
Hypha Facia,0xFE00480E,Resist Magic,0x39E51,0.0900000036,1.66999996,300,1,0,0,0,1,0,0,0,MagicAlchResistMagic;MagicAlchBeneficial,0x39E51,0x39E51,,1.66999996,300,1,3,6.66905117,,0.0900000036,2103298,34,0x65A3A;0xF8A4E,Resist Magic,,0.0900000036,2103298,34,0x65A3A;0xF8A4E
Ice Wraith Teeth,0x3AD6A,Weakness to Frost,0x73F2E,0.100000001,6.65999985,60,1,0,0,0,0,1,1,0,MagicAlchHarmful;MagicAlchWeaknessFrost,0x73F2E,0x73F2E,,6.65999985,60,1,0,5.77814007,,0.100000001,2101255,34,0x42509;0x74F4F,Weakness to Frost,,0.100000001,2101255,34,0x42509;0x74F4F
Ice Wraith Teeth,0x3AD6A,Muffle,0x81FFE18,12,1,4,0,1,0,0,1,0,0,0,MagicAlchBeneficial;MAG_MagicAlchMuffle,0x81FFE18,0x81FFE18,,1,4,0,1,4.37972927,,12,4196354,0,0xF8A4E;0x80F3873,Muffle,,12,4196354,0,0xF8A4E;0x80F3873
Ice Wraith Teeth,0x3AD6A,Invisibility,0x3EB3D,15,0,4,0,1,1,0,1,0,0,1,MagicInvisibility;MagicAlchBeneficial;MagicAlchDurationBased,0x3EB3D,0x3EB3D,,0,4,0,2,5.47466135,,15,4201474,11,0x1EA6F;0xF8A4E;0xF8A4F,Invisibility,,15,4201474,11,0x1EA6F;0xF8A4E;0xF8A4F
Ice Wraith Teeth,0x3AD6A,Weakness to Fire,0x73F2D,0.100000001,6.65999985,60,1,0,0,0,0,1,1,0,MagicAlchWeaknessFire;MagicAlchHarmful,0x73F2D,0x73F2D,,6.65999985,60,1,3,5.77814007,,0.100000001,2101255,34,0x74F4E;0x42509,Weakness to Fire,,0.100000001,2101255,34,0x74F4E;0x42509
Imp Gall,0xFE00480F,Damage Health,0x3EB42,3,0.439999998,10,1,0,0,0,0,1,1,0,MagicAlchHarmful;MagicAlchDamageHealth,0x3EB42,0x3EB42,,0.439999998,10,0,0,3,,3,2099205,0,0x42509;0x10F9DD,Damage Health,,3,2099205,0,0x42509;0x10F9DD
Imp Gall,0xFE00480F,Weakness to Fire,0x73F2D,0.100000001,6.65999985,60,1,0,0,0,0,1,1,0,MagicAlchWeaknessFire;MagicAlchHarmful,0x73F2D,0x73F2D,,6.65999985,60,1,1,5.77814007,,0.100000001,2101255,34,0x74F4E;0x42509,Weakness to Fire,,0.100000001,2101255,34,0x74F4E;0x42509
Imp Gall,0xFE00480F,Fortify Barter,0x3EB23,0.075000003,1.66999996,300,1,0,0,0,1,0,0,0,MagicAlchFortifySpeechcraft;MagicAlchBeneficial,0x3EB23,0x3EB23,,1.66999996,300,1,2,5.55754232,,0.075000003,2099202,34,0x65A29;0xF8A4E,Fortify Barter,,0.075000003,2099202,34,0x65A29;0xF8A4E
Imp Gall,0xFE00480F,Muffle,0x81FFE18,12,1,4,0,1,0,0,1,0,0,0,MagicAlchBeneficial;MAG_MagicAlchMuffle,0x81FFE18,0x81FFE18,,1,4,0,3,4.37972927,,12,4196354,0,0xF8A4E;0x80F3873,Muffle,,12,4196354,0,0xF8A4E;0x80F3873
Imp Stool,0x4DA23,Damage Health,0x3EB42,3,0.439999998,10,1,0,0,0,0,1,1,0,MagicAlchHarmful;MagicAlchDamageHealth,0x3EB42,0x3EB42,,0.439999998,10,0,0,3,,3,2099205,0,0x42509;0x10F9DD,Damage Health,,3,2099205,0,0x42509;0x10F9DD
Imp Stool,0x4DA23,Lingering Damage Health,0x10AA4A,1.25,0.270000011,30,1,0,0,0,0,1,1,0,MagicAlchHarmful;MAG_MagicAlchDamageHealthDuration;MagicAlchDamageHealth,0x10AA4A,0x10AA4A,,0.270000011,30,0,1,4.185462,,1.25,2099205,0,0x42509;0x80F3883;0x10F9DD,Lingering Damage Health,,1.25,2099205,0,0x42509;0x80F3883;0x10F9DD
Imp Stool,0x4DA23,Paralysis,0x73F30,1.75,3.32999992,10,1,0,0,0,0,1,1,0,MagicParalysis;MagicAlchHarmful;MAG_MagicAlchIllusionEffect,0x73F30,0x73F30,,3.32999992,10,0,2,6.5724411,,1.75,2099203,38,0x1EA70;0x42509;0x823791D,Paralysis,,1.75,2099203,38,0x1EA70;0x42509;0x823791D
Imp Stool,0x4DA23,Restore Health,0x3EB15,4,0.959999979,10,1,0,0,0,1,0,0,0,MagicAlchRestoreHealth;MagicAlchBeneficial,0x3EB15,0x3EB15,,0.959999979,10,1,3,4,,4,2099200,34,0x42503;0xF8A4E,Restore Health,,4,2099200,34,0x42503;0xF8A4E
Jarrin Root,0x1BCBC,Damage Health,0x3EB42,3,4.4000001,10,1,0,0,0,0,1,1,0,MagicAlchHarmful;MagicAlchDamageHealth,0x3EB42,0x3EB42,,4.4000001,10,0,0,15.3080273,,3,2099205,0,0x42509;0x10F9DD,Damage Health,,3,2099205,0,0x42509;0x10F9DD
Jarrin Root,0x1BCBC,Damage Magicka,0x3A2B6,3,0.879999995,10,1,0,0,0,0,1,1,0,MagicAlchHarmful;MagicAlchDamageMagicka,0x3A2B6,0x3A2B6,,0.879999995,10,0,1,3,,3,2099205,0,0x42509;0x10F9DE,Damage Magicka,,3,2099205,0,0x42509;0x10F9DE
Jarrin Root,0x1BCBC,Damage Stamina,0x3A2C6,3,0.879999995,10,1,0,0,0,0,1,1,0,MagicAlchHarmful;MagicAlchDamageStamina,0x3A2C6,0x3A2C6,,0.879999995,10,0,2,3,,3,2099205,0,0x42509;0x10F9DC,Damage Stamina,,3,2099205,0,0x42509;0x10F9DC
Jarrin Root,0x1BCBC,Damage Weapon,0x73F26,0.25,3.32999992,60,1,0,0,0,0,1,1,0,MagicAlchHarmful;MAG_MagicAlchDamageWeapon,0x73F26,0x73F26,,3.32999992,60,1,3,6.73899364,,0.25,2103303,34,0x42509;0x80F3881,Damage Weapon,,0.25,2103303,34,0x42509;0x80F3881
Jazbay Grapes,0x6AC4A,Reflect Damage,0x73F51,0.150000006,2.67000008,60,1,0,0,0,1,0,0,0,MagicAlchBeneficial;MAG_MagicAlchReflectDamage,0x73F51,0x73F51,,2.67000008,60,1,0,3.17117405,,0.150000006,2101250,34,0xF8A4E;0x820A01B,Reflect Damage,,0.150000006,2101250,34,0xF8A4E;0x820A01B
Jazbay Grapes,0x6AC4A,Fortify Magicka,0x3EAF8,0.0450000018,2.67000008,300,1,0,0,0,1,0,0,0,MagicAlchFortifyMagicka;MagicAlchBeneficial,0x3EAF8,0x3EAF8,,2.67000008,300,1,1,5.58738232,,0.0450000018,2099202,34,0x65A33;0xF8A4E,Fortify Magicka,,0.0450000018,2099202,34,0x65A33;0xF8A4E
Jazbay Grapes,0x6AC4A,Fortify Magicka Regeneration,0x3EB07,0.0350000001,2.67000008,300,1,0,0,0,1,0,0,0,MagicAlchFortifyMagickaRate;MagicAlchBeneficial,0x3EB07,0x3EB07,,2.67000008,300,1,2,4.34574175,,0.0350000001,2099202,34,0x65A34;0xF8A4E,Fortify Magicka Regeneration,,0.0350000001,2099202,34,0x65A34;0xF8A4E
Jazbay Grapes,0x6AC4A,Calm,0x73F23,0.349999994,3.32999992,30,1,0,0,0,0,1,1,0,MagicAlchHarmful;MAG_MagicAlchIllusionEffect,0x73F23,0x73F23,,3.32999992,30,0,3,4.40139246,,0.349999994,2103555,38,0x42509;0x823791D,Calm,,0.349999994,2103555,38,0x42509;0x823791D
Juniper Berries,0x5076E,Weakness to Fire,0x73F2D,0.100000001,6.65999985,60,1,0,0,0,0,1,1,0,MagicAlchWeaknessFire;MagicAlchHarmful,0x73F2D,0x73F2D,,6.65999985,60,1,0,5.77814007,,0.100000001,2101255,34,0x74F4E;0x42509,Weakness to Fire,,0.100000001,2101255,34,0x74F4E;0x42509
Juniper Berries,0x5076E,Fortify Marksman,0x3EB1B,0.200000003,3.32999992,60,1,0,0,0,1,0,0,0,MagicAlchFortifyMarksman;MagicAlchBeneficial,0x3EB1B,0x3EB1B,,3.32999992,60,1,1,5.39119482,,0.200000003,2099202,34,0x65A21;0xF8A4E,Fortify Marksman,,0.200000003,2099202,34,0x65A21;0xF8A4E
Juniper Berries,0x5076E,Fortify Health Regeneration,0x3EB06,0.0350000001,2.67000008,300,1,0,0,0,1,0,0,0,MagicAlchFortifyHealRate;MagicAlchBeneficial,0x3EB06,0x3EB06,,2.67000008,300,1,2,4.34574175,,0.0350000001,2099202,34,0x65A30;0xF8A4E,Fortify Health Regeneration,,0.0350000001,2099202,34,0x65A30;0xF8A4E
Juniper Berries,0x5076E,Fortify Unarmed,0x3EB1D,0.200000003,3.32999992,60,1,0,0,0,1,0,0,0,MAG_MagicAlchFortifyUnarmedDamage;MagicAlchBeneficial,0x3EB1D,0x3EB1D,,3.32999992,60,1,3,5.39119482,,0.200000003,2099202,34,0x65A22;0xF8A4E,Fortify Unarmed,,0.200000003,2099202,34,0x65A22;0xF8A4E
Juvenile Mudcrab,0x50008F2,Fortify Stamina Regeneration,0x3EB08,0.0350000001,2.67000008,300,1,0,0,0,1,0,0,0,MagicAlchFortifyStaminaRate;MagicAlchBeneficial,0x3EB08,0x3EB08,,2.67000008,300,1,0,4.34574175,,0.0350000001,2099202,34,0x65A35;0xF8A4E,Fortify Stamina Regeneration,,0.0350000001,2099202,34,0x65A35;0xF8A4E
Juvenile Mudcrab,0x50008F2,Fortify Carry Weight,0x3EB01,0.0149999997,6.67000008,300,1,0,0,0,1,0,0,0,MagicAlchFortifyCarryWeight;MagicAlchBeneficial,0x3EB01,0x3EB01,,6.67000008,300,1,1,5.09874296,,0.0149999997,2099202,34,0x65A2F;0xF8A4E,Fortify Carry Weight,,0.0149999997,2099202,34,0x65A2F;0xF8A4E
Juvenile Mudcrab,0x50008F2,Cure Disease,0xAE722,3,1,0,1,0,0,1,1,0,0,0,MagicAlchBeneficial,0xAE722,0xAE722,,1,0,0,2,3,,3,2103808,3,0xF8A4E,Cure Disease,,3,2103808,3,0xF8A4E
Juvenile Mudcrab,0x50008F2,Fortify Two-handed,0x3EB1A,0.200000003,3.32999992,60,1,0,0,0,1,0,0,0,MagicAlchFortifyTwoHanded;MagicAlchBeneficial,0x3EB1A,0x3EB1A,,3.32999992,60,1,3,5.39119482,,0.200000003,2099202,34,0x65A20;0xF8A4E,Fortify Two-handed,,0.200000003,2099202,34,0x65A20;0xF8A4E
Kagouti Hide,0xFE004810,Lingering Damage Stamina,0x10DE5E,1.5,0.519999981,30,1,0,0,0,0,1,1,0,MagicAlchHarmful;MAG_MagicAlchDamageStaminaDuration;MagicAlchDamageStamina,0x10DE5E,0x10DE5E,,0.519999981,30,0,0,5.0225544,,1.5,2099205,0,0x42509;0x80F3885;0x10F9DC,Lingering Damage Stamina,,1.5,2099205,0,0x42509;0x80F3885;0x10F9DC
Kagouti Hide,0xFE004810,Night Eye,0xFE004803,12,0,4,0,1,0,0,1,0,0,0,MAG_MagicAlchFortifySneakAttacks;MagicAlchBeneficial,0xFE004803,0xFE004803,,0,4,0,1,4.37972927,,12,138545408,1,0x65A28;0xF8A4E,Night Eye,,12,138545408,1,0x65A28;0xF8A4E
Kagouti Hide,0xFE004810,Fortify Carry Weight,0x3EB01,0.0149999997,6.67000008,300,1,0,0,0,1,0,0,0,MagicAlchFortifyCarryWeight;MagicAlchBeneficial,0x3EB01,0x3EB01,,6.67000008,300,1,2,5.09874296,,0.0149999997,2099202,34,0x65A2F;0xF8A4E,Fortify Carry Weight,,0.0149999997,2099202,34,0x65A2F;0xF8A4E
Kagouti Hide,0xFE004810,Resist Shock,0x3EAEC,0.180000007,3.32999992,60,1,0,0,0,1,0,0,0,MagicAlchResistShock;MagicAlchBeneficial,0x3EAEC,0x3EAEC,,3.32999992,60,1,3,4.85207558,,0.180000007,2101250,34,0x65A39;0xF8A4E,Resist Shock,,0.180000007,2101250,34,0x65A39;0xF8A4E
Kresh Fiber,0xFE004811,Reflect Damage,0x73F51,0.150000006,2.67000008,60,1,0,0,0,1,0,0,0,MagicAlchBeneficial;MAG_MagicAlchReflectDamage,0x73F51,0x73F51,,2.67000008,60,1,0,3.17117405,,0.150000006,2101250,34,0xF8A4E;0x820A01B,Reflect Damage,,0.150000006,2101250,34,0xF8A4E;0x820A01B
Kresh Fiber,0xFE004811,Burden,0x73F25,0.157499999,3.32999992,60,1,0,0,0,0,1,1,0,MagicAlchHarmful;MagicSlow,0x73F25,0x73F25,,3.32999992,60,1,1,4.24556589,,0.157499999,2103303,34,0x42509;0xB729E,Burden,,0.157499999,2103303,34,0x42509;0xB729E
Kresh Fiber,0xFE004811,Fortify Sneak,0x3EB22,0.180000007,3.32999992,60,1,0,0,0,1,0,0,0,MagicAlchFortifySneak;MagicAlchBeneficial,0x3EB22,0x3EB22,,3.32999992,60,1,2,4.85207558,,0.180000007,2099202,34,0x65A27;0xF8A4E,Fortify Sneak,,0.180000007,2099202,34,0x65A27;0xF8A4E
Kresh Fiber,0xFE004811,Fortify Pickpocket,0x3EB20,0.180000007,3.32999992,60,1,0,0,0,1,0,0,0,MagicAlchFortifyPickPocket;MagicAlchBeneficial,0x3EB20,0x3EB20,,3.32999992,60,1,3,4.85207558,,0.180000007,2099202,34,0x65A25;0xF8A4E,Fortify Pickpocket,,0.180000007,2099202,34,0x65A25;0xF8A4E
Large Antlers,0x6BC0A,Restore Stamina,0x3EB16,4,0.959999979,10,1,0,0,0,1,0,0,0,MagicAlchRestoreStamina;MagicAlchBeneficial,0x3EB16,0x3EB16,,0.959999979,10,1,0,4,,4,2099200,34,0x42504;0xF8A4E,Restore Stamina,,4,2099200,34,0x42504;0xF8A4E
Large Antlers,0x6BC0A,Fortify Stamina,0x3EAF9,0.0450000018,2.67000008,300,1,0,0,0,1,0,0,0,MagicAlchFortifyStamina;MagicAlchBeneficial,0x3EAF9,0x3EAF9,,2.67000008,300,1,1,5.58738232,,0.0450000018,2099202,34,0x65A32;0xF8A4E,Fortify Stamina,,0.0450000018,2099202,34,0x65A32;0xF8A4E
Large Antlers,0x6BC0A,Burden,0x73F25,0.157499999,3.32999992,60,1,0,0,0,0,1,1,0,MagicAlchHarmful;MagicSlow,0x73F25,0x73F25,,3.32999992,60,1,2,4.24556589,,0.157499999,2103303,34,0x42509;0xB729E,Burden,,0.157499999,2103303,34,0x42509;0xB729E
Large Antlers,0x6BC0A,Fortify Shouts,0x3EB1E,0.25,3.32999992,60,1,0,0,0,1,0,0,0,MagicAlchFortifyShouts;MagicAlchBeneficial,0x3EB1E,0x3EB1E,,3.32999992,60,1,3,6.73899364,,0.25,2099202,34,0x65A23;0xF8A4E,Fortify Shouts,,0.25,2099202,34,0x65A23;0xF8A4E
Lavender,0x45C28,Fortify Armor Rating,0x3EB1F,0.0199999996,6.67000008,300,1,0,0,0,1,0,0,0,MagicAlchFortifyArmorRating;MagicAlchBeneficial,0x3EB1F,0x3EB1F,,6.67000008,300,1,0,6.79832363,,0.0199999996,2099202,34,0x65A24;0xF8A4E,Fortify Armor Rating,,0.0199999996,2099202,34,0x65A24;0xF8A4E
Lavender,0x45C28,Fortify Stamina Regeneration,0x3EB08,0.0350000001,2.67000008,300,1,0,0,0,1,0,0,0,MagicAlchFortifyStaminaRate;MagicAlchBeneficial,0x3EB08,0x3EB08,,2.67000008,300,1,1,4.34574175,,0.0350000001,2099202,34,0x65A35;0xF8A4E,Fortify Stamina Regeneration,,0.0350000001,2099202,34,0x65A35;0xF8A4E
Lavender,0x45C28,Silence,0x73F2B,0.400000006,3.32999992,30,1,0,0,0,0,1,1,0,MagicAlchHarmful;MAG_MagicAlchIllusionEffect,0x73F2B,0x73F2B,,3.32999992,30,0,2,5.03016281,,0.400000006,69212167,38,0x42509;0x823791D,Silence,,0.400000006,69212167,38,0x42509;0x823791D
Lavender,0x45C28,Fortify Conjuration Power,0x3EB25,0.0799999982,6.67000008,60,1,0,0,0,1,0,0,0,MagicAlchFortifyConjuration;MagicAlchBeneficial,0x3EB25,0x3EB25,,6.67000008,60,1,3,4.63014746,,0.0799999982,2099202,34,0x65A2A;0xF8A4E,Fortify Conjuration Power,,0.0799999982,2099202,34,0x65A2A;0xF8A4E
Lichor,0xFE004837,Restore Magicka,0x3EB17,4,0.959999979,10,1,0,0,0,1,0,0,0,MagicAlchRestoreMagicka;MagicAlchBeneficial,0x3EB17,0x3EB17,,0.959999979,10,1,0,4,,4,2099200,34,0x42508;0xF8A4E,Restore Magicka,,4,2099200,34,0x42508;0xF8A4E
Lichor,0xFE004837,Fortify Magicka Regeneration,0x3EB07,0.0350000001,2.67000008,300,1,0,0,0,1,0,0,0,MagicAlchFortifyMagickaRate;MagicAlchBeneficial,0x3EB07,0x3EB07,,2.67000008,300,1,1,4.34574175,,0.0350000001,2099202,34,0x65A34;0xF8A4E,Fortify Magicka Regeneration,,0.0350000001,2099202,34,0x65A34;0xF8A4E
Lichor,0xFE004837,Fortify Magicka,0x3EAF8,0.0450000018,2.67000008,300,1,0,0,0,1,0,0,0,MagicAlchFortifyMagicka;MagicAlchBeneficial,0x3EAF8,0x3EAF8,,2.67000008,300,1,2,5.58738232,,0.0450000018,2099202,34,0x65A33;0xF8A4E,Fortify Magicka,,0.0450000018,2099202,34,0x65A33;0xF8A4E
Lichor,0xFE004837,Spell Absorption,0xFE004812,0.115000002,1.66999996,60,1,0,0,0,1,0,0,0,MagicAlchBeneficial;MAG_MagicAlchAbsorbSpell,0xFE004812,0xFE004812,,1.66999996,60,1,3,1.45094967,,0.115000002,2097154,34,0xF8A4E;0xFE00CB00,Spell Absorption,,0.115000002,2097154,34,0xF8A4E;0xFE00CB00
Luminous Russula,0xFE004813,Lingering Damage Stamina,0x10DE5E,1.5,0.519999981,30,1,0,0,0,0,1,1,0,MagicAlchHarmful;MAG_MagicAlchDamageStaminaDuration;MagicAlchDamageStamina,0x10DE5E,0x10DE5E,,0.519999981,30,0,0,5.0225544,,1.5,2099205,0,0x42509;0x80F3885;0x10F9DC,Lingering Damage Stamina,,1.5,2099205,0,0x42509;0x80F3885;0x10F9DC
Luminous Russula,0xFE004813,Lingering Damage Health,0x10AA4A,1.25,0.270000011,30,1,0,0,0,0,1,1,0,MagicAlchHarmful;MAG_MagicAlchDamageHealthDuration;MagicAlchDamageHealth,0x10AA4A,0x10AA4A,,0.270000011,30,0,1,4.185462,,1.25,2099205,0,0x42509;0x80F3883;0x10F9DD,Lingering Damage Health,,1.25,2099205,0,0x42509;0x80F3883;0x10F9DD
Luminous Russula,0xFE004813,Waterbreathing,0x3AC2D,10,0,4,0,1,1,0,1,0,0,1,MagicAlchBeneficial;MagicAlchDurationBased,0x3AC2D,0x3AC2D,,0,4,1,2,3.64977407,,10,4197378,34,0xF8A4E;0xF8A4F,Waterbreathing,,10,4197378,34,0xF8A4E;0xF8A4F
Luminous Russula,0xFE004813,Fear,0x73F20,0.449999988,3.32999992,30,1,0,0,0,0,1,1,0,MagicAlchHarmful;MAG_MagicAlchIllusionEffect,0x73F20,0x73F20,,3.32999992,30,0,3,5.65893316,,0.449999988,2099463,7,0x42509;0x823791D,Fear,,0.449999988,2099463,7,0x42509;0x823791D
Luna Moth Wing,0x727DF,Damage Magicka,0x3A2B6,3,0.879999995,10,1,0,0,0,0,1,1,0,MagicAlchHarmful;MagicAlchDamageMagicka,0x3A2B6,0x3A2B6,,0.879999995,10,0,0,3,,3,2099205,0,0x42509;0x10F9DE,Damage Magicka,,3,2099205,0,0x42509;0x10F9DE
Luna Moth Wing,0x727DF,Fortify Power Attacks,0x3EB29,0.200000003,3.32999992,60,1,0,0,0,1,0,0,0,MAG_MagicAlchFortifyPowerAttacks;MagicAlchBeneficial,0x3EB29,0x3EB29,,3.32999992,60,1,1,5.39119482,,0.200000003,2099202,34,0x65A2E;0xF8A4E,Fortify Power Attacks,,0.200000003,2099202,34,0x65A2E;0xF8A4E
Luna Moth Wing,0x727DF,Fortify Health Regeneration,0x3EB06,0.0350000001,2.67000008,300,1,0,0,0,1,0,0,0,MagicAlchFortifyHealRate;MagicAlchBeneficial,0x3EB06,0x3EB06,,2.67000008,300,1,2,4.34574175,,0.0350000001,2099202,34,0x65A30;0xF8A4E,Fortify Health Regeneration,,0.0350000001,2099202,34,0x65A30;0xF8A4E
Luna Moth Wing,0x727DF,Invisibility,0x3EB3D,15,0,4,0,1,1,0,1,0,0,1,MagicInvisibility;MagicAlchBeneficial;MagicAlchDurationBased,0x3EB3D,0x3EB3D,,0,4,0,3,5.47466135,,15,4201474,11,0x1EA6F;0xF8A4E;0xF8A4F,Invisibility,,15,4201474,11,0x1EA6F;0xF8A4E;0xF8A4F
Lyretail Anthias,0x50008F1,Restore Magicka,0x3EB17,4,0.959999979,10,1,0,0,0,1,0,0,0,MagicAlchRestoreMagicka;MagicAlchBeneficial,0x3EB17,0x3EB17,,0.959999979,10,1,0,4,,4,2099200,34,0x42508;0xF8A4E,Restore Magicka,,4,2099200,34,0x42508;0xF8A4E
Lyretail Anthias,0x50008F1,Fortify Alteration Power,0x3EB24,0.0799999982,6.67000008,60,1,0,0,0,1,0,0,0,MagicAlchFortifyAlteration;MagicAlchBeneficial,0x3EB24,0x3EB24,,6.67000008,60,1,1,4.63014746,,0.0799999982,2099202,34,0x65A1D;0xF8A4E,Fortify Alteration Power,,0.0799999982,2099202,34,0x65A1D;0xF8A4E
Lyretail Anthias,0x50008F1,Fortify Conjuration Power,0x3EB25,0.0799999982,6.67000008,60,1,0,0,0,1,0,0,0,MagicAlchFortifyConjuration;MagicAlchBeneficial,0x3EB25,0x3EB25,,6.67000008,60,1,2,4.63014746,,0.0799999982,2099202,34,0x65A2A;0xF8A4E,Fortify Conjuration Power,,0.0799999982,2099202,34,0x65A2A;0xF8A4E
Lyretail Anthias,0x50008F1,Fortify Carry Weight,0x3EB01,0.0149999997,6.67000008,300,1,0,0,0,1,0,0,0,MagicAlchFortifyCarryWeight;MagicAlchBeneficial,0x3EB01,0x3EB01,,6.67000008,300,1,3,5.09874296,,0.0149999997,2099202,34,0x65A2F;0xF8A4E,Fortify Carry Weight,,0.0149999997,2099202,34,0x65A2F;0xF8A4E
Marshmerrow,0xFE004814,Restore Health,0x3EB15,4,0.959999979,10,1,0,0,0,1,0,0,0,MagicAlchRestoreHealth;MagicAlchBeneficial,0x3EB15,0x3EB15,,0.959999979,10,1,0,4,,4,2099200,34,0x42503;0xF8A4E,Restore Health,,4,2099200,34,0x42503;0xF8A4E
Marshmerrow,0xFE004814,Fortify Carry Weight,0x3EB01,0.0149999997,6.67000008,300,1,0,0,0,1,0,0,0,MagicAlchFortifyCarryWeight;MagicAlchBeneficial,0x3EB01,0x3EB01,,6.67000008,300,1,1,5.09874296,,0.0149999997,2099202,34,0x65A2F;0xF8A4E,Fortify Carry Weight,,0.0149999997,2099202,34,0x65A2F;0xF8A4E
Marshmerrow,0xFE004814,Reflect Damage,0x73F51,0.150000006,2.67000008,60,1,0,0,0,1,0,0,0,MagicAlchBeneficial;MAG_MagicAlchReflectDamage,0x73F51,0x73F51,,2.67000008,60,1,2,3.17117405,,0.150000006,2101250,34,0xF8A4E;0x820A01B,Reflect Damage,,0.150000006,2101250,34,0xF8A4E;0x820A01B
Marshmerrow,0xFE004814,Damage Stamina,0x3A2C6,3,0.879999995,10,1,0,0,0,0,1,1,0,MagicAlchHarmful;MagicAlchDamageStamina,0x3A2C6,0x3A2C6,,0.879999995,10,0,3,3,,3,2099205,0,0x42509;0x10F9DC,Damage Stamina,,3,2099205,0,0x42509;0x10F9DC
Minotaur Horn,0xFE004815,Resist Poison,0x90041,0.180000007,3.32999992,60,1,0,0,0,1,0,0,0,MagicAlchResistPoison;MagicAlchBeneficial,0x90041,0x90041,,3.32999992,60,1,0,4.85207558,,0.180000007,2101250,34,0x10EB5F;0xF8A4E,Resist Poison,,0.180000007,2101250,34,0x10EB5F;0xF8A4E
Minotaur Horn,0xFE004815,Silence,0x73F2B,0.400000006,3.32999992,30,1,0,0,0,0,1,1,0,MagicAlchHarmful;MAG_MagicAlchIllusionEffect,0x73F2B,0x73F2B,,3.32999992,30,0,1,5.03016281,,0.400000006,69212167,38,0x42509;0x823791D,Silence,,0.400000006,69212167,38,0x42509;0x823791D
Minotaur Horn,0xFE004815,Fortify Health Regeneration,0x3EB06,0.0350000001,2.67000008,300,1,0,0,0,1,0,0,0,MagicAlchFortifyHealRate;MagicAlchBeneficial,0x3EB06,0x3EB06,,2.67000008,300,1,2,4.34574175,,0.0350000001,2099202,34,0x65A30;0xF8A4E,Fortify Health Regeneration,,0.0350000001,2099202,34,0x65A30;0xF8A4E
Minotaur Horn,0xFE004815,Fortify Magicka Regeneration,0x3EB07,0.0350000001,2.67000008,300,1,0,0,0,1,0,0,0,MagicAlchFortifyMagickaRate;MagicAlchBeneficial,0x3EB07,0x3EB07,,2.67000008,300,1,3,4.34574175,,0.0350000001,2099202,34,0x65A34;0xF8A4E,Fortify Magicka Regeneration,,0.0350000001,2099202,34,0x65A34;0xF8A4E
Moon Sugar,0xD8E3F,Weakness to Fire,0x73F2D,0.100000001,6.65999985,60,1,0,0,0,0,1,1,0,MagicAlchWeaknessFire;MagicAlchHarmful,0x73F2D,0x73F2D,,6.65999985,60,1,0,5.77814007,,0.100000001,2101255,34,0x74F4E;0x42509,Weakness to Fire,,0.100000001,2101255,34,0x74F4E;0x42509
Moon Sugar,0xD8E3F,Resist Frost,0x3EAEB,0.180000007,3.32999992,60,1,0,0,0,1,0,0,0,MagicAlchResistFrost;MagicAlchBeneficial,0x3EAEB,0x3EAEB,,3.32999992,60,1,1,4.85207558,,0.180000007,2101250,34,0x65A38;0xF8A4E,Resist Frost,,0.180000007,2101250,34,0x65A38;0xF8A4E
Moon Sugar,0xD8E3F,Restore Magicka,0x3EB17,4,0.959999979,10,1,0,0,0,1,0,0,0,MagicAlchRestoreMagicka;MagicAlchBeneficial,0x3EB17,0x3EB17,,0.959999979,10,1,2,4,,4,2099200,34,0x42508;0xF8A4E,Restore Magicka,,4,2099200,34,0x42508;0xF8A4E
Moon Sugar,0xD8E3F,Fortify Magicka Regeneration,0x3EB07,0.0350000001,2.67000008,300,1,0,0,0,1,0,0,0,MagicAlchFortifyMagickaRate;MagicAlchBeneficial,0x3EB07,0x3EB07,,2.67000008,300,1,3,4.34574175,,0.0350000001,2099202,34,0x65A34;0xF8A4E,Fortify Magicka Regeneration,,0.0350000001,2099202,34,0x65A34;0xF8A4E
Mora Tapinella,0xEC870,Restore Magicka,0x3EB17,4,0.959999979,10,1,0,0,0,1,0,0,0,MagicAlchRestoreMagicka;MagicAlchBeneficial,0x3EB17,0x3EB17,,0.959999979,10,1,0,4,,4,2099200,34,0x42508;0xF8A4E,Restore Magicka,,4,2099200,34,0x42508;0xF8A4E
Mora Tapinella,0xEC870,Lingering Damage Health,0x10AA4A,1.25,0.270000011,30,1,0,0,0,0,1,1,0,MagicAlchHarmful;MAG_MagicAlchDamageHealthDuration;MagicAlchDamageHealth,0x10AA4A,0x10AA4A,,0.270000011,30,0,1,4.185462,,1.25,2099205,0,0x42509;0x80F3883;0x10F9DD,Lingering Damage Health,,1.25,2099205,0,0x42509;0x80F3883;0x10F9DD
Mora Tapinella,0xEC870,Frenzy,0x73F29,0.349999994,3.32999992,30,1,0,0,0,0,1,1,0,MagicAlchHarmful;MAG_MagicAlchIllusionEffect,0x73F29,0x73F29,,3.32999992,30,0,2,4.40139246,,0.349999994,2099463,8,0x42509;0x823791D,Frenzy,,0.349999994,2099463,8,0x42509;0x823791D
Mora Tapinella,0xEC870,Fortify Illusion Power,0x3EB27,0.200000003,3.32999992,60,1,0,0,0,1,0,0,0,MagicAlchFortifyIllusion;MagicAlchBeneficial,0x3EB27,0x3EB27,,3.32999992,60,1,3,5.39119482,,0.200000003,2099202,34,0x65A2C;0xF8A4E,Fortify Illusion Power,,0.200000003,2099202,34,0x65A2C;0xF8A4E
Mudcrab Chitin,0x6BC00,Restore Stamina,0x3EB16,4,0.959999979,10,1,0,0,0,1,0,0,0,MagicAlchRestoreStamina;MagicAlchBeneficial,0x3EB16,0x3EB16,,0.959999979,10,1,0,4,,4,2099200,34,0x42504;0xF8A4E,Restore Stamina,,4,2099200,34,0x42504;0xF8A4E
Mudcrab Chitin,0x6BC00,Cure Disease,0xAE722,3,1,0,1,0,0,1,1,0,0,0,MagicAlchBeneficial,0xAE722,0xAE722,,1,0,0,1,3,,3,2103808,3,0xF8A4E,Cure Disease,,3,2103808,3,0xF8A4E
Mudcrab Chitin,0x6BC00,Resist Poison,0x90041,0.180000007,3.32999992,60,1,0,0,0,1,0,0,0,MagicAlchResistPoison;MagicAlchBeneficial,0x90041,0x90041,,3.32999992,60,1,2,4.85207558,,0.180000007,2101250,34,0x10EB5F;0xF8A4E,Resist Poison,,0.180000007,2101250,34,0x10EB5F;0xF8A4E
Mudcrab Chitin,0x6BC00,Resist Fire,0x3EAEA,0.180000007,3.32999992,60,1,0,0,0,1,0,0,0,MagicAlchResistFire;MagicAlchBeneficial,0x3EAEA,0x3EAEA,,3.32999992,60,1,3,4.85207558,,0.180000007,2101250,34,0x65A37;0xF8A4E,Resist Fire,,0.180000007,2101250,34,0x65A37;0xF8A4E
Namira's Rot,0x4DA24,Fortify Health,0x3EAF3,0.0450000018,2.67000008,300,1,0,0,0,1,0,0,0,MagicAlchFortifyHealth;MagicAlchBeneficial,0x3EAF3,0x3EAF3,,2.67000008,300,1,0,5.58738232,,0.0450000018,2099202,34,0x65A31;0xF8A4E,Fortify Health,,0.0450000018,2099202,34,0x65A31;0xF8A4E
Namira's Rot,0x4DA24,Fortify Lockpicking,0x3EB21,0.180000007,3.32999992,60,1,0,0,0,1,0,0,0,MagicAlchFortifyLockpicking;MagicAlchBeneficial,0x3EB21,0x3EB21,,3.32999992,60,1,1,4.85207558,,0.180000007,2099202,34,0x65A26;0xF8A4E,Fortify Lockpicking,,0.180000007,2099202,34,0x65A26;0xF8A4E
Namira's Rot,0x4DA24,Fear,0x73F20,0.449999988,3.32999992,30,1,0,0,0,0,1,1,0,MagicAlchHarmful;MAG_MagicAlchIllusionEffect,0x73F20,0x73F20,,3.32999992,30,0,2,5.65893316,,0.449999988,2099463,7,0x42509;0x823791D,Fear,,0.449999988,2099463,7,0x42509;0x823791D
Namira's Rot,0x4DA24,Fortify Health Regeneration,0x3EB06,0.0350000001,2.67000008,300,1,0,0,0,1,0,0,0,MagicAlchFortifyHealRate;MagicAlchBeneficial,0x3EB06,0x3EB06,,2.67000008,300,1,3,4.34574175,,0.0350000001,2099202,34,0x65A30;0xF8A4E,Fortify Health Regeneration,,0.0350000001,2099202,34,0x65A30;0xF8A4E
Netch Jelly,0x401CD72,Paralysis,0x73F30,1.75,3.32999992,10,1,0,0,0,0,1,1,0,MagicParalysis;MagicAlchHarmful;MAG_MagicAlchIllusionEffect,0x73F30,0x73F30,,3.32999992,10,0,0,6.5724411,,1.75,2099203,38,0x1EA70;0x42509;0x823791D,Paralysis,,1.75,2099203,38,0x1EA70;0x42509;0x823791D
Netch Jelly,0x401CD72,Fortify Carry Weight,0x3EB01,0.0149999997,6.67000008,300,1,0,0,0,1,0,0,0,MagicAlchFortifyCarryWeight;MagicAlchBeneficial,0x3EB01,0x3EB01,,6.67000008,300,1,1,5.09874296,,0.0149999997,2099202,34,0x65A2F;0xF8A4E,Fortify Carry Weight,,0.0149999997,2099202,34,0x65A2F;0xF8A4E
Netch Jelly,0x401CD72,Restore Stamina,0x3EB16,4,0.959999979,10,1,0,0,0,1,0,0,0,MagicAlchRestoreStamina;MagicAlchBeneficial,0x3EB16,0x3EB16,,0.959999979,10,1,2,4,,4,2099200,34,0x42504;0xF8A4E,Restore Stamina,,4,2099200,34,0x42504;0xF8A4E
Netch Jelly,0x401CD72,Fear,0x73F20,0.449999988,3.32999992,30,1,0,0,0,0,1,1,0,MagicAlchHarmful;MAG_MagicAlchIllusionEffect,0x73F20,0x73F20,,3.32999992,30,0,3,5.65893316,,0.449999988,2099463,7,0x42509;0x823791D,Fear,,0.449999988,2099463,7,0x42509;0x823791D
Nightshade,0x2F44C,Damage Health,0x3EB42,3,0.439999998,10,1,0,0,0,0,1,1,0,MagicAlchHarmful;MagicAlchDamageHealth,0x3EB42,0x3EB42,,0.439999998,10,0,0,3,,3,2099205,0,0x42509;0x10F9DD,Damage Health,,3,2099205,0,0x42509;0x10F9DD
Nightshade,0x2F44C,Damage Armor,0x73F27,0.0350000001,19.9500008,60,1,0,0,0,0,1,1,0,MagicAlchHarmful;MAG_MagicAlchDamageArmor,0x73F27,0x73F27,,19.9500008,60,1,1,6.76038885,,0.0350000001,2103303,34,0x42509;0x80F3882,Damage Armor,,0.0350000001,2103303,34,0x42509;0x80F3882
Nightshade,0x2F44C,Lingering Damage Stamina,0x10DE5E,1.5,0.519999981,30,1,0,0,0,0,1,1,0,MagicAlchHarmful;MAG_MagicAlchDamageStaminaDuration;MagicAlchDamageStamina,0x10DE5E,0x10DE5E,,0.519999981,30,0,2,5.0225544,,1.5,2099205,0,0x42509;0x80F3885;0x10F9DC,Lingering Damage Stamina,,1.5,2099205,0,0x42509;0x80F3885;0x10F9DC
Nightshade,0x2F44C,Fortify Destruction Power,0x3EB26,0.200000003,3.32999992,60,1,0,0,0,1,0,0,0,MagicAlchFortifyDestruction;MagicAlchBeneficial,0x3EB26,0x3EB26,,3.32999992,60,1,3,5.39119482,,0.200000003,2099202,34,0x65A2B;0xF8A4E,Fortify Destruction Power,,0.200000003,2099202,34,0x65A2B;0xF8A4E
Nirnroot,0x59B86,Damage Health,0x3EB42,3,0.439999998,10,1,0,0,0,0,1,1,0,MagicAlchHarmful;MagicAlchDamageHealth,0x3EB42,0x3EB42,,0.439999998,10,0,0,3,,3,2099205,0,0x42509;0x10F9DD,Damage Health,,3,2099205,0,0x42509;0x10F9DD
Nirnroot,0x59B86,Weakness to Poison,0x90042,0.100000001,6.65999985,60,1,0,0,0,0,1,1,0,MagicAlchHarmful;MAG_MagicAlchWeaknessPoison,0x90042,0x90042,,6.65999985,60,1,1,5.77814007,,0.100000001,2101255,34,0x42509;0x80F3886,Weakness to Poison,,0.100000001,2101255,34,0x42509;0x80F3886
Nirnroot,0x59B86,Invisibility,0x3EB3D,15,0,4,0,1,1,0,1,0,0,1,MagicInvisibility;MagicAlchBeneficial;MagicAlchDurationBased,0x3EB3D,0x3EB3D,,0,4,0,2,5.47466135,,15,4201474,11,0x1EA6F;0xF8A4E;0xF8A4F,Invisibility,,15,4201474,11,0x1EA6F;0xF8A4E;0xF8A4F
Nirnroot,0x59B86,Resist Magic,0x39E51,0.0900000036,1.66999996,300,1,0,0,0,1,0,0,0,MagicAlchResistMagic;MagicAlchBeneficial,0x39E51,0x39E51,,1.66999996,300,1,3,6.66905117,,0.0900000036,2103298,34,0x65A3A;0xF8A4E,Resist Magic,,0.0900000036,2103298,34,0x65A3A;0xF8A4E
Nordic Barnacle,0x7EDF5,Damage Magicka,0x3A2B6,3,0.879999995,10,1,0,0,0,0,1,1,0,MagicAlchHarmful;MagicAlchDamageMagicka,0x3A2B6,0x3A2B6,,0.879999995,10,0,0,3,,3,2099205,0,0x42509;0x10F9DE,Damage Magicka,,3,2099205,0,0x42509;0x10F9DE
Nordic Barnacle,0x7EDF5,Waterbreathing,0x3AC2D,10,0,4,0,1,1,0,1,0,0,1,MagicAlchBeneficial;MagicAlchDurationBased,0x3AC2D,0x3AC2D,,0,4,1,1,3.64977407,,10,4197378,34,0xF8A4E;0xF8A4F,Waterbreathing,,10,4197378,34,0xF8A4E;0xF8A4F
Nordic Barnacle,0x7EDF5,Fortify Health Regeneration,0x3EB06,0.0350000001,2.67000008,300,1,0,0,0,1,0,0,0,MagicAlchFortifyHealRate;MagicAlchBeneficial,0x3EB06,0x3EB06,,2.67000008,300,1,2,4.34574175,,0.0350000001,2099202,34,0x65A30;0xF8A4E,Fortify Health Regeneration,,0.0350000001,2099202,34,0x65A30;0xF8A4E
Nordic Barnacle,0x7EDF5,Fortify Pickpocket,0x3EB20,0.180000007,3.32999992,60,1,0,0,0,1,0,0,0,MagicAlchFortifyPickPocket;MagicAlchBeneficial,0x3EB20,0x3EB20,,3.32999992,60,1,3,4.85207558,,0.180000007,2099202,34,0x65A25;0xF8A4E,Fortify Pickpocket,,0.180000007,2099202,34,0x65A25;0xF8A4E
Ogre's Teeth,0xFE004816,Weakness to Shock,0x73F2F,0.100000001,6.65999985,60,1,0,0,0,0,1,1,0,MagicAlchWeaknessShock;MagicAlchHarmful,0x73F2F,0x73F2F,,6.65999985,60,1,0,5.77814007,,0.100000001,2101255,34,0x74F50;0x42509,Weakness to Shock,,0.100000001,2101255,34,0x74F50;0x42509
Ogre's Teeth,0xFE004816,Resist Poison,0x90041,0.180000007,3.32999992,60,1,0,0,0,1,0,0,0,MagicAlchResistPoison;MagicAlchBeneficial,0x90041,0x90041,,3.32999992,60,1,1,4.85207558,,0.180000007,2101250,34,0x10EB5F;0xF8A4E,Resist Poison,,0.180000007,2101250,34,0x10EB5F;0xF8A4E
Ogre's Teeth,0xFE004816,Lingering Damage Magicka,0x10DE5F,1.5,0.519999981,30,1,0,0,0,0,1,1,0,MagicAlchHarmful;MAG_MagicAlchDamageMagickaDuration;MagicAlchDamageMagicka,0x10DE5F,0x10DE5F,,0.519999981,30,0,2,5.0225544,,1.5,2099205,0,0x42509;0x80F3884;0x10F9DE,Lingering Damage Magicka,,1.5,2099205,0,0x42509;0x80F3884;0x10F9DE
Ogre's Teeth,0xFE004816,Fortify Health Regeneration,0x3EB06,0.0350000001,2.67000008,300,1,0,0,0,1,0,0,0,MagicAlchFortifyHealRate;MagicAlchBeneficial,0x3EB06,0x3EB06,,2.67000008,300,1,3,4.34574175,,0.0350000001,2099202,34,0x65A30;0xF8A4E,Fortify Health Regeneration,,0.0350000001,2099202,34,0x65A30;0xF8A4E
Orange Dartwing,0xBB956,Restore Stamina,0x3EB16,4,0.959999979,10,1,0,0,0,1,0,0,0,MagicAlchRestoreStamina;MagicAlchBeneficial,0x3EB16,0x3EB16,,0.959999979,10,1,0,4,,4,2099200,34,0x42504;0xF8A4E,Restore Stamina,,4,2099200,34,0x42504;0xF8A4E
Orange Dartwing,0xBB956,Silence,0x73F2B,0.400000006,3.32999992,30,1,0,0,0,0,1,1,0,MagicAlchHarmful;MAG_MagicAlchIllusionEffect,0x73F2B,0x73F2B,,3.32999992,30,0,1,5.03016281,,0.400000006,69212167,38,0x42509;0x823791D,Silence,,0.400000006,69212167,38,0x42509;0x823791D
Orange Dartwing,0xBB956,Fortify Pickpocket,0x3EB20,0.180000007,3.32999992,60,1,0,0,0,1,0,0,0,MagicAlchFortifyPickPocket;MagicAlchBeneficial,0x3EB20,0x3EB20,,3.32999992,60,1,2,4.85207558,,0.180000007,2099202,34,0x65A25;0xF8A4E,Fortify Pickpocket,,0.180000007,2099202,34,0x65A25;0xF8A4E
Orange Dartwing,0xBB956,Lingering Damage Health,0x10AA4A,1.25,0.270000011,30,1,0,0,0,0,1,1,0,MagicAlchHarmful;MAG_MagicAlchDamageHealthDuration;MagicAlchDamageHealth,0x10AA4A,0x10AA4A,,0.270000011,30,0,3,4.185462,,1.25,2099205,0,0x42509;0x80F3883;0x10F9DD,Lingering Damage Health,,1.25,2099205,0,0x42509;0x80F3883;0x10F9DD
Pearl,0x854FE,Restore Stamina,0x3EB16,4,0.959999979,10,1,0,0,0,1,0,0,0,MagicAlchRestoreStamina;MagicAlchBeneficial,0x3EB16,0x3EB16,,0.959999979,10,1,0,4,,4,2099200,34,0x42504;0xF8A4E,Restore Stamina,,4,2099200,34,0x42504;0xF8A4E
Pearl,0x854FE,Fortify Block,0x3EB1C,0.200000003,3.32999992,60,1,0,0,0,1,0,0,0,MagicAlchFortifyBlock;MagicAlchBeneficial,0x3EB1C,0x3EB1C,,3.32999992,60,1,1,5.39119482,,0.200000003,2099202,34,0x65A1E;0xF8A4E,Fortify Block,,0.200000003,2099202,34,0x65A1E;0xF8A4E
Pearl,0x854FE,Restore Magicka,0x3EB17,4,0.959999979,10,1,0,0,0,1,0,0,0,MagicAlchRestoreMagicka;MagicAlchBeneficial,0x3EB17,0x3EB17,,0.959999979,10,1,2,4,,4,2099200,34,0x42508;0xF8A4E,Restore Magicka,,4,2099200,34,0x42508;0xF8A4E
Pearl,0x854FE,Resist Shock,0x3EAEC,0.180000007,3.32999992,60,1,0,0,0,1,0,0,0,MagicAlchResistShock;MagicAlchBeneficial,0x3EAEC,0x3EAEC,,3.32999992,60,1,3,4.85207558,,0.180000007,2101250,34,0x65A39;0xF8A4E,Resist Shock,,0.180000007,2101250,34,0x65A39;0xF8A4E
Pearlfish,0x50008EC,Restore Stamina,0x3EB16,4,0.959999979,10,1,0,0,0,1,0,0,0,MagicAlchRestoreStamina;MagicAlchBeneficial,0x3EB16,0x3EB16,,0.959999979,10,1,0,4,,4,2099200,34,0x42504;0xF8A4E,Restore Stamina,,4,2099200,34,0x42504;0xF8A4E
Pearlfish,0x50008EC,Resist Frost,0x3EAEB,0.180000007,3.32999992,60,1,0,0,0,1,0,0,0,MagicAlchResistFrost;MagicAlchBeneficial,0x3EAEB,0x3EAEB,,3.32999992,60,1,1,4.85207558,,0.180000007,2101250,34,0x65A38;0xF8A4E,Resist Frost,,0.180000007,2101250,34,0x65A38;0xF8A4E
Pearlfish,0x50008EC,Fortify Unarmed,0x3EB1D,0.200000003,3.32999992,60,1,0,0,0,1,0,0,0,MAG_MagicAlchFortifyUnarmedDamage;MagicAlchBeneficial,0x3EB1D,0x3EB1D,,3.32999992,60,1,2,5.39119482,,0.200000003,2099202,34,0x65A22;0xF8A4E,Fortify Unarmed,,0.200000003,2099202,34,0x65A22;0xF8A4E
Pearlfish,0x50008EC,Fortify One-handed,0x3EB19,0.200000003,3.32999992,60,1,0,0,0,1,0,0,0,MagicAlchFortifyOneHanded;MagicAlchBeneficial,0x3EB19,0x3EB19,,3.32999992,60,1,3,5.39119482,,0.200000003,2099202,34,0x65A1F;0xF8A4E,Fortify One-handed,,0.200000003,2099202,34,0x65A1F;0xF8A4E
Pine Thrush Egg,0x23D6F,Restore Stamina,0x3EB16,4,0.959999979,10,1,0,0,0,1,0,0,0,MagicAlchRestoreStamina;MagicAlchBeneficial,0x3EB16,0x3EB16,,0.959999979,10,1,0,4,,4,2099200,34,0x42504;0xF8A4E,Restore Stamina,,4,2099200,34,0x42504;0xF8A4E
Pine Thrush Egg,0x23D6F,Fortify Lockpicking,0x3EB21,0.180000007,3.32999992,60,1,0,0,0,1,0,0,0,MagicAlchFortifyLockpicking;MagicAlchBeneficial,0x3EB21,0x3EB21,,3.32999992,60,1,1,4.85207558,,0.180000007,2099202,34,0x65A26;0xF8A4E,Fortify Lockpicking,,0.180000007,2099202,34,0x65A26;0xF8A4E
Pine Thrush Egg,0x23D6F,Fortify Speed,0x8246C21,0.600000024,1.33000004,60,1,0,0,0,1,0,0,0,MAG_MagicAlchSpeed;MagicAlchBeneficial,0x8246C21,0x8246C21,,1.33000004,60,1,2,5.89324522,,0.600000024,2097154,34,0x81C82ED;0xF8A4E,Fortify Speed,,0.600000024,2097154,34,0x81C82ED;0xF8A4E
Pine Thrush Egg,0x23D6F,Weakness to Poison,0x90042,0.100000001,6.65999985,60,1,0,0,0,0,1,1,0,MagicAlchHarmful;MAG_MagicAlchWeaknessPoison,0x90042,0x90042,,6.65999985,60,1,3,5.77814007,,0.100000001,2101255,34,0x42509;0x80F3886,Weakness to Poison,,0.100000001,2101255,34,0x42509;0x80F3886
Poison Bloom,0x20185FB,Damage Health,0x3EB42,3,0.439999998,10,1,0,0,0,0,1,1,0,MagicAlchHarmful;MagicAlchDamageHealth,0x3EB42,0x3EB42,,0.439999998,10,0,0,3,,3,2099205,0,0x42509;0x10F9DD,Damage Health,,3,2099205,0,0x42509;0x10F9DD
Poison Bloom,0x20185FB,Burden,0x73F25,0.157499999,3.32999992,60,1,0,0,0,0,1,1,0,MagicAlchHarmful;MagicSlow,0x73F25,0x73F25,,3.32999992,60,1,1,4.24556589,,0.157499999,2103303,34,0x42509;0xB729E,Burden,,0.157499999,2103303,34,0x42509;0xB729E
Poison Bloom,0x20185FB,Fortify Carry Weight,0x3EB01,0.0149999997,6.67000008,300,1,0,0,0,1,0,0,0,MagicAlchFortifyCarryWeight;MagicAlchBeneficial,0x3EB01,0x3EB01,,6.67000008,300,1,2,5.09874296,,0.0149999997,2099202,34,0x65A2F;0xF8A4E,Fortify Carry Weight,,0.0149999997,2099202,34,0x65A2F;0xF8A4E
Poison Bloom,0x20185FB,Fear,0x73F20,0.449999988,3.32999992,30,1,0,0,0,0,1,1,0,MagicAlchHarmful;MAG_MagicAlchIllusionEffect,0x73F20,0x73F20,,3.32999992,30,0,3,5.65893316,,0.449999988,2099463,7,0x42509;0x823791D,Fear,,0.449999988,2099463,7,0x42509;0x823791D
Powdered Mammoth Tusk,0x6BC10,Restore Stamina,0x3EB16,4,0.959999979,10,1,0,0,0,1,0,0,0,MagicAlchRestoreStamina;MagicAlchBeneficial,0x3EB16,0x3EB16,,0.959999979,10,1,0,4,,4,2099200,34,0x42504;0xF8A4E,Restore Stamina,,4,2099200,34,0x42504;0xF8A4E
Powdered Mammoth Tusk,0x6BC10,Fortify Sneak,0x3EB22,0.180000007,3.32999992,60,1,0,0,0,1,0,0,0,MagicAlchFortifySneak;MagicAlchBeneficial,0x3EB22,0x3EB22,,3.32999992,60,1,1,4.85207558,,0.180000007,2099202,34,0x65A27;0xF8A4E,Fortify Sneak,,0.180000007,2099202,34,0x65A27;0xF8A4E
Powdered Mammoth Tusk,0x6BC10,Weakness to Fire,0x73F2D,0.100000001,6.65999985,60,1,0,0,0,0,1,1,0,MagicAlchWeaknessFire;MagicAlchHarmful,0x73F2D,0x73F2D,,6.65999985,60,1,2,5.77814007,,0.100000001,2101255,34,0x74F4E;0x42509,Weakness to Fire,,0.100000001,2101255,34,0x74F4E;0x42509
Powdered Mammoth Tusk,0x6BC10,Fear,0x73F20,0.449999988,3.32999992,30,1,0,0,0,0,1,1,0,MagicAlchHarmful;MAG_MagicAlchIllusionEffect,0x73F20,0x73F20,,3.32999992,30,0,3,5.65893316,,0.449999988,2099463,7,0x42509;0x823791D,Fear,,0.449999988,2099463,7,0x42509;0x823791D
Purple Butterfly Wing,0x6059153,Fortify Health Regeneration,0x3EB06,0.0350000001,2.67000008,300,1,0,0,0,1,0,0,0,MagicAlchFortifyHealRate;MagicAlchBeneficial,0x3EB06,0x3EB06,,2.67000008,300,1,0,4.34574175,,0.0350000001,2099202,34,0x65A30;0xF8A4E,Fortify Health Regeneration,,0.0350000001,2099202,34,0x65A30;0xF8A4E
Purple Butterfly Wing,0x6059153,Fortify Magicka Regeneration,0x3EB07,0.0350000001,2.67000008,300,1,0,0,0,1,0,0,0,MagicAlchFortifyMagickaRate;MagicAlchBeneficial,0x3EB07,0x3EB07,,2.67000008,300,1,1,4.34574175,,0.0350000001,2099202,34,0x65A34;0xF8A4E,Fortify Magicka Regeneration,,0.0350000001,2099202,34,0x65A34;0xF8A4E
Purple Butterfly Wing,0x6059153,Fortify Stamina Regeneration,0x3EB08,0.0350000001,2.67000008,300,1,0,0,0,1,0,0,0,MagicAlchFortifyStaminaRate;MagicAlchBeneficial,0x3EB08,0x3EB08,,2.67000008,300,1,2,4.34574175,,0.0350000001,2099202,34,0x65A35;0xF8A4E,Fortify Stamina Regeneration,,0.0350000001,2099202,34,0x65A35;0xF8A4E
Purple Butterfly Wing,0x6059153,Paralysis,0x73F30,1.75,3.32999992,10,1,0,0,0,0,1,1,0,MagicParalysis;MagicAlchHarmful;MAG_MagicAlchIllusionEffect,0x73F30,0x73F30,,3.32999992,10,0,3,6.5724411,,1.75,2099203,38,0x1EA70;0x42509;0x823791D,Paralysis,,1.75,2099203,38,0x1EA70;0x42509;0x823791D
Purple Mountain Flower,0x77E1E,Restore Stamina,0x3EB16,4,0.959999979,10,1,0,0,0,1,0,0,0,MagicAlchRestoreStamina;MagicAlchBeneficial,0x3EB16,0x3EB16,,0.959999979,10,1,0,4,,4,2099200,34,0x42504;0xF8A4E,Restore Stamina,,4,2099200,34,0x42504;0xF8A4E
Purple Mountain Flower,0x77E1E,Fortify Sneak,0x3EB22,0.180000007,3.32999992,60,1,0,0,0,1,0,0,0,MagicAlchFortifySneak;MagicAlchBeneficial,0x3EB22,0x3EB22,,3.32999992,60,1,1,4.85207558,,0.180000007,2099202,34,0x65A27;0xF8A4E,Fortify Sneak,,0.180000007,2099202,34,0x65A27;0xF8A4E
Purple Mountain Flower,0x77E1E,Lingering Damage Magicka,0x10DE5F,1.5,0.519999981,30,1,0,0,0,0,1,1,0,MagicAlchHarmful;MAG_MagicAlchDamageMagickaDuration;MagicAlchDamageMagicka,0x10DE5F,0x10DE5F,,0.519999981,30,0,2,5.0225544,,1.5,2099205,0,0x42509;0x80F3884;0x10F9DE,Lingering Damage Magicka,,1.5,2099205,0,0x42509;0x80F3884;0x10F9DE
Purple Mountain Flower,0x77E1E,Resist Frost,0x3EAEB,0.180000007,3.32999992,60,1,0,0,0,1,0,0,0,MagicAlchResistFrost;MagicAlchBeneficial,0x3EAEB,0x3EAEB,,3.32999992,60,1,3,4.85207558,,0.180000007,2101250,34,0x65A38;0xF8A4E,Resist Frost,,0.180000007,2101250,34,0x65A38;0xF8A4E
Pygmy Sunfish,0x50008ED,Restore Stamina,0x3EB16,4,0.959999979,10,1,0,0,0,1,0,0,0,MagicAlchRestoreStamina;MagicAlchBeneficial,0x3EB16,0x3EB16,,0.959999979,10,1,0,4,,4,2099200,34,0x42504;0xF8A4E,Restore Stamina,,4,2099200,34,0x42504;0xF8A4E
Pygmy Sunfish,0x50008ED,Lingering Damage Magicka,0x10DE5F,1.5,0.519999981,30,1,0,0,0,0,1,1,0,MagicAlchHarmful;MAG_MagicAlchDamageMagickaDuration;MagicAlchDamageMagicka,0x10DE5F,0x10DE5F,,0.519999981,30,0,1,5.0225544,,1.5,2099205,0,0x42509;0x80F3884;0x10F9DE,Lingering Damage Magicka,,1.5,2099205,0,0x42509;0x80F3884;0x10F9DE
Pygmy Sunfish,0x50008ED,Silence,0x73F2B,0.400000006,3.32999992,30,1,0,0,0,0,1,1,0,MagicAlchHarmful;MAG_MagicAlchIllusionEffect,0x73F2B,0x73F2B,,3.32999992,30,0,2,5.03016281,,0.400000006,69212167,38,0x42509;0x823791D,Silence,,0.400000006,69212167,38,0x42509;0x823791D
Pygmy Sunfish,0x50008ED,Fortify Restoration Power,0x3EB28,0.200000003,3.32999992,60,1,0,0,0,1,0,0,0,MagicAlchFortifyRestoration;MagicAlchBeneficial,0x3EB28,0x3EB28,,3.32999992,60,1,3,5.39119482,,0.200000003,2099202,34,0x65A2D;0xF8A4E,Fortify Restoration Power,,0.200000003,2099202,34,0x65A2D;0xF8A4E
Red Kelp Gas Bladder,0xFE004817,Fortify Stamina Regeneration,0x3EB08,0.0350000001,2.67000008,300,1,0,0,0,1,0,0,0,MagicAlchFortifyStaminaRate;MagicAlchBeneficial,0x3EB08,0x3EB08,,2.67000008,300,1,0,4.34574175,,0.0350000001,2099202,34,0x65A35;0xF8A4E,Fortify Stamina Regeneration,,0.0350000001,2099202,34,0x65A35;0xF8A4E
Red Kelp Gas Bladder,0xFE004817,Waterbreathing,0x3AC2D,10,0,4,0,1,1,0,1,0,0,1,MagicAlchBeneficial;MagicAlchDurationBased,0x3AC2D,0x3AC2D,,0,4,1,1,3.64977407,,10,4197378,34,0xF8A4E;0xF8A4F,Waterbreathing,,10,4197378,34,0xF8A4E;0xF8A4F
Red Kelp Gas Bladder,0xFE004817,Cure Disease,0xAE722,3,1,0,1,0,0,1,1,0,0,0,MagicAlchBeneficial,0xAE722,0xAE722,,1,0,0,2,3,,3,2103808,3,0xF8A4E,Cure Disease,,3,2103808,3,0xF8A4E
Red Kelp Gas Bladder,0xFE004817,Fortify Magicka,0x3EAF8,0.0450000018,2.67000008,300,1,0,0,0,1,0,0,0,MagicAlchFortifyMagicka;MagicAlchBeneficial,0x3EAF8,0x3EAF8,,2.67000008,300,1,3,5.58738232,,0.0450000018,2099202,34,0x65A33;0xF8A4E,Fortify Magicka,,0.0450000018,2099202,34,0x65A33;0xF8A4E
Red Mountain Flower,0x77E1D,Restore Magicka,0x3EB17,4,0.959999979,10,1,0,0,0,1,0,0,0,MagicAlchRestoreMagicka;MagicAlchBeneficial,0x3EB17,0x3EB17,,0.959999979,10,1,0,4,,4,2099200,34,0x42508;0xF8A4E,Restore Magicka,,4,2099200,34,0x42508;0xF8A4E
Red Mountain Flower,0x77E1D,Fortify Barter,0x3EB23,0.075000003,1.33000004,300,1,0,0,0,1,0,0,0,MagicAlchFortifySpeechcraft;MagicAlchBeneficial,0x3EB23,0x3EB23,,1.33000004,300,1,1,4.32644844,,0.075000003,2099202,34,0x65A29;0xF8A4E,Fortify Barter,,0.075000003,2099202,34,0x65A29;0xF8A4E
Red Mountain Flower,0x77E1D,Fortify Magicka,0x3EAF8,0.0450000018,2.67000008,300,1,0,0,0,1,0,0,0,MagicAlchFortifyMagicka;MagicAlchBeneficial,0x3EAF8,0x3EAF8,,2.67000008,300,1,2,5.58738232,,0.0450000018,2099202,34,0x65A33;0xF8A4E,Fortify Magicka,,0.0450000018,2099202,34,0x65A33;0xF8A4E
Red Mountain Flower,0x77E1D,Damage Health,0x3EB42,3,0.439999998,10,1,0,0,0,0,1,1,0,MagicAlchHarmful;MagicAlchDamageHealth,0x3EB42,0x3EB42,,0.439999998,10,0,3,3,,3,2099205,0,0x42509;0x10F9DD,Damage Health,,3,2099205,0,0x42509;0x10F9DD
Redwort Flower,0xFE004818,Resist Frost,0x3EAEB,0.180000007,3.32999992,60,1,0,0,0,1,0,0,0,MagicAlchResistFrost;MagicAlchBeneficial,0x3EAEB,0x3EAEB,,3.32999992,60,1,0,4.85207558,,0.180000007,2101250,34,0x65A38;0xF8A4E,Resist Frost,,0.180000007,2101250,34,0x65A38;0xF8A4E
Redwort Flower,0xFE004818,Muffle,0x81FFE18,12,1,4,0,1,0,0,1,0,0,0,MagicAlchBeneficial;MAG_MagicAlchMuffle,0x81FFE18,0x81FFE18,,1,4,0,1,4.37972927,,12,4196354,0,0xF8A4E;0x80F3873,Muffle,,12,4196354,0,0xF8A4E;0x80F3873
Redwort Flower,0xFE004818,Damage Health,0x3EB42,3,0.439999998,10,1,0,0,0,0,1,1,0,MagicAlchHarmful;MagicAlchDamageHealth,0x3EB42,0x3EB42,,0.439999998,10,0,2,3,,3,2099205,0,0x42509;0x10F9DD,Damage Health,,3,2099205,0,0x42509;0x10F9DD
Redwort Flower,0xFE004818,Invisibility,0x3EB3D,15,0,4,0,1,1,0,1,0,0,1,MagicInvisibility;MagicAlchBeneficial;MagicAlchDurationBased,0x3EB3D,0x3EB3D,,0,4,0,3,5.47466135,,15,4201474,11,0x1EA6F;0xF8A4E;0xF8A4F,Invisibility,,15,4201474,11,0x1EA6F;0xF8A4E;0xF8A4F
River Betty,0x106E1A,Damage Health,0x3EB42,3,0.439999998,10,1,0,0,0,0,1,1,0,MagicAlchHarmful;MagicAlchDamageHealth,0x3EB42,0x3EB42,,0.439999998,10,0,0,3,,3,2099205,0,0x42509;0x10F9DD,Damage Health,,3,2099205,0,0x42509;0x10F9DD
River Betty,0x106E1A,Fortify Alteration Power,0x3EB24,0.0799999982,6.67000008,60,1,0,0,0,1,0,0,0,MagicAlchFortifyAlteration;MagicAlchBeneficial,0x3EB24,0x3EB24,,6.67000008,60,1,1,4.63014746,,0.0799999982,2099202,34,0x65A1D;0xF8A4E,Fortify Alteration Power,,0.0799999982,2099202,34,0x65A1D;0xF8A4E
River Betty,0x106E1A,Burden,0x73F25,0.157499999,3.32999992,60,1,0,0,0,0,1,1,0,MagicAlchHarmful;MagicSlow,0x73F25,0x73F25,,3.32999992,60,1,2,4.24556589,,0.157499999,2103303,34,0x42509;0xB729E,Burden,,0.157499999,2103303,34,0x42509;0xB729E
River Betty,0x106E1A,Fortify Carry Weight,0x3EB01,0.0149999997,6.67000008,300,1,0,0,0,1,0,0,0,MagicAlchFortifyCarryWeight;MagicAlchBeneficial,0x3EB01,0x3EB01,,6.67000008,300,1,3,5.09874296,,0.0149999997,2099202,34,0x65A2F;0xF8A4E,Fortify Carry Weight,,0.0149999997,2099202,34,0x65A2F;0xF8A4E
Rock Warbler Egg,0x7E8C8,Restore Health,0x3EB15,4,0.959999979,10,1,0,0,0,1,0,0,0,MagicAlchRestoreHealth;MagicAlchBeneficial,0x3EB15,0x3EB15,,0.959999979,10,1,0,4,,4,2099200,34,0x42503;0xF8A4E,Restore Health,,4,2099200,34,0x42503;0xF8A4E
Rock Warbler Egg,0x7E8C8,Fortify One-handed,0x3EB19,0.200000003,3.32999992,60,1,0,0,0,1,0,0,0,MagicAlchFortifyOneHanded;MagicAlchBeneficial,0x3EB19,0x3EB19,,3.32999992,60,1,1,5.39119482,,0.200000003,2099202,34,0x65A1F;0xF8A4E,Fortify One-handed,,0.200000003,2099202,34,0x65A1F;0xF8A4E
Rock Warbler Egg,0x7E8C8,Become Ethereal,0x80F3879,17.5,0,4,0,1,1,0,1,0,0,0,MagicAlchBeneficial;MAG_MagicAlchShroud,0x80F3879,0x80F3879,,0,4,0,2,6.38710499,,17.5,4201472,41,0xF8A4E;0x80F387A,Become Ethereal,,17.5,4201472,41,0xF8A4E;0x80F387A
Rock Warbler Egg,0x7E8C8,Reflect Damage,0x73F51,0.150000006,2.67000008,60,1,0,0,0,1,0,0,0,MagicAlchBeneficial;MAG_MagicAlchReflectDamage,0x73F51,0x73F51,,2.67000008,60,1,3,3.17117405,,0.150000006,2101250,34,0xF8A4E;0x820A01B,Reflect Damage,,0.150000006,2101250,34,0xF8A4E;0x820A01B
Roobrush,0xFE004819,Reflect Damage,0x73F51,0.150000006,2.67000008,60,1,0,0,0,1,0,0,0,MagicAlchBeneficial;MAG_MagicAlchReflectDamage,0x73F51,0x73F51,,2.67000008,60,1,0,3.17117405,,0.150000006,2101250,34,0xF8A4E;0x820A01B,Reflect Damage,,0.150000006,2101250,34,0xF8A4E;0x820A01B
Roobrush,0xFE004819,Fortify Sneak,0x3EB22,0.180000007,3.32999992,60,1,0,0,0,1,0,0,0,MagicAlchFortifySneak;MagicAlchBeneficial,0x3EB22,0x3EB22,,3.32999992,60,1,1,4.85207558,,0.180000007,2099202,34,0x65A27;0xF8A4E,Fortify Sneak,,0.180000007,2099202,34,0x65A27;0xF8A4E
Roobrush,0xFE004819,Lingering Damage Health,0x10AA4A,1.25,0.270000011,30,1,0,0,0,0,1,1,0,MagicAlchHarmful;MAG_MagicAlchDamageHealthDuration;MagicAlchDamageHealth,0x10AA4A,0x10AA4A,,0.270000011,30,0,2,4.185462,,1.25,2099205,0,0x42509;0x80F3883;0x10F9DD,Lingering Damage Health,,1.25,2099205,0,0x42509;0x80F3883;0x10F9DD
Roobrush,0xFE004819,Muffle,0x81FFE18,12,1,4,0,1,0,0,1,0,0,0,MagicAlchBeneficial;MAG_MagicAlchMuffle,0x81FFE18,0x81FFE18,,1,4,0,3,4.37972927,,12,4196354,0,0xF8A4E;0x80F3873,Muffle,,12,4196354,0,0xF8A4E;0x80F3873
Rot Scale,0x100306D,Burden,0x73F25,0.157499999,3.32999992,60,1,0,0,0,0,1,1,0,MagicAlchHarmful;MagicSlow,0x73F25,0x73F25,,3.32999992,60,1,0,4.24556589,,0.157499999,2103303,34,0x42509;0xB729E,Burden,,0.157499999,2103303,34,0x42509;0xB729E
Rot Scale,0x100306D,Lingering Damage Health,0x10AA4A,1.25,0.270000011,30,1,0,0,0,0,1,1,0,MagicAlchHarmful;MAG_MagicAlchDamageHealthDuration;MagicAlchDamageHealth,0x10AA4A,0x10AA4A,,0.270000011,30,0,1,4.185462,,1.25,2099205,0,0x42509;0x80F3883;0x10F9DD,Lingering Damage Health,,1.25,2099205,0,0x42509;0x80F3883;0x10F9DD
Rot Scale,0x100306D,Fear,0x73F20,0.449999988,3.32999992,30,1,0,0,0,0,1,1,0,MagicAlchHarmful;MAG_MagicAlchIllusionEffect,0x73F20,0x73F20,,3.32999992,30,0,2,5.65893316,,0.449999988,2099463,7,0x42509;0x823791D,Fear,,0.449999988,2099463,7,0x42509;0x823791D
Rot Scale,0x100306D,Paralysis,0x73F30,1.75,3.32999992,10,1,0,0,0,0,1,1,0,MagicParalysis;MagicAlchHarmful;MAG_MagicAlchIllusionEffect,0x73F30,0x73F30,,3.32999992,10,0,3,6.5724411,,1.75,2099203,38,0x1EA70;0x42509;0x823791D,Paralysis,,1.75,2099203,38,0x1EA70;0x42509;0x823791D
Sabre Cat Tooth,0x6BC04,Restore Stamina,0x3EB16,4,0.959999979,10,1,0,0,0,1,0,0,0,MagicAlchRestoreStamina;MagicAlchBeneficial,0x3EB16,0x3EB16,,0.959999979,10,1,0,4,,4,2099200,34,0x42504;0xF8A4E,Restore Stamina,,4,2099200,34,0x42504;0xF8A4E
Sabre Cat Tooth,0x6BC04,Muffle,0x81FFE18,12,1,4,0,1,0,0,1,0,0,0,MagicAlchBeneficial;MAG_MagicAlchMuffle,0x81FFE18,0x81FFE18,,1,4,0,1,4.37972927,,12,4196354,0,0xF8A4E;0x80F3873,Muffle,,12,4196354,0,0xF8A4E;0x80F3873
Sabre Cat Tooth,0x6BC04,Weakness to Poison,0x90042,0.100000001,6.65999985,60,1,0,0,0,0,1,1,0,MagicAlchHarmful;MAG_MagicAlchWeaknessPoison,0x90042,0x90042,,6.65999985,60,1,2,5.77814007,,0.100000001,2101255,34,0x42509;0x80F3886,Weakness to Poison,,0.100000001,2101255,34,0x42509;0x80F3886
Sabre Cat Tooth,0x6BC04,Fortify Speed,0x8246C21,0.600000024,1.33000004,60,1,0,0,0,1,0,0,0,MAG_MagicAlchSpeed;MagicAlchBeneficial,0x8246C21,0x8246C21,,1.33000004,60,1,3,5.89324522,,0.600000024,2097154,34,0x81C82ED;0xF8A4E,Fortify Speed,,0.600000024,2097154,34,0x81C82ED;0xF8A4E
Salmon Roe,0x3003545,Restore Stamina,0x3EB16,4,0.959999979,10,1,0,0,0,1,0,0,0,MagicAlchRestoreStamina;MagicAlchBeneficial,0x3EB16,0x3EB16,,0.959999979,10,1,0,4,,4,2099200,34,0x42504;0xF8A4E,Restore Stamina,,4,2099200,34,0x42504;0xF8A4E
Salmon Roe,0x3003545,Waterbreathing,0x3AC2D,10,0,4,0,1,1,0,1,0,0,1,MagicAlchBeneficial;MagicAlchDurationBased,0x3AC2D,0x3AC2D,,0,4,1,1,3.64977407,,10,4197378,34,0xF8A4E;0xF8A4F,Waterbreathing,,10,4197378,34,0xF8A4E;0xF8A4F
Salmon Roe,0x3003545,Fortify Magicka,0x3EAF8,0.0450000018,2.67000008,300,1,0,0,0,1,0,0,0,MagicAlchFortifyMagicka;MagicAlchBeneficial,0x3EAF8,0x3EAF8,,2.67000008,300,1,2,5.58738232,,0.0450000018,2099202,34,0x65A33;0xF8A4E,Fortify Magicka,,0.0450000018,2099202,34,0x65A33;0xF8A4E
Salmon Roe,0x3003545,Fortify Magicka Regeneration,0x3EB07,0.0350000001,2.67000008,300,1,0,0,0,1,0,0,0,MagicAlchFortifyMagickaRate;MagicAlchBeneficial,0x3EB07,0x3EB07,,2.67000008,300,1,3,4.34574175,,0.0350000001,2099202,34,0x65A34;0xF8A4E,Fortify Magicka Regeneration,,0.0350000001,2099202,34,0x65A34;0xF8A4E
Salt Pile,0x74A19,Reflect Damage,0x73F51,0.150000006,2.67000008,60,1,0,0,0,1,0,0,0,MagicAlchBeneficial;MAG_MagicAlchReflectDamage,0x73F51,0x73F51,,2.67000008,60,1,0,3.17117405,,0.150000006,2101250,34,0xF8A4E;0x820A01B,Reflect Damage,,0.150000006,2101250,34,0xF8A4E;0x820A01B
Salt Pile,0x74A19,Fortify Restoration Power,0x3EB28,0.200000003,3.32999992,60,1,0,0,0,1,0,0,0,MagicAlchFortifyRestoration;MagicAlchBeneficial,0x3EB28,0x3EB28,,3.32999992,60,1,1,5.39119482,,0.200000003,2099202,34,0x65A2D;0xF8A4E,Fortify Restoration Power,,0.200000003,2099202,34,0x65A2D;0xF8A4E
Salt Pile,0x74A19,Burden,0x73F25,0.157499999,3.32999992,60,1,0,0,0,0,1,1,0,MagicAlchHarmful;MagicSlow,0x73F25,0x73F25,,3.32999992,60,1,2,4.24556589,,0.157499999,2103303,34,0x42509;0xB729E,Burden,,0.157499999,2103303,34,0x42509;0xB729E
Salt Pile,0x74A19,Fortify Magicka Regeneration,0x3EB07,0.0350000001,2.67000008,300,1,0,0,0,1,0,0,0,MagicAlchFortifyMagickaRate;MagicAlchBeneficial,0x3EB07,0x3EB07,,2.67000008,300,1,3,4.34574175,,0.0350000001,2099202,34,0x65A34;0xF8A4E,Fortify Magicka Regeneration,,0.0350000001,2099202,34,0x65A34;0xF8A4E
Salt Pile,0x34CDF,Reflect Damage,0x73F51,0.150000006,2.67000008,60,1,0,0,0,1,0,0,0,MagicAlchBeneficial;MAG_MagicAlchReflectDamage,0x73F51,0x73F51,,2.67000008,60,1,0,3.17117405,,0.150000006,2101250,34,0xF8A4E;0x820A01B,Reflect Damage,,0.150000006,2101250,34,0xF8A4E;0x820A01B
Salt Pile,0x34CDF,Fortify Restoration Power,0x3EB28,0.200000003,3.32999992,60,1,0,0,0,1,0,0,0,MagicAlchFortifyRestoration;MagicAlchBeneficial,0x3EB28,0x3EB28,,3.32999992,60,1,1,5.39119482,,0.200000003,2099202,34,0x65A2D;0xF8A4E,Fortify Restoration Power,,0.200000003,2099202,34,0x65A2D;0xF8A4E
Salt Pile,0x34CDF,Burden,0x73F25,0.157499999,3.32999992,60,1,0,0,0,0,1,1,0,MagicAlchHarmful;MagicSlow,0x73F25,0x73F25,,3.32999992,60,1,2,4.24556589,,0.157499999,2103303,34,0x42509;0xB729E,Burden,,0.157499999,2103303,34,0x42509;0xB729E
Salt Pile,0x34CDF,Fortify Magicka Regeneration,0x3EB07,0.0350000001,2.67000008,300,1,0,0,0,1,0,0,0,MagicAlchFortifyMagickaRate;MagicAlchBeneficial,0x3EB07,0x3EB07,,2.67000008,300,1,3,4.34574175,,0.0350000001,2099202,34,0x65A34;0xF8A4E,Fortify Magicka Regeneration,,0.0350000001,2099202,34,0x65A34;0xF8A4E
Saltrice,0xFE00481A,Restore Stamina,0x3EB16,4,0.959999979,10,1,0,0,0,1,0,0,0,MagicAlchRestoreStamina;MagicAlchBeneficial,0x3EB16,0x3EB16,,0.959999979,10,1,0,4,,4,2099200,34,0x42504;0xF8A4E,Restore Stamina,,4,2099200,34,0x42504;0xF8A4E
Saltrice,0xFE00481A,Fortify Magicka,0x3EAF8,0.0450000018,2.67000008,300,1,0,0,0,1,0,0,0,MagicAlchFortifyMagicka;MagicAlchBeneficial,0x3EAF8,0x3EAF8,,2.67000008,300,1,1,5.58738232,,0.0450000018,2099202,34,0x65A33;0xF8A4E,Fortify Magicka,,0.0450000018,2099202,34,0x65A33;0xF8A4E
Saltrice,0xFE00481A,Command,0x73F2C,0.5,3.32999992,30,1,0,0,0,0,1,1,0,MagicAlchHarmful;MAG_MagicAlchIllusionEffect,0x73F2C,0x73F2C,,3.32999992,30,0,2,6.28770351,,0.5,2099203,38,0x42509;0x823791D,Command,,0.5,2099203,38,0x42509;0x823791D
Saltrice,0xFE00481A,Restore Health,0x3EB15,4,0.959999979,10,1,0,0,0,1,0,0,0,MagicAlchRestoreHealth;MagicAlchBeneficial,0x3EB15,0x3EB15,,0.959999979,10,1,3,4,,4,2099200,34,0x42503;0xF8A4E,Restore Health,,4,2099200,34,0x42503;0xF8A4E
Scalon Fin,0xFE00481B,Waterbreathing,0x3AC2D,10,0,4,0,1,1,0,1,0,0,1,MagicAlchBeneficial;MagicAlchDurationBased,0x3AC2D,0x3AC2D,,0,4,1,0,3.64977407,,10,4197378,34,0xF8A4E;0xF8A4F,Waterbreathing,,10,4197378,34,0xF8A4E;0xF8A4F
Scalon Fin,0xFE00481B,Damage Health,0x3EB42,3,0.439999998,10,1,0,0,0,0,1,1,0,MagicAlchHarmful;MagicAlchDamageHealth,0x3EB42,0x3EB42,,0.439999998,10,0,1,3,,3,2099205,0,0x42509;0x10F9DD,Damage Health,,3,2099205,0,0x42509;0x10F9DD
Scalon Fin,0xFE00481B,Lingering Damage Magicka,0x10DE5F,1.5,0.519999981,30,1,0,0,0,0,1,1,0,MagicAlchHarmful;MAG_MagicAlchDamageMagickaDuration;MagicAlchDamageMagicka,0x10DE5F,0x10DE5F,,0.519999981,30,0,2,5.0225544,,1.5,2099205,0,0x42509;0x80F3884;0x10F9DE,Lingering Damage Magicka,,1.5,2099205,0,0x42509;0x80F3884;0x10F9DE
Scalon Fin,0xFE00481B,Silence,0x73F2B,0.400000006,3.32999992,30,1,0,0,0,0,1,1,0,MagicAlchHarmful;MAG_MagicAlchIllusionEffect,0x73F2B,0x73F2B,,3.32999992,30,0,3,5.03016281,,0.400000006,69212167,38,0x42509;0x823791D,Silence,,0.400000006,69212167,38,0x42509;0x823791D
Scaly Pholiota,0x6F950,Reflect Damage,0x73F51,0.150000006,2.67000008,60,1,0,0,0,1,0,0,0,MagicAlchBeneficial;MAG_MagicAlchReflectDamage,0x73F51,0x73F51,,2.67000008,60,1,0,3.17117405,,0.150000006,2101250,34,0xF8A4E;0x820A01B,Reflect Damage,,0.150000006,2101250,34,0xF8A4E;0x820A01B
Scaly Pholiota,0x6F950,Fortify Stamina,0x3EAF9,0.0450000018,2.67000008,300,1,0,0,0,1,0,0,0,MagicAlchFortifyStamina;MagicAlchBeneficial,0x3EAF9,0x3EAF9,,2.67000008,300,1,1,5.58738232,,0.0450000018,2099202,34,0x65A32;0xF8A4E,Fortify Stamina,,0.0450000018,2099202,34,0x65A32;0xF8A4E
Scaly Pholiota,0x6F950,Fortify Stamina Regeneration,0x3EB08,0.0350000001,2.67000008,300,1,0,0,0,1,0,0,0,MagicAlchFortifyStaminaRate;MagicAlchBeneficial,0x3EB08,0x3EB08,,2.67000008,300,1,2,4.34574175,,0.0350000001,2099202,34,0x65A35;0xF8A4E,Fortify Stamina Regeneration,,0.0350000001,2099202,34,0x65A35;0xF8A4E
Scaly Pholiota,0x6F950,Fortify Carry Weight,0x3EB01,0.0149999997,6.67000008,300,1,0,0,0,1,0,0,0,MagicAlchFortifyCarryWeight;MagicAlchBeneficial,0x3EB01,0x3EB01,,6.67000008,300,1,3,5.09874296,,0.0149999997,2099202,34,0x65A2F;0xF8A4E,Fortify Carry Weight,,0.0149999997,2099202,34,0x65A2F;0xF8A4E
Scathecraw,0x4017E97,Calm,0x73F23,0.349999994,3.32999992,30,1,0,0,0,0,1,1,0,MagicAlchHarmful;MAG_MagicAlchIllusionEffect,0x73F23,0x73F23,,3.32999992,30,0,0,4.40139246,,0.349999994,2103555,38,0x42509;0x823791D,Calm,,0.349999994,2103555,38,0x42509;0x823791D
Scathecraw,0x4017E97,Command,0x73F2C,0.5,3.32999992,30,1,0,0,0,0,1,1,0,MagicAlchHarmful;MAG_MagicAlchIllusionEffect,0x73F2C,0x73F2C,,3.32999992,30,0,1,6.28770351,,0.5,2099203,38,0x42509;0x823791D,Command,,0.5,2099203,38,0x42509;0x823791D
Scathecraw,0x4017E97,Silence,0x73F2B,0.400000006,3.32999992,30,1,0,0,0,0,1,1,0,MagicAlchHarmful;MAG_MagicAlchIllusionEffect,0x73F2B,0x73F2B,,3.32999992,30,0,2,5.03016281,,0.400000006,69212167,38,0x42509;0x823791D,Silence,,0.400000006,69212167,38,0x42509;0x823791D
Scathecraw,0x4017E97,Lingering Damage Health,0x10AA4A,1.25,0.270000011,30,1,0,0,0,0,1,1,0,MagicAlchHarmful;MAG_MagicAlchDamageHealthDuration;MagicAlchDamageHealth,0x10AA4A,0x10AA4A,,0.270000011,30,0,3,4.185462,,1.25,2099205,0,0x42509;0x80F3883;0x10F9DD,Lingering Damage Health,,1.25,2099205,0,0x42509;0x80F3883;0x10F9DD
Screaming Maw,0x100306E,Fortify Magicka Regeneration,0x3EB07,0.0350000001,2.67000008,300,1,0,0,0,1,0,0,0,MagicAlchFortifyMagickaRate;MagicAlchBeneficial,0x3EB07,0x3EB07,,2.67000008,300,1,0,4.34574175,,0.0350000001,2099202,34,0x65A34;0xF8A4E,Fortify Magicka Regeneration,,0.0350000001,2099202,34,0x65A34;0xF8A4E
Screaming Maw,0x100306E,Fortify Alteration Power,0x3EB24,0.0799999982,6.67000008,60,1,0,0,0,1,0,0,0,MagicAlchFortifyAlteration;MagicAlchBeneficial,0x3EB24,0x3EB24,,6.67000008,60,1,1,4.63014746,,0.0799999982,2099202,34,0x65A1D;0xF8A4E,Fortify Alteration Power,,0.0799999982,2099202,34,0x65A1D;0xF8A4E
Screaming Maw,0x100306E,Invisibility,0x3EB3D,15,0,4,0,1,1,0,1,0,0,1,MagicInvisibility;MagicAlchBeneficial;MagicAlchDurationBased,0x3EB3D,0x3EB3D,,0,4,0,2,5.47466135,,15,4201474,11,0x1EA6F;0xF8A4E;0xF8A4F,Invisibility,,15,4201474,11,0x1EA6F;0xF8A4E;0xF8A4F
Screaming Maw,0x100306E,Fortify Health Regeneration,0x3EB06,0.0350000001,2.67000008,300,1,0,0,0,1,0,0,0,MagicAlchFortifyHealRate;MagicAlchBeneficial,0x3EB06,0x3EB06,,2.67000008,300,1,3,4.34574175,,0.0350000001,2099202,34,0x65A30;0xF8A4E,Fortify Health Regeneration,,0.0350000001,2099202,34,0x65A30;0xF8A4E
Scrib Jelly,0xFE00481C,Fortify Magicka Regeneration,0x3EB07,0.0350000001,2.67000008,300,1,0,0,0,1,0,0,0,MagicAlchFortifyMagickaRate;MagicAlchBeneficial,0x3EB07,0x3EB07,,2.67000008,300,1,0,4.34574175,,0.0350000001,2099202,34,0x65A34;0xF8A4E,Fortify Magicka Regeneration,,0.0350000001,2099202,34,0x65A34;0xF8A4E
Scrib Jelly,0xFE00481C,Muffle,0x81FFE18,12,1,4,0,1,0,0,1,0,0,0,MagicAlchBeneficial;MAG_MagicAlchMuffle,0x81FFE18,0x81FFE18,,1,4,0,1,4.37972927,,12,4196354,0,0xF8A4E;0x80F3873,Muffle,,12,4196354,0,0xF8A4E;0x80F3873
Scrib Jelly,0xFE00481C,Cure Disease,0xAE722,3,1,0,1,0,0,1,1,0,0,0,MagicAlchBeneficial,0xAE722,0xAE722,,1,0,0,2,3,,3,2103808,3,0xF8A4E,Cure Disease,,3,2103808,3,0xF8A4E
Scrib Jelly,0xFE00481C,Fortify Stamina Regeneration,0x3EB08,0.0350000001,2.67000008,300,1,0,0,0,1,0,0,0,MagicAlchFortifyStaminaRate;MagicAlchBeneficial,0x3EB08,0x3EB08,,2.67000008,300,1,3,4.34574175,,0.0350000001,2099202,34,0x65A35;0xF8A4E,Fortify Stamina Regeneration,,0.0350000001,2099202,34,0x65A35;0xF8A4E
Scrib Jerky,0xFE00481D,Restore Stamina,0x3EB16,4,0.959999979,10,1,0,0,0,1,0,0,0,MagicAlchRestoreStamina;MagicAlchBeneficial,0x3EB16,0x3EB16,,0.959999979,10,1,0,4,,4,2099200,34,0x42504;0xF8A4E,Restore Stamina,,4,2099200,34,0x42504;0xF8A4E
Scrib Jerky,0xFE00481D,Fortify Stamina,0x3EAF9,0.0450000018,2.67000008,300,1,0,0,0,1,0,0,0,MagicAlchFortifyStamina;MagicAlchBeneficial,0x3EAF9,0x3EAF9,,2.67000008,300,1,1,5.58738232,,0.0450000018,2099202,34,0x65A32;0xF8A4E,Fortify Stamina,,0.0450000018,2099202,34,0x65A32;0xF8A4E
Scrib Jerky,0xFE00481D,Paralysis,0x73F30,1.75,3.32999992,10,1,0,0,0,0,1,1,0,MagicParalysis;MagicAlchHarmful;MAG_MagicAlchIllusionEffect,0x73F30,0x73F30,,3.32999992,10,0,2,6.5724411,,1.75,2099203,38,0x1EA70;0x42509;0x823791D,Paralysis,,1.75,2099203,38,0x1EA70;0x42509;0x823791D
Scrib Jerky,0xFE00481D,Waterbreathing,0x3AC2D,10,0,4,0,1,1,0,1,0,0,1,MagicAlchBeneficial;MagicAlchDurationBased,0x3AC2D,0x3AC2D,,0,4,1,3,3.64977407,,10,4197378,34,0xF8A4E;0xF8A4F,Waterbreathing,,10,4197378,34,0xF8A4E;0xF8A4F
Silverside Perch,0x106E1C,Restore Stamina,0x3EB16,4,0.959999979,10,1,0,0,0,1,0,0,0,MagicAlchRestoreStamina;MagicAlchBeneficial,0x3EB16,0x3EB16,,0.959999979,10,1,0,4,,4,2099200,34,0x42504;0xF8A4E,Restore Stamina,,4,2099200,34,0x42504;0xF8A4E
Silverside Perch,0x106E1C,Fortify Shouts,0x3EB1E,0.25,3.32999992,60,1,0,0,0,1,0,0,0,MagicAlchFortifyShouts;MagicAlchBeneficial,0x3EB1E,0x3EB1E,,3.32999992,60,1,1,6.73899364,,0.25,2099202,34,0x65A23;0xF8A4E,Fortify Shouts,,0.25,2099202,34,0x65A23;0xF8A4E
Silverside Perch,0x106E1C,Calm,0x73F23,0.349999994,3.32999992,30,1,0,0,0,0,1,1,0,MagicAlchHarmful;MAG_MagicAlchIllusionEffect,0x73F23,0x73F23,,3.32999992,30,0,2,4.40139246,,0.349999994,2103555,38,0x42509;0x823791D,Calm,,0.349999994,2103555,38,0x42509;0x823791D
Silverside Perch,0x106E1C,Resist Frost,0x3EAEB,0.180000007,3.32999992,60,1,0,0,0,1,0,0,0,MagicAlchResistFrost;MagicAlchBeneficial,0x3EAEB,0x3EAEB,,3.32999992,60,1,3,4.85207558,,0.180000007,2101250,34,0x65A38;0xF8A4E,Resist Frost,,0.180000007,2101250,34,0x65A38;0xF8A4E
Skeever Tail,0x3AD6F,Fortify Shouts,0x3EB1E,0.25,3.32999992,60,1,0,0,0,1,0,0,0,MagicAlchFortifyShouts;MagicAlchBeneficial,0x3EB1E,0x3EB1E,,3.32999992,60,1,0,6.73899364,,0.25,2099202,34,0x65A23;0xF8A4E,Fortify Shouts,,0.25,2099202,34,0x65A23;0xF8A4E
Skeever Tail,0x3AD6F,Calm,0x73F23,0.349999994,3.32999992,30,1,0,0,0,0,1,1,0,MagicAlchHarmful;MAG_MagicAlchIllusionEffect,0x73F23,0x73F23,,3.32999992,30,0,1,4.40139246,,0.349999994,2103555,38,0x42509;0x823791D,Calm,,0.349999994,2103555,38,0x42509;0x823791D
Skeever Tail,0x3AD6F,Waterwalking,0x40390E1,12,0,4,1,1,1,0,1,0,0,0,MAG_MagicAlchWaterWalking;MagicAlchBeneficial,0x40390E1,0x40390E1,,0,4,1,2,4.37972927,,12,6294530,34,0x80F386D;0xF8A4E,Waterwalking,,12,6294530,34,0x80F386D;0xF8A4E
Skeever Tail,0x3AD6F,Fortify Power Attacks,0x3EB29,0.200000003,3.32999992,60,1,0,0,0,1,0,0,0,MAG_MagicAlchFortifyPowerAttacks;MagicAlchBeneficial,0x3EB29,0x3EB29,,3.32999992,60,1,3,5.39119482,,0.200000003,2099202,34,0x65A2E;0xF8A4E,Fortify Power Attacks,,0.200000003,2099202,34,0x65A2E;0xF8A4E
Slaughterfish Egg,0x7E8C5,Resist Poison,0x90041,0.180000007,3.32999992,60,1,0,0,0,1,0,0,0,MagicAlchResistPoison;MagicAlchBeneficial,0x90041,0x90041,,3.32999992,60,1,0,4.85207558,,0.180000007,2101250,34,0x10EB5F;0xF8A4E,Resist Poison,,0.180000007,2101250,34,0x10EB5F;0xF8A4E
Slaughterfish Egg,0x7E8C5,Fortify Pickpocket,0x3EB20,0.180000007,3.32999992,60,1,0,0,0,1,0,0,0,MagicAlchFortifyPickPocket;MagicAlchBeneficial,0x3EB20,0x3EB20,,3.32999992,60,1,1,4.85207558,,0.180000007,2099202,34,0x65A25;0xF8A4E,Fortify Pickpocket,,0.180000007,2099202,34,0x65A25;0xF8A4E
Slaughterfish Egg,0x7E8C5,Lingering Damage Health,0x10AA4A,1.25,0.270000011,30,1,0,0,0,0,1,1,0,MagicAlchHarmful;MAG_MagicAlchDamageHealthDuration;MagicAlchDamageHealth,0x10AA4A,0x10AA4A,,0.270000011,30,0,2,4.185462,,1.25,2099205,0,0x42509;0x80F3883;0x10F9DD,Lingering Damage Health,,1.25,2099205,0,0x42509;0x80F3883;0x10F9DD
Slaughterfish Egg,0x7E8C5,Fortify Stamina,0x3EAF9,0.0450000018,2.67000008,300,1,0,0,0,1,0,0,0,MagicAlchFortifyStamina;MagicAlchBeneficial,0x3EAF9,0x3EAF9,,2.67000008,300,1,3,5.58738232,,0.0450000018,2099202,34,0x65A32;0xF8A4E,Fortify Stamina,,0.0450000018,2099202,34,0x65A32;0xF8A4E
Slaughterfish Scales,0x3AD70,Resist Frost,0x3EAEB,0.180000007,3.32999992,60,1,0,0,0,1,0,0,0,MagicAlchResistFrost;MagicAlchBeneficial,0x3EAEB,0x3EAEB,,3.32999992,60,1,0,4.85207558,,0.180000007,2101250,34,0x65A38;0xF8A4E,Resist Frost,,0.180000007,2101250,34,0x65A38;0xF8A4E
Slaughterfish Scales,0x3AD70,Lingering Damage Health,0x10AA4A,1.25,0.270000011,30,1,0,0,0,0,1,1,0,MagicAlchHarmful;MAG_MagicAlchDamageHealthDuration;MagicAlchDamageHealth,0x10AA4A,0x10AA4A,,0.270000011,30,0,1,4.185462,,1.25,2099205,0,0x42509;0x80F3883;0x10F9DD,Lingering Damage Health,,1.25,2099205,0,0x42509;0x80F3883;0x10F9DD
Slaughterfish Scales,0x3AD70,Muffle,0x81FFE18,12,1,4,0,1,0,0,1,0,0,0,MagicAlchBeneficial;MAG_MagicAlchMuffle,0x81FFE18,0x81FFE18,,1,4,0,2,4.37972927,,12,4196354,0,0xF8A4E;0x80F3873,Muffle,,12,4196354,0,0xF8A4E;0x80F3873
Slaughterfish Scales,0x3AD70,Fortify Block,0x3EB1C,0.200000003,3.32999992,60,1,0,0,0,1,0,0,0,MagicAlchFortifyBlock;MagicAlchBeneficial,0x3EB1C,0x3EB1C,,3.32999992,60,1,3,5.39119482,,0.200000003,2099202,34,0x65A1E;0xF8A4E,Fortify Block,,0.200000003,2099202,34,0x65A1E;0xF8A4E
Sload Soap,0xFE00481E,Resist Fire,0x3EAEA,0.180000007,3.32999992,60,1,0,0,0,1,0,0,0,MagicAlchResistFire;MagicAlchBeneficial,0x3EAEA,0x3EAEA,,3.32999992,60,1,0,4.85207558,,0.180000007,2101250,34,0x65A37;0xF8A4E,Resist Fire,,0.180000007,2101250,34,0x65A37;0xF8A4E
Sload Soap,0xFE00481E,Fear,0x73F20,0.449999988,3.32999992,30,1,0,0,0,0,1,1,0,MagicAlchHarmful;MAG_MagicAlchIllusionEffect,0x73F20,0x73F20,,3.32999992,30,0,1,5.65893316,,0.449999988,2099463,7,0x42509;0x823791D,Fear,,0.449999988,2099463,7,0x42509;0x823791D
Sload Soap,0xFE00481E,Fortify Conjuration Power,0x3EB25,0.0799999982,6.67000008,60,1,0,0,0,1,0,0,0,MagicAlchFortifyConjuration;MagicAlchBeneficial,0x3EB25,0x3EB25,,6.67000008,60,1,2,4.63014746,,0.0799999982,2099202,34,0x65A2A;0xF8A4E,Fortify Conjuration Power,,0.0799999982,2099202,34,0x65A2A;0xF8A4E
Sload Soap,0xFE00481E,Fortify Alteration Power,0x3EB24,0.0799999982,6.67000008,60,1,0,0,0,1,0,0,0,MagicAlchFortifyAlteration;MagicAlchBeneficial,0x3EB24,0x3EB24,,6.67000008,60,1,3,4.63014746,,0.0799999982,2099202,34,0x65A1D;0xF8A4E,Fortify Alteration Power,,0.0799999982,2099202,34,0x65A1D;0xF8A4E
Small Antlers,0x6BC0B,Fortify Speed,0x8246C21,0.600000024,1.33000004,60,1,0,0,0,1,0,0,0,MAG_MagicAlchSpeed;MagicAlchBeneficial,0x8246C21,0x8246C21,,1.33000004,60,1,0,5.89324522,,0.600000024,2097154,34,0x81C82ED;0xF8A4E,Fortify Speed,,0.600000024,2097154,34,0x81C82ED;0xF8A4E
Small Antlers,0x6BC0B,Fortify Restoration Power,0x3EB28,0.200000003,3.32999992,60,1,0,0,0,1,0,0,0,MagicAlchFortifyRestoration;MagicAlchBeneficial,0x3EB28,0x3EB28,,3.32999992,60,1,1,5.39119482,,0.200000003,2099202,34,0x65A2D;0xF8A4E,Fortify Restoration Power,,0.200000003,2099202,34,0x65A2D;0xF8A4E
Small Antlers,0x6BC0B,Lingering Damage Stamina,0x10DE5E,1.5,0.519999981,30,1,0,0,0,0,1,1,0,MagicAlchHarmful;MAG_MagicAlchDamageStaminaDuration;MagicAlchDamageStamina,0x10DE5E,0x10DE5E,,0.519999981,30,0,2,5.0225544,,1.5,2099205,0,0x42509;0x80F3885;0x10F9DC,Lingering Damage Stamina,,1.5,2099205,0,0x42509;0x80F3885;0x10F9DC
Small Antlers,0x6BC0B,Weakness to Shock,0x73F2F,0.100000001,6.65999985,60,1,0,0,0,0,1,1,0,MagicAlchWeaknessShock;MagicAlchHarmful,0x73F2F,0x73F2F,,6.65999985,60,1,3,5.77814007,,0.100000001,2101255,34,0x74F50;0x42509,Weakness to Shock,,0.100000001,2101255,34,0x74F50;0x42509
Small Pearl,0x85500,Restore Stamina,0x3EB16,4,0.959999979,10,1,0,0,0,1,0,0,0,MagicAlchRestoreStamina;MagicAlchBeneficial,0x3EB16,0x3EB16,,0.959999979,10,1,0,4,,4,2099200,34,0x42504;0xF8A4E,Restore Stamina,,4,2099200,34,0x42504;0xF8A4E
Small Pearl,0x85500,Fortify One-handed,0x3EB19,0.200000003,3.32999992,60,1,0,0,0,1,0,0,0,MagicAlchFortifyOneHanded;MagicAlchBeneficial,0x3EB19,0x3EB19,,3.32999992,60,1,1,5.39119482,,0.200000003,2099202,34,0x65A1F;0xF8A4E,Fortify One-handed,,0.200000003,2099202,34,0x65A1F;0xF8A4E
Small Pearl,0x85500,Fortify Restoration Power,0x3EB28,0.200000003,3.32999992,60,1,0,0,0,1,0,0,0,MagicAlchFortifyRestoration;MagicAlchBeneficial,0x3EB28,0x3EB28,,3.32999992,60,1,2,5.39119482,,0.200000003,2099202,34,0x65A2D;0xF8A4E,Fortify Restoration Power,,0.200000003,2099202,34,0x65A2D;0xF8A4E
Small Pearl,0x85500,Resist Frost,0x3EAEB,0.180000007,3.32999992,60,1,0,0,0,1,0,0,0,MagicAlchResistFrost;MagicAlchBeneficial,0x3EAEB,0x3EAEB,,3.32999992,60,1,3,4.85207558,,0.180000007,2101250,34,0x65A38;0xF8A4E,Resist Frost,,0.180000007,2101250,34,0x65A38;0xF8A4E
Snowberries,0x1B3BD,Resist Fire,0x3EAEA,0.180000007,3.32999992,60,1,0,0,0,1,0,0,0,MagicAlchResistFire;MagicAlchBeneficial,0x3EAEA,0x3EAEA,,3.32999992,60,1,0,4.85207558,,0.180000007,2101250,34,0x65A37;0xF8A4E,Resist Fire,,0.180000007,2101250,34,0x65A37;0xF8A4E
Snowberries,0x1B3BD,Fortify Sneak Attacks,0x3EB18,0.200000003,3.32999992,60,1,0,0,0,1,0,0,0,MagicAlchBeneficial;MAG_MagicAlchFortifySneakAttacks,0x3EB18,0x3EB18,,3.32999992,60,1,1,5.39119482,,0.200000003,136448002,34,0xF8A4E;0x65A28,Fortify Sneak Attacks,,0.200000003,136448002,34,0xF8A4E;0x65A28
Snowberries,0x1B3BD,Resist Frost,0x3EAEB,0.180000007,3.32999992,60,1,0,0,0,1,0,0,0,MagicAlchResistFrost;MagicAlchBeneficial,0x3EAEB,0x3EAEB,,3.32999992,60,1,2,4.85207558,,0.180000007,2101250,34,0x65A38;0xF8A4E,Resist Frost,,0.180000007,2101250,34,0x65A38;0xF8A4E
Snowberries,0x1B3BD,Resist Shock,0x3EAEC,0.180000007,3.32999992,60,1,0,0,0,1,0,0,0,MagicAlchResistShock;MagicAlchBeneficial,0x3EAEC,0x3EAEC,,3.32999992,60,1,3,4.85207558,,0.180000007,2101250,34,0x65A39;0xF8A4E,Resist Shock,,0.180000007,2101250,34,0x65A39;0xF8A4E
Spadefish,0x50008F3,Restore Health,0x3EB15,4,0.959999979,10,1,0,0,0,1,0,0,0,MagicAlchRestoreHealth;MagicAlchBeneficial,0x3EB15,0x3EB15,,0.959999979,10,1,0,4,,4,2099200,34,0x42503;0xF8A4E,Restore Health,,4,2099200,34,0x42503;0xF8A4E
Spadefish,0x50008F3,Fortify Lockpicking,0x3EB21,0.180000007,3.32999992,60,1,0,0,0,1,0,0,0,MagicAlchFortifyLockpicking;MagicAlchBeneficial,0x3EB21,0x3EB21,,3.32999992,60,1,1,4.85207558,,0.180000007,2099202,34,0x65A26;0xF8A4E,Fortify Lockpicking,,0.180000007,2099202,34,0x65A26;0xF8A4E
Spadefish,0x50008F3,Fortify Pickpocket,0x3EB20,0.180000007,3.32999992,60,1,0,0,0,1,0,0,0,MagicAlchFortifyPickPocket;MagicAlchBeneficial,0x3EB20,0x3EB20,,3.32999992,60,1,2,4.85207558,,0.180000007,2099202,34,0x65A25;0xF8A4E,Fortify Pickpocket,,0.180000007,2099202,34,0x65A25;0xF8A4E
Spadefish,0x50008F3,Cure Disease,0xAE722,3,1,0,1,0,0,1,1,0,0,0,MagicAlchBeneficial,0xAE722,0xAE722,,1,0,0,3,3,,3,2103808,3,0xF8A4E,Cure Disease,,3,2103808,3,0xF8A4E
Spawn Ash,0x401CD6D,Command,0x73F2C,0.5,3.32999992,30,1,0,0,0,0,1,1,0,MagicAlchHarmful;MAG_MagicAlchIllusionEffect,0x73F2C,0x73F2C,,3.32999992,30,0,0,6.28770351,,0.5,2099203,38,0x42509;0x823791D,Command,,0.5,2099203,38,0x42509;0x823791D
Spawn Ash,0x401CD6D,Resist Fire,0x3EAEA,0.180000007,3.32999992,60,1,0,0,0,1,0,0,0,MagicAlchResistFire;MagicAlchBeneficial,0x3EAEA,0x3EAEA,,3.32999992,60,1,1,4.85207558,,0.180000007,2101250,34,0x65A37;0xF8A4E,Resist Fire,,0.180000007,2101250,34,0x65A37;0xF8A4E
Spawn Ash,0x401CD6D,Fortify Sneak Attacks,0x3EB18,0.200000003,3.32999992,60,1,0,0,0,1,0,0,0,MagicAlchBeneficial;MAG_MagicAlchFortifySneakAttacks,0x3EB18,0x3EB18,,3.32999992,60,1,2,5.39119482,,0.200000003,136448002,34,0xF8A4E;0x65A28,Fortify Sneak Attacks,,0.200000003,136448002,34,0xF8A4E;0x65A28
Spawn Ash,0x401CD6D,Silence,0x73F2B,0.400000006,3.32999992,30,1,0,0,0,0,1,1,0,MagicAlchHarmful;MAG_MagicAlchIllusionEffect,0x73F2B,0x73F2B,,3.32999992,30,0,3,5.03016281,,0.400000006,69212167,38,0x42509;0x823791D,Silence,,0.400000006,69212167,38,0x42509;0x823791D
Spider Egg,0x9151B,Damage Stamina,0x3A2C6,3,0.879999995,10,1,0,0,0,0,1,1,0,MagicAlchHarmful;MagicAlchDamageStamina,0x3A2C6,0x3A2C6,,0.879999995,10,0,0,3,,3,2099205,0,0x42509;0x10F9DC,Damage Stamina,,3,2099205,0,0x42509;0x10F9DC
Spider Egg,0x9151B,Damage Weapon,0x73F26,0.25,3.32999992,60,1,0,0,0,0,1,1,0,MagicAlchHarmful;MAG_MagicAlchDamageWeapon,0x73F26,0x73F26,,3.32999992,60,1,1,6.73899364,,0.25,2103303,34,0x42509;0x80F3881,Damage Weapon,,0.25,2103303,34,0x42509;0x80F3881
Spider Egg,0x9151B,Fortify Lockpicking,0x3EB21,0.180000007,3.32999992,60,1,0,0,0,1,0,0,0,MagicAlchFortifyLockpicking;MagicAlchBeneficial,0x3EB21,0x3EB21,,3.32999992,60,1,2,4.85207558,,0.180000007,2099202,34,0x65A26;0xF8A4E,Fortify Lockpicking,,0.180000007,2099202,34,0x65A26;0xF8A4E
Spider Egg,0x9151B,Fortify Marksman,0x3EB1B,0.200000003,3.32999992,60,1,0,0,0,1,0,0,0,MagicAlchFortifyMarksman;MagicAlchBeneficial,0x3EB1B,0x3EB1B,,3.32999992,60,1,3,5.39119482,,0.200000003,2099202,34,0x65A21;0xF8A4E,Fortify Marksman,,0.200000003,2099202,34,0x65A21;0xF8A4E
Spriggan Sap,0x63B5F,Damage Armor,0x73F27,0.0350000001,19.9500008,60,1,0,0,0,0,1,1,0,MagicAlchHarmful;MAG_MagicAlchDamageArmor,0x73F27,0x73F27,,19.9500008,60,1,0,6.76038885,,0.0350000001,2103303,34,0x42509;0x80F3882,Damage Armor,,0.0350000001,2103303,34,0x42509;0x80F3882
Spriggan Sap,0x63B5F,Fortify Sneak Attacks,0x3EB18,0.200000003,3.32999992,60,1,0,0,0,1,0,0,0,MagicAlchBeneficial;MAG_MagicAlchFortifySneakAttacks,0x3EB18,0x3EB18,,3.32999992,60,1,1,5.39119482,,0.200000003,136448002,34,0xF8A4E;0x65A28,Fortify Sneak Attacks,,0.200000003,136448002,34,0xF8A4E;0x65A28
Spriggan Sap,0x63B5F,Fortify Armor Rating,0x3EB1F,0.0199999996,6.67000008,300,1,0,0,0,1,0,0,0,MagicAlchFortifyArmorRating;MagicAlchBeneficial,0x3EB1F,0x3EB1F,,6.67000008,300,1,2,6.79832363,,0.0199999996,2099202,34,0x65A24;0xF8A4E,Fortify Armor Rating,,0.0199999996,2099202,34,0x65A24;0xF8A4E
Spriggan Sap,0x63B5F,Fortify Alteration Power,0x3EB24,0.0799999982,6.67000008,60,1,0,0,0,1,0,0,0,MagicAlchFortifyAlteration;MagicAlchBeneficial,0x3EB24,0x3EB24,,6.67000008,60,1,3,4.63014746,,0.0799999982,2099202,34,0x65A1D;0xF8A4E,Fortify Alteration Power,,0.0799999982,2099202,34,0x65A1D;0xF8A4E
Stoneflower Petals,0xFE00481F,Weakness to Shock,0x73F2F,0.100000001,6.65999985,60,1,0,0,0,0,1,1,0,MagicAlchWeaknessShock;MagicAlchHarmful,0x73F2F,0x73F2F,,6.65999985,60,1,0,5.77814007,,0.100000001,2101255,34,0x74F50;0x42509,Weakness to Shock,,0.100000001,2101255,34,0x74F50;0x42509
Stoneflower Petals,0xFE00481F,Fortify One-handed,0x3EB19,0.200000003,3.32999992,60,1,0,0,0,1,0,0,0,MagicAlchFortifyOneHanded;MagicAlchBeneficial,0x3EB19,0x3EB19,,3.32999992,60,1,1,5.39119482,,0.200000003,2099202,34,0x65A1F;0xF8A4E,Fortify One-handed,,0.200000003,2099202,34,0x65A1F;0xF8A4E
Stoneflower Petals,0xFE00481F,Fortify Magicka,0x3EAF8,0.0450000018,2.67000008,300,1,0,0,0,1,0,0,0,MagicAlchFortifyMagicka;MagicAlchBeneficial,0x3EAF8,0x3EAF8,,2.67000008,300,1,2,5.58738232,,0.0450000018,2099202,34,0x65A33;0xF8A4E,Fortify Magicka,,0.0450000018,2099202,34,0x65A33;0xF8A4E
Stoneflower Petals,0xFE00481F,Fortify Power Attacks,0x3EB29,0.200000003,3.32999992,60,1,0,0,0,1,0,0,0,MAG_MagicAlchFortifyPowerAttacks;MagicAlchBeneficial,0x3EB29,0x3EB29,,3.32999992,60,1,3,5.39119482,,0.200000003,2099202,34,0x65A2E;0xF8A4E,Fortify Power Attacks,,0.200000003,2099202,34,0x65A2E;0xF8A4E
Swamp Fungal Pod,0x7E8B7,Resist Shock,0x3EAEC,0.180000007,3.32999992,60,1,0,0,0,1,0,0,0,MagicAlchResistShock;MagicAlchBeneficial,0x3EAEC,0x3EAEC,,3.32999992,60,1,0,4.85207558,,0.180000007,2101250,34,0x65A39;0xF8A4E,Resist Shock,,0.180000007,2101250,34,0x65A39;0xF8A4E
Swamp Fungal Pod,0x7E8B7,Lingering Damage Magicka,0x10DE5F,1.5,0.519999981,30,1,0,0,0,0,1,1,0,MagicAlchHarmful;MAG_MagicAlchDamageMagickaDuration;MagicAlchDamageMagicka,0x10DE5F,0x10DE5F,,0.519999981,30,0,1,5.0225544,,1.5,2099205,0,0x42509;0x80F3884;0x10F9DE,Lingering Damage Magicka,,1.5,2099205,0,0x42509;0x80F3884;0x10F9DE
Swamp Fungal Pod,0x7E8B7,Paralysis,0x73F30,1.75,3.32999992,10,1,0,0,0,0,1,1,0,MagicParalysis;MagicAlchHarmful;MAG_MagicAlchIllusionEffect,0x73F30,0x73F30,,3.32999992,10,0,2,6.5724411,,1.75,2099203,38,0x1EA70;0x42509;0x823791D,Paralysis,,1.75,2099203,38,0x1EA70;0x42509;0x823791D
Swamp Fungal Pod,0x7E8B7,Waterwalking,0x40390E1,12,0,4,1,1,1,0,1,0,0,0,MAG_MagicAlchWaterWalking;MagicAlchBeneficial,0x40390E1,0x40390E1,,0,4,1,3,4.37972927,,12,6294530,34,0x80F386D;0xF8A4E,Waterwalking,,12,6294530,34,0x80F386D;0xF8A4E
Taproot,0x3AD71,Reflect Damage,0x73F51,0.150000006,2.67000008,60,1,0,0,0,1,0,0,0,MagicAlchBeneficial;MAG_MagicAlchReflectDamage,0x73F51,0x73F51,,2.67000008,60,1,0,3.17117405,,0.150000006,2101250,34,0xF8A4E;0x820A01B,Reflect Damage,,0.150000006,2101250,34,0xF8A4E;0x820A01B
Taproot,0x3AD71,Fortify Illusion Power,0x3EB27,0.200000003,3.32999992,60,1,0,0,0,1,0,0,0,MagicAlchFortifyIllusion;MagicAlchBeneficial,0x3EB27,0x3EB27,,3.32999992,60,1,1,5.39119482,,0.200000003,2099202,34,0x65A2C;0xF8A4E,Fortify Illusion Power,,0.200000003,2099202,34,0x65A2C;0xF8A4E
Taproot,0x3AD71,Fortify Magicka Regeneration,0x3EB07,0.0350000001,2.67000008,300,1,0,0,0,1,0,0,0,MagicAlchFortifyMagickaRate;MagicAlchBeneficial,0x3EB07,0x3EB07,,2.67000008,300,1,2,4.34574175,,0.0350000001,2099202,34,0x65A34;0xF8A4E,Fortify Magicka Regeneration,,0.0350000001,2099202,34,0x65A34;0xF8A4E
Taproot,0x3AD71,Restore Magicka,0x3EB17,4,0.959999979,10,1,0,0,0,1,0,0,0,MagicAlchRestoreMagicka;MagicAlchBeneficial,0x3EB17,0x3EB17,,0.959999979,10,1,3,4,,4,2099200,34,0x42508;0xF8A4E,Restore Magicka,,4,2099200,34,0x42508;0xF8A4E
Thistle Branch,0x134AA,Resist Frost,0x3EAEB,0.180000007,3.32999992,60,1,0,0,0,1,0,0,0,MagicAlchResistFrost;MagicAlchBeneficial,0x3EAEB,0x3EAEB,,3.32999992,60,1,0,4.85207558,,0.180000007,2101250,34,0x65A38;0xF8A4E,Resist Frost,,0.180000007,2101250,34,0x65A38;0xF8A4E
Thistle Branch,0x134AA,Command,0x73F2C,0.5,3.32999992,30,1,0,0,0,0,1,1,0,MagicAlchHarmful;MAG_MagicAlchIllusionEffect,0x73F2C,0x73F2C,,3.32999992,30,0,1,6.28770351,,0.5,2099203,38,0x42509;0x823791D,Command,,0.5,2099203,38,0x42509;0x823791D
Thistle Branch,0x134AA,Resist Poison,0x90041,0.180000007,3.32999992,60,1,0,0,0,1,0,0,0,MagicAlchResistPoison;MagicAlchBeneficial,0x90041,0x90041,,3.32999992,60,1,2,4.85207558,,0.180000007,2101250,34,0x10EB5F;0xF8A4E,Resist Poison,,0.180000007,2101250,34,0x10EB5F;0xF8A4E
Thistle Branch,0x134AA,Muffle,0x81FFE18,12,1,4,0,1,0,0,1,0,0,0,MagicAlchBeneficial;MAG_MagicAlchMuffle,0x81FFE18,0x81FFE18,,1,4,0,3,4.37972927,,12,4196354,0,0xF8A4E;0x80F3873,Muffle,,12,4196354,0,0xF8A4E;0x80F3873
Thorn Hook,0x100306F,Lingering Damage Health,0x10AA4A,1.25,0.270000011,30,1,0,0,0,0,1,1,0,MagicAlchHarmful;MAG_MagicAlchDamageHealthDuration;MagicAlchDamageHealth,0x10AA4A,0x10AA4A,,0.270000011,30,0,0,4.185462,,1.25,2099205,0,0x42509;0x80F3883;0x10F9DD,Lingering Damage Health,,1.25,2099205,0,0x42509;0x80F3883;0x10F9DD
Thorn Hook,0x100306F,Paralysis,0x73F30,1.75,3.32999992,10,1,0,0,0,0,1,1,0,MagicParalysis;MagicAlchHarmful;MAG_MagicAlchIllusionEffect,0x73F30,0x73F30,,3.32999992,10,0,1,6.5724411,,1.75,2099203,38,0x1EA70;0x42509;0x823791D,Paralysis,,1.75,2099203,38,0x1EA70;0x42509;0x823791D
Thorn Hook,0x100306F,Fortify Magicka Regeneration,0x3EB07,0.0350000001,2.67000008,300,1,0,0,0,1,0,0,0,MagicAlchFortifyMagickaRate;MagicAlchBeneficial,0x3EB07,0x3EB07,,2.67000008,300,1,2,4.34574175,,0.0350000001,2099202,34,0x65A34;0xF8A4E,Fortify Magicka Regeneration,,0.0350000001,2099202,34,0x65A34;0xF8A4E
Thorn Hook,0x100306F,Fortify Health Regeneration,0x3EB06,0.0350000001,2.67000008,300,1,0,0,0,1,0,0,0,MagicAlchFortifyHealRate;MagicAlchBeneficial,0x3EB06,0x3EB06,,2.67000008,300,1,3,4.34574175,,0.0350000001,2099202,34,0x65A30;0xF8A4E,Fortify Health Regeneration,,0.0350000001,2099202,34,0x65A30;0xF8A4E
Torchbug Thorax,0x4DA73,Restore Stamina,0x3EB16,4,0.959999979,10,1,0,0,0,1,0,0,0,MagicAlchRestoreStamina;MagicAlchBeneficial,0x3EB16,0x3EB16,,0.959999979,10,1,0,4,,4,2099200,34,0x42504;0xF8A4E,Restore Stamina,,4,2099200,34,0x42504;0xF8A4E
Torchbug Thorax,0x4DA73,Lingering Damage Magicka,0x10DE5F,1.5,0.519999981,30,1,0,0,0,0,1,1,0,MagicAlchHarmful;MAG_MagicAlchDamageMagickaDuration;MagicAlchDamageMagicka,0x10DE5F,0x10DE5F,,0.519999981,30,0,1,5.0225544,,1.5,2099205,0,0x42509;0x80F3884;0x10F9DE,Lingering Damage Magicka,,1.5,2099205,0,0x42509;0x80F3884;0x10F9DE
Torchbug Thorax,0x4DA73,Reflect Damage,0x73F51,0.150000006,2.67000008,60,1,0,0,0,1,0,0,0,MagicAlchBeneficial;MAG_MagicAlchReflectDamage,0x73F51,0x73F51,,2.67000008,60,1,2,3.17117405,,0.150000006,2101250,34,0xF8A4E;0x820A01B,Reflect Damage,,0.150000006,2101250,34,0xF8A4E;0x820A01B
Torchbug Thorax,0x4DA73,Fortify Stamina,0x3EAF9,0.0450000018,2.67000008,300,1,0,0,0,1,0,0,0,MagicAlchFortifyStamina;MagicAlchBeneficial,0x3EAF9,0x3EAF9,,2.67000008,300,1,3,5.58738232,,0.0450000018,2099202,34,0x65A32;0xF8A4E,Fortify Stamina,,0.0450000018,2099202,34,0x65A32;0xF8A4E
Trama Root,0x4017008,Weakness to Shock,0x73F2F,0.100000001,6.65999985,60,1,0,0,0,0,1,1,0,MagicAlchWeaknessShock;MagicAlchHarmful,0x73F2F,0x73F2F,,6.65999985,60,1,0,5.77814007,,0.100000001,2101255,34,0x74F50;0x42509,Weakness to Shock,,0.100000001,2101255,34,0x74F50;0x42509
Trama Root,0x4017008,Fortify Carry Weight,0x3EB01,0.0149999997,6.67000008,300,1,0,0,0,1,0,0,0,MagicAlchFortifyCarryWeight;MagicAlchBeneficial,0x3EB01,0x3EB01,,6.67000008,300,1,1,5.09874296,,0.0149999997,2099202,34,0x65A2F;0xF8A4E,Fortify Carry Weight,,0.0149999997,2099202,34,0x65A2F;0xF8A4E
Trama Root,0x4017008,Damage Magicka,0x3A2B6,3,0.879999995,10,1,0,0,0,0,1,1,0,MagicAlchHarmful;MagicAlchDamageMagicka,0x3A2B6,0x3A2B6,,0.879999995,10,0,2,3,,3,2099205,0,0x42509;0x10F9DE,Damage Magicka,,3,2099205,0,0x42509;0x10F9DE
Trama Root,0x4017008,Burden,0x73F25,0.157499999,3.32999992,60,1,0,0,0,0,1,1,0,MagicAlchHarmful;MagicSlow,0x73F25,0x73F25,,3.32999992,60,1,3,4.24556589,,0.157499999,2103303,34,0x42509;0xB729E,Burden,,0.157499999,2103303,34,0x42509;0xB729E
Troll Fat,0x3AD72,Resist Poison,0x90041,0.180000007,3.32999992,60,1,0,0,0,1,0,0,0,MagicAlchResistPoison;MagicAlchBeneficial,0x90041,0x90041,,3.32999992,60,1,0,4.85207558,,0.180000007,2101250,34,0x10EB5F;0xF8A4E,Resist Poison,,0.180000007,2101250,34,0x10EB5F;0xF8A4E
Troll Fat,0x3AD72,Fortify Two-handed,0x3EB1A,0.200000003,3.32999992,60,1,0,0,0,1,0,0,0,MagicAlchFortifyTwoHanded;MagicAlchBeneficial,0x3EB1A,0x3EB1A,,3.32999992,60,1,1,5.39119482,,0.200000003,2099202,34,0x65A20;0xF8A4E,Fortify Two-handed,,0.200000003,2099202,34,0x65A20;0xF8A4E
Troll Fat,0x3AD72,Frenzy,0x73F29,0.349999994,3.32999992,30,1,0,0,0,0,1,1,0,MagicAlchHarmful;MAG_MagicAlchIllusionEffect,0x73F29,0x73F29,,3.32999992,30,0,2,4.40139246,,0.349999994,2099463,8,0x42509;0x823791D,Frenzy,,0.349999994,2099463,8,0x42509;0x823791D
Troll Fat,0x3AD72,Waterwalking,0x40390E1,12,0,4,1,1,1,0,1,0,0,0,MAG_MagicAlchWaterWalking;MagicAlchBeneficial,0x40390E1,0x40390E1,,0,4,1,3,4.37972927,,12,6294530,34,0x80F386D;0xF8A4E,Waterwalking,,12,6294530,34,0x80F386D;0xF8A4E
Tundra Cotton,0x3F7F8,Resist Magic,0x39E51,0.0900000036,1.66999996,300,1,0,0,0,1,0,0,0,MagicAlchResistMagic;MagicAlchBeneficial,0x39E51,0x39E51,,1.66999996,300,1,0,6.66905117,,0.0900000036,2103298,34,0x65A3A;0xF8A4E,Resist Magic,,0.0900000036,2103298,34,0x65A3A;0xF8A4E
Tundra Cotton,0x3F7F8,Fortify Magicka,0x3EAF8,0.0450000018,2.67000008,300,1,0,0,0,1,0,0,0,MagicAlchFortifyMagicka;MagicAlchBeneficial,0x3EAF8,0x3EAF8,,2.67000008,300,1,1,5.58738232,,0.0450000018,2099202,34,0x65A33;0xF8A4E,Fortify Magicka,,0.0450000018,2099202,34,0x65A33;0xF8A4E
Tundra Cotton,0x3F7F8,Fortify Block,0x3EB1C,0.200000003,3.32999992,60,1,0,0,0,1,0,0,0,MagicAlchFortifyBlock;MagicAlchBeneficial,0x3EB1C,0x3EB1C,,3.32999992,60,1,2,5.39119482,,0.200000003,2099202,34,0x65A1E;0xF8A4E,Fortify Block,,0.200000003,2099202,34,0x65A1E;0xF8A4E
Tundra Cotton,0x3F7F8,Fortify Magicka Regeneration,0x3EB07,0.0350000001,2.67000008,300,1,0,0,0,1,0,0,0,MagicAlchFortifyMagickaRate;MagicAlchBeneficial,0x3EB07,0x3EB07,,2.67000008,300,1,3,4.34574175,,0.0350000001,2099202,34,0x65A34;0xF8A4E,Fortify Magicka Regeneration,,0.0350000001,2099202,34,0x65A34;0xF8A4E
Vampire Dust,0x3AD76,Invisibility,0x3EB3D,15,0,4,0,1,1,0,1,0,0,1,MagicInvisibility;MagicAlchBeneficial;MagicAlchDurationBased,0x3EB3D,0x3EB3D,,0,4,0,0,5.47466135,,15,4201474,11,0x1EA6F;0xF8A4E;0xF8A4F,Invisibility,,15,4201474,11,0x1EA6F;0xF8A4E;0xF8A4F
Vampire Dust,0x3AD76,Restore Magicka,0x3EB17,4,0.959999979,10,1,0,0,0,1,0,0,0,MagicAlchRestoreMagicka;MagicAlchBeneficial,0x3EB17,0x3EB17,,0.959999979,10,1,1,4,,4,2099200,34,0x42508;0xF8A4E,Restore Magicka,,4,2099200,34,0x42508;0xF8A4E
Vampire Dust,0x3AD76,Fortify Health Regeneration,0x3EB06,0.0350000001,2.67000008,300,1,0,0,0,1,0,0,0,MagicAlchFortifyHealRate;MagicAlchBeneficial,0x3EB06,0x3EB06,,2.67000008,300,1,2,4.34574175,,0.0350000001,2099202,34,0x65A30;0xF8A4E,Fortify Health Regeneration,,0.0350000001,2099202,34,0x65A30;0xF8A4E
Vampire Dust,0x3AD76,Cure Disease,0xAE722,3,1,0,1,0,0,1,1,0,0,0,MagicAlchBeneficial,0xAE722,0xAE722,,1,0,0,3,3,,3,2103808,3,0xF8A4E,Cure Disease,,3,2103808,3,0xF8A4E
Void Essence,0xFE004820,Restore Health,0x3EB15,4,0.959999979,10,1,0,0,0,1,0,0,0,MagicAlchRestoreHealth;MagicAlchBeneficial,0x3EB15,0x3EB15,,0.959999979,10,1,0,4,,4,2099200,34,0x42503;0xF8A4E,Restore Health,,4,2099200,34,0x42503;0xF8A4E
Void Essence,0xFE004820,Fortify Health,0x3EAF3,0.0450000018,2.67000008,300,1,0,0,0,1,0,0,0,MagicAlchFortifyHealth;MagicAlchBeneficial,0x3EAF3,0x3EAF3,,2.67000008,300,1,1,5.58738232,,0.0450000018,2099202,34,0x65A31;0xF8A4E,Fortify Health,,0.0450000018,2099202,34,0x65A31;0xF8A4E
Void Essence,0xFE004820,Fortify Stamina,0x3EAF9,0.0450000018,2.67000008,300,1,0,0,0,1,0,0,0,MagicAlchFortifyStamina;MagicAlchBeneficial,0x3EAF9,0x3EAF9,,2.67000008,300,1,2,5.58738232,,0.0450000018,2099202,34,0x65A32;0xF8A4E,Fortify Stamina,,0.0450000018,2099202,34,0x65A32;0xF8A4E
Void Essence,0xFE004820,Fortify Health Regeneration,0x3EB06,0.0350000001,2.67000008,300,1,0,0,0,1,0,0,0,MagicAlchFortifyHealRate;MagicAlchBeneficial,0x3EB06,0x3EB06,,2.67000008,300,1,3,4.34574175,,0.0350000001,2099202,34,0x65A30;0xF8A4E,Fortify Health Regeneration,,0.0350000001,2099202,34,0x65A30;0xF8A4E
Void Salts,0x3AD60,Weakness to Shock,0x73F2F,0.100000001,6.65999985,60,1,0,0,0,0,1,1,0,MagicAlchWeaknessShock;MagicAlchHarmful,0x73F2F,0x73F2F,,6.65999985,60,1,0,5.77814007,,0.100000001,2101255,34,0x74F50;0x42509,Weakness to Shock,,0.100000001,2101255,34,0x74F50;0x42509
Void Salts,0x3AD60,Resist Magic,0x39E51,0.0900000036,1.66999996,300,1,0,0,0,1,0,0,0,MagicAlchResistMagic;MagicAlchBeneficial,0x39E51,0x39E51,,1.66999996,300,1,1,6.66905117,,0.0900000036,2103298,34,0x65A3A;0xF8A4E,Resist Magic,,0.0900000036,2103298,34,0x65A3A;0xF8A4E
Void Salts,0x3AD60,Become Ethereal,0x80F3879,17.5,0,4,0,1,1,0,1,0,0,0,MagicAlchBeneficial;MAG_MagicAlchShroud,0x80F3879,0x80F3879,,0,4,0,2,6.38710499,,17.5,4201472,41,0xF8A4E;0x80F387A,Become Ethereal,,17.5,4201472,41,0xF8A4E;0x80F387A
Void Salts,0x3AD60,Fortify Magicka,0x3EAF8,0.0450000018,2.67000008,300,1,0,0,0,1,0,0,0,MagicAlchFortifyMagicka;MagicAlchBeneficial,0x3EAF8,0x3EAF8,,2.67000008,300,1,3,5.58738232,,0.0450000018,2099202,34,0x65A33;0xF8A4E,Fortify Magicka,,0.0450000018,2099202,34,0x65A33;0xF8A4E
Watcher's Eye,0xFE004821,Night Eye,0xFE004803,12,0,4,0,1,0,0,1,0,0,0,MAG_MagicAlchFortifySneakAttacks;MagicAlchBeneficial,0xFE004803,0xFE004803,,0,4,0,0,4.37972927,,12,138545408,1,0x65A28;0xF8A4E,Night Eye,,12,138545408,1,0x65A28;0xF8A4E
Watcher's Eye,0xFE004821,Fortify Magicka,0x3EAF8,0.0450000018,2.67000008,300,1,0,0,0,1,0,0,0,MagicAlchFortifyMagicka;MagicAlchBeneficial,0x3EAF8,0x3EAF8,,2.67000008,300,1,1,5.58738232,,0.0450000018,2099202,34,0x65A33;0xF8A4E,Fortify Magicka,,0.0450000018,2099202,34,0x65A33;0xF8A4E
Watcher's Eye,0xFE004821,Fortify Illusion Power,0x3EB27,0.200000003,3.32999992,60,1,0,0,0,1,0,0,0,MagicAlchFortifyIllusion;MagicAlchBeneficial,0x3EB27,0x3EB27,,3.32999992,60,1,2,5.39119482,,0.200000003,2099202,34,0x65A2C;0xF8A4E,Fortify Illusion Power,,0.200000003,2099202,34,0x65A2C;0xF8A4E
Watcher's Eye,0xFE004821,Spell Absorption,0xFE004812,0.115000002,1.66999996,60,1,0,0,0,1,0,0,0,MagicAlchBeneficial;MAG_MagicAlchAbsorbSpell,0xFE004812,0xFE004812,,1.66999996,60,1,3,1.45094967,,0.115000002,2097154,34,0xF8A4E;0xFE00CB00,Spell Absorption,,0.115000002,2097154,34,0xF8A4E;0xFE00CB00
Wheat,0x4B0BA,Restore Health,0x3EB15,4,0.959999979,10,1,0,0,0,1,0,0,0,MagicAlchRestoreHealth;MagicAlchBeneficial,0x3EB15,0x3EB15,,0.959999979,10,1,0,4,,4,2099200,34,0x42503;0xF8A4E,Restore Health,,4,2099200,34,0x42503;0xF8A4E
Wheat,0x4B0BA,Fortify One-handed,0x3EB19,0.200000003,3.32999992,60,1,0,0,0,1,0,0,0,MagicAlchFortifyOneHanded;MagicAlchBeneficial,0x3EB19,0x3EB19,,3.32999992,60,1,1,5.39119482,,0.200000003,2099202,34,0x65A1F;0xF8A4E,Fortify One-handed,,0.200000003,2099202,34,0x65A1F;0xF8A4E
Wheat,0x4B0BA,Fortify Unarmed,0x3EB1D,0.200000003,3.32999992,60,1,0,0,0,1,0,0,0,MAG_MagicAlchFortifyUnarmedDamage;MagicAlchBeneficial,0x3EB1D,0x3EB1D,,3.32999992,60,1,2,5.39119482,,0.200000003,2099202,34,0x65A22;0xF8A4E,Fortify Unarmed,,0.200000003,2099202,34,0x65A22;0xF8A4E
Wheat,0x4B0BA,Lingering Damage Magicka,0x10DE5F,1.5,0.519999981,30,1,0,0,0,0,1,1,0,MagicAlchHarmful;MAG_MagicAlchDamageMagickaDuration;MagicAlchDamageMagicka,0x10DE5F,0x10DE5F,,0.519999981,30,0,3,5.0225544,,1.5,2099205,0,0x42509;0x80F3884;0x10F9DE,Lingering Damage Magicka,,1.5,2099205,0,0x42509;0x80F3884;0x10F9DE
White Cap,0x4DA22,Weakness to Frost,0x73F2E,0.100000001,6.65999985,60,1,0,0,0,0,1,1,0,MagicAlchHarmful;MagicAlchWeaknessFrost,0x73F2E,0x73F2E,,6.65999985,60,1,0,5.77814007,,0.100000001,2101255,34,0x42509;0x74F4F,Weakness to Frost,,0.100000001,2101255,34,0x42509;0x74F4F
White Cap,0x4DA22,Muffle,0x81FFE18,12,1,4,0,1,0,0,1,0,0,0,MagicAlchBeneficial;MAG_MagicAlchMuffle,0x81FFE18,0x81FFE18,,1,4,0,1,4.37972927,,12,4196354,0,0xF8A4E;0x80F3873,Muffle,,12,4196354,0,0xF8A4E;0x80F3873
White Cap,0x4DA22,Restore Magicka,0x3EB17,4,0.959999979,10,1,0,0,0,1,0,0,0,MagicAlchRestoreMagicka;MagicAlchBeneficial,0x3EB17,0x3EB17,,0.959999979,10,1,2,4,,4,2099200,34,0x42508;0xF8A4E,Restore Magicka,,4,2099200,34,0x42508;0xF8A4E
White Cap,0x4DA22,Silence,0x73F2B,0.400000006,3.32999992,30,1,0,0,0,0,1,1,0,MagicAlchHarmful;MAG_MagicAlchIllusionEffect,0x73F2B,0x73F2B,,3.32999992,30,0,3,5.03016281,,0.400000006,69212167,38,0x42509;0x823791D,Silence,,0.400000006,69212167,38,0x42509;0x823791D
Wisp Stalk Caps,0xFE004823,Damage Health,0x3EB42,3,0.439999998,10,1,0,0,0,0,1,1,0,MagicAlchHarmful;MagicAlchDamageHealth,0x3EB42,0x3EB42,,0.439999998,10,0,0,3,,3,2099205,0,0x42509;0x10F9DD,Damage Health,,3,2099205,0,0x42509;0x10F9DD
Wisp Stalk Caps,0xFE004823,Weakness to Poison,0x90042,0.100000001,6.65999985,60,1,0,0,0,0,1,1,0,MagicAlchHarmful;MAG_MagicAlchWeaknessPoison,0x90042,0x90042,,6.65999985,60,1,1,5.77814007,,0.100000001,2101255,34,0x42509;0x80F3886,Weakness to Poison,,0.100000001,2101255,34,0x42509;0x80F3886
Wisp Stalk Caps,0xFE004823,Frenzy,0x73F29,0.349999994,3.32999992,30,1,0,0,0,0,1,1,0,MagicAlchHarmful;MAG_MagicAlchIllusionEffect,0x73F29,0x73F29,,3.32999992,30,0,2,4.40139246,,0.349999994,2099463,8,0x42509;0x823791D,Frenzy,,0.349999994,2099463,8,0x42509;0x823791D
Wisp Stalk Caps,0xFE004823,Fortify Stamina Regeneration,0x3EB08,0.0350000001,2.67000008,300,1,0,0,0,1,0,0,0,MagicAlchFortifyStaminaRate;MagicAlchBeneficial,0x3EB08,0x3EB08,,2.67000008,300,1,3,4.34574175,,0.0350000001,2099202,34,0x65A35;0xF8A4E,Fortify Stamina Regeneration,,0.0350000001,2099202,34,0x65A35;0xF8A4E
Wisp Wrappings,0x6BC0E,Restore Stamina,0x3EB16,4,0.959999979,10,1,0,0,0,1,0,0,0,MagicAlchRestoreStamina;MagicAlchBeneficial,0x3EB16,0x3EB16,,0.959999979,10,1,0,4,,4,2099200,34,0x42504;0xF8A4E,Restore Stamina,,4,2099200,34,0x42504;0xF8A4E
Wisp Wrappings,0x6BC0E,Fortify Destruction Power,0x3EB26,0.200000003,3.32999992,60,1,0,0,0,1,0,0,0,MagicAlchFortifyDestruction;MagicAlchBeneficial,0x3EB26,0x3EB26,,3.32999992,60,1,1,5.39119482,,0.200000003,2099202,34,0x65A2B;0xF8A4E,Fortify Destruction Power,,0.200000003,2099202,34,0x65A2B;0xF8A4E
Wisp Wrappings,0x6BC0E,Fortify Carry Weight,0x3EB01,0.0149999997,6.67000008,300,1,0,0,0,1,0,0,0,MagicAlchFortifyCarryWeight;MagicAlchBeneficial,0x3EB01,0x3EB01,,6.67000008,300,1,2,5.09874296,,0.0149999997,2099202,34,0x65A2F;0xF8A4E,Fortify Carry Weight,,0.0149999997,2099202,34,0x65A2F;0xF8A4E
Wisp Wrappings,0x6BC0E,Resist Magic,0x39E51,0.0900000036,1.66999996,300,1,0,0,0,1,0,0,0,MagicAlchResistMagic;MagicAlchBeneficial,0x39E51,0x39E51,,1.66999996,300,1,3,6.66905117,,0.0900000036,2103298,34,0x65A3A;0xF8A4E,Resist Magic,,0.0900000036,2103298,34,0x65A3A;0xF8A4E
Withering Moon,0xFE004824,Restore Magicka,0x3EB17,4,0.959999979,10,1,0,0,0,1,0,0,0,MagicAlchRestoreMagicka;MagicAlchBeneficial,0x3EB17,0x3EB17,,0.959999979,10,1,0,4,,4,2099200,34,0x42508;0xF8A4E,Restore Magicka,,4,2099200,34,0x42508;0xF8A4E
Withering Moon,0xFE004824,Spell Absorption,0xFE004812,0.115000002,1.66999996,60,1,0,0,0,1,0,0,0,MagicAlchBeneficial;MAG_MagicAlchAbsorbSpell,0xFE004812,0xFE004812,,1.66999996,60,1,1,1.45094967,,0.115000002,2097154,34,0xF8A4E;0xFE00CB00,Spell Absorption,,0.115000002,2097154,34,0xF8A4E;0xFE00CB00
Withering Moon,0xFE004824,Fortify Armor Rating,0x3EB1F,0.0199999996,6.67000008,300,1,0,0,0,1,0,0,0,MagicAlchFortifyArmorRating;MagicAlchBeneficial,0x3EB1F,0x3EB1F,,6.67000008,300,1,2,6.79832363,,0.0199999996,2099202,34,0x65A24;0xF8A4E,Fortify Armor Rating,,0.0199999996,2099202,34,0x65A24;0xF8A4E
Withering Moon,0xFE004824,Cure Disease,0xAE722,3,1,0,1,0,0,1,1,0,0,0,MagicAlchBeneficial,0xAE722,0xAE722,,1,0,0,3,3,,3,2103808,3,0xF8A4E,Cure Disease,,3,2103808,3,0xF8A4E
Worm's Head Cap,0xFE004825,Fortify Lockpicking,0x3EB21,0.180000007,3.32999992,60,1,0,0,0,1,0,0,0,MagicAlchFortifyLockpicking;MagicAlchBeneficial,0x3EB21,0x3EB21,,3.32999992,60,1,0,4.85207558,,0.180000007,2099202,34,0x65A26;0xF8A4E,Fortify Lockpicking,,0.180000007,2099202,34,0x65A26;0xF8A4E
Worm's Head Cap,0xFE004825,Night Eye,0xFE004803,12,0,4,0,1,0,0,1,0,0,0,MAG_MagicAlchFortifySneakAttacks;MagicAlchBeneficial,0xFE004803,0xFE004803,,0,4,0,1,4.37972927,,12,138545408,1,0x65A28;0xF8A4E,Night Eye,,12,138545408,1,0x65A28;0xF8A4E
Worm's Head Cap,0xFE004825,Fortify Carry Weight,0x3EB01,0.0149999997,6.67000008,300,1,0,0,0,1,0,0,0,MagicAlchFortifyCarryWeight;MagicAlchBeneficial,0x3EB01,0x3EB01,,6.67000008,300,1,2,5.09874296,,0.0149999997,2099202,34,0x65A2F;0xF8A4E,Fortify Carry Weight,,0.0149999997,2099202,34,0x65A2F;0xF8A4E
Worm's Head Cap,0xFE004825,Burden,0x73F25,0.157499999,3.32999992,60,1,0,0,0,0,1,1,0,MagicAlchHarmful;MagicSlow,0x73F25,0x73F25,,3.32999992,60,1,3,4.24556589,,0.157499999,2103303,34,0x42509;0xB729E,Burden,,0.157499999,2103303,34,0x42509;0xB729E
Yellow Mountain Flower,0x2002A78,Resist Poison,0x90041,0.180000007,3.32999992,60,1,0,0,0,1,0,0,0,MagicAlchResistPoison;MagicAlchBeneficial,0x90041,0x90041,,3.32999992,60,1,0,4.85207558,,0.180000007,2101250,34,0x10EB5F;0xF8A4E,Resist Poison,,0.180000007,2101250,34,0x10EB5F;0xF8A4E
Yellow Mountain Flower,0x2002A78,Fortify Restoration Power,0x3EB28,0.200000003,3.32999992,60,1,0,0,0,1,0,0,0,MagicAlchFortifyRestoration;MagicAlchBeneficial,0x3EB28,0x3EB28,,3.32999992,60,1,1,5.39119482,,0.200000003,2099202,34,0x65A2D;0xF8A4E,Fortify Restoration Power,,0.200000003,2099202,34,0x65A2D;0xF8A4E
Yellow Mountain Flower,0x2002A78,Fortify Health,0x3EAF3,0.0450000018,2.67000008,300,1,0,0,0,1,0,0,0,MagicAlchFortifyHealth;MagicAlchBeneficial,0x3EAF3,0x3EAF3,,2.67000008,300,1,2,5.58738232,,0.0450000018,2099202,34,0x65A31;0xF8A4E,Fortify Health,,0.0450000018,2099202,34,0x65A31;0xF8A4E
Yellow Mountain Flower,0x2002A78,Fortify Unarmed,0x3EB1D,0.200000003,3.32999992,60,1,0,0,0,1,0,0,0,MAG_MagicAlchFortifyUnarmedDamage;MagicAlchBeneficial,0x3EB1D,0x3EB1D,,3.32999992,60,1,3,5.39119482,,0.200000003,2099202,34,0x65A22;0xF8A4E,Fortify Unarmed,,0.200000003,2099202,34,0x65A22;0xF8A4E
