ingredient_name,form_id,effect_name,effect_form_id,base_cost,magnitude,duration,power_affects_magnitude,power_affects_duration,no_magnitude,no_duration,beneficial,harmful,hostile,duration_based,keyword_editor_ids,source_effect_form_id,resolved_effect_form_id,caco_duration_index,resolved_magnitude,resolved_duration,resolved_peak_value_modifier,effect_index,effect_cost,source_effect_editor_id,source_base_cost,source_flags,source_archetype,source_keyword_form_ids,resolved_effect_name,resolved_effect_editor_id,resolved_base_cost,resolved_flags,resolved_archetype,resolved_keyword_form_ids
Abecean Longfin,0x106E1B,Weakness to Frost,0x73F2E,0.400000006,6.67000008,30,1,0,0,0,0,1,1,0,MagicAlchWeaknessFrost;MagicAlchHarmful,0x73F2E,0x73F2E,,6.67000008,30,1,0,10.8002005,,0.400000006,2101255,34,0x74F4F;0x42509,Weakness to Frost,,0.400000006,2101255,34,0x74F4F;0x42509
Abecean Longfin,0x106E1B,Fortify Sneak,0x3EB22,0.25,2.67000008,120,1,0,0,0,1,0,0,0,MagicAlchFortifySneak;MagicAlchBeneficial,0x3EB22,0x3EB22,,2.67000008,120,1,1,11.3292675,,0.25,2099202,34,0x65A27;0xF8A4E,Fortify Sneak,,0.25,2099202,34,0x65A27;0xF8A4E
Abecean Longfin,0x106E1B,Weakness to Poison,0x90042,0.899999976,3.33999991,30,1,0,0,0,0,1,1,0,MagicAlchHarmful;USKPMagicAlchWeaknessPoison,0x90042,0x90042,,3.33999991,30,1,2,11.355257,,0.899999976,2101255,34,0x42509;0x706EE3A,Weakness to Poison,,0.899999976,2101255,34,0x42509;0x706EE3A
Abecean Longfin,0x106E1B,Fortify Restoration,0x3EB28,0.180000007,3.33999991,120,1,0,0,0,1,0,0,0,MagicAlchFortifyRestoration;MagicAlchBeneficial,0x3EB28,0x3EB28,,3.33999991,120,1,3,10.4350138,,0.180000007,2099202,34,0x65A2D;0xF8A4E,Fortify Restoration,,0.180000007,2099202,34,0x65A2D;0xF8A4E
Alocasia Fruit,0xFE004D62,Regenerate Stamina,0x3EB08,0.129999995,6.67000008,120,1,0,0,0,1,0,0,0,MagicAlchFortifyStaminaRate;MagicAlchBeneficial,0x3EB08,0x3EB08,,6.67000008,120,1,0,16.1280251,,0.129999995,2099202,34,0x65A35;0xF8A4E,Regenerate Stamina,,0.129999995,2099202,34,0x65A35;0xF8A4E
Alocasia Fruit,0xFE004D62,Light,0xFE004846,8,0,15,0,1,0,0,1,0,0,0,WISpellColorful;MagicAlchBeneficial,0xFE004846,0xFE004846,,0,15,0,1,12.4965572,,8,4198400,12,0xA9B1E;0xF8A4E,Light,,8,4198400,12,0xA9B1E;0xF8A4E
Alocasia Fruit,0xFE004D62,Ravage Magicka,0x73F27,0.479999989,8,30,1,0,0,0,0,1,1,0,MagicAlchHarmful,0x73F27,0x73F27,,8,30,0,2,15.8297348,,0.479999989,2099207,0,0x42509,Ravage Magicka,,0.479999989,2099207,0,0x42509
Alocasia Fruit,0xFE004D62,Regenerate Health,0x3EB06,0.129999995,8,120,1,0,0,0,1,0,0,0,MagicAlchFortifyHealRate;MagicAlchBeneficial,0x3EB06,0x3EB06,,8,120,1,3,19.6988888,,0.129999995,2099202,34,0x65A30;0xF8A4E,Regenerate Health,,0.129999995,2099202,34,0x65A30;0xF8A4E
Aloe Vera Leaves,0xFE0060D0,Restore Health,0x3EB15,12.1999998,5,0,1,0,0,0,1,0,0,0,MagicAlchRestoreHealth;MagicAlchBeneficial,0x3EB15,0x3EB15,,5,0,1,0,2.93654752,,12.1999998,2099200,34,0x42503;0xF8A4E,Restore Health,,12.1999998,2099200,34,0x42503;0xF8A4E
Aloe Vera Leaves,0xFE0060D0,Restore Stamina,0x3EB16,11.6000004,5,0,1,0,0,0,1,0,0,0,MagicAlchRestoreStamina;MagicAlchBeneficial,0x3EB16,0x3EB16,,5,0,1,1,3.52385712,,11.6000004,2099200,34,0x42504;0xF8A4E,Restore Stamina,,11.6000004,2099200,34,0x42504;0xF8A4E
Aloe Vera Leaves,0xFE0060D0,Damage Magicka,0x3A2B6,20,5,0,1,0,0,0,0,1,1,0,MagicAlchHarmful,0x3A2B6,0x3A2B6,,5,0,0,2,12.9208097,,20,2099205,0,0x42509,Damage Magicka,,20,2099205,0,0x42509
Aloe Vera Leaves,0xFE0060D0,Invisibility,0x3EB3D,35,0,2,0,1,1,0,1,0,0,1,MagicInvisibility;MagicAlchBeneficial;MagicAlchDurationBased,0x3EB3D,0x3EB3D,,0,2,0,3,17.0267982,,35,4201474,11,0x1EA6F;0xF8A4E;0xF8A4F,Invisibility,,35,4201474,11,0x1EA6F;0xF8A4E;0xF8A4F
Ambrosia,0xFE004836,Restore Health,0x3EB15,12.1999998,2.1500001,5,1,0,0,0,1,0,0,0,MagicAlchRestoreHealth;MagicAlchBeneficial,0x3EB15,0x3EB15,,2.1500001,5,1,0,13.2101917,,12.1999998,2099200,34,0x42503;0xF8A4E,Restore Health,,12.1999998,2099200,34,0x42503;0xF8A4E
Ambrosia,0xFE004836,Regenerate Health,0x3EB06,0.129999995,6.67000008,120,1,0,0,0,1,0,0,0,MagicAlchFortifyHealRate;MagicAlchBeneficial,0x3EB06,0x3EB06,,6.67000008,120,1,1,16.1280251,,0.129999995,2099202,34,0x65A30;0xF8A4E,Regenerate Health,,0.129999995,2099202,34,0x65A30;0xF8A4E
Ambrosia,0xFE004836,Fortify Health,0x3EAF3,0.100000001,8,120,1,0,0,0,1,0,0,0,MagicAlchFortifyHealth;MagicAlchBeneficial,0x3EAF3,0x3EAF3,,8,120,1,2,15.1529922,,0.100000001,2099202,34,0x65A31;0xF8A4E,Fortify Health,,0.100000001,2099202,34,0x65A31;0xF8A4E
Ambrosia,0xFE004836,Cure Poison,0x815DDBA,1.25,6,0,1,0,0,0,1,0,0,0,MagicAlchBeneficial,0x815DDBA,0x815DDBA,,6,0,0,3,8.971735,,1.25,2103296,1,0xF8A4E,Cure Poison,,1.25,2103296,1,0xF8A4E
Ancestor Moth Wing *,0x20059BA,Damage Stamina,0x3A2C6,20,1.66999996,5,1,0,0,0,0,1,1,0,MagicAlchHarmful,0x3A2C6,0x3A2C6,,1.66999996,5,0,0,16.4015579,,20,2099205,0,0x42509,Damage Stamina,,20,2099205,0,0x42509
Ancestor Moth Wing *,0x20059BA,Fortify Conjuration,0x3EB25,0.119999997,6,120,1,0,0,0,1,0,0,0,MagicAlchFortifyConjuration;MagicAlchBeneficial,0x3EB25,0x3EB25,,6,120,1,1,13.2509508,,0.119999997,2099202,34,0x65A2A;0xF8A4E,Fortify Conjuration,,0.119999997,2099202,34,0x65A2A;0xF8A4E
Ancestor Moth Wing *,0x20059BA,Damage Magicka Regen,0x73F2B,0.159999996,100,6,0,1,0,0,0,1,1,0,MagicAlchHarmful,0x73F2B,0x73F2B,,100,6,0,2,14.4572735,,0.159999996,4196359,0,0x42509,Damage Magicka Regen,,0.159999996,4196359,0,0x42509
Ancestor Moth Wing *,0x20059BA,Fortify Enchanting,0x3EB29,0.170000002,1.79999995,300,1,0,0,0,1,0,0,0,MagicAlchFortifyEnchanting;MagicAlchBeneficial,0x3EB29,0x3EB29,,1.79999995,300,1,3,13.6798744,,0.170000002,2099202,34,0x65A2E;0xF8A4E,Fortify Enchanting,,0.170000002,2099202,34,0x65A2E;0xF8A4E
Angelfish,0x50008EB,Regenerate Health,0x3EB06,0.129999995,5,300,1,0,0,0,1,0,0,0,MagicAlchFortifyHealRate;MagicAlchBeneficial,0x3EB06,0x3EB06,,5,300,1,0,24.7571392,,0.129999995,2099202,34,0x65A30;0xF8A4E,Regenerate Health,,0.129999995,2099202,34,0x65A30;0xF8A4E
Angelfish,0x50008EB,Resist Fire,0x3EAEA,0.170000002,3,60,1,0,0,0,1,0,0,0,MagicAlchResistFire;MagicAlchBeneficial,0x3EAEA,0x3EAEA,,3,60,1,1,12.0162735,,0.170000002,2101250,34,0x65A37;0xF8A4E,Resist Fire,,0.170000002,2101250,34,0x65A37;0xF8A4E
Angelfish,0x50008EB,Fortify Archery,0x3EB1B,0.189999998,4,60,1,0,0,0,1,0,0,0,MagicAlchFortifyMarksman;MagicAlchBeneficial,0x3EB1B,0x3EB1B,,4,60,1,2,16.4893074,,0.189999998,2099202,34,0x65A21;0xF8A4E,Fortify Archery,,0.189999998,2099202,34,0x65A21;0xF8A4E
Angelfish,0x50008EB,Waterbreathing,0x3AC2D,30,0,5,0,1,1,0,1,0,0,1,MagicAlchBeneficial;MagicAlchDurationBased,0x3AC2D,0x3AC2D,,0,5,1,3,13.9954948,,30,4197378,34,0xF8A4E;0xF8A4F,Waterbreathing,,30,4197378,34,0xF8A4E;0xF8A4F
Angler Larvae,0x50008F0,Lingering Damage Health,0x10AA4A,22,1,10,0,1,0,0,0,1,1,0,MagicAlchHarmful,0x10AA4A,0x10AA4A,,1,10,0,0,12,,22,4196357,0,0x42509,Lingering Damage Health,,22,4196357,0,0x42509
Angler Larvae,0x50008F0,Regenerate Stamina,0x3EB08,0.129999995,5,300,1,0,0,0,1,0,0,0,MagicAlchFortifyStaminaRate;MagicAlchBeneficial,0x3EB08,0x3EB08,,5,300,1,1,24.7571392,,0.129999995,2099202,34,0x65A35;0xF8A4E,Regenerate Stamina,,0.129999995,2099202,34,0x65A35;0xF8A4E
Angler Larvae,0x50008F0,Waterbreathing,0x3AC2D,30,0,5,0,1,1,0,1,0,0,1,MagicAlchBeneficial;MagicAlchDurationBased,0x3AC2D,0x3AC2D,,0,5,1,2,13.9954948,,30,4197378,34,0xF8A4E;0xF8A4F,Waterbreathing,,30,4197378,34,0xF8A4E;0xF8A4F
Angler Larvae,0x50008F0,Fortify Two-handed,0x3EB1A,0.189999998,4,60,1,0,0,0,1,0,0,0,MagicAlchFortifyTwoHanded;MagicAlchBeneficial,0x3EB1A,0x3EB1A,,4,60,1,3,16.4893074,,0.189999998,2099202,34,0x65A20;0xF8A4E,Fortify Two-handed,,0.189999998,2099202,34,0x65A20;0xF8A4E
Ash Creep Cluster,0x401CD74,Damage Stamina,0x3A2C6,20,1.34000003,5,1,0,0,0,0,1,1,0,MagicAlchHarmful,0x3A2C6,0x3A2C6,,1.34000003,5,0,0,12.8739643,,20,2099205,0,0x42509,Damage Stamina,,20,2099205,0,0x42509
Ash Creep Cluster,0x401CD74,Invisibility,0x3EB3D,35,0,4,0,1,1,0,1,0,0,1,MagicInvisibility;MagicAlchBeneficial;MagicAlchDurationBased,0x3EB3D,0x3EB3D,,0,4,0,1,12.77421,,35,4201474,11,0x1EA6F;0xF8A4E;0xF8A4F,Invisibility,,35,4201474,11,0x1EA6F;0xF8A4E;0xF8A4F
Ash Creep Cluster,0x401CD74,Resist Fire,0x3EAEA,0.170000002,4,120,1,0,0,0,1,0,0,0,MagicAlchResistFire;MagicAlchBeneficial,0x3EAEA,0x3EAEA,,4,120,1,2,12.0175056,,0.170000002,2101250,34,0x65A37;0xF8A4E,Resist Fire,,0.170000002,2101250,34,0x65A37;0xF8A4E
Ash Creep Cluster,0x401CD74,Fortify Destruction,0x3EB26,0.180000007,3.33999991,120,1,0,0,0,1,0,0,0,MagicAlchFortifyDestruction;MagicAlchBeneficial,0x3EB26,0x3EB26,,3.33999991,120,1,3,10.4350138,,0.180000007,2099202,34,0x65A2B;0xF8A4E,Fortify Destruction,,0.180000007,2099202,34,0x65A2B;0xF8A4E
Ash Hopper Jelly,0x401CD71,Waterwalking,0x40390E1,30,0,4,0,1,1,0,1,0,0,0,MagicAlchFortifyCarryWeight;MagicAlchBeneficial,0x40390E1,0x40390E1,,0,4,1,0,10.9493227,,30,4197378,34,0x65A2F;0xF8A4E,Waterwalking,,30,4197378,34,0x65A2F;0xF8A4E
Ash Hopper Jelly,0x401CD71,Fortify Light Armor,0x3EB1F,0.189999998,3.33999991,120,1,0,0,0,1,0,0,0,MagicAlchFortifyLightArmor;MagicAlchBeneficial,0x3EB1F,0x3EB1F,,3.33999991,120,1,1,11.0147352,,0.189999998,2099202,34,0x65A24;0xF8A4E,Fortify Light Armor,,0.189999998,2099202,34,0x65A24;0xF8A4E
Ash Hopper Jelly,0x401CD71,Resist Shock,0x3EAEC,0.170000002,4,120,1,0,0,0,1,0,0,0,MagicAlchResistShock;MagicAlchBeneficial,0x3EAEC,0x3EAEC,,4,120,1,2,12.0175056,,0.170000002,2101250,34,0x65A39;0xF8A4E,Resist Shock,,0.170000002,2101250,34,0x65A39;0xF8A4E
Ash Hopper Jelly,0x401CD71,Weakness to Frost,0x73F2E,0.400000006,6.67000008,30,1,0,0,0,0,1,1,0,MagicAlchWeaknessFrost;MagicAlchHarmful,0x73F2E,0x73F2E,,6.67000008,30,1,3,10.8002005,,0.400000006,2101255,34,0x74F4F;0x42509,Weakness to Frost,,0.400000006,2101255,34,0x74F4F;0x42509
Ashen Grass Pod,0x4016E26,Resist Fire,0x3EAEA,0.170000002,4,120,1,0,0,0,1,0,0,0,MagicAlchResistFire;MagicAlchBeneficial,0x3EAEA,0x3EAEA,,4,120,1,0,12.0175056,,0.170000002,2101250,34,0x65A37;0xF8A4E,Resist Fire,,0.170000002,2101250,34,0x65A37;0xF8A4E
Ashen Grass Pod,0x4016E26,Weakness to Shock,0x73F2F,0.400000006,6.67000008,30,1,0,0,0,0,1,1,0,MagicAlchWeaknessShock;MagicAlchHarmful,0x73F2F,0x73F2F,,6.67000008,30,1,1,10.8002005,,0.400000006,2101255,34,0x74F50;0x42509,Weakness to Shock,,0.400000006,2101255,34,0x74F50;0x42509
Ashen Grass Pod,0x4016E26,Fortify Lockpicking,0x3EB21,0.200000003,3.33999991,120,1,0,0,0,1,0,0,0,MagicAlchFortifyLockpicking;MagicAlchBeneficial,0x3EB21,0x3EB21,,3.33999991,120,1,2,11.5944586,,0.200000003,2099202,34,0x65A26;0xF8A4E,Fortify Lockpicking,,0.200000003,2099202,34,0x65A26;0xF8A4E
Ashen Grass Pod,0x4016E26,Fortify Sneak,0x3EB22,0.25,2.67000008,120,1,0,0,0,1,0,0,0,MagicAlchFortifySneak;MagicAlchBeneficial,0x3EB22,0x3EB22,,2.67000008,120,1,3,11.3292675,,0.25,2099202,34,0x65A27;0xF8A4E,Fortify Sneak,,0.25,2099202,34,0x65A27;0xF8A4E
Aster Bloom Core,0xFE004D66,Resist Magic,0x39E51,0.400000006,2.4000001,120,1,0,0,0,1,0,0,0,MagicAlchResistMagic;MagicAlchBeneficial,0x39E51,0x39E51,,2.4000001,120,1,0,16.1209927,,0.400000006,2103298,34,0x65A3A;0xF8A4E,Resist Magic,,0.400000006,2103298,34,0x65A3A;0xF8A4E
Aster Bloom Core,0xFE004D66,Fortify Light Armor,0x3EB1F,0.189999998,4,120,1,0,0,0,1,0,0,0,MagicAlchFortifyLightArmor;MagicAlchBeneficial,0x3EB1F,0x3EB1F,,4,120,1,1,13.4313297,,0.189999998,2099202,34,0x65A24;0xF8A4E,Fortify Light Armor,,0.189999998,2099202,34,0x65A24;0xF8A4E
Aster Bloom Core,0xFE004D66,Fortify Block,0x3EB1C,0.189999998,4,120,1,0,0,0,1,0,0,0,MagicAlchFortifyBlock;MagicAlchBeneficial,0x3EB1C,0x3EB1C,,4,120,1,2,13.4313297,,0.189999998,2099202,34,0x65A1E;0xF8A4E,Fortify Block,,0.189999998,2099202,34,0x65A1E;0xF8A4E
Aster Bloom Core,0xFE004D66,Paralysis,0x800FB01,6.5,2.4000001,10,1,0,0,0,0,1,1,0,MagicAlchHarmful,0x800FB01,0x800FB01,,2.4000001,10,0,3,17.027298,,6.5,2103297,1,0x42509,Paralysis,,6.5,2103297,1,0x42509
Bear Claws,0x6BC02,Restore Stamina,0x3EB16,11.6000004,1.60000002,5,1,0,0,0,1,0,0,0,MagicAlchRestoreStamina;MagicAlchBeneficial,0x3EB16,0x3EB16,,1.60000002,5,1,0,9.07521725,,11.6000004,2099200,34,0x42504;0xF8A4E,Restore Stamina,,11.6000004,2099200,34,0x42504;0xF8A4E
Bear Claws,0x6BC02,Fortify Health,0x3EAF3,0.100000001,6.67000008,120,1,0,0,0,1,0,0,0,MagicAlchFortifyHealth;MagicAlchBeneficial,0x3EAF3,0x3EAF3,,6.67000008,120,1,1,12.4061728,,0.100000001,2099202,34,0x65A31;0xF8A4E,Fortify Health,,0.100000001,2099202,34,0x65A31;0xF8A4E
Bear Claws,0x6BC02,Fortify One-handed,0x3EB19,0.189999998,3.33999991,120,1,0,0,0,1,0,0,0,MagicAlchFortifyOneHanded;MagicAlchBeneficial,0x3EB19,0x3EB19,,3.33999991,120,1,2,11.0147352,,0.189999998,2099202,34,0x65A1F;0xF8A4E,Fortify One-handed,,0.189999998,2099202,34,0x65A1F;0xF8A4E
Bear Claws,0x6BC02,Damage Magicka Regen,0x73F2B,0.159999996,100,5,0,1,0,0,0,1,1,0,MagicAlchHarmful,0x73F2B,0x73F2B,,100,5,0,3,11.8300619,,0.159999996,4196359,0,0x42509,Damage Magicka Regen,,0.159999996,4196359,0,0x42509
Bee,0xA9195,Restore Stamina,0x3EB16,11.6000004,1.60000002,5,1,0,0,0,1,0,0,0,MagicAlchRestoreStamina;MagicAlchBeneficial,0x3EB16,0x3EB16,,1.60000002,5,1,0,9.07521725,,11.6000004,2099200,34,0x42504;0xF8A4E,Restore Stamina,,11.6000004,2099200,34,0x42504;0xF8A4E
Bee,0xA9195,Ravage Stamina,0x73F23,0.479999989,6,30,1,0,0,0,0,1,1,0,MagicAlchHarmful,0x73F23,0x73F23,,6,30,0,1,11.5356226,,0.479999989,2099207,0,0x42509,Ravage Stamina,,0.479999989,2099207,0,0x42509
Bee,0xA9195,Regenerate Stamina,0x3EB08,0.129999995,5.34000015,120,1,0,0,0,1,0,0,0,MagicAlchFortifyStaminaRate;MagicAlchBeneficial,0x3EB08,0x3EB08,,5.34000015,120,1,2,12.6281042,,0.129999995,2099202,34,0x65A35;0xF8A4E,Regenerate Stamina,,0.129999995,2099202,34,0x65A35;0xF8A4E
Bee,0xA9195,Weakness to Shock,0x73F2F,0.400000006,6.67000008,30,1,0,0,0,0,1,1,0,MagicAlchWeaknessShock;MagicAlchHarmful,0x73F2F,0x73F2F,,6.67000008,30,1,3,10.8002005,,0.400000006,2101255,34,0x74F50;0x42509,Weakness to Shock,,0.400000006,2101255,34,0x74F50;0x42509
Beehive Husk,0xA9191,Resist Poison,0x90041,0.159999996,4,120,1,0,0,0,1,0,0,0,MagicAlchResistPoison;MagicAlchBeneficial,0x90041,0x90041,,4,120,1,0,11.3105927,,0.159999996,2101250,34,0x10EB5F;0xF8A4E,Resist Poison,,0.159999996,2101250,34,0x10EB5F;0xF8A4E
Beehive Husk,0xA9191,Fortify Light Armor,0x3EB1F,0.189999998,3.33999991,120,1,0,0,0,1,0,0,0,MagicAlchFortifyLightArmor;MagicAlchBeneficial,0x3EB1F,0x3EB1F,,3.33999991,120,1,1,11.0147352,,0.189999998,2099202,34,0x65A24;0xF8A4E,Fortify Light Armor,,0.189999998,2099202,34,0x65A24;0xF8A4E
Beehive Husk,0xA9191,Fortify Sneak,0x3EB22,0.25,2.67000008,120,1,0,0,0,1,0,0,0,MagicAlchFortifySneak;MagicAlchBeneficial,0x3EB22,0x3EB22,,2.67000008,120,1,2,11.3292675,,0.25,2099202,34,0x65A27;0xF8A4E,Fortify Sneak,,0.25,2099202,34,0x65A27;0xF8A4E
Beehive Husk,0xA9191,Fortify Destruction,0x3EB26,0.180000007,3.33999991,120,1,0,0,0,1,0,0,0,MagicAlchFortifyDestruction;MagicAlchBeneficial,0x3EB26,0x3EB26,,3.33999991,120,1,3,10.4350138,,0.180000007,2099202,34,0x65A2B;0xF8A4E,Fortify Destruction,,0.180000007,2099202,34,0x65A2B;0xF8A4E
Berit's Ashes,0x705B7,Damage Stamina,0x3A2C6,20,1.34000003,5,1,0,0,0,0,1,1,0,MagicAlchHarmful,0x3A2C6,0x3A2C6,,1.34000003,5,0,0,12.8739643,,20,2099205,0,0x42509,Damage Stamina,,20,2099205,0,0x42509
Berit's Ashes,0x705B7,Resist Fire,0x3EAEA,0.170000002,4,120,1,0,0,0,1,0,0,0,MagicAlchResistFire;MagicAlchBeneficial,0x3EAEA,0x3EAEA,,4,120,1,1,12.0175056,,0.170000002,2101250,34,0x65A37;0xF8A4E,Resist Fire,,0.170000002,2101250,34,0x65A37;0xF8A4E
Berit's Ashes,0x705B7,Fortify Conjuration,0x3EB25,0.119999997,5,120,1,0,0,0,1,0,0,0,MagicAlchFortifyConjuration;MagicAlchBeneficial,0x3EB25,0x3EB25,,5,120,1,2,10.8429556,,0.119999997,2099202,34,0x65A2A;0xF8A4E,Fortify Conjuration,,0.119999997,2099202,34,0x65A2A;0xF8A4E
Berit's Ashes,0x705B7,Ravage Stamina,0x73F23,0.479999989,6,30,1,0,0,0,0,1,1,0,MagicAlchHarmful,0x73F23,0x73F23,,6,30,0,3,11.5356226,,0.479999989,2099207,0,0x42509,Ravage Stamina,,0.479999989,2099207,0,0x42509
Bittergreen Petals,0xFE004D68,Lingering Damage Stamina,0x10DE5E,14,3,3,0,1,0,0,0,1,1,0,MagicAlchHarmful,0x10DE5E,0x10DE5E,,3,3,0,0,12.4679432,,14,4196357,0,0x42509,Lingering Damage Stamina,,14,4196357,0,0x42509
Bittergreen Petals,0xFE004D68,Invisibility,0x3EB3D,35,0,4,0,1,1,0,1,0,0,1,MagicInvisibility;MagicAlchBeneficial;MagicAlchDurationBased,0x3EB3D,0x3EB3D,,0,4,0,1,12.77421,,35,4201474,11,0x1EA6F;0xF8A4E;0xF8A4F,Invisibility,,35,4201474,11,0x1EA6F;0xF8A4E;0xF8A4F
Bittergreen Petals,0xFE004D68,Cure Poison,0x815DDBA,1.25,5,0,1,0,0,0,1,0,0,0,MagicAlchBeneficial,0x815DDBA,0x815DDBA,,5,0,0,2,7.34136868,,1.25,2103296,1,0xF8A4E,Cure Poison,,1.25,2103296,1,0xF8A4E
Bittergreen Petals,0xFE004D68,Damage Magicka,0x3A2B6,20,1.34000003,5,1,0,0,0,0,1,1,0,MagicAlchHarmful,0x3A2B6,0x3A2B6,,1.34000003,5,0,3,12.8739643,,20,2099205,0,0x42509,Damage Magicka,,20,2099205,0,0x42509
Bleeding Crown,0x4DA20,Weakness to Fire,0x73F2D,0.400000006,6.67000008,30,1,0,0,0,0,1,1,0,MagicAlchWeaknessFire;MagicAlchHarmful,0x73F2D,0x73F2D,,6.67000008,30,1,0,10.8002005,,0.400000006,2101255,34,0x74F4E;0x42509,Weakness to Fire,,0.400000006,2101255,34,0x74F4E;0x42509
Bleeding Crown,0x4DA20,Fortify Block,0x3EB1C,0.189999998,3.33999991,120,1,0,0,0,1,0,0,0,MagicAlchFortifyBlock;MagicAlchBeneficial,0x3EB1C,0x3EB1C,,3.33999991,120,1,1,11.0147352,,0.189999998,2099202,34,0x65A1E;0xF8A4E,Fortify Block,,0.189999998,2099202,34,0x65A1E;0xF8A4E
Bleeding Crown,0x4DA20,Weakness to Poison,0x90042,0.899999976,3.33999991,30,1,0,0,0,0,1,1,0,MagicAlchHarmful;USKPMagicAlchWeaknessPoison,0x90042,0x90042,,3.33999991,30,1,2,11.355257,,0.899999976,2101255,34,0x42509;0x706EE3A,Weakness to Poison,,0.899999976,2101255,34,0x42509;0x706EE3A
Bleeding Crown,0x4DA20,Resist Magic,0x39E51,0.400000006,2,120,1,0,0,0,1,0,0,0,MagicAlchResistMagic;MagicAlchBeneficial,0x39E51,0x39E51,,2,120,1,3,13.1914463,,0.400000006,2103298,34,0x65A3A;0xF8A4E,Resist Magic,,0.400000006,2103298,34,0x65A3A;0xF8A4E
Blind Watcher's Eye,0xFE004822,Light,0xFE004846,8,0,15,0,1,0,0,1,0,0,0,WISpellColorful;MagicAlchBeneficial,0xFE004846,0xFE004846,,0,15,0,0,12.4965572,,8,4198400,12,0xA9B1E;0xF8A4E,Light,,8,4198400,12,0xA9B1E;0xF8A4E
Blind Watcher's Eye,0xFE004822,Fortify Magicka,0x3EAF8,0.100000001,8,120,1,0,0,0,1,0,0,0,MagicAlchFortifyMagicka;MagicAlchBeneficial,0x3EAF8,0x3EAF8,,8,120,1,1,15.1529922,,0.100000001,2099202,34,0x65A33;0xF8A4E,Fortify Magicka,,0.100000001,2099202,34,0x65A33;0xF8A4E
Blind Watcher's Eye,0xFE004822,Fortify Alteration,0x3EB24,0.119999997,6,120,1,0,0,0,1,0,0,0,MagicAlchFortifyAlteration;MagicAlchBeneficial,0x3EB24,0x3EB24,,6,120,1,2,13.2509508,,0.119999997,2099202,34,0x65A1D;0xF8A4E,Fortify Alteration,,0.119999997,2099202,34,0x65A1D;0xF8A4E
Blind Watcher's Eye,0xFE004822,Spell Absorption,0xFE004812,0.200000003,4,120,1,0,0,0,1,0,0,0,MagicAlchBeneficial,0xFE004812,0xFE004812,,4,120,1,3,14.1382418,,0.200000003,2097154,34,0xF8A4E,Spell Absorption,,0.200000003,2097154,34,0xF8A4E
Bliss Bug Thorax,0x6059155,Weakness to Fire,0x73F2D,0.400000006,3,30,1,0,0,0,0,1,1,0,MagicAlchWeaknessFire;MagicAlchHarmful,0x73F2D,0x73F2D,,3,30,1,0,6.72694778,,0.400000006,2101255,34,0x74F4E;0x42509,Weakness to Fire,,0.400000006,2101255,34,0x74F4E;0x42509
Bliss Bug Thorax,0x6059155,Resist Fire,0x3EAEA,0.170000002,3,60,1,0,0,0,1,0,0,0,MagicAlchResistFire;MagicAlchBeneficial,0x3EAEA,0x3EAEA,,3,60,1,1,12.0162735,,0.170000002,2101250,34,0x65A37;0xF8A4E,Resist Fire,,0.170000002,2101250,34,0x65A37;0xF8A4E
Bliss Bug Thorax,0x6059155,Fortify Heavy Armor,0x3EB1E,0.189999998,2,60,1,0,0,0,1,0,0,0,MagicAlchFortifyHeavyArmor;MagicAlchBeneficial,0x3EB1E,0x3EB1E,,2,60,1,2,7.69253349,,0.189999998,2099202,34,0x65A23;0xF8A4E,Fortify Heavy Armor,,0.189999998,2099202,34,0x65A23;0xF8A4E
Bliss Bug Thorax,0x6059155,Fortify Illusion,0x3EB27,0.180000007,1,60,1,0,0,0,1,0,0,0,MagicAlchFortifyIllusion;MagicAlchBeneficial,0x3EB27,0x3EB27,,1,60,1,3,2.87095523,,0.180000007,2099202,34,0x65A2C;0xF8A4E,Fortify Illusion,,0.180000007,2099202,34,0x65A2C;0xF8A4E
Blister Pod Cap,0xFE004D6A,Restore Magicka,0x3EB17,11.6000004,2.1500001,5,1,0,0,0,1,0,0,0,MagicAlchRestoreMagicka;MagicAlchBeneficial,0x3EB17,0x3EB17,,2.1500001,5,1,0,12.5605116,,11.6000004,2099200,34,0x42508;0xF8A4E,Restore Magicka,,11.6000004,2099200,34,0x42508;0xF8A4E
Blister Pod Cap,0xFE004D6A,Fortify Magicka,0x3EAF8,0.100000001,8,120,1,0,0,0,1,0,0,0,MagicAlchFortifyMagicka;MagicAlchBeneficial,0x3EAF8,0x3EAF8,,8,120,1,1,15.1529922,,0.100000001,2099202,34,0x65A33;0xF8A4E,Fortify Magicka,,0.100000001,2099202,34,0x65A33;0xF8A4E
Blister Pod Cap,0xFE004D6A,Night Eye,0xFE004803,30,0,5,0,1,0,0,1,0,0,0,MagicNightEye;MagicAlchBeneficial,0xFE004803,0xFE004803,,0,5,0,2,13.9954948,,30,138545408,1,0xAD7C6;0xF8A4E,Night Eye,,30,138545408,1,0xAD7C6;0xF8A4E
Blister Pod Cap,0xFE004D6A,Invisibility,0x3EB3D,35,0,5,0,1,1,0,1,0,0,1,MagicInvisibility;MagicAlchBeneficial;MagicAlchDurationBased,0x3EB3D,0x3EB3D,,0,5,0,3,16.3280773,,35,4201474,11,0x1EA6F;0xF8A4E;0xF8A4F,Invisibility,,35,4201474,11,0x1EA6F;0xF8A4E;0xF8A4F
Blisterwort,0x4DA25,Damage Stamina,0x3A2C6,20,1.34000003,5,1,0,0,0,0,1,1,0,MagicAlchHarmful,0x3A2C6,0x3A2C6,,1.34000003,5,0,0,12.8739643,,20,2099205,0,0x42509,Damage Stamina,,20,2099205,0,0x42509
Blisterwort,0x4DA25,Frenzy,0x73F29,6,2,10,1,0,0,0,0,1,1,0,MagicInfluence;MagicAlchHarmful,0x73F29,0x73F29,,2,10,0,1,12.8612823,,6,2099463,8,0x78098;0x42509,Frenzy,,6,2099463,8,0x78098;0x42509
Blisterwort,0x4DA25,Restore Health,0x3EB15,12.1999998,1.60000002,5,1,0,0,0,1,0,0,0,MagicAlchRestoreHealth;MagicAlchBeneficial,0x3EB15,0x3EB15,,1.60000002,5,1,2,9.54462433,,12.1999998,2099200,34,0x42503;0xF8A4E,Restore Health,,12.1999998,2099200,34,0x42503;0xF8A4E
Blisterwort,0x4DA25,Fortify Smithing,0x3EB1D,0.170000002,1.66999996,300,1,0,0,0,1,0,0,0,MagicAlchFortifySmithing;MagicAlchBeneficial,0x3EB1D,0x3EB1D,,1.66999996,300,1,3,12.5970955,,0.170000002,2099202,34,0x65A22;0xF8A4E,Fortify Smithing,,0.170000002,2099202,34,0x65A22;0xF8A4E
Blue Butterfly Wing,0x727DE,Damage Stamina,0x3A2C6,20,1.34000003,5,1,0,0,0,0,1,1,0,MagicAlchHarmful,0x3A2C6,0x3A2C6,,1.34000003,5,0,0,12.8739643,,20,2099205,0,0x42509,Damage Stamina,,20,2099205,0,0x42509
Blue Butterfly Wing,0x727DE,Fortify Conjuration,0x3EB25,0.119999997,5,120,1,0,0,0,1,0,0,0,MagicAlchFortifyConjuration;MagicAlchBeneficial,0x3EB25,0x3EB25,,5,120,1,1,10.8429556,,0.119999997,2099202,34,0x65A2A;0xF8A4E,Fortify Conjuration,,0.119999997,2099202,34,0x65A2A;0xF8A4E
Blue Butterfly Wing,0x727DE,Damage Magicka Regen,0x73F2B,0.159999996,100,5,0,1,0,0,0,1,1,0,MagicAlchHarmful,0x73F2B,0x73F2B,,100,5,0,2,11.8300619,,0.159999996,4196359,0,0x42509,Damage Magicka Regen,,0.159999996,4196359,0,0x42509
Blue Butterfly Wing,0x727DE,Fortify Enchanting,0x3EB29,0.170000002,1.66999996,150,1,0,0,0,1,0,0,0,MagicAlchFortifyEnchanting;MagicAlchBeneficial,0x3EB29,0x3EB29,,1.66999996,150,1,3,5.87675333,,0.170000002,2099202,34,0x65A2E;0xF8A4E,Fortify Enchanting,,0.170000002,2099202,34,0x65A2E;0xF8A4E
Blue Dartwing,0xE4F0C,Resist Shock,0x3EAEC,0.170000002,4,120,1,0,0,0,1,0,0,0,MagicAlchResistShock;MagicAlchBeneficial,0x3EAEC,0x3EAEC,,4,120,1,0,12.0175056,,0.170000002,2101250,34,0x65A39;0xF8A4E,Resist Shock,,0.170000002,2101250,34,0x65A39;0xF8A4E
Blue Dartwing,0xE4F0C,Fortify Pickpocket,0x3EB20,0.200000003,3.33999991,120,1,0,0,0,1,0,0,0,MagicAlchFortifyPickPocket;MagicAlchBeneficial,0x3EB20,0x3EB20,,3.33999991,120,1,1,11.5944586,,0.200000003,2099202,34,0x65A25;0xF8A4E,Fortify Pickpocket,,0.200000003,2099202,34,0x65A25;0xF8A4E
Blue Dartwing,0xE4F0C,Restore Health,0x3EB15,12.1999998,1.60000002,5,1,0,0,0,1,0,0,0,MagicAlchRestoreHealth;MagicAlchBeneficial,0x3EB15,0x3EB15,,1.60000002,5,1,2,9.54462433,,12.1999998,2099200,34,0x42503;0xF8A4E,Restore Health,,12.1999998,2099200,34,0x42503;0xF8A4E
Blue Dartwing,0xE4F0C,Fear,0x73F20,1.60000002,2,30,1,0,0,0,0,1,1,0,MagicInfluence;MagicAlchHarmful,0x73F20,0x73F20,,2,30,0,3,11.4838209,,1.60000002,2099463,7,0x78098;0x42509,Fear,,1.60000002,2099463,7,0x78098;0x42509
Blue Mountain Flower,0x77E1C,Restore Health,0x3EB15,12.1999998,1.60000002,5,1,0,0,0,1,0,0,0,MagicAlchRestoreHealth;MagicAlchBeneficial,0x3EB15,0x3EB15,,1.60000002,5,1,0,9.54462433,,12.1999998,2099200,34,0x42503;0xF8A4E,Restore Health,,12.1999998,2099200,34,0x42503;0xF8A4E
Blue Mountain Flower,0x77E1C,Fortify Conjuration,0x3EB25,0.119999997,5,120,1,0,0,0,1,0,0,0,MagicAlchFortifyConjuration;MagicAlchBeneficial,0x3EB25,0x3EB25,,5,120,1,1,10.8429556,,0.119999997,2099202,34,0x65A2A;0xF8A4E,Fortify Conjuration,,0.119999997,2099202,34,0x65A2A;0xF8A4E
Blue Mountain Flower,0x77E1C,Fortify Health,0x3EAF3,0.100000001,6.67000008,120,1,0,0,0,1,0,0,0,MagicAlchFortifyHealth;MagicAlchBeneficial,0x3EAF3,0x3EAF3,,6.67000008,120,1,2,12.4061728,,0.100000001,2099202,34,0x65A31;0xF8A4E,Fortify Health,,0.100000001,2099202,34,0x65A31;0xF8A4E
Blue Mountain Flower,0x77E1C,Damage Magicka Regen,0x73F2B,0.159999996,100,5,0,1,0,0,0,1,1,0,MagicAlchHarmful,0x73F2B,0x73F2B,,100,5,0,3,11.8300619,,0.159999996,4196359,0,0x42509,Damage Magicka Regen,,0.159999996,4196359,0,0x42509
Boar Tusk,0x401CD6F,Fortify Stamina,0x3EAF9,0.100000001,6.67000008,120,1,0,0,0,1,0,0,0,MagicAlchFortifyStamina;MagicAlchBeneficial,0x3EAF9,0x3EAF9,,6.67000008,120,1,0,12.4061728,,0.100000001,2099202,34,0x65A32;0xF8A4E,Fortify Stamina,,0.100000001,2099202,34,0x65A32;0xF8A4E
Boar Tusk,0x401CD6F,Fortify Health,0x3EAF3,0.100000001,6.67000008,120,1,0,0,0,1,0,0,0,MagicAlchFortifyHealth;MagicAlchBeneficial,0x3EAF3,0x3EAF3,,6.67000008,120,1,1,12.4061728,,0.100000001,2099202,34,0x65A31;0xF8A4E,Fortify Health,,0.100000001,2099202,34,0x65A31;0xF8A4E
Boar Tusk,0x401CD6F,Fortify Block,0x3EB1C,0.189999998,3.33999991,120,1,0,0,0,1,0,0,0,MagicAlchFortifyBlock;MagicAlchBeneficial,0x3EB1C,0x3EB1C,,3.33999991,120,1,2,11.0147352,,0.189999998,2099202,34,0x65A1E;0xF8A4E,Fortify Block,,0.189999998,2099202,34,0x65A1E;0xF8A4E
Boar Tusk,0x401CD6F,Frenzy,0x73F29,6,2,10,1,0,0,0,0,1,1,0,MagicInfluence;MagicAlchHarmful,0x73F29,0x73F29,,2,10,0,3,12.8612823,,6,2099463,8,0x78098;0x42509,Frenzy,,6,2099463,8,0x78098;0x42509
Bog Beacon,0xFE004D6C,Restore Magicka,0x3EB17,11.6000004,1.60000002,5,1,0,0,0,1,0,0,0,MagicAlchRestoreMagicka;MagicAlchBeneficial,0x3EB17,0x3EB17,,1.60000002,5,1,0,9.07521725,,11.6000004,2099200,34,0x42508;0xF8A4E,Restore Magicka,,11.6000004,2099200,34,0x42508;0xF8A4E
Bog Beacon,0xFE004D6C,Fortify Heavy Armor,0x3EB1E,0.189999998,3.33999991,120,1,0,0,0,1,0,0,0,MagicAlchFortifyHeavyArmor;MagicAlchBeneficial,0x3EB1E,0x3EB1E,,3.33999991,120,1,1,11.0147352,,0.189999998,2099202,34,0x65A23;0xF8A4E,Fortify Heavy Armor,,0.189999998,2099202,34,0x65A23;0xF8A4E
Bog Beacon,0xFE004D6C,Fear,0x73F20,1.60000002,2,30,1,0,0,0,0,1,1,0,MagicInfluence;MagicAlchHarmful,0x73F20,0x73F20,,2,30,0,2,11.4838209,,1.60000002,2099463,7,0x78098;0x42509,Fear,,1.60000002,2099463,7,0x78098;0x42509
Bog Beacon,0xFE004D6C,Damage Stamina,0x3A2C6,20,1.34000003,5,1,0,0,0,0,1,1,0,MagicAlchHarmful,0x3A2C6,0x3A2C6,,1.34000003,5,0,3,12.8739643,,20,2099205,0,0x42509,Damage Stamina,,20,2099205,0,0x42509
Bone Meal,0x34CDD,Damage Stamina,0x3A2C6,20,1.34000003,5,1,0,0,0,0,1,1,0,MagicAlchHarmful,0x3A2C6,0x3A2C6,,1.34000003,5,0,0,12.8739643,,20,2099205,0,0x42509,Damage Stamina,,20,2099205,0,0x42509
Bone Meal,0x34CDD,Resist Fire,0x3EAEA,0.170000002,4,120,1,0,0,0,1,0,0,0,MagicAlchResistFire;MagicAlchBeneficial,0x3EAEA,0x3EAEA,,4,120,1,1,12.0175056,,0.170000002,2101250,34,0x65A37;0xF8A4E,Resist Fire,,0.170000002,2101250,34,0x65A37;0xF8A4E
Bone Meal,0x34CDD,Fortify Conjuration,0x3EB25,0.119999997,5,120,1,0,0,0,1,0,0,0,MagicAlchFortifyConjuration;MagicAlchBeneficial,0x3EB25,0x3EB25,,5,120,1,2,10.8429556,,0.119999997,2099202,34,0x65A2A;0xF8A4E,Fortify Conjuration,,0.119999997,2099202,34,0x65A2A;0xF8A4E
Bone Meal,0x34CDD,Ravage Stamina,0x73F23,0.479999989,6,30,1,0,0,0,0,1,1,0,MagicAlchHarmful,0x73F23,0x73F23,,6,30,0,3,11.5356226,,0.479999989,2099207,0,0x42509,Ravage Stamina,,0.479999989,2099207,0,0x42509
Briar Heart *,0x3AD61,Restore Magicka,0x3EB17,11.6000004,2.1500001,5,1,0,0,0,1,0,0,0,MagicAlchRestoreMagicka;MagicAlchBeneficial,0x3EB17,0x3EB17,,2.1500001,5,1,0,12.5605116,,11.6000004,2099200,34,0x42508;0xF8A4E,Restore Magicka,,11.6000004,2099200,34,0x42508;0xF8A4E
Briar Heart *,0x3AD61,Fortify Block,0x3EB1C,0.189999998,4,120,1,0,0,0,1,0,0,0,MagicAlchFortifyBlock;MagicAlchBeneficial,0x3EB1C,0x3EB1C,,4,120,1,1,13.4313297,,0.189999998,2099202,34,0x65A1E;0xF8A4E,Fortify Block,,0.189999998,2099202,34,0x65A1E;0xF8A4E
Briar Heart *,0x3AD61,Paralysis,0x800FB01,6.5,2.4000001,10,1,0,0,0,0,1,1,0,MagicAlchHarmful,0x800FB01,0x800FB01,,2.4000001,10,0,2,17.027298,,6.5,2103297,1,0x42509,Paralysis,,6.5,2103297,1,0x42509
Briar Heart *,0x3AD61,Fortify Magicka,0x3EAF8,0.100000001,8,120,1,0,0,0,1,0,0,0,MagicAlchFortifyMagicka;MagicAlchBeneficial,0x3EAF8,0x3EAF8,,8,120,1,3,15.1529922,,0.100000001,2099202,34,0x65A33;0xF8A4E,Fortify Magicka,,0.100000001,2099202,34,0x65A33;0xF8A4E
Bungler's Bane,0xFE004802,Slow,0x73F25,0.449999988,50,4,0,1,0,0,0,1,1,0,MagicAlchHarmful;MagicSlow,0x73F25,0x73F25,,50,4,1,0,12.1435461,,0.449999988,4200455,34,0x42509;0xB729E,Slow,,0.449999988,4200455,34,0x42509;0xB729E
Bungler's Bane,0xFE004802,Ravage Stamina,0x73F23,0.479999989,6,30,1,0,0,0,0,1,1,0,MagicAlchHarmful,0x73F23,0x73F23,,6,30,0,1,11.5356226,,0.479999989,2099207,0,0x42509,Ravage Stamina,,0.479999989,2099207,0,0x42509
Bungler's Bane,0xFE004802,Damage Stamina Regen,0x73F2C,0.159999996,100,5,0,1,0,0,0,1,1,0,MagicAlchHarmful,0x73F2C,0x73F2C,,100,5,0,2,11.8300619,,0.159999996,4196359,0,0x42509,Damage Stamina Regen,,0.159999996,4196359,0,0x42509
Bungler's Bane,0xFE004802,Resist Magic,0x39E51,0.400000006,2,120,1,0,0,0,1,0,0,0,MagicAlchResistMagic;MagicAlchBeneficial,0x39E51,0x39E51,,2,120,1,3,13.1914463,,0.400000006,2103298,34,0x65A3A;0xF8A4E,Resist Magic,,0.400000006,2103298,34,0x65A3A;0xF8A4E
Burnt Spriggan Wood *,0x401CD6E,Weakness to Fire,0x73F2D,0.400000006,8,30,1,0,0,0,0,1,1,0,MagicAlchWeaknessFire;MagicAlchHarmful,0x73F2D,0x73F2D,,8,30,1,0,13.1914463,,0.400000006,2101255,34,0x74F4E;0x42509,Weakness to Fire,,0.400000006,2101255,34,0x74F4E;0x42509
Burnt Spriggan Wood *,0x401CD6E,Fortify Alteration,0x3EB24,0.119999997,6,120,1,0,0,0,1,0,0,0,MagicAlchFortifyAlteration;MagicAlchBeneficial,0x3EB24,0x3EB24,,6,120,1,1,13.2509508,,0.119999997,2099202,34,0x65A1D;0xF8A4E,Fortify Alteration,,0.119999997,2099202,34,0x65A1D;0xF8A4E
Burnt Spriggan Wood *,0x401CD6E,Damage Magicka Regen,0x73F2B,0.159999996,100,6,0,1,0,0,0,1,1,0,MagicAlchHarmful,0x73F2B,0x73F2B,,100,6,0,2,14.4572735,,0.159999996,4196359,0,0x42509,Damage Magicka Regen,,0.159999996,4196359,0,0x42509
Burnt Spriggan Wood *,0x401CD6E,Slow,0x73F25,0.449999988,50,5,0,1,0,0,0,1,1,0,MagicAlchHarmful;MagicSlow,0x73F25,0x73F25,,50,5,1,3,15.5219593,,0.449999988,4200455,34,0x42509;0xB729E,Slow,,0.449999988,4200455,34,0x42509;0xB729E
Butterfly Wing,0x727E0,Restore Health,0x3EB15,12.1999998,1.60000002,5,1,0,0,0,1,0,0,0,MagicAlchRestoreHealth;MagicAlchBeneficial,0x3EB15,0x3EB15,,1.60000002,5,1,0,9.54462433,,12.1999998,2099200,34,0x42503;0xF8A4E,Restore Health,,12.1999998,2099200,34,0x42503;0xF8A4E
Butterfly Wing,0x727E0,Fortify Barter,0x3EB23,0.159999996,1.66999996,300,1,0,0,0,1,0,0,0,MagicAlchFortifySpeechcraft;MagicAlchBeneficial,0x3EB23,0x3EB23,,1.66999996,300,1,1,11.8560896,,0.159999996,2099202,34,0x65A29;0xF8A4E,Fortify Barter,,0.159999996,2099202,34,0x65A29;0xF8A4E
Butterfly Wing,0x727E0,Lingering Damage Stamina,0x10DE5E,14,3,3,0,1,0,0,0,1,1,0,MagicAlchHarmful,0x10DE5E,0x10DE5E,,3,3,0,2,12.4679432,,14,4196357,0,0x42509,Lingering Damage Stamina,,14,4196357,0,0x42509
Butterfly Wing,0x727E0,Damage Magicka,0x3A2B6,20,1.34000003,5,1,0,0,0,0,1,1,0,MagicAlchHarmful,0x3A2B6,0x3A2B6,,1.34000003,5,0,3,12.8739643,,20,2099205,0,0x42509,Damage Magicka,,20,2099205,0,0x42509
Canis Root,0x6ABCB,Damage Stamina,0x3A2C6,20,1.34000003,5,1,0,0,0,0,1,1,0,MagicAlchHarmful,0x3A2C6,0x3A2C6,,1.34000003,5,0,0,12.8739643,,20,2099205,0,0x42509,Damage Stamina,,20,2099205,0,0x42509
Canis Root,0x6ABCB,Fortify One-handed,0x3EB19,0.189999998,3.33999991,120,1,0,0,0,1,0,0,0,MagicAlchFortifyOneHanded;MagicAlchBeneficial,0x3EB19,0x3EB19,,3.33999991,120,1,1,11.0147352,,0.189999998,2099202,34,0x65A1F;0xF8A4E,Fortify One-handed,,0.189999998,2099202,34,0x65A1F;0xF8A4E
Canis Root,0x6ABCB,Fortify Archery,0x3EB1B,0.189999998,3.33999991,120,1,0,0,0,1,0,0,0,MagicAlchFortifyMarksman;MagicAlchBeneficial,0x3EB1B,0x3EB1B,,3.33999991,120,1,2,11.0147352,,0.189999998,2099202,34,0x65A21;0xF8A4E,Fortify Archery,,0.189999998,2099202,34,0x65A21;0xF8A4E
Canis Root,0x6ABCB,Paralysis,0x800FB01,6.5,2,10,1,0,0,0,0,1,1,0,MagicAlchHarmful,0x800FB01,0x800FB01,,2,10,0,3,13.9330559,,6.5,2103297,1,0x42509,Paralysis,,6.5,2103297,1,0x42509
Charred Skeever Hide,0x52695,Restore Stamina,0x3EB16,11.6000004,1.60000002,5,1,0,0,0,1,0,0,0,MagicAlchRestoreStamina;MagicAlchBeneficial,0x3EB16,0x3EB16,,1.60000002,5,1,0,9.07521725,,11.6000004,2099200,34,0x42504;0xF8A4E,Restore Stamina,,11.6000004,2099200,34,0x42504;0xF8A4E
Charred Skeever Hide,0x52695,Cure Disease,0x815DDB4,1.25,5,0,1,0,0,0,1,0,0,0,MagicAlchBeneficial,0x815DDB4,0x815DDB4,,5,0,0,1,7.34136868,,1.25,2103296,1,0xF8A4E,Cure Disease,,1.25,2103296,1,0xF8A4E
Charred Skeever Hide,0x52695,Cure Poison,0x815DDBA,1.25,5,0,1,0,0,0,1,0,0,0,MagicAlchBeneficial,0x815DDBA,0x815DDBA,,5,0,0,2,7.34136868,,1.25,2103296,1,0xF8A4E,Cure Poison,,1.25,2103296,1,0xF8A4E
Charred Skeever Hide,0x52695,Restore Health,0x3EB15,12.1999998,1.60000002,5,1,0,0,0,1,0,0,0,MagicAlchRestoreHealth;MagicAlchBeneficial,0x3EB15,0x3EB15,,1.60000002,5,1,3,9.54462433,,12.1999998,2099200,34,0x42503;0xF8A4E,Restore Health,,12.1999998,2099200,34,0x42503;0xF8A4E
Chaurus Eggs,0x3AD56,Weakness to Poison,0x90042,0.899999976,3.33999991,30,1,0,0,0,0,1,1,0,MagicAlchHarmful;USKPMagicAlchWeaknessPoison,0x90042,0x90042,,3.33999991,30,1,0,11.355257,,0.899999976,2101255,34,0x42509;0x706EE3A,Weakness to Poison,,0.899999976,2101255,34,0x42509;0x706EE3A
Chaurus Eggs,0x3AD56,Fortify Stamina,0x3EAF9,0.100000001,6.67000008,120,1,0,0,0,1,0,0,0,MagicAlchFortifyStamina;MagicAlchBeneficial,0x3EAF9,0x3EAF9,,6.67000008,120,1,1,12.4061728,,0.100000001,2099202,34,0x65A32;0xF8A4E,Fortify Stamina,,0.100000001,2099202,34,0x65A32;0xF8A4E
Chaurus Eggs,0x3AD56,Damage Magicka,0x3A2B6,20,1.34000003,5,1,0,0,0,0,1,1,0,MagicAlchHarmful,0x3A2B6,0x3A2B6,,1.34000003,5,0,2,12.8739643,,20,2099205,0,0x42509,Damage Magicka,,20,2099205,0,0x42509
Chaurus Eggs,0x3AD56,Invisibility,0x3EB3D,35,0,4,0,1,1,0,1,0,0,1,MagicInvisibility;MagicAlchBeneficial;MagicAlchDurationBased,0x3EB3D,0x3EB3D,,0,4,0,3,12.77421,,35,4201474,11,0x1EA6F;0xF8A4E;0xF8A4F,Invisibility,,35,4201474,11,0x1EA6F;0xF8A4E;0xF8A4F
Chaurus Hunter Antennae,0x20183B7,Damage Stamina,0x3A2C6,20,1.34000003,5,1,0,0,0,0,1,1,0,MagicAlchHarmful,0x3A2C6,0x3A2C6,,1.34000003,5,0,0,12.8739643,,20,2099205,0,0x42509,Damage Stamina,,20,2099205,0,0x42509
Chaurus Hunter Antennae,0x20183B7,Fortify Conjuration,0x3EB25,0.119999997,5,120,1,0,0,0,1,0,0,0,MagicAlchFortifyConjuration;MagicAlchBeneficial,0x3EB25,0x3EB25,,5,120,1,1,10.8429556,,0.119999997,2099202,34,0x65A2A;0xF8A4E,Fortify Conjuration,,0.119999997,2099202,34,0x65A2A;0xF8A4E
Chaurus Hunter Antennae,0x20183B7,Damage Magicka Regen,0x73F2B,0.159999996,100,5,0,1,0,0,0,1,1,0,MagicAlchHarmful,0x73F2B,0x73F2B,,100,5,0,2,11.8300619,,0.159999996,4196359,0,0x42509,Damage Magicka Regen,,0.159999996,4196359,0,0x42509
Chaurus Hunter Antennae,0x20183B7,Fortify Enchanting,0x3EB29,0.170000002,1.66999996,300,1,0,0,0,1,0,0,0,MagicAlchFortifyEnchanting;MagicAlchBeneficial,0x3EB29,0x3EB29,,1.66999996,300,1,3,12.5970955,,0.170000002,2099202,34,0x65A2E;0xF8A4E,Fortify Enchanting,,0.170000002,2099202,34,0x65A2E;0xF8A4E
Chicken Egg,0x23D77,Resist Magic,0x39E51,0.400000006,2,120,1,0,0,0,1,0,0,0,MagicAlchResistMagic;MagicAlchBeneficial,0x39E51,0x39E51,,2,120,1,0,13.1914463,,0.400000006,2103298,34,0x65A3A;0xF8A4E,Resist Magic,,0.400000006,2103298,34,0x65A3A;0xF8A4E
Chicken Egg,0x23D77,Damage Magicka Regen,0x73F2B,0.159999996,100,5,0,1,0,0,0,1,1,0,MagicAlchHarmful,0x73F2B,0x73F2B,,100,5,0,1,11.8300619,,0.159999996,4196359,0,0x42509,Damage Magicka Regen,,0.159999996,4196359,0,0x42509
Chicken Egg,0x23D77,Waterbreathing,0x3AC2D,30,0,4,0,1,1,0,1,0,0,1,MagicAlchBeneficial;MagicAlchDurationBased,0x3AC2D,0x3AC2D,,0,4,1,2,10.9493227,,30,4197378,34,0xF8A4E;0xF8A4F,Waterbreathing,,30,4197378,34,0xF8A4E;0xF8A4F
Chicken Egg,0x23D77,Lingering Damage Stamina,0x10DE5E,14,3,3,0,1,0,0,0,1,1,0,MagicAlchHarmful,0x10DE5E,0x10DE5E,,3,3,0,3,12.4679432,,14,4196357,0,0x42509,Lingering Damage Stamina,,14,4196357,0,0x42509
Chokeberry,0xFE004838,Damage Health,0x3EB42,29,1.34000003,5,1,0,0,0,0,1,1,0,MagicAlchHarmful,0x3EB42,0x3EB42,,1.34000003,5,0,0,18.6672478,,29,2099205,0,0x42509,Damage Health,,29,2099205,0,0x42509
Chokeberry,0xFE004838,Ravage Health,0x73F26,0.800000012,5,30,1,0,0,0,0,1,1,0,MagicAlchHarmful,0x73F26,0x73F26,,5,30,0,1,15.732234,,0.800000012,2099207,0,0x42509,Ravage Health,,0.800000012,2099207,0,0x42509
Chokeberry,0xFE004838,Lingering Damage Health,0x10AA4A,22,2,4,0,1,0,0,0,1,1,0,MagicAlchHarmful,0x10AA4A,0x10AA4A,,2,4,0,2,17.2116165,,22,4196357,0,0x42509,Lingering Damage Health,,22,4196357,0,0x42509
Chokeberry,0xFE004838,Weakness to Poison,0x90042,0.899999976,4,120,1,0,0,0,0,1,1,0,MagicAlchHarmful;USKPMagicAlchWeaknessPoison,0x90042,0x90042,,4,120,1,3,63.6220856,,0.899999976,2101255,34,0x42509;0x706EE3A,Weakness to Poison,,0.899999976,2101255,34,0x42509;0x706EE3A
Chokeweed,0xFE004804,Weakness to Frost,0x73F2E,0.400000006,6.67000008,30,1,0,0,0,0,1,1,0,MagicAlchWeaknessFrost;MagicAlchHarmful,0x73F2E,0x73F2E,,6.67000008,30,1,0,10.8002005,,0.400000006,2101255,34,0x74F4F;0x42509,Weakness to Frost,,0.400000006,2101255,34,0x74F4F;0x42509
Chokeweed,0xFE004804,Restore Stamina,0x3EB16,11.6000004,1.60000002,5,1,0,0,0,1,0,0,0,MagicAlchRestoreStamina;MagicAlchBeneficial,0x3EB16,0x3EB16,,1.60000002,5,1,1,9.07521725,,11.6000004,2099200,34,0x42504;0xF8A4E,Restore Stamina,,11.6000004,2099200,34,0x42504;0xF8A4E
Chokeweed,0xFE004804,Cure Disease,0x815DDB4,1.25,5,0,1,0,0,0,1,0,0,0,MagicAlchBeneficial,0x815DDB4,0x815DDB4,,5,0,0,2,7.34136868,,1.25,2103296,1,0xF8A4E,Cure Disease,,1.25,2103296,1,0xF8A4E
Chokeweed,0xFE004804,Damage Magicka,0x3A2B6,20,1.34000003,5,1,0,0,0,0,1,1,0,MagicAlchHarmful,0x3A2B6,0x3A2B6,,1.34000003,5,0,3,12.8739643,,20,2099205,0,0x42509,Damage Magicka,,20,2099205,0,0x42509
Coda Flower,0xFE004805,Damage Health,0x3EB42,29,1,5,1,0,0,0,0,1,1,0,MagicAlchHarmful,0x3EB42,0x3EB42,,1,5,0,0,13.5289783,,29,2099205,0,0x42509,Damage Health,,29,2099205,0,0x42509
Coda Flower,0xFE004805,Lingering Damage Stamina,0x10DE5E,14,3,3,0,1,0,0,0,1,1,0,MagicAlchHarmful,0x10DE5E,0x10DE5E,,3,3,0,1,12.4679432,,14,4196357,0,0x42509,Lingering Damage Stamina,,14,4196357,0,0x42509
Coda Flower,0xFE004805,Ravage Magicka,0x73F27,0.479999989,6,30,1,0,0,0,0,1,1,0,MagicAlchHarmful,0x73F27,0x73F27,,6,30,0,2,11.5356226,,0.479999989,2099207,0,0x42509,Ravage Magicka,,0.479999989,2099207,0,0x42509
Coda Flower,0xFE004805,Fortify Carry Weight,0x3EB01,0.0599999987,4,300,1,0,0,0,1,0,0,0,MagicAlchFortifyCarryWeight;MagicAlchBeneficial,0x3EB01,0x3EB01,,4,300,1,3,11.621191,,0.0599999987,2099202,34,0x65A2F;0xF8A4E,Fortify Carry Weight,,0.0599999987,2099202,34,0x65A2F;0xF8A4E
Comberry,0xFE004806,Damage Stamina,0x3A2C6,20,1.34000003,5,1,0,0,0,0,1,1,0,MagicAlchHarmful,0x3A2C6,0x3A2C6,,1.34000003,5,0,0,12.8739643,,20,2099205,0,0x42509,Damage Stamina,,20,2099205,0,0x42509
Comberry,0xFE004806,Spell Absorption,0xFE004812,0.200000003,3.33999991,120,1,0,0,0,1,0,0,0,MagicAlchBeneficial,0xFE004812,0xFE004812,,3.33999991,120,1,1,11.5944586,,0.200000003,2097154,34,0xF8A4E,Spell Absorption,,0.200000003,2097154,34,0xF8A4E
Comberry,0xFE004806,Restore Magicka,0x3EB17,11.6000004,1.60000002,5,1,0,0,0,1,0,0,0,MagicAlchRestoreMagicka;MagicAlchBeneficial,0x3EB17,0x3EB17,,1.60000002,5,1,2,9.07521725,,11.6000004,2099200,34,0x42508;0xF8A4E,Restore Magicka,,11.6000004,2099200,34,0x42508;0xF8A4E
Comberry,0xFE004806,Fortify Destruction,0x3EB26,0.180000007,3.33999991,120,1,0,0,0,1,0,0,0,MagicAlchFortifyDestruction;MagicAlchBeneficial,0x3EB26,0x3EB26,,3.33999991,120,1,3,10.4350138,,0.180000007,2099202,34,0x65A2B;0xF8A4E,Fortify Destruction,,0.180000007,2099202,34,0x65A2B;0xF8A4E
Congealed Putrescence,0xFE004807,Ravage Health,0x73F26,0.800000012,5,30,1,0,0,0,0,1,1,0,MagicAlchHarmful,0x73F26,0x73F26,,5,30,0,0,15.732234,,0.800000012,2099207,0,0x42509,Ravage Health,,0.800000012,2099207,0,0x42509
Congealed Putrescence,0xFE004807,Restore Magicka,0x3EB17,11.6000004,2.1500001,5,1,0,0,0,1,0,0,0,MagicAlchRestoreMagicka;MagicAlchBeneficial,0x3EB17,0x3EB17,,2.1500001,5,1,1,12.5605116,,11.6000004,2099200,34,0x42508;0xF8A4E,Restore Magicka,,11.6000004,2099200,34,0x42508;0xF8A4E
Congealed Putrescence,0xFE004807,Weakness to Fire,0x73F2D,0.400000006,8,30,1,0,0,0,0,1,1,0,MagicAlchWeaknessFire;MagicAlchHarmful,0x73F2D,0x73F2D,,8,30,1,2,13.1914463,,0.400000006,2101255,34,0x74F4E;0x42509,Weakness to Fire,,0.400000006,2101255,34,0x74F4E;0x42509
Congealed Putrescence,0xFE004807,Fortify Conjuration,0x3EB25,0.119999997,6,120,1,0,0,0,1,0,0,0,MagicAlchFortifyConjuration;MagicAlchBeneficial,0x3EB25,0x3EB25,,6,120,1,3,13.2509508,,0.119999997,2099202,34,0x65A2A;0xF8A4E,Fortify Conjuration,,0.119999997,2099202,34,0x65A2A;0xF8A4E
Corkbulb Root,0xFE004809,Paralysis,0x800FB01,6.5,2,10,1,0,0,0,0,1,1,0,MagicAlchHarmful,0x800FB01,0x800FB01,,2,10,0,0,13.9330559,,6.5,2103297,1,0x42509,Paralysis,,6.5,2103297,1,0x42509
Corkbulb Root,0xFE004809,Restore Health,0x3EB15,12.1999998,1.5,5,1,0,0,0,1,0,0,0,MagicAlchRestoreHealth;MagicAlchBeneficial,0x3EB15,0x3EB15,,1.5,5,1,1,8.89052105,,12.1999998,2099200,34,0x42503;0xF8A4E,Restore Health,,12.1999998,2099200,34,0x42503;0xF8A4E
Corkbulb Root,0xFE004809,Resist Shock,0x3EAEC,0.170000002,4,120,1,0,0,0,1,0,0,0,MagicAlchResistShock;MagicAlchBeneficial,0x3EAEC,0x3EAEC,,4,120,1,2,12.0175056,,0.170000002,2101250,34,0x65A39;0xF8A4E,Resist Shock,,0.170000002,2101250,34,0x65A39;0xF8A4E
Corkbulb Root,0xFE004809,Fortify Archery,0x3EB1B,0.189999998,3.33999991,120,1,0,0,0,1,0,0,0,MagicAlchFortifyMarksman;MagicAlchBeneficial,0x3EB1B,0x3EB1B,,3.33999991,120,1,3,11.0147352,,0.189999998,2099202,34,0x65A21;0xF8A4E,Fortify Archery,,0.189999998,2099202,34,0x65A21;0xF8A4E
Creep Cluster,0xB2183,Restore Magicka,0x3EB17,11.6000004,1.60000002,5,1,0,0,0,1,0,0,0,MagicAlchRestoreMagicka;MagicAlchBeneficial,0x3EB17,0x3EB17,,1.60000002,5,1,0,9.07521725,,11.6000004,2099200,34,0x42508;0xF8A4E,Restore Magicka,,11.6000004,2099200,34,0x42508;0xF8A4E
Creep Cluster,0xB2183,Damage Stamina Regen,0x73F2C,0.159999996,100,5,0,1,0,0,0,1,1,0,MagicAlchHarmful,0x73F2C,0x73F2C,,100,5,0,1,11.8300619,,0.159999996,4196359,0,0x42509,Damage Stamina Regen,,0.159999996,4196359,0,0x42509
Creep Cluster,0xB2183,Fortify Carry Weight,0x3EB01,0.0599999987,4,300,1,0,0,0,1,0,0,0,MagicAlchFortifyCarryWeight;MagicAlchBeneficial,0x3EB01,0x3EB01,,4,300,1,2,11.621191,,0.0599999987,2099202,34,0x65A2F;0xF8A4E,Fortify Carry Weight,,0.0599999987,2099202,34,0x65A2F;0xF8A4E
Creep Cluster,0xB2183,Weakness to Magic,0x73F51,1,3.33999991,30,1,0,0,0,0,1,1,0,MagicAlchWeaknessMagic;MagicAlchHarmful,0x73F51,0x73F51,,3.33999991,30,1,3,12.6169529,,1,2101255,34,0x74F51;0x42509,Weakness to Magic,,1,2101255,34,0x74F51;0x42509
Crimson Nirnroot,0xB701A,Damage Health,0x3EB42,29,1.34000003,5,1,0,0,0,0,1,1,0,MagicAlchHarmful,0x3EB42,0x3EB42,,1.34000003,5,0,0,18.6672478,,29,2099205,0,0x42509,Damage Health,,29,2099205,0,0x42509
Crimson Nirnroot,0xB701A,Damage Stamina,0x3A2C6,20,1.66999996,5,1,0,0,0,0,1,1,0,MagicAlchHarmful,0x3A2C6,0x3A2C6,,1.66999996,5,0,1,16.4015579,,20,2099205,0,0x42509,Damage Stamina,,20,2099205,0,0x42509
Crimson Nirnroot,0xB701A,Invisibility,0x3EB3D,35,0,5,0,1,1,0,1,0,0,1,MagicInvisibility;MagicAlchBeneficial;MagicAlchDurationBased,0x3EB3D,0x3EB3D,,0,5,0,2,16.3280773,,35,4201474,11,0x1EA6F;0xF8A4E;0xF8A4F,Invisibility,,35,4201474,11,0x1EA6F;0xF8A4E;0xF8A4F
Crimson Nirnroot,0xB701A,Resist Magic,0x39E51,0.400000006,2.4000001,120,1,0,0,0,1,0,0,0,MagicAlchResistMagic;MagicAlchBeneficial,0x39E51,0x39E51,,2.4000001,120,1,3,16.1209927,,0.400000006,2103298,34,0x65A3A;0xF8A4E,Resist Magic,,0.400000006,2103298,34,0x65A3A;0xF8A4E
Cyrodilic Spadetail,0x106E19,Damage Stamina,0x3A2C6,20,1.34000003,5,1,0,0,0,0,1,1,0,MagicAlchHarmful,0x3A2C6,0x3A2C6,,1.34000003,5,0,0,12.8739643,,20,2099205,0,0x42509,Damage Stamina,,20,2099205,0,0x42509
Cyrodilic Spadetail,0x106E19,Fortify Restoration,0x3EB28,0.180000007,3.33999991,120,1,0,0,0,1,0,0,0,MagicAlchFortifyRestoration;MagicAlchBeneficial,0x3EB28,0x3EB28,,3.33999991,120,1,1,10.4350138,,0.180000007,2099202,34,0x65A2D;0xF8A4E,Fortify Restoration,,0.180000007,2099202,34,0x65A2D;0xF8A4E
Cyrodilic Spadetail,0x106E19,Fear,0x73F20,1.60000002,2,30,1,0,0,0,0,1,1,0,MagicInfluence;MagicAlchHarmful,0x73F20,0x73F20,,2,30,0,2,11.4838209,,1.60000002,2099463,7,0x78098;0x42509,Fear,,1.60000002,2099463,7,0x78098;0x42509
Cyrodilic Spadetail,0x106E19,Ravage Health,0x73F26,0.800000012,4,30,1,0,0,0,0,1,1,0,MagicAlchHarmful,0x73F26,0x73F26,,4,30,0,3,12.308054,,0.800000012,2099207,0,0x42509,Ravage Health,,0.800000012,2099207,0,0x42509
Daedra Heart *,0x3AD5B,Restore Health,0x3EB15,12.1999998,2.1500001,5,1,0,0,0,1,0,0,0,MagicAlchRestoreHealth;MagicAlchBeneficial,0x3EB15,0x3EB15,,2.1500001,5,1,0,13.2101917,,12.1999998,2099200,34,0x42503;0xF8A4E,Restore Health,,12.1999998,2099200,34,0x42503;0xF8A4E
Daedra Heart *,0x3AD5B,Damage Stamina Regen,0x73F2C,0.159999996,100,6,0,1,0,0,0,1,1,0,MagicAlchHarmful,0x73F2C,0x73F2C,,100,6,0,1,14.4572735,,0.159999996,4196359,0,0x42509,Damage Stamina Regen,,0.159999996,4196359,0,0x42509
Daedra Heart *,0x3AD5B,Damage Magicka,0x3A2B6,20,1.66999996,5,1,0,0,0,0,1,1,0,MagicAlchHarmful,0x3A2B6,0x3A2B6,,1.66999996,5,0,2,16.4015579,,20,2099205,0,0x42509,Damage Magicka,,20,2099205,0,0x42509
Daedra Heart *,0x3AD5B,Fear,0x73F20,1.60000002,2.4000001,30,1,0,0,0,0,1,1,0,MagicInfluence;MagicAlchHarmful,0x73F20,0x73F20,,2.4000001,30,0,3,14.0341387,,1.60000002,2099463,7,0x78098;0x42509,Fear,,1.60000002,2099463,7,0x78098;0x42509
Daedra Silk,0xFE00480A,Lingering Damage Stamina,0x10DE5E,14,3,4,0,1,0,0,0,1,1,0,MagicAlchHarmful,0x10DE5E,0x10DE5E,,3,4,0,0,17.1091099,,14,4196357,0,0x42509,Lingering Damage Stamina,,14,4196357,0,0x42509
Daedra Silk,0xFE00480A,Paralysis,0x800FB01,6.5,2.4000001,10,1,0,0,0,0,1,1,0,MagicAlchHarmful,0x800FB01,0x800FB01,,2.4000001,10,0,1,17.027298,,6.5,2103297,1,0x42509,Paralysis,,6.5,2103297,1,0x42509
Daedra Silk,0xFE00480A,Night Eye,0xFE004803,30,0,5,0,1,0,0,1,0,0,0,MagicNightEye;MagicAlchBeneficial,0xFE004803,0xFE004803,,0,5,0,2,13.9954948,,30,138545408,1,0xAD7C6;0xF8A4E,Night Eye,,30,138545408,1,0xAD7C6;0xF8A4E
Daedra Silk,0xFE00480A,Invisibility,0x3EB3D,35,0,5,0,1,1,0,1,0,0,1,MagicInvisibility;MagicAlchBeneficial;MagicAlchDurationBased,0x3EB3D,0x3EB3D,,0,5,0,3,16.3280773,,35,4201474,11,0x1EA6F;0xF8A4E;0xF8A4F,Invisibility,,35,4201474,11,0x1EA6F;0xF8A4E;0xF8A4F
Daedra Venin,0xFE00480B,Ravage Health,0x73F26,0.800000012,5,30,1,0,0,0,0,1,1,0,MagicAlchHarmful,0x73F26,0x73F26,,5,30,0,0,15.732234,,0.800000012,2099207,0,0x42509,Ravage Health,,0.800000012,2099207,0,0x42509
Daedra Venin,0xFE00480B,Paralysis,0x800FB01,6.5,2.4000001,10,1,0,0,0,0,1,1,0,MagicAlchHarmful,0x800FB01,0x800FB01,,2.4000001,10,0,1,17.027298,,6.5,2103297,1,0x42509,Paralysis,,6.5,2103297,1,0x42509
Daedra Venin,0xFE00480B,Fortify Destruction,0x3EB26,0.180000007,4,120,1,0,0,0,1,0,0,0,MagicAlchFortifyDestruction;MagicAlchBeneficial,0x3EB26,0x3EB26,,4,120,1,2,12.7244177,,0.180000007,2099202,34,0x65A2B;0xF8A4E,Fortify Destruction,,0.180000007,2099202,34,0x65A2B;0xF8A4E
Daedra Venin,0xFE00480B,Spell Absorption,0xFE004812,0.200000003,4,120,1,0,0,0,1,0,0,0,MagicAlchBeneficial,0xFE004812,0xFE004812,,4,120,1,3,14.1382418,,0.200000003,2097154,34,0xF8A4E,Spell Absorption,,0.200000003,2097154,34,0xF8A4E
Daedroth Teeth,0xFE004826,Resist Frost,0x3EAEB,0.170000002,5,120,1,0,0,0,1,0,0,0,MagicAlchResistFrost;MagicAlchBeneficial,0x3EAEB,0x3EAEB,,5,120,1,0,15.3608541,,0.170000002,2101250,34,0x65A38;0xF8A4E,Resist Frost,,0.170000002,2101250,34,0x65A38;0xF8A4E
Daedroth Teeth,0xFE004826,Light,0xFE004846,8,0,15,0,1,0,0,1,0,0,0,WISpellColorful;MagicAlchBeneficial,0xFE004846,0xFE004846,,0,15,0,1,12.4965572,,8,4198400,12,0xA9B1E;0xF8A4E,Light,,8,4198400,12,0xA9B1E;0xF8A4E
Daedroth Teeth,0xFE004826,Damage Magicka Regen,0x73F2B,0.159999996,100,6,0,1,0,0,0,1,1,0,MagicAlchHarmful,0x73F2B,0x73F2B,,100,6,0,2,14.4572735,,0.159999996,4196359,0,0x42509,Damage Magicka Regen,,0.159999996,4196359,0,0x42509
Daedroth Teeth,0xFE004826,Regenerate Stamina,0x3EB08,0.129999995,6.67000008,120,1,0,0,0,1,0,0,0,MagicAlchFortifyStaminaRate;MagicAlchBeneficial,0x3EB08,0x3EB08,,6.67000008,120,1,3,16.1280251,,0.129999995,2099202,34,0x65A35;0xF8A4E,Regenerate Stamina,,0.129999995,2099202,34,0x65A35;0xF8A4E
Deathbell,0x516C8,Damage Health,0x3EB42,29,1,5,1,0,0,0,0,1,1,0,MagicAlchHarmful,0x3EB42,0x3EB42,,1,5,0,0,13.5289783,,29,2099205,0,0x42509,Damage Health,,29,2099205,0,0x42509
Deathbell,0x516C8,Ravage Stamina,0x73F23,0.479999989,6,30,1,0,0,0,0,1,1,0,MagicAlchHarmful,0x73F23,0x73F23,,6,30,0,1,11.5356226,,0.479999989,2099207,0,0x42509,Ravage Stamina,,0.479999989,2099207,0,0x42509
Deathbell,0x516C8,Slow,0x73F25,0.449999988,50,4,0,1,0,0,0,1,1,0,MagicAlchHarmful;MagicSlow,0x73F25,0x73F25,,50,4,1,2,12.1435461,,0.449999988,4200455,34,0x42509;0xB729E,Slow,,0.449999988,4200455,34,0x42509;0xB729E
Deathbell,0x516C8,Weakness to Poison,0x90042,0.899999976,3.33999991,30,1,0,0,0,0,1,1,0,MagicAlchHarmful;USKPMagicAlchWeaknessPoison,0x90042,0x90042,,3.33999991,30,1,3,11.355257,,0.899999976,2101255,34,0x42509;0x706EE3A,Weakness to Poison,,0.899999976,2101255,34,0x42509;0x706EE3A
Dragon's Tongue,0x889A2,Resist Fire,0x3EAEA,0.170000002,4,120,1,0,0,0,1,0,0,0,MagicAlchResistFire;MagicAlchBeneficial,0x3EAEA,0x3EAEA,,4,120,1,0,12.0175056,,0.170000002,2101250,34,0x65A37;0xF8A4E,Resist Fire,,0.170000002,2101250,34,0x65A37;0xF8A4E
Dragon's Tongue,0x889A2,Fortify Barter,0x3EB23,0.159999996,1.66999996,300,1,0,0,0,1,0,0,0,MagicAlchFortifySpeechcraft;MagicAlchBeneficial,0x3EB23,0x3EB23,,1.66999996,300,1,1,11.8560896,,0.159999996,2099202,34,0x65A29;0xF8A4E,Fortify Barter,,0.159999996,2099202,34,0x65A29;0xF8A4E
Dragon's Tongue,0x889A2,Fortify Illusion,0x3EB27,0.180000007,3.33999991,120,1,0,0,0,1,0,0,0,MagicAlchFortifyIllusion;MagicAlchBeneficial,0x3EB27,0x3EB27,,3.33999991,120,1,2,10.4350138,,0.180000007,2099202,34,0x65A2C;0xF8A4E,Fortify Illusion,,0.180000007,2099202,34,0x65A2C;0xF8A4E
Dragon's Tongue,0x889A2,Fortify Two-handed,0x3EB1A,0.189999998,3.33999991,120,1,0,0,0,1,0,0,0,MagicAlchFortifyTwoHanded;MagicAlchBeneficial,0x3EB1A,0x3EB1A,,3.33999991,120,1,3,11.0147352,,0.189999998,2099202,34,0x65A20;0xF8A4E,Fortify Two-handed,,0.189999998,2099202,34,0x65A20;0xF8A4E
Dreugh Wax,0xFE004827,Weakness to Magic,0x73F51,1,4,30,1,0,0,0,0,1,1,0,MagicAlchWeaknessMagic;MagicAlchHarmful,0x73F51,0x73F51,,4,30,1,0,15.385067,,1,2101255,34,0x74F51;0x42509,Weakness to Magic,,1,2101255,34,0x74F51;0x42509
Dreugh Wax,0xFE004827,Frenzy,0x73F29,6,2.4000001,10,1,0,0,0,0,1,1,0,MagicInfluence;MagicAlchHarmful,0x73F29,0x73F29,,2.4000001,10,0,1,15.7175064,,6,2099463,8,0x78098;0x42509,Frenzy,,6,2099463,8,0x78098;0x42509
Dreugh Wax,0xFE004827,Fortify Enchanting,0x3EB29,0.170000002,1.79999995,300,1,0,0,0,1,0,0,0,MagicAlchFortifyEnchanting;MagicAlchBeneficial,0x3EB29,0x3EB29,,1.79999995,300,1,2,13.6798744,,0.170000002,2099202,34,0x65A2E;0xF8A4E,Fortify Enchanting,,0.170000002,2099202,34,0x65A2E;0xF8A4E
Dreugh Wax,0xFE004827,Fortify Smithing,0x3EB1D,0.170000002,1.79999995,300,1,0,0,0,1,0,0,0,MagicAlchFortifySmithing;MagicAlchBeneficial,0x3EB1D,0x3EB1D,,1.79999995,300,1,3,13.6798744,,0.170000002,2099202,34,0x65A22;0xF8A4E,Fortify Smithing,,0.170000002,2099202,34,0x65A22;0xF8A4E
Dwarven Oil,0xF11C0,Weakness to Magic,0x73F51,1,3.33999991,30,1,0,0,0,0,1,1,0,MagicAlchWeaknessMagic;MagicAlchHarmful,0x73F51,0x73F51,,3.33999991,30,1,0,12.6169529,,1,2101255,34,0x74F51;0x42509,Weakness to Magic,,1,2101255,34,0x74F51;0x42509
Dwarven Oil,0xF11C0,Fortify Illusion,0x3EB27,0.180000007,3.33999991,120,1,0,0,0,1,0,0,0,MagicAlchFortifyIllusion;MagicAlchBeneficial,0x3EB27,0x3EB27,,3.33999991,120,1,1,10.4350138,,0.180000007,2099202,34,0x65A2C;0xF8A4E,Fortify Illusion,,0.180000007,2099202,34,0x65A2C;0xF8A4E
Dwarven Oil,0xF11C0,Regenerate Magicka,0x3EB07,0.129999995,5.34000015,120,1,0,0,0,1,0,0,0,MagicAlchFortifyMagickaRate;MagicAlchBeneficial,0x3EB07,0x3EB07,,5.34000015,120,1,2,12.6281042,,0.129999995,2099202,34,0x65A34;0xF8A4E,Regenerate Magicka,,0.129999995,2099202,34,0x65A34;0xF8A4E
Dwarven Oil,0xF11C0,Restore Magicka,0x3EB17,11.6000004,1.60000002,5,1,0,0,0,1,0,0,0,MagicAlchRestoreMagicka;MagicAlchBeneficial,0x3EB17,0x3EB17,,1.60000002,5,1,3,9.07521725,,11.6000004,2099200,34,0x42508;0xF8A4E,Restore Magicka,,11.6000004,2099200,34,0x42508;0xF8A4E
Ectoplasm,0x3AD63,Restore Magicka,0x3EB17,11.6000004,1.60000002,5,1,0,0,0,1,0,0,0,MagicAlchRestoreMagicka;MagicAlchBeneficial,0x3EB17,0x3EB17,,1.60000002,5,1,0,9.07521725,,11.6000004,2099200,34,0x42508;0xF8A4E,Restore Magicka,,11.6000004,2099200,34,0x42508;0xF8A4E
Ectoplasm,0x3AD63,Fortify Destruction,0x3EB26,0.180000007,3.33999991,120,1,0,0,0,1,0,0,0,MagicAlchFortifyDestruction;MagicAlchBeneficial,0x3EB26,0x3EB26,,3.33999991,120,1,1,10.4350138,,0.180000007,2099202,34,0x65A2B;0xF8A4E,Fortify Destruction,,0.180000007,2099202,34,0x65A2B;0xF8A4E
Ectoplasm,0x3AD63,Fortify Magicka,0x3EAF8,0.100000001,6.67000008,120,1,0,0,0,1,0,0,0,MagicAlchFortifyMagicka;MagicAlchBeneficial,0x3EAF8,0x3EAF8,,6.67000008,120,1,2,12.4061728,,0.100000001,2099202,34,0x65A33;0xF8A4E,Fortify Magicka,,0.100000001,2099202,34,0x65A33;0xF8A4E
Ectoplasm,0x3AD63,Damage Health,0x3EB42,29,1,5,1,0,0,0,0,1,1,0,MagicAlchHarmful,0x3EB42,0x3EB42,,1,5,0,3,13.5289783,,29,2099205,0,0x42509,Damage Health,,29,2099205,0,0x42509
Elves Ear,0x34D31,Restore Magicka,0x3EB17,11.6000004,1.60000002,5,1,0,0,0,1,0,0,0,MagicAlchRestoreMagicka;MagicAlchBeneficial,0x3EB17,0x3EB17,,1.60000002,5,1,0,9.07521725,,11.6000004,2099200,34,0x42508;0xF8A4E,Restore Magicka,,11.6000004,2099200,34,0x42508;0xF8A4E
Elves Ear,0x34D31,Fortify Archery,0x3EB1B,0.189999998,3.33999991,120,1,0,0,0,1,0,0,0,MagicAlchFortifyMarksman;MagicAlchBeneficial,0x3EB1B,0x3EB1B,,3.33999991,120,1,1,11.0147352,,0.189999998,2099202,34,0x65A21;0xF8A4E,Fortify Archery,,0.189999998,2099202,34,0x65A21;0xF8A4E
Elves Ear,0x34D31,Weakness to Frost,0x73F2E,0.400000006,6.67000008,30,1,0,0,0,0,1,1,0,MagicAlchWeaknessFrost;MagicAlchHarmful,0x73F2E,0x73F2E,,6.67000008,30,1,2,10.8002005,,0.400000006,2101255,34,0x74F4F;0x42509,Weakness to Frost,,0.400000006,2101255,34,0x74F4F;0x42509
Elves Ear,0x34D31,Resist Fire,0x3EAEA,0.170000002,4,120,1,0,0,0,1,0,0,0,MagicAlchResistFire;MagicAlchBeneficial,0x3EAEA,0x3EAEA,,4,120,1,3,12.0175056,,0.170000002,2101250,34,0x65A37;0xF8A4E,Resist Fire,,0.170000002,2101250,34,0x65A37;0xF8A4E
Elytra Ichor,0xFE004828,Restore Magicka,0x3EB17,11.6000004,2.1500001,5,1,0,0,0,1,0,0,0,MagicAlchRestoreMagicka;MagicAlchBeneficial,0x3EB17,0x3EB17,,2.1500001,5,1,0,12.5605116,,11.6000004,2099200,34,0x42508;0xF8A4E,Restore Magicka,,11.6000004,2099200,34,0x42508;0xF8A4E
Elytra Ichor,0xFE004828,Invisibility,0x3EB3D,35,0,5,0,1,1,0,1,0,0,1,MagicInvisibility;MagicAlchBeneficial;MagicAlchDurationBased,0x3EB3D,0x3EB3D,,0,5,0,1,16.3280773,,35,4201474,11,0x1EA6F;0xF8A4E;0xF8A4F,Invisibility,,35,4201474,11,0x1EA6F;0xF8A4E;0xF8A4F
Elytra Ichor,0xFE004828,Slow,0x73F25,0.449999988,50,5,0,1,0,0,0,1,1,0,MagicAlchHarmful;MagicSlow,0x73F25,0x73F25,,50,5,1,2,15.5219593,,0.449999988,4200455,34,0x42509;0xB729E,Slow,,0.449999988,4200455,34,0x42509;0xB729E
Elytra Ichor,0xFE004828,Fear,0x73F20,1.60000002,2.4000001,30,1,0,0,0,0,1,1,0,MagicInfluence;MagicAlchHarmful,0x73F20,0x73F20,,2.4000001,30,0,3,14.0341387,,1.60000002,2099463,7,0x78098;0x42509,Fear,,1.60000002,2099463,7,0x78098;0x42509
Emperor Parasol Moss *,0x401FF75,Damage Health,0x3EB42,29,1.34000003,5,1,0,0,0,0,1,1,0,MagicAlchHarmful,0x3EB42,0x3EB42,,1.34000003,5,0,0,18.6672478,,29,2099205,0,0x42509,Damage Health,,29,2099205,0,0x42509
Emperor Parasol Moss *,0x401FF75,Fortify Magicka,0x3EAF8,0.100000001,8,120,1,0,0,0,1,0,0,0,MagicAlchFortifyMagicka;MagicAlchBeneficial,0x3EAF8,0x3EAF8,,8,120,1,1,15.1529922,,0.100000001,2099202,34,0x65A33;0xF8A4E,Fortify Magicka,,0.100000001,2099202,34,0x65A33;0xF8A4E
Emperor Parasol Moss *,0x401FF75,Regenerate Health,0x3EB06,0.129999995,6.67000008,120,1,0,0,0,1,0,0,0,MagicAlchFortifyHealRate;MagicAlchBeneficial,0x3EB06,0x3EB06,,6.67000008,120,1,2,16.1280251,,0.129999995,2099202,34,0x65A30;0xF8A4E,Regenerate Health,,0.129999995,2099202,34,0x65A30;0xF8A4E
Emperor Parasol Moss *,0x401FF75,Fortify Two-handed,0x3EB1A,0.189999998,4,120,1,0,0,0,1,0,0,0,MagicAlchFortifyTwoHanded;MagicAlchBeneficial,0x3EB1A,0x3EB1A,,4,120,1,3,13.4313297,,0.189999998,2099202,34,0x65A20;0xF8A4E,Fortify Two-handed,,0.189999998,2099202,34,0x65A20;0xF8A4E
Eye of Sabre Cat,0x6BC07,Restore Stamina,0x3EB16,11.6000004,1.60000002,5,1,0,0,0,1,0,0,0,MagicAlchRestoreStamina;MagicAlchBeneficial,0x3EB16,0x3EB16,,1.60000002,5,1,0,9.07521725,,11.6000004,2099200,34,0x42504;0xF8A4E,Restore Stamina,,11.6000004,2099200,34,0x42504;0xF8A4E
Eye of Sabre Cat,0x6BC07,Ravage Health,0x73F26,0.800000012,4,30,1,0,0,0,0,1,1,0,MagicAlchHarmful,0x73F26,0x73F26,,4,30,0,1,12.308054,,0.800000012,2099207,0,0x42509,Ravage Health,,0.800000012,2099207,0,0x42509
Eye of Sabre Cat,0x6BC07,Damage Magicka,0x3A2B6,20,1.34000003,5,1,0,0,0,0,1,1,0,MagicAlchHarmful,0x3A2B6,0x3A2B6,,1.34000003,5,0,2,12.8739643,,20,2099205,0,0x42509,Damage Magicka,,20,2099205,0,0x42509
Eye of Sabre Cat,0x6BC07,Restore Health,0x3EB15,12.1999998,1.60000002,5,1,0,0,0,1,0,0,0,MagicAlchRestoreHealth;MagicAlchBeneficial,0x3EB15,0x3EB15,,1.60000002,5,1,3,9.54462433,,12.1999998,2099200,34,0x42503;0xF8A4E,Restore Health,,12.1999998,2099200,34,0x42503;0xF8A4E
Falmer Ear,0x3AD5D,Damage Health,0x3EB42,29,1,5,1,0,0,0,0,1,1,0,MagicAlchHarmful,0x3EB42,0x3EB42,,1,5,0,0,13.5289783,,29,2099205,0,0x42509,Damage Health,,29,2099205,0,0x42509
Falmer Ear,0x3AD5D,Frenzy,0x73F29,6,2,10,1,0,0,0,0,1,1,0,MagicInfluence;MagicAlchHarmful,0x73F29,0x73F29,,2,10,0,1,12.8612823,,6,2099463,8,0x78098;0x42509,Frenzy,,6,2099463,8,0x78098;0x42509
Falmer Ear,0x3AD5D,Resist Poison,0x90041,0.159999996,4,120,1,0,0,0,1,0,0,0,MagicAlchResistPoison;MagicAlchBeneficial,0x90041,0x90041,,4,120,1,2,11.3105927,,0.159999996,2101250,34,0x10EB5F;0xF8A4E,Resist Poison,,0.159999996,2101250,34,0x10EB5F;0xF8A4E
Falmer Ear,0x3AD5D,Fortify Lockpicking,0x3EB21,0.200000003,3.33999991,120,1,0,0,0,1,0,0,0,MagicAlchFortifyLockpicking;MagicAlchBeneficial,0x3EB21,0x3EB21,,3.33999991,120,1,3,11.5944586,,0.200000003,2099202,34,0x65A26;0xF8A4E,Fortify Lockpicking,,0.200000003,2099202,34,0x65A26;0xF8A4E
Felsaad Tern Feathers,0x403CD8E,Restore Health,0x3EB15,12.1999998,1.60000002,5,1,0,0,0,1,0,0,0,MagicAlchRestoreHealth;MagicAlchBeneficial,0x3EB15,0x3EB15,,1.60000002,5,1,0,9.54462433,,12.1999998,2099200,34,0x42503;0xF8A4E,Restore Health,,12.1999998,2099200,34,0x42503;0xF8A4E
Felsaad Tern Feathers,0x403CD8E,Fortify Light Armor,0x3EB1F,0.189999998,3.33999991,120,1,0,0,0,1,0,0,0,MagicAlchFortifyLightArmor;MagicAlchBeneficial,0x3EB1F,0x3EB1F,,3.33999991,120,1,1,11.0147352,,0.189999998,2099202,34,0x65A24;0xF8A4E,Fortify Light Armor,,0.189999998,2099202,34,0x65A24;0xF8A4E
Felsaad Tern Feathers,0x403CD8E,Cure Disease,0x815DDB4,1.25,5,0,1,0,0,0,1,0,0,0,MagicAlchBeneficial,0x815DDB4,0x815DDB4,,5,0,0,2,7.34136868,,1.25,2103296,1,0xF8A4E,Cure Disease,,1.25,2103296,1,0xF8A4E
Felsaad Tern Feathers,0x403CD8E,Resist Magic,0x39E51,0.400000006,2,120,1,0,0,0,1,0,0,0,MagicAlchResistMagic;MagicAlchBeneficial,0x39E51,0x39E51,,2,120,1,3,13.1914463,,0.400000006,2103298,34,0x65A3A;0xF8A4E,Resist Magic,,0.400000006,2103298,34,0x65A3A;0xF8A4E
Fire Petal,0xFE004829,Damage Health,0x3EB42,29,1.34000003,5,1,0,0,0,0,1,1,0,MagicAlchHarmful,0x3EB42,0x3EB42,,1.34000003,5,0,0,18.6672478,,29,2099205,0,0x42509,Damage Health,,29,2099205,0,0x42509
Fire Petal,0xFE004829,Resist Fire,0x3EAEA,0.170000002,5,120,1,0,0,0,1,0,0,0,MagicAlchResistFire;MagicAlchBeneficial,0x3EAEA,0x3EAEA,,5,120,1,1,15.3608541,,0.170000002,2101250,34,0x65A37;0xF8A4E,Resist Fire,,0.170000002,2101250,34,0x65A37;0xF8A4E
Fire Petal,0xFE004829,Spell Absorption,0xFE004812,0.200000003,4,120,1,0,0,0,1,0,0,0,MagicAlchBeneficial,0xFE004812,0xFE004812,,4,120,1,2,14.1382418,,0.200000003,2097154,34,0xF8A4E,Spell Absorption,,0.200000003,2097154,34,0xF8A4E
Fire Petal,0xFE004829,Paralysis,0x800FB01,6.5,2.4000001,10,1,0,0,0,0,1,1,0,MagicAlchHarmful,0x800FB01,0x800FB01,,2.4000001,10,0,3,17.027298,,6.5,2103297,1,0x42509,Paralysis,,6.5,2103297,1,0x42509
Fire Salts *,0x3AD5E,Weakness to Frost,0x73F2E,0.400000006,8,30,1,0,0,0,0,1,1,0,MagicAlchWeaknessFrost;MagicAlchHarmful,0x73F2E,0x73F2E,,8,30,1,0,13.1914463,,0.400000006,2101255,34,0x74F4F;0x42509,Weakness to Frost,,0.400000006,2101255,34,0x74F4F;0x42509
Fire Salts *,0x3AD5E,Resist Fire,0x3EAEA,0.170000002,5,120,1,0,0,0,1,0,0,0,MagicAlchResistFire;MagicAlchBeneficial,0x3EAEA,0x3EAEA,,5,120,1,1,15.3608541,,0.170000002,2101250,34,0x65A37;0xF8A4E,Resist Fire,,0.170000002,2101250,34,0x65A37;0xF8A4E
Fire Salts *,0x3AD5E,Restore Magicka,0x3EB17,11.6000004,2.1500001,5,1,0,0,0,1,0,0,0,MagicAlchRestoreMagicka;MagicAlchBeneficial,0x3EB17,0x3EB17,,2.1500001,5,1,2,12.5605116,,11.6000004,2099200,34,0x42508;0xF8A4E,Restore Magicka,,11.6000004,2099200,34,0x42508;0xF8A4E
Fire Salts *,0x3AD5E,Regenerate Magicka,0x3EB07,0.129999995,6.67000008,120,1,0,0,0,1,0,0,0,MagicAlchFortifyMagickaRate;MagicAlchBeneficial,0x3EB07,0x3EB07,,6.67000008,120,1,3,16.1280251,,0.129999995,2099202,34,0x65A34;0xF8A4E,Regenerate Magicka,,0.129999995,2099202,34,0x65A34;0xF8A4E
Flame Stalk,0xFE00482A,Restore Health,0x3EB15,12.1999998,2.1500001,5,1,0,0,0,1,0,0,0,MagicAlchRestoreHealth;MagicAlchBeneficial,0x3EB15,0x3EB15,,2.1500001,5,1,0,13.2101917,,12.1999998,2099200,34,0x42503;0xF8A4E,Restore Health,,12.1999998,2099200,34,0x42503;0xF8A4E
Flame Stalk,0xFE00482A,Resist Frost,0x3EAEB,0.170000002,5,120,1,0,0,0,1,0,0,0,MagicAlchResistFrost;MagicAlchBeneficial,0x3EAEB,0x3EAEB,,5,120,1,1,15.3608541,,0.170000002,2101250,34,0x65A38;0xF8A4E,Resist Frost,,0.170000002,2101250,34,0x65A38;0xF8A4E
Flame Stalk,0xFE00482A,Weakness to Fire,0x73F2D,0.400000006,8,30,1,0,0,0,0,1,1,0,MagicAlchWeaknessFire;MagicAlchHarmful,0x73F2D,0x73F2D,,8,30,1,2,13.1914463,,0.400000006,2101255,34,0x74F4E;0x42509,Weakness to Fire,,0.400000006,2101255,34,0x74F4E;0x42509
Flame Stalk,0xFE00482A,Invisibility,0x3EB3D,35,0,5,0,1,1,0,1,0,0,1,MagicInvisibility;MagicAlchBeneficial;MagicAlchDurationBased,0x3EB3D,0x3EB3D,,0,5,0,3,16.3280773,,35,4201474,11,0x1EA6F;0xF8A4E;0xF8A4F,Invisibility,,35,4201474,11,0x1EA6F;0xF8A4E;0xF8A4F
Flame Stalk,0x6095E23,Restore Health,0x3EB15,12.1999998,6,0,1,0,0,0,1,0,0,0,MagicAlchRestoreHealth;MagicAlchBeneficial,0x3EB15,0x3EB15,,6,0,1,0,3.58869386,,12.1999998,2099200,34,0x42503;0xF8A4E,Restore Health,,12.1999998,2099200,34,0x42503;0xF8A4E
Flame Stalk,0x6095E23,Resist Frost,0x3EAEB,0.170000002,4,60,1,0,0,0,1,0,0,0,MagicAlchResistFrost;MagicAlchBeneficial,0x3EAEB,0x3EAEB,,4,60,1,1,16.4893074,,0.170000002,2101250,34,0x65A38;0xF8A4E,Resist Frost,,0.170000002,2101250,34,0x65A38;0xF8A4E
Flame Stalk,0x6095E23,Weakness to Fire,0x73F2D,0.400000006,4,30,1,0,0,0,0,1,1,0,MagicAlchWeaknessFire;MagicAlchHarmful,0x73F2D,0x73F2D,,4,30,1,2,9.23104095,,0.400000006,2101255,34,0x74F4E;0x42509,Weakness to Fire,,0.400000006,2101255,34,0x74F4E;0x42509
Flame Stalk,0x6095E23,Invisibility,0x3EB3D,35,0,6,0,1,1,0,1,0,0,1,MagicInvisibility;MagicAlchBeneficial;MagicAlchDurationBased,0x3EB3D,0x3EB3D,,0,6,0,3,57.0120163,,35,4201474,11,0x1EA6F;0xF8A4E;0xF8A4F,Invisibility,,35,4201474,11,0x1EA6F;0xF8A4E;0xF8A4F
Fly Amanita,0x4DA00,Resist Fire,0x3EAEA,0.170000002,4,120,1,0,0,0,1,0,0,0,MagicAlchResistFire;MagicAlchBeneficial,0x3EAEA,0x3EAEA,,4,120,1,0,12.0175056,,0.170000002,2101250,34,0x65A37;0xF8A4E,Resist Fire,,0.170000002,2101250,34,0x65A37;0xF8A4E
Fly Amanita,0x4DA00,Fortify Two-handed,0x3EB1A,0.189999998,3.33999991,120,1,0,0,0,1,0,0,0,MagicAlchFortifyTwoHanded;MagicAlchBeneficial,0x3EB1A,0x3EB1A,,3.33999991,120,1,1,11.0147352,,0.189999998,2099202,34,0x65A20;0xF8A4E,Fortify Two-handed,,0.189999998,2099202,34,0x65A20;0xF8A4E
Fly Amanita,0x4DA00,Frenzy,0x73F29,6,2,10,1,0,0,0,0,1,1,0,MagicInfluence;MagicAlchHarmful,0x73F29,0x73F29,,2,10,0,2,12.8612823,,6,2099463,8,0x78098;0x42509,Frenzy,,6,2099463,8,0x78098;0x42509
Fly Amanita,0x4DA00,Regenerate Stamina,0x3EB08,0.129999995,5.34000015,120,1,0,0,0,1,0,0,0,MagicAlchFortifyStaminaRate;MagicAlchBeneficial,0x3EB08,0x3EB08,,5.34000015,120,1,3,12.6281042,,0.129999995,2099202,34,0x65A35;0xF8A4E,Regenerate Stamina,,0.129999995,2099202,34,0x65A35;0xF8A4E
Frost Mirriam,0x34D32,Resist Frost,0x3EAEB,0.170000002,4,120,1,0,0,0,1,0,0,0,MagicAlchResistFrost;MagicAlchBeneficial,0x3EAEB,0x3EAEB,,4,120,1,0,12.0175056,,0.170000002,2101250,34,0x65A38;0xF8A4E,Resist Frost,,0.170000002,2101250,34,0x65A38;0xF8A4E
Frost Mirriam,0x34D32,Fortify Sneak,0x3EB22,0.25,2.67000008,120,1,0,0,0,1,0,0,0,MagicAlchFortifySneak;MagicAlchBeneficial,0x3EB22,0x3EB22,,2.67000008,120,1,1,11.3292675,,0.25,2099202,34,0x65A27;0xF8A4E,Fortify Sneak,,0.25,2099202,34,0x65A27;0xF8A4E
Frost Mirriam,0x34D32,Ravage Magicka,0x73F27,0.479999989,6,30,1,0,0,0,0,1,1,0,MagicAlchHarmful,0x73F27,0x73F27,,6,30,0,2,11.5356226,,0.479999989,2099207,0,0x42509,Ravage Magicka,,0.479999989,2099207,0,0x42509
Frost Mirriam,0x34D32,Damage Stamina Regen,0x73F2C,0.159999996,100,5,0,1,0,0,0,1,1,0,MagicAlchHarmful,0x73F2C,0x73F2C,,100,5,0,3,11.8300619,,0.159999996,4196359,0,0x42509,Damage Stamina Regen,,0.159999996,4196359,0,0x42509
Frost Salts *,0x3AD5F,Weakness to Fire,0x73F2D,0.400000006,8,30,1,0,0,0,0,1,1,0,MagicAlchWeaknessFire;MagicAlchHarmful,0x73F2D,0x73F2D,,8,30,1,0,13.1914463,,0.400000006,2101255,34,0x74F4E;0x42509,Weakness to Fire,,0.400000006,2101255,34,0x74F4E;0x42509
Frost Salts *,0x3AD5F,Resist Frost,0x3EAEB,0.170000002,5,120,1,0,0,0,1,0,0,0,MagicAlchResistFrost;MagicAlchBeneficial,0x3EAEB,0x3EAEB,,5,120,1,1,15.3608541,,0.170000002,2101250,34,0x65A38;0xF8A4E,Resist Frost,,0.170000002,2101250,34,0x65A38;0xF8A4E
Frost Salts *,0x3AD5F,Restore Magicka,0x3EB17,11.6000004,2.1500001,5,1,0,0,0,1,0,0,0,MagicAlchRestoreMagicka;MagicAlchBeneficial,0x3EB17,0x3EB17,,2.1500001,5,1,2,12.5605116,,11.6000004,2099200,34,0x42508;0xF8A4E,Restore Magicka,,11.6000004,2099200,34,0x42508;0xF8A4E
Frost Salts *,0x3AD5F,Fortify Conjuration,0x3EB25,0.119999997,6,120,1,0,0,0,1,0,0,0,MagicAlchFortifyConjuration;MagicAlchBeneficial,0x3EB25,0x3EB25,,6,120,1,3,13.2509508,,0.119999997,2099202,34,0x65A2A;0xF8A4E,Fortify Conjuration,,0.119999997,2099202,34,0x65A2A;0xF8A4E
Fungus Stalk,0xFE00482B,Restore Magicka,0x3EB17,11.6000004,2.1500001,5,1,0,0,0,1,0,0,0,MagicAlchRestoreMagicka;MagicAlchBeneficial,0x3EB17,0x3EB17,,2.1500001,5,1,0,12.5605116,,11.6000004,2099200,34,0x42508;0xF8A4E,Restore Magicka,,11.6000004,2099200,34,0x42508;0xF8A4E
Fungus Stalk,0xFE00482B,Fortify Health,0x3EAF3,0.100000001,8,120,1,0,0,0,1,0,0,0,MagicAlchFortifyHealth;MagicAlchBeneficial,0x3EAF3,0x3EAF3,,8,120,1,1,15.1529922,,0.100000001,2099202,34,0x65A31;0xF8A4E,Fortify Health,,0.100000001,2099202,34,0x65A31;0xF8A4E
Fungus Stalk,0xFE00482B,Fortify Stamina,0x3EAF9,0.100000001,8,120,1,0,0,0,1,0,0,0,MagicAlchFortifyStamina;MagicAlchBeneficial,0x3EAF9,0x3EAF9,,8,120,1,2,15.1529922,,0.100000001,2099202,34,0x65A32;0xF8A4E,Fortify Stamina,,0.100000001,2099202,34,0x65A32;0xF8A4E
Fungus Stalk,0xFE00482B,Waterbreathing,0x3AC2D,30,0,5,0,1,1,0,1,0,0,1,MagicAlchBeneficial;MagicAlchDurationBased,0x3AC2D,0x3AC2D,,0,5,1,3,13.9954948,,30,4197378,34,0xF8A4E;0xF8A4F,Waterbreathing,,30,4197378,34,0xF8A4E;0xF8A4F
Garlic,0x34D22,Resist Poison,0x90041,0.159999996,4,120,1,0,0,0,1,0,0,0,MagicAlchResistPoison;MagicAlchBeneficial,0x90041,0x90041,,4,120,1,0,11.3105927,,0.159999996,2101250,34,0x10EB5F;0xF8A4E,Resist Poison,,0.159999996,2101250,34,0x10EB5F;0xF8A4E
Garlic,0x34D22,Fortify Stamina,0x3EAF9,0.100000001,6.67000008,120,1,0,0,0,1,0,0,0,MagicAlchFortifyStamina;MagicAlchBeneficial,0x3EAF9,0x3EAF9,,6.67000008,120,1,1,12.4061728,,0.100000001,2099202,34,0x65A32;0xF8A4E,Fortify Stamina,,0.100000001,2099202,34,0x65A32;0xF8A4E
Garlic,0x34D22,Regenerate Magicka,0x3EB07,0.129999995,5.34000015,120,1,0,0,0,1,0,0,0,MagicAlchFortifyMagickaRate;MagicAlchBeneficial,0x3EB07,0x3EB07,,5.34000015,120,1,2,12.6281042,,0.129999995,2099202,34,0x65A34;0xF8A4E,Regenerate Magicka,,0.129999995,2099202,34,0x65A34;0xF8A4E
Garlic,0x34D22,Regenerate Health,0x3EB06,0.129999995,5.34000015,120,1,0,0,0,1,0,0,0,MagicAlchFortifyHealRate;MagicAlchBeneficial,0x3EB06,0x3EB06,,5.34000015,120,1,3,12.6281042,,0.129999995,2099202,34,0x65A30;0xF8A4E,Regenerate Health,,0.129999995,2099202,34,0x65A30;0xF8A4E
Giant Lichen,0x7E8C1,Weakness to Shock,0x73F2F,0.400000006,6.67000008,30,1,0,0,0,0,1,1,0,MagicAlchWeaknessShock;MagicAlchHarmful,0x73F2F,0x73F2F,,6.67000008,30,1,0,10.8002005,,0.400000006,2101255,34,0x74F50;0x42509,Weakness to Shock,,0.400000006,2101255,34,0x74F50;0x42509
Giant Lichen,0x7E8C1,Ravage Health,0x73F26,0.800000012,4,30,1,0,0,0,0,1,1,0,MagicAlchHarmful,0x73F26,0x73F26,,4,30,0,1,12.308054,,0.800000012,2099207,0,0x42509,Ravage Health,,0.800000012,2099207,0,0x42509
Giant Lichen,0x7E8C1,Weakness to Poison,0x90042,0.899999976,3.33999991,30,1,0,0,0,0,1,1,0,MagicAlchHarmful;USKPMagicAlchWeaknessPoison,0x90042,0x90042,,3.33999991,30,1,2,11.355257,,0.899999976,2101255,34,0x42509;0x706EE3A,Weakness to Poison,,0.899999976,2101255,34,0x42509;0x706EE3A
Giant Lichen,0x7E8C1,Restore Magicka,0x3EB17,11.6000004,1.60000002,5,1,0,0,0,1,0,0,0,MagicAlchRestoreMagicka;MagicAlchBeneficial,0x3EB17,0x3EB17,,1.60000002,5,1,3,9.07521725,,11.6000004,2099200,34,0x42508;0xF8A4E,Restore Magicka,,11.6000004,2099200,34,0x42508;0xF8A4E
Giant's Toe,0x3AD64,Damage Stamina,0x3A2C6,20,1.34000003,5,1,0,0,0,0,1,1,0,MagicAlchHarmful,0x3A2C6,0x3A2C6,,1.34000003,5,0,0,12.8739643,,20,2099205,0,0x42509,Damage Stamina,,20,2099205,0,0x42509
Giant's Toe,0x3AD64,Fortify Health,0x3EAF3,0.100000001,6.67000008,120,1,0,0,0,1,0,0,0,MagicAlchFortifyHealth;MagicAlchBeneficial,0x3EAF3,0x3EAF3,,6.67000008,120,1,1,12.4061728,,0.100000001,2099202,34,0x65A31;0xF8A4E,Fortify Health,,0.100000001,2099202,34,0x65A31;0xF8A4E
Giant's Toe,0x3AD64,Fortify Carry Weight,0x3EB01,0.0599999987,4,300,1,0,0,0,1,0,0,0,MagicAlchFortifyCarryWeight;MagicAlchBeneficial,0x3EB01,0x3EB01,,4,300,1,2,11.621191,,0.0599999987,2099202,34,0x65A2F;0xF8A4E,Fortify Carry Weight,,0.0599999987,2099202,34,0x65A2F;0xF8A4E
Giant's Toe,0x3AD64,Damage Stamina Regen,0x73F2C,0.159999996,100,5,0,1,0,0,0,1,1,0,MagicAlchHarmful,0x73F2C,0x73F2C,,100,5,0,3,11.8300619,,0.159999996,4196359,0,0x42509,Damage Stamina Regen,,0.159999996,4196359,0,0x42509
Glassfish,0x50008EE,Restore Magicka,0x3EB17,11.6000004,5,0,1,0,0,0,1,0,0,0,MagicAlchRestoreMagicka;MagicAlchBeneficial,0x3EB17,0x3EB17,,5,0,1,0,3.52385712,,11.6000004,2099200,34,0x42508;0xF8A4E,Restore Magicka,,11.6000004,2099200,34,0x42508;0xF8A4E
Glassfish,0x50008EE,Invisibility,0x3EB3D,35,0,4,0,1,1,0,1,0,0,1,MagicInvisibility;MagicAlchBeneficial;MagicAlchDurationBased,0x3EB3D,0x3EB3D,,0,4,0,1,36.4977417,,35,4201474,11,0x1EA6F;0xF8A4E;0xF8A4F,Invisibility,,35,4201474,11,0x1EA6F;0xF8A4E;0xF8A4F
Glassfish,0x50008EE,Fortify Illusion,0x3EB27,0.180000007,1,60,1,0,0,0,1,0,0,0,MagicAlchFortifyIllusion;MagicAlchBeneficial,0x3EB27,0x3EB27,,1,60,1,2,2.87095523,,0.180000007,2099202,34,0x65A2C;0xF8A4E,Fortify Illusion,,0.180000007,2099202,34,0x65A2C;0xF8A4E
Glassfish,0x50008EE,Fortify Persuasion,0xD6947,0.330000013,1,30,1,0,0,0,1,0,0,0,MagicAlchFortifySpeechcraft;MagicAlchBeneficial,0xD6947,0xD6947,,1,30,1,3,1.6741848,,0.330000013,2099202,34,0x65A29;0xF8A4E,Fortify Persuasion,,0.330000013,2099202,34,0x65A29;0xF8A4E
Gleamblossom *,0x200B097,Resist Magic,0x39E51,0.400000006,2.4000001,120,1,0,0,0,1,0,0,0,MagicAlchResistMagic;MagicAlchBeneficial,0x39E51,0x39E51,,2.4000001,120,1,0,16.1209927,,0.400000006,2103298,34,0x65A3A;0xF8A4E,Resist Magic,,0.400000006,2103298,34,0x65A3A;0xF8A4E
Gleamblossom *,0x200B097,Fear,0x73F20,1.60000002,2.4000001,30,1,0,0,0,0,1,1,0,MagicInfluence;MagicAlchHarmful,0x73F20,0x73F20,,2.4000001,30,0,1,14.0341387,,1.60000002,2099463,7,0x78098;0x42509,Fear,,1.60000002,2099463,7,0x78098;0x42509
Gleamblossom *,0x200B097,Regenerate Health,0x3EB06,0.129999995,6.67000008,120,1,0,0,0,1,0,0,0,MagicAlchFortifyHealRate;MagicAlchBeneficial,0x3EB06,0x3EB06,,6.67000008,120,1,2,16.1280251,,0.129999995,2099202,34,0x65A30;0xF8A4E,Regenerate Health,,0.129999995,2099202,34,0x65A30;0xF8A4E
Gleamblossom *,0x200B097,Paralysis,0x800FB01,6.5,2.4000001,10,1,0,0,0,0,1,1,0,MagicAlchHarmful,0x800FB01,0x800FB01,,2.4000001,10,0,3,17.027298,,6.5,2103297,1,0x42509,Paralysis,,6.5,2103297,1,0x42509
Glow Dust,0x3AD73,Damage Magicka,0x3A2B6,20,1.34000003,5,1,0,0,0,0,1,1,0,MagicAlchHarmful,0x3A2B6,0x3A2B6,,1.34000003,5,0,0,12.8739643,,20,2099205,0,0x42509,Damage Magicka,,20,2099205,0,0x42509
Glow Dust,0x3AD73,Damage Magicka Regen,0x73F2B,0.159999996,100,5,0,1,0,0,0,1,1,0,MagicAlchHarmful,0x73F2B,0x73F2B,,100,5,0,1,11.8300619,,0.159999996,4196359,0,0x42509,Damage Magicka Regen,,0.159999996,4196359,0,0x42509
Glow Dust,0x3AD73,Fortify Destruction,0x3EB26,0.180000007,3.33999991,120,1,0,0,0,1,0,0,0,MagicAlchFortifyDestruction;MagicAlchBeneficial,0x3EB26,0x3EB26,,3.33999991,120,1,2,10.4350138,,0.180000007,2099202,34,0x65A2B;0xF8A4E,Fortify Destruction,,0.180000007,2099202,34,0x65A2B;0xF8A4E
Glow Dust,0x3AD73,Resist Shock,0x3EAEC,0.170000002,4,120,1,0,0,0,1,0,0,0,MagicAlchResistShock;MagicAlchBeneficial,0x3EAEC,0x3EAEC,,4,120,1,3,12.0175056,,0.170000002,2101250,34,0x65A39;0xF8A4E,Resist Shock,,0.170000002,2101250,34,0x65A39;0xF8A4E
Glowing Mushroom,0x7EE01,Resist Shock,0x3EAEC,0.170000002,4,120,1,0,0,0,1,0,0,0,MagicAlchResistShock;MagicAlchBeneficial,0x3EAEC,0x3EAEC,,4,120,1,0,12.0175056,,0.170000002,2101250,34,0x65A39;0xF8A4E,Resist Shock,,0.170000002,2101250,34,0x65A39;0xF8A4E
Glowing Mushroom,0x7EE01,Fortify Destruction,0x3EB26,0.180000007,3.33999991,120,1,0,0,0,1,0,0,0,MagicAlchFortifyDestruction;MagicAlchBeneficial,0x3EB26,0x3EB26,,3.33999991,120,1,1,10.4350138,,0.180000007,2099202,34,0x65A2B;0xF8A4E,Fortify Destruction,,0.180000007,2099202,34,0x65A2B;0xF8A4E
Glowing Mushroom,0x7EE01,Fortify Smithing,0x3EB1D,0.170000002,1.66999996,300,1,0,0,0,1,0,0,0,MagicAlchFortifySmithing;MagicAlchBeneficial,0x3EB1D,0x3EB1D,,1.66999996,300,1,2,12.5970955,,0.170000002,2099202,34,0x65A22;0xF8A4E,Fortify Smithing,,0.170000002,2099202,34,0x65A22;0xF8A4E
Glowing Mushroom,0x7EE01,Waterwalking,0x40390E1,30,0,4,0,1,1,0,1,0,0,0,MagicAlchFortifyCarryWeight;MagicAlchBeneficial,0x40390E1,0x40390E1,,0,4,1,3,10.9493227,,30,4197378,34,0x65A2F;0xF8A4E,Waterwalking,,30,4197378,34,0x65A2F;0xF8A4E
Gnarl Bark,0xFE00482C,Damage Health,0x3EB42,29,1.34000003,5,1,0,0,0,0,1,1,0,MagicAlchHarmful,0x3EB42,0x3EB42,,1.34000003,5,0,0,18.6672478,,29,2099205,0,0x42509,Damage Health,,29,2099205,0,0x42509
Gnarl Bark,0xFE00482C,Regenerate Health,0x3EB06,0.129999995,6.67000008,120,1,0,0,0,1,0,0,0,MagicAlchFortifyHealRate;MagicAlchBeneficial,0x3EB06,0x3EB06,,6.67000008,120,1,1,16.1280251,,0.129999995,2099202,34,0x65A30;0xF8A4E,Regenerate Health,,0.129999995,2099202,34,0x65A30;0xF8A4E
Gnarl Bark,0xFE00482C,Fortify Heavy Armor,0x3EB1E,0.189999998,4,120,1,0,0,0,1,0,0,0,MagicAlchFortifyHeavyArmor;MagicAlchBeneficial,0x3EB1E,0x3EB1E,,4,120,1,2,13.4313297,,0.189999998,2099202,34,0x65A23;0xF8A4E,Fortify Heavy Armor,,0.189999998,2099202,34,0x65A23;0xF8A4E
Gnarl Bark,0xFE00482C,Resist Fire,0x3EAEA,0.170000002,5,120,1,0,0,0,1,0,0,0,MagicAlchResistFire;MagicAlchBeneficial,0x3EAEA,0x3EAEA,,5,120,1,3,15.3608541,,0.170000002,2101250,34,0x65A37;0xF8A4E,Resist Fire,,0.170000002,2101250,34,0x65A37;0xF8A4E
Gold Kanet,0xFE00482D,Paralysis,0x800FB01,6.5,2,10,1,0,0,0,0,1,1,0,MagicAlchHarmful,0x800FB01,0x800FB01,,2,10,0,0,13.9330559,,6.5,2103297,1,0x42509,Paralysis,,6.5,2103297,1,0x42509
Gold Kanet,0xFE00482D,Ravage Health,0x73F26,0.800000012,4,30,1,0,0,0,0,1,1,0,MagicAlchHarmful,0x73F26,0x73F26,,4,30,0,1,12.308054,,0.800000012,2099207,0,0x42509,Ravage Health,,0.800000012,2099207,0,0x42509
Gold Kanet,0xFE00482D,Weakness to Frost,0x73F2E,0.400000006,6.67000008,30,1,0,0,0,0,1,1,0,MagicAlchWeaknessFrost;MagicAlchHarmful,0x73F2E,0x73F2E,,6.67000008,30,1,2,10.8002005,,0.400000006,2101255,34,0x74F4F;0x42509,Weakness to Frost,,0.400000006,2101255,34,0x74F4F;0x42509
Gold Kanet,0xFE00482D,Fortify Smithing,0x3EB1D,0.170000002,1.66999996,300,1,0,0,0,1,0,0,0,MagicAlchFortifySmithing;MagicAlchBeneficial,0x3EB1D,0x3EB1D,,1.66999996,300,1,3,12.5970955,,0.170000002,2099202,34,0x65A22;0xF8A4E,Fortify Smithing,,0.170000002,2099202,34,0x65A22;0xF8A4E
Goldfish,0x50008EF,Restore Stamina,0x3EB16,11.6000004,5,0,1,0,0,0,1,0,0,0,MagicAlchRestoreStamina;MagicAlchBeneficial,0x3EB16,0x3EB16,,5,0,1,0,3.52385712,,11.6000004,2099200,34,0x42504;0xF8A4E,Restore Stamina,,11.6000004,2099200,34,0x42504;0xF8A4E
Goldfish,0x50008EF,Fortify Heavy Armor,0x3EB1E,0.189999998,2,60,1,0,0,0,1,0,0,0,MagicAlchFortifyHeavyArmor;MagicAlchBeneficial,0x3EB1E,0x3EB1E,,2,60,1,1,7.69253349,,0.189999998,2099202,34,0x65A23;0xF8A4E,Fortify Heavy Armor,,0.189999998,2099202,34,0x65A23;0xF8A4E
Goldfish,0x50008EF,Waterbreathing,0x3AC2D,30,0,5,0,1,1,0,1,0,0,1,MagicAlchBeneficial;MagicAlchDurationBased,0x3AC2D,0x3AC2D,,0,5,1,2,13.9954948,,30,4197378,34,0xF8A4E;0xF8A4F,Waterbreathing,,30,4197378,34,0xF8A4E;0xF8A4F
Goldfish,0x50008EF,Resist Frost,0x3EAEB,0.170000002,3,60,1,0,0,0,1,0,0,0,MagicAlchResistFrost;MagicAlchBeneficial,0x3EAEB,0x3EAEB,,3,60,1,3,12.0162735,,0.170000002,2101250,34,0x65A38;0xF8A4E,Resist Frost,,0.170000002,2101250,34,0x65A38;0xF8A4E
Grass Pod,0x83E64,Resist Poison,0x90041,0.159999996,4,120,1,0,0,0,1,0,0,0,MagicAlchResistPoison;MagicAlchBeneficial,0x90041,0x90041,,4,120,1,0,11.3105927,,0.159999996,2101250,34,0x10EB5F;0xF8A4E,Resist Poison,,0.159999996,2101250,34,0x10EB5F;0xF8A4E
Grass Pod,0x83E64,Ravage Magicka,0x73F27,0.479999989,6,30,1,0,0,0,0,1,1,0,MagicAlchHarmful,0x73F27,0x73F27,,6,30,0,1,11.5356226,,0.479999989,2099207,0,0x42509,Ravage Magicka,,0.479999989,2099207,0,0x42509
Grass Pod,0x83E64,Fortify Alteration,0x3EB24,0.119999997,5,120,1,0,0,0,1,0,0,0,MagicAlchFortifyAlteration;MagicAlchBeneficial,0x3EB24,0x3EB24,,5,120,1,2,10.8429556,,0.119999997,2099202,34,0x65A1D;0xF8A4E,Fortify Alteration,,0.119999997,2099202,34,0x65A1D;0xF8A4E
Grass Pod,0x83E64,Restore Magicka,0x3EB17,11.6000004,1.60000002,5,1,0,0,0,1,0,0,0,MagicAlchRestoreMagicka;MagicAlchBeneficial,0x3EB17,0x3EB17,,1.60000002,5,1,3,9.07521725,,11.6000004,2099200,34,0x42508;0xF8A4E,Restore Magicka,,11.6000004,2099200,34,0x42508;0xF8A4E
Green Butterfly Wing,0x6059151,Restore Magicka,0x3EB17,11.6000004,5,0,1,0,0,0,1,0,0,0,MagicAlchRestoreMagicka;MagicAlchBeneficial,0x3EB17,0x3EB17,,5,0,1,0,3.52385712,,11.6000004,2099200,34,0x42508;0xF8A4E,Restore Magicka,,11.6000004,2099200,34,0x42508;0xF8A4E
Green Butterfly Wing,0x6059151,Fear,0x73F20,1.60000002,1,30,1,0,0,0,0,1,1,0,MagicInfluence;MagicAlchHarmful,0x73F20,0x73F20,,1,30,0,1,16.741848,,1.60000002,2099463,7,0x78098;0x42509,Fear,,1.60000002,2099463,7,0x78098;0x42509
Green Butterfly Wing,0x6059151,Slow,0x73F25,0.449999988,5,30,0,1,0,0,0,1,1,0,MagicAlchHarmful;MagicSlow,0x73F25,0x73F25,,5,30,1,2,19.6652927,,0.449999988,4200455,34,0x42509;0xB729E,Slow,,0.449999988,4200455,34,0x42509;0xB729E
Green Butterfly Wing,0x6059151,Invisibility,0x3EB3D,35,0,4,0,1,1,0,1,0,0,1,MagicInvisibility;MagicAlchBeneficial;MagicAlchDurationBased,0x3EB3D,0x3EB3D,,0,4,0,3,36.4977417,,35,4201474,11,0x1EA6F;0xF8A4E;0xF8A4F,Invisibility,,35,4201474,11,0x1EA6F;0xF8A4E;0xF8A4F
Hackle-Lo Leaf,0xFE00482E,Restore Stamina,0x3EB16,11.6000004,1.60000002,5,1,0,0,0,1,0,0,0,MagicAlchRestoreStamina;MagicAlchBeneficial,0x3EB16,0x3EB16,,1.60000002,5,1,0,9.07521725,,11.6000004,2099200,34,0x42504;0xF8A4E,Restore Stamina,,11.6000004,2099200,34,0x42504;0xF8A4E
Hackle-Lo Leaf,0xFE00482E,Paralysis,0x800FB01,6.5,2,10,1,0,0,0,0,1,1,0,MagicAlchHarmful,0x800FB01,0x800FB01,,2,10,0,1,13.9330559,,6.5,2103297,1,0x42509,Paralysis,,6.5,2103297,1,0x42509
Hackle-Lo Leaf,0xFE00482E,Waterbreathing,0x3AC2D,30,0,4,0,1,1,0,1,0,0,1,MagicAlchBeneficial;MagicAlchDurationBased,0x3AC2D,0x3AC2D,,0,4,1,2,10.9493227,,30,4197378,34,0xF8A4E;0xF8A4F,Waterbreathing,,30,4197378,34,0xF8A4E;0xF8A4F
Hackle-Lo Leaf,0xFE00482E,Fortify Restoration,0x3EB28,0.180000007,3.33999991,120,1,0,0,0,1,0,0,0,MagicAlchFortifyRestoration;MagicAlchBeneficial,0x3EB28,0x3EB28,,3.33999991,120,1,3,10.4350138,,0.180000007,2099202,34,0x65A2D;0xF8A4E,Fortify Restoration,,0.180000007,2099202,34,0x65A2D;0xF8A4E
Hagraven Claw *,0x6B689,Resist Magic,0x39E51,0.400000006,2.4000001,120,1,0,0,0,1,0,0,0,MagicAlchResistMagic;MagicAlchBeneficial,0x39E51,0x39E51,,2.4000001,120,1,0,16.1209927,,0.400000006,2103298,34,0x65A3A;0xF8A4E,Resist Magic,,0.400000006,2103298,34,0x65A3A;0xF8A4E
Hagraven Claw *,0x6B689,Lingering Damage Magicka,0x10DE5F,14,3,4,0,1,0,0,0,1,1,0,MagicAlchHarmful,0x10DE5F,0x10DE5F,,3,4,0,1,17.1091099,,14,4196357,0,0x42509,Lingering Damage Magicka,,14,4196357,0,0x42509
Hagraven Claw *,0x6B689,Fortify Enchanting,0x3EB29,0.170000002,1.79999995,300,1,0,0,0,1,0,0,0,MagicAlchFortifyEnchanting;MagicAlchBeneficial,0x3EB29,0x3EB29,,1.79999995,300,1,2,13.6798744,,0.170000002,2099202,34,0x65A2E;0xF8A4E,Fortify Enchanting,,0.170000002,2099202,34,0x65A2E;0xF8A4E
Hagraven Claw *,0x6B689,Fortify Barter,0x3EB23,0.159999996,2,300,1,0,0,0,1,0,0,0,MagicAlchFortifySpeechcraft;MagicAlchBeneficial,0x3EB23,0x3EB23,,2,300,1,3,14.4572735,,0.159999996,2099202,34,0x65A29;0xF8A4E,Fortify Barter,,0.159999996,2099202,34,0x65A29;0xF8A4E
Hagraven Feathers *,0x3AD66,Damage Magicka,0x3A2B6,20,1.66999996,5,1,0,0,0,0,1,1,0,MagicAlchHarmful,0x3A2B6,0x3A2B6,,1.66999996,5,0,0,16.4015579,,20,2099205,0,0x42509,Damage Magicka,,20,2099205,0,0x42509
Hagraven Feathers *,0x3AD66,Fortify Conjuration,0x3EB25,0.119999997,6,120,1,0,0,0,1,0,0,0,MagicAlchFortifyConjuration;MagicAlchBeneficial,0x3EB25,0x3EB25,,6,120,1,1,13.2509508,,0.119999997,2099202,34,0x65A2A;0xF8A4E,Fortify Conjuration,,0.119999997,2099202,34,0x65A2A;0xF8A4E
Hagraven Feathers *,0x3AD66,Frenzy,0x73F29,6,2.4000001,10,1,0,0,0,0,1,1,0,MagicInfluence;MagicAlchHarmful,0x73F29,0x73F29,,2.4000001,10,0,2,15.7175064,,6,2099463,8,0x78098;0x42509,Frenzy,,6,2099463,8,0x78098;0x42509
Hagraven Feathers *,0x3AD66,Weakness to Shock,0x73F2F,0.400000006,8,30,1,0,0,0,0,1,1,0,MagicAlchWeaknessShock;MagicAlchHarmful,0x73F2F,0x73F2F,,8,30,1,3,13.1914463,,0.400000006,2101255,34,0x74F50;0x42509,Weakness to Shock,,0.400000006,2101255,34,0x74F50;0x42509
Hanging Moss,0x57F91,Damage Magicka,0x3A2B6,20,1.34000003,5,1,0,0,0,0,1,1,0,MagicAlchHarmful,0x3A2B6,0x3A2B6,,1.34000003,5,0,0,12.8739643,,20,2099205,0,0x42509,Damage Magicka,,20,2099205,0,0x42509
Hanging Moss,0x57F91,Fortify Health,0x3EAF3,0.100000001,6.67000008,120,1,0,0,0,1,0,0,0,MagicAlchFortifyHealth;MagicAlchBeneficial,0x3EAF3,0x3EAF3,,6.67000008,120,1,1,12.4061728,,0.100000001,2099202,34,0x65A31;0xF8A4E,Fortify Health,,0.100000001,2099202,34,0x65A31;0xF8A4E
Hanging Moss,0x57F91,Damage Magicka Regen,0x73F2B,0.159999996,100,5,0,1,0,0,0,1,1,0,MagicAlchHarmful,0x73F2B,0x73F2B,,100,5,0,2,11.8300619,,0.159999996,4196359,0,0x42509,Damage Magicka Regen,,0.159999996,4196359,0,0x42509
Hanging Moss,0x57F91,Fortify One-handed,0x3EB19,0.189999998,3.33999991,120,1,0,0,0,1,0,0,0,MagicAlchFortifyOneHanded;MagicAlchBeneficial,0x3EB19,0x3EB19,,3.33999991,120,1,3,11.0147352,,0.189999998,2099202,34,0x65A1F;0xF8A4E,Fortify One-handed,,0.189999998,2099202,34,0x65A1F;0xF8A4E
Hawk Beak,0xE7EBC,Restore Stamina,0x3EB16,11.6000004,1.60000002,5,1,0,0,0,1,0,0,0,MagicAlchRestoreStamina;MagicAlchBeneficial,0x3EB16,0x3EB16,,1.60000002,5,1,0,9.07521725,,11.6000004,2099200,34,0x42504;0xF8A4E,Restore Stamina,,11.6000004,2099200,34,0x42504;0xF8A4E
Hawk Beak,0xE7EBC,Resist Frost,0x3EAEB,0.170000002,4,120,1,0,0,0,1,0,0,0,MagicAlchResistFrost;MagicAlchBeneficial,0x3EAEB,0x3EAEB,,4,120,1,1,12.0175056,,0.170000002,2101250,34,0x65A38;0xF8A4E,Resist Frost,,0.170000002,2101250,34,0x65A38;0xF8A4E
Hawk Beak,0xE7EBC,Fortify Carry Weight,0x3EB01,0.0599999987,4,300,1,0,0,0,1,0,0,0,MagicAlchFortifyCarryWeight;MagicAlchBeneficial,0x3EB01,0x3EB01,,4,300,1,2,11.621191,,0.0599999987,2099202,34,0x65A2F;0xF8A4E,Fortify Carry Weight,,0.0599999987,2099202,34,0x65A2F;0xF8A4E
Hawk Beak,0xE7EBC,Resist Shock,0x3EAEC,0.170000002,4,120,1,0,0,0,1,0,0,0,MagicAlchResistShock;MagicAlchBeneficial,0x3EAEC,0x3EAEC,,4,120,1,3,12.0175056,,0.170000002,2101250,34,0x65A39;0xF8A4E,Resist Shock,,0.170000002,2101250,34,0x65A39;0xF8A4E
Hawk Egg,0x300F1CC,Resist Magic,0x39E51,0.400000006,2,120,1,0,0,0,1,0,0,0,MagicAlchResistMagic;MagicAlchBeneficial,0x39E51,0x39E51,,2,120,1,0,13.1914463,,0.400000006,2103298,34,0x65A3A;0xF8A4E,Resist Magic,,0.400000006,2103298,34,0x65A3A;0xF8A4E
Hawk Egg,0x300F1CC,Damage Magicka Regen,0x73F2B,0.159999996,100,5,0,1,0,0,0,1,1,0,MagicAlchHarmful,0x73F2B,0x73F2B,,100,5,0,1,11.8300619,,0.159999996,4196359,0,0x42509,Damage Magicka Regen,,0.159999996,4196359,0,0x42509
Hawk Egg,0x300F1CC,Waterbreathing,0x3AC2D,30,0,4,0,1,1,0,1,0,0,1,MagicAlchBeneficial;MagicAlchDurationBased,0x3AC2D,0x3AC2D,,0,4,1,2,10.9493227,,30,4197378,34,0xF8A4E;0xF8A4F,Waterbreathing,,30,4197378,34,0xF8A4E;0xF8A4F
Hawk Egg,0x300F1CC,Lingering Damage Stamina,0x10DE5E,14,3,3,0,1,0,0,0,1,1,0,MagicAlchHarmful,0x10DE5E,0x10DE5E,,3,3,0,3,12.4679432,,14,4196357,0,0x42509,Lingering Damage Stamina,,14,4196357,0,0x42509
Hawk Feathers,0xE7ED0,Cure Disease,0x815DDB4,1.25,5,0,1,0,0,0,1,0,0,0,MagicAlchBeneficial,0x815DDB4,0x815DDB4,,5,0,0,0,7.34136868,,1.25,2103296,1,0xF8A4E,Cure Disease,,1.25,2103296,1,0xF8A4E
Hawk Feathers,0xE7ED0,Fortify Light Armor,0x3EB1F,0.189999998,3.33999991,120,1,0,0,0,1,0,0,0,MagicAlchFortifyLightArmor;MagicAlchBeneficial,0x3EB1F,0x3EB1F,,3.33999991,120,1,1,11.0147352,,0.189999998,2099202,34,0x65A24;0xF8A4E,Fortify Light Armor,,0.189999998,2099202,34,0x65A24;0xF8A4E
Hawk Feathers,0xE7ED0,Fortify One-handed,0x3EB19,0.189999998,3.33999991,120,1,0,0,0,1,0,0,0,MagicAlchFortifyOneHanded;MagicAlchBeneficial,0x3EB19,0x3EB19,,3.33999991,120,1,2,11.0147352,,0.189999998,2099202,34,0x65A1F;0xF8A4E,Fortify One-handed,,0.189999998,2099202,34,0x65A1F;0xF8A4E
Hawk Feathers,0xE7ED0,Fortify Sneak,0x3EB22,0.25,2.67000008,120,1,0,0,0,1,0,0,0,MagicAlchFortifySneak;MagicAlchBeneficial,0x3EB22,0x3EB22,,2.67000008,120,1,3,11.3292675,,0.25,2099202,34,0x65A27;0xF8A4E,Fortify Sneak,,0.25,2099202,34,0x65A27;0xF8A4E
Heart of Order,0xFE004851,Restore Health,0x3EB15,12.1999998,2.1500001,5,1,0,0,0,1,0,0,0,MagicAlchRestoreHealth;MagicAlchBeneficial,0x3EB15,0x3EB15,,2.1500001,5,1,0,13.2101917,,12.1999998,2099200,34,0x42503;0xF8A4E,Restore Health,,12.1999998,2099200,34,0x42503;0xF8A4E
Heart of Order,0xFE004851,Fortify Health,0x3EAF3,0.100000001,8,120,1,0,0,0,1,0,0,0,MagicAlchFortifyHealth;MagicAlchBeneficial,0x3EAF3,0x3EAF3,,8,120,1,1,15.1529922,,0.100000001,2099202,34,0x65A31;0xF8A4E,Fortify Health,,0.100000001,2099202,34,0x65A31;0xF8A4E
Heart of Order,0xFE004851,Fortify One-handed,0x3EB19,0.189999998,4,120,1,0,0,0,1,0,0,0,MagicAlchFortifyOneHanded;MagicAlchBeneficial,0x3EB19,0x3EB19,,4,120,1,2,13.4313297,,0.189999998,2099202,34,0x65A1F;0xF8A4E,Fortify One-handed,,0.189999998,2099202,34,0x65A1F;0xF8A4E
Heart of Order,0xFE004851,Fortify Two-handed,0x3EB1A,0.189999998,4,120,1,0,0,0,1,0,0,0,MagicAlchFortifyTwoHanded;MagicAlchBeneficial,0x3EB1A,0x3EB1A,,4,120,1,3,13.4313297,,0.189999998,2099202,34,0x65A20;0xF8A4E,Fortify Two-handed,,0.189999998,2099202,34,0x65A20;0xF8A4E
Histcarp,0x106E18,Restore Stamina,0x3EB16,11.6000004,1.60000002,5,1,0,0,0,1,0,0,0,MagicAlchRestoreStamina;MagicAlchBeneficial,0x3EB16,0x3EB16,,1.60000002,5,1,0,9.07521725,,11.6000004,2099200,34,0x42504;0xF8A4E,Restore Stamina,,11.6000004,2099200,34,0x42504;0xF8A4E
Histcarp,0x106E18,Fortify Magicka,0x3EAF8,0.100000001,6.67000008,120,1,0,0,0,1,0,0,0,MagicAlchFortifyMagicka;MagicAlchBeneficial,0x3EAF8,0x3EAF8,,6.67000008,120,1,1,12.4061728,,0.100000001,2099202,34,0x65A33;0xF8A4E,Fortify Magicka,,0.100000001,2099202,34,0x65A33;0xF8A4E
Histcarp,0x106E18,Damage Stamina Regen,0x73F2C,0.159999996,100,5,0,1,0,0,0,1,1,0,MagicAlchHarmful,0x73F2C,0x73F2C,,100,5,0,2,11.8300619,,0.159999996,4196359,0,0x42509,Damage Stamina Regen,,0.159999996,4196359,0,0x42509
Histcarp,0x106E18,Waterbreathing,0x3AC2D,30,0,4,0,1,1,0,1,0,0,1,MagicAlchBeneficial;MagicAlchDurationBased,0x3AC2D,0x3AC2D,,0,4,1,3,10.9493227,,30,4197378,34,0xF8A4E;0xF8A4F,Waterbreathing,,30,4197378,34,0xF8A4E;0xF8A4F
Honeycomb,0xB08C5,Restore Stamina,0x3EB16,11.6000004,1.60000002,5,1,0,0,0,1,0,0,0,MagicAlchRestoreStamina;MagicAlchBeneficial,0x3EB16,0x3EB16,,1.60000002,5,1,0,9.07521725,,11.6000004,2099200,34,0x42504;0xF8A4E,Restore Stamina,,11.6000004,2099200,34,0x42504;0xF8A4E
Honeycomb,0xB08C5,Fortify Block,0x3EB1C,0.189999998,3.33999991,120,1,0,0,0,1,0,0,0,MagicAlchFortifyBlock;MagicAlchBeneficial,0x3EB1C,0x3EB1C,,3.33999991,120,1,1,11.0147352,,0.189999998,2099202,34,0x65A1E;0xF8A4E,Fortify Block,,0.189999998,2099202,34,0x65A1E;0xF8A4E
Honeycomb,0xB08C5,Fortify Light Armor,0x3EB1F,0.189999998,3.33999991,120,1,0,0,0,1,0,0,0,MagicAlchFortifyLightArmor;MagicAlchBeneficial,0x3EB1F,0x3EB1F,,3.33999991,120,1,2,11.0147352,,0.189999998,2099202,34,0x65A24;0xF8A4E,Fortify Light Armor,,0.189999998,2099202,34,0x65A24;0xF8A4E
Honeycomb,0xB08C5,Ravage Stamina,0x73F23,0.479999989,6,30,1,0,0,0,0,1,1,0,MagicAlchHarmful,0x73F23,0x73F23,,6,30,0,3,11.5356226,,0.479999989,2099207,0,0x42509,Ravage Stamina,,0.479999989,2099207,0,0x42509
Human Flesh,0x1016B3,Damage Health,0x3EB42,29,1,5,1,0,0,0,0,1,1,0,MagicAlchHarmful,0x3EB42,0x3EB42,,1,5,0,0,13.5289783,,29,2099205,0,0x42509,Damage Health,,29,2099205,0,0x42509
Human Flesh,0x1016B3,Paralysis,0x800FB01,6.5,2,10,1,0,0,0,0,1,1,0,MagicAlchHarmful,0x800FB01,0x800FB01,,2,10,0,1,13.9330559,,6.5,2103297,1,0x42509,Paralysis,,6.5,2103297,1,0x42509
Human Flesh,0x1016B3,Restore Magicka,0x3EB17,11.6000004,1.60000002,5,1,0,0,0,1,0,0,0,MagicAlchRestoreMagicka;MagicAlchBeneficial,0x3EB17,0x3EB17,,1.60000002,5,1,2,9.07521725,,11.6000004,2099200,34,0x42508;0xF8A4E,Restore Magicka,,11.6000004,2099200,34,0x42508;0xF8A4E
Human Flesh,0x1016B3,Fortify Sneak,0x3EB22,0.25,2.67000008,120,1,0,0,0,1,0,0,0,MagicAlchFortifySneak;MagicAlchBeneficial,0x3EB22,0x3EB22,,2.67000008,120,1,3,11.3292675,,0.25,2099202,34,0x65A27;0xF8A4E,Fortify Sneak,,0.25,2099202,34,0x65A27;0xF8A4E
Human Heart,0xB18CD,Damage Health,0x3EB42,29,1,5,1,0,0,0,0,1,1,0,MagicAlchHarmful,0x3EB42,0x3EB42,,1,5,0,0,13.5289783,,29,2099205,0,0x42509,Damage Health,,29,2099205,0,0x42509
Human Heart,0xB18CD,Damage Magicka,0x3A2B6,20,1.34000003,5,1,0,0,0,0,1,1,0,MagicAlchHarmful,0x3A2B6,0x3A2B6,,1.34000003,5,0,1,12.8739643,,20,2099205,0,0x42509,Damage Magicka,,20,2099205,0,0x42509
Human Heart,0xB18CD,Damage Magicka Regen,0x73F2B,0.159999996,100,5,0,1,0,0,0,1,1,0,MagicAlchHarmful,0x73F2B,0x73F2B,,100,5,0,2,11.8300619,,0.159999996,4196359,0,0x42509,Damage Magicka Regen,,0.159999996,4196359,0,0x42509
Human Heart,0xB18CD,Frenzy,0x73F29,6,2,10,1,0,0,0,0,1,1,0,MagicInfluence;MagicAlchHarmful,0x73F29,0x73F29,,2,10,0,3,12.8612823,,6,2099463,8,0x78098;0x42509,Frenzy,,6,2099463,8,0x78098;0x42509
Hunger Tongue,0xFE00480C,Weakness to Fire,0x73F2D,0.400000006,8,30,1,0,0,0,0,1,1,0,MagicAlchWeaknessFire;MagicAlchHarmful,0x73F2D,0x73F2D,,8,30,1,0,13.1914463,,0.400000006,2101255,34,0x74F4E;0x42509,Weakness to Fire,,0.400000006,2101255,34,0x74F4E;0x42509
Hunger Tongue,0xFE00480C,Cure Disease,0x815DDB4,1.25,6,0,1,0,0,0,1,0,0,0,MagicAlchBeneficial,0x815DDB4,0x815DDB4,,6,0,0,1,8.971735,,1.25,2103296,1,0xF8A4E,Cure Disease,,1.25,2103296,1,0xF8A4E
Hunger Tongue,0xFE00480C,Cure Poison,0x815DDBA,1.25,6,0,1,0,0,0,1,0,0,0,MagicAlchBeneficial,0x815DDBA,0x815DDBA,,6,0,0,2,8.971735,,1.25,2103296,1,0xF8A4E,Cure Poison,,1.25,2103296,1,0xF8A4E
Hunger Tongue,0xFE00480C,Fortify Magicka,0x3EAF8,0.100000001,8,120,1,0,0,0,1,0,0,0,MagicAlchFortifyMagicka;MagicAlchBeneficial,0x3EAF8,0x3EAF8,,8,120,1,3,15.1529922,,0.100000001,2099202,34,0x65A33;0xF8A4E,Fortify Magicka,,0.100000001,2099202,34,0x65A33;0xF8A4E
Hydnum Azure Giant Spore,0xFE00480D,Resist Frost,0x3EAEB,0.170000002,5,120,1,0,0,0,1,0,0,0,MagicAlchResistFrost;MagicAlchBeneficial,0x3EAEB,0x3EAEB,,5,120,1,0,15.3608541,,0.170000002,2101250,34,0x65A38;0xF8A4E,Resist Frost,,0.170000002,2101250,34,0x65A38;0xF8A4E
Hydnum Azure Giant Spore,0xFE00480D,Fortify Health,0x3EAF3,0.100000001,8,120,1,0,0,0,1,0,0,0,MagicAlchFortifyHealth;MagicAlchBeneficial,0x3EAF3,0x3EAF3,,8,120,1,1,15.1529922,,0.100000001,2099202,34,0x65A31;0xF8A4E,Fortify Health,,0.100000001,2099202,34,0x65A31;0xF8A4E
Hydnum Azure Giant Spore,0xFE00480D,Regenerate Health,0x3EB06,0.129999995,6.67000008,120,1,0,0,0,1,0,0,0,MagicAlchFortifyHealRate;MagicAlchBeneficial,0x3EB06,0x3EB06,,6.67000008,120,1,2,16.1280251,,0.129999995,2099202,34,0x65A30;0xF8A4E,Regenerate Health,,0.129999995,2099202,34,0x65A30;0xF8A4E
Hydnum Azure Giant Spore,0xFE00480D,Light,0xFE004846,8,0,15,0,1,0,0,1,0,0,0,WISpellColorful;MagicAlchBeneficial,0xFE004846,0xFE004846,,0,15,0,3,12.4965572,,8,4198400,12,0xA9B1E;0xF8A4E,Light,,8,4198400,12,0xA9B1E;0xF8A4E
Hypha Facia,0xFE00480E,Weakness to Poison,0x90042,0.899999976,3.33999991,30,1,0,0,0,0,1,1,0,MagicAlchHarmful;USKPMagicAlchWeaknessPoison,0x90042,0x90042,,3.33999991,30,1,0,11.355257,,0.899999976,2101255,34,0x42509;0x706EE3A,Weakness to Poison,,0.899999976,2101255,34,0x42509;0x706EE3A
Hypha Facia,0xFE00480E,Frenzy,0x73F29,6,2,10,1,0,0,0,0,1,1,0,MagicInfluence;MagicAlchHarmful,0x73F29,0x73F29,,2,10,0,1,12.8612823,,6,2099463,8,0x78098;0x42509,Frenzy,,6,2099463,8,0x78098;0x42509
Hypha Facia,0xFE00480E,Ravage Stamina,0x73F23,0.479999989,6,30,1,0,0,0,0,1,1,0,MagicAlchHarmful,0x73F23,0x73F23,,6,30,0,2,11.5356226,,0.479999989,2099207,0,0x42509,Ravage Stamina,,0.479999989,2099207,0,0x42509
Hypha Facia,0xFE00480E,Resist Magic,0x39E51,0.400000006,2,120,1,0,0,0,1,0,0,0,MagicAlchResistMagic;MagicAlchBeneficial,0x39E51,0x39E51,,2,120,1,3,13.1914463,,0.400000006,2103298,34,0x65A3A;0xF8A4E,Resist Magic,,0.400000006,2103298,34,0x65A3A;0xF8A4E
Ice Wraith Teeth,0x3AD6A,Weakness to Frost,0x73F2E,0.400000006,6.67000008,30,1,0,0,0,0,1,1,0,MagicAlchWeaknessFrost;MagicAlchHarmful,0x73F2E,0x73F2E,,6.67000008,30,1,0,10.8002005,,0.400000006,2101255,34,0x74F4F;0x42509,Weakness to Frost,,0.400000006,2101255,34,0x74F4F;0x42509
Ice Wraith Teeth,0x3AD6A,Fortify Heavy Armor,0x3EB1E,0.189999998,3.33999991,120,1,0,0,0,1,0,0,0,MagicAlchFortifyHeavyArmor;MagicAlchBeneficial,0x3EB1E,0x3EB1E,,3.33999991,120,1,1,11.0147352,,0.189999998,2099202,34,0x65A23;0xF8A4E,Fortify Heavy Armor,,0.189999998,2099202,34,0x65A23;0xF8A4E
Ice Wraith Teeth,0x3AD6A,Invisibility,0x3EB3D,35,0,4,0,1,1,0,1,0,0,1,MagicInvisibility;MagicAlchBeneficial;MagicAlchDurationBased,0x3EB3D,0x3EB3D,,0,4,0,2,12.77421,,35,4201474,11,0x1EA6F;0xF8A4E;0xF8A4F,Invisibility,,35,4201474,11,0x1EA6F;0xF8A4E;0xF8A4F
Ice Wraith Teeth,0x3AD6A,Weakness to Fire,0x73F2D,0.400000006,6.67000008,30,1,0,0,0,0,1,1,0,MagicAlchWeaknessFire;MagicAlchHarmful,0x73F2D,0x73F2D,,6.67000008,30,1,3,10.8002005,,0.400000006,2101255,34,0x74F4E;0x42509,Weakness to Fire,,0.400000006,2101255,34,0x74F4E;0x42509
Imp Gall,0xFE00480F,Damage Health,0x3EB42,29,1.34000003,5,1,0,0,0,0,1,1,0,MagicAlchHarmful,0x3EB42,0x3EB42,,1.34000003,5,0,0,18.6672478,,29,2099205,0,0x42509,Damage Health,,29,2099205,0,0x42509
Imp Gall,0xFE00480F,Weakness to Fire,0x73F2D,0.400000006,8,30,1,0,0,0,0,1,1,0,MagicAlchWeaknessFire;MagicAlchHarmful,0x73F2D,0x73F2D,,8,30,1,1,13.1914463,,0.400000006,2101255,34,0x74F4E;0x42509,Weakness to Fire,,0.400000006,2101255,34,0x74F4E;0x42509
Imp Gall,0xFE00480F,Fortify Barter,0x3EB23,0.159999996,2,300,1,0,0,0,1,0,0,0,MagicAlchFortifySpeechcraft;MagicAlchBeneficial,0x3EB23,0x3EB23,,2,300,1,2,14.4572735,,0.159999996,2099202,34,0x65A29;0xF8A4E,Fortify Barter,,0.159999996,2099202,34,0x65A29;0xF8A4E
Imp Gall,0xFE00480F,Cure Poison,0x815DDBA,1.25,6,0,1,0,0,0,1,0,0,0,MagicAlchBeneficial,0x815DDBA,0x815DDBA,,6,0,0,3,8.971735,,1.25,2103296,1,0xF8A4E,Cure Poison,,1.25,2103296,1,0xF8A4E
Imp Stool,0x4DA23,Damage Health,0x3EB42,29,1,5,1,0,0,0,0,1,1,0,MagicAlchHarmful,0x3EB42,0x3EB42,,1,5,0,0,13.5289783,,29,2099205,0,0x42509,Damage Health,,29,2099205,0,0x42509
Imp Stool,0x4DA23,Lingering Damage Health,0x10AA4A,22,2,3,0,1,0,0,0,1,1,0,MagicAlchHarmful,0x10AA4A,0x10AA4A,,2,3,0,1,12.5426435,,22,4196357,0,0x42509,Lingering Damage Health,,22,4196357,0,0x42509
Imp Stool,0x4DA23,Paralysis,0x800FB01,6.5,2,10,1,0,0,0,0,1,1,0,MagicAlchHarmful,0x800FB01,0x800FB01,,2,10,0,2,13.9330559,,6.5,2103297,1,0x42509,Paralysis,,6.5,2103297,1,0x42509
Imp Stool,0x4DA23,Restore Health,0x3EB15,12.1999998,1.60000002,5,1,0,0,0,1,0,0,0,MagicAlchRestoreHealth;MagicAlchBeneficial,0x3EB15,0x3EB15,,1.60000002,5,1,3,9.54462433,,12.1999998,2099200,34,0x42503;0xF8A4E,Restore Health,,12.1999998,2099200,34,0x42503;0xF8A4E
Jarrin Root,0x1BCBC,Damage Health,0x3EB42,29,200,1,1,0,0,0,0,1,1,0,MagicAlchHarmful,0x3EB42,0x3EB42,,200,1,0,0,782.584106,,29,2099205,0,0x42509,Damage Health,,29,2099205,0,0x42509
Jarrin Root,0x1BCBC,Damage Magicka,0x3A2B6,20,1.66999996,5,1,0,0,0,0,1,1,0,MagicAlchHarmful,0x3A2B6,0x3A2B6,,1.66999996,5,0,1,16.4015579,,20,2099205,0,0x42509,Damage Magicka,,20,2099205,0,0x42509
Jarrin Root,0x1BCBC,Damage Stamina,0x3A2C6,20,1.66999996,5,1,0,0,0,0,1,1,0,MagicAlchHarmful,0x3A2C6,0x3A2C6,,1.66999996,5,0,2,16.4015579,,20,2099205,0,0x42509,Damage Stamina,,20,2099205,0,0x42509
Jarrin Root,0x1BCBC,Damage Magicka Regen,0x73F2B,0.159999996,100,6,0,1,0,0,0,1,1,0,MagicAlchHarmful,0x73F2B,0x73F2B,,100,6,0,3,14.4572735,,0.159999996,4196359,0,0x42509,Damage Magicka Regen,,0.159999996,4196359,0,0x42509
Jazbay Grapes,0x6AC4A,Weakness to Magic,0x73F51,1,3.33999991,30,1,0,0,0,0,1,1,0,MagicAlchWeaknessMagic;MagicAlchHarmful,0x73F51,0x73F51,,3.33999991,30,1,0,12.6169529,,1,2101255,34,0x74F51;0x42509,Weakness to Magic,,1,2101255,34,0x74F51;0x42509
Jazbay Grapes,0x6AC4A,Fortify Magicka,0x3EAF8,0.100000001,6.67000008,120,1,0,0,0,1,0,0,0,MagicAlchFortifyMagicka;MagicAlchBeneficial,0x3EAF8,0x3EAF8,,6.67000008,120,1,1,12.4061728,,0.100000001,2099202,34,0x65A33;0xF8A4E,Fortify Magicka,,0.100000001,2099202,34,0x65A33;0xF8A4E
Jazbay Grapes,0x6AC4A,Regenerate Magicka,0x3EB07,0.129999995,5.34000015,120,1,0,0,0,1,0,0,0,MagicAlchFortifyMagickaRate;MagicAlchBeneficial,0x3EB07,0x3EB07,,5.34000015,120,1,2,12.6281042,,0.129999995,2099202,34,0x65A34;0xF8A4E,Regenerate Magicka,,0.129999995,2099202,34,0x65A34;0xF8A4E
Jazbay Grapes,0x6AC4A,Ravage Health,0x73F26,0.800000012,4,30,1,0,0,0,0,1,1,0,MagicAlchHarmful,0x73F26,0x73F26,,4,30,0,3,12.308054,,0.800000012,2099207,0,0x42509,Ravage Health,,0.800000012,2099207,0,0x42509
Juniper Berries,0x5076E,Weakness to Fire,0x73F2D,0.400000006,6.67000008,30,1,0,0,0,0,1,1,0,MagicAlchWeaknessFire;MagicAlchHarmful,0x73F2D,0x73F2D,,6.67000008,30,1,0,10.8002005,,0.400000006,2101255,34,0x74F4E;0x42509,Weakness to Fire,,0.400000006,2101255,34,0x74F4E;0x42509
Juniper Berries,0x5076E,Fortify Archery,0x3EB1B,0.189999998,3.33999991,120,1,0,0,0,1,0,0,0,MagicAlchFortifyMarksman;MagicAlchBeneficial,0x3EB1B,0x3EB1B,,3.33999991,120,1,1,11.0147352,,0.189999998,2099202,34,0x65A21;0xF8A4E,Fortify Archery,,0.189999998,2099202,34,0x65A21;0xF8A4E
Juniper Berries,0x5076E,Regenerate Health,0x3EB06,0.129999995,5.34000015,120,1,0,0,0,1,0,0,0,MagicAlchFortifyHealRate;MagicAlchBeneficial,0x3EB06,0x3EB06,,5.34000015,120,1,2,12.6281042,,0.129999995,2099202,34,0x65A30;0xF8A4E,Regenerate Health,,0.129999995,2099202,34,0x65A30;0xF8A4E
Juniper Berries,0x5076E,Damage Stamina Regen,0x73F2C,0.159999996,100,5,0,1,0,0,0,1,1,0,MagicAlchHarmful,0x73F2C,0x73F2C,,100,5,0,3,11.8300619,,0.159999996,4196359,0,0x42509,Damage Stamina Regen,,0.159999996,4196359,0,0x42509
Juvenile Mudcrab,0x50008F2,Regenerate Stamina,0x3EB08,0.129999995,5,300,1,0,0,0,1,0,0,0,MagicAlchFortifyStaminaRate;MagicAlchBeneficial,0x3EB08,0x3EB08,,5,300,1,0,24.7571392,,0.129999995,2099202,34,0x65A35;0xF8A4E,Regenerate Stamina,,0.129999995,2099202,34,0x65A35;0xF8A4E
Juvenile Mudcrab,0x50008F2,Fortify Carry Weight,0x3EB01,0.0599999987,4,300,1,0,0,0,1,0,0,0,MagicAlchFortifyCarryWeight;MagicAlchBeneficial,0x3EB01,0x3EB01,,4,300,1,1,29.0529804,,0.0599999987,2099202,34,0x65A2F;0xF8A4E,Fortify Carry Weight,,0.0599999987,2099202,34,0x65A2F;0xF8A4E
Juvenile Mudcrab,0x50008F2,Cure Disease,0xAE722,1,5,0,1,0,0,1,1,0,0,0,MagicAlchBeneficial,0xAE722,0xAE722,,5,0,0,2,2.93654752,,1,2103808,3,0xF8A4E,Cure Disease,,1,2103808,3,0xF8A4E
Juvenile Mudcrab,0x50008F2,Fortify Two-handed,0x3EB1A,0.189999998,4,60,1,0,0,0,1,0,0,0,MagicAlchFortifyTwoHanded;MagicAlchBeneficial,0x3EB1A,0x3EB1A,,4,60,1,3,16.4893074,,0.189999998,2099202,34,0x65A20;0xF8A4E,Fortify Two-handed,,0.189999998,2099202,34,0x65A20;0xF8A4E
Kagouti Hide,0xFE004810,Lingering Damage Stamina,0x10DE5E,14,3,3,0,1,0,0,0,1,1,0,MagicAlchHarmful,0x10DE5E,0x10DE5E,,3,3,0,0,12.4679432,,14,4196357,0,0x42509,Lingering Damage Stamina,,14,4196357,0,0x42509
Kagouti Hide,0xFE004810,Night Eye,0xFE004803,30,0,4,0,1,0,0,1,0,0,0,MagicNightEye;MagicAlchBeneficial,0xFE004803,0xFE004803,,0,4,0,1,10.9493227,,30,138545408,1,0xAD7C6;0xF8A4E,Night Eye,,30,138545408,1,0xAD7C6;0xF8A4E
Kagouti Hide,0xFE004810,Fortify Carry Weight,0x3EB01,0.0599999987,4,300,1,0,0,0,1,0,0,0,MagicAlchFortifyCarryWeight;MagicAlchBeneficial,0x3EB01,0x3EB01,,4,300,1,2,11.621191,,0.0599999987,2099202,34,0x65A2F;0xF8A4E,Fortify Carry Weight,,0.0599999987,2099202,34,0x65A2F;0xF8A4E
Kagouti Hide,0xFE004810,Resist Shock,0x3EAEC,0.170000002,4,120,1,0,0,0,1,0,0,0,MagicAlchResistShock;MagicAlchBeneficial,0x3EAEC,0x3EAEC,,4,120,1,3,12.0175056,,0.170000002,2101250,34,0x65A39;0xF8A4E,Resist Shock,,0.170000002,2101250,34,0x65A39;0xF8A4E
Kresh Fiber,0xFE004811,Weakness to Magic,0x73F51,1,3.33999991,30,1,0,0,0,0,1,1,0,MagicAlchWeaknessMagic;MagicAlchHarmful,0x73F51,0x73F51,,3.33999991,30,1,0,12.6169529,,1,2101255,34,0x74F51;0x42509,Weakness to Magic,,1,2101255,34,0x74F51;0x42509
Kresh Fiber,0xFE004811,Slow,0x73F25,0.449999988,50,4,0,1,0,0,0,1,1,0,MagicAlchHarmful;MagicSlow,0x73F25,0x73F25,,50,4,1,1,12.1435461,,0.449999988,4200455,34,0x42509;0xB729E,Slow,,0.449999988,4200455,34,0x42509;0xB729E
Kresh Fiber,0xFE004811,Fortify Sneak,0x3EB22,0.25,2.67000008,120,1,0,0,0,1,0,0,0,MagicAlchFortifySneak;MagicAlchBeneficial,0x3EB22,0x3EB22,,2.67000008,120,1,2,11.3292675,,0.25,2099202,34,0x65A27;0xF8A4E,Fortify Sneak,,0.25,2099202,34,0x65A27;0xF8A4E
Kresh Fiber,0xFE004811,Fortify Pickpocket,0x3EB20,0.200000003,3.33999991,120,1,0,0,0,1,0,0,0,MagicAlchFortifyPickPocket;MagicAlchBeneficial,0x3EB20,0x3EB20,,3.33999991,120,1,3,11.5944586,,0.200000003,2099202,34,0x65A25;0xF8A4E,Fortify Pickpocket,,0.200000003,2099202,34,0x65A25;0xF8A4E
Large Antlers,0x6BC0A,Restore Stamina,0x3EB16,11.6000004,1.60000002,5,1,0,0,0,1,0,0,0,MagicAlchRestoreStamina;MagicAlchBeneficial,0x3EB16,0x3EB16,,1.60000002,5,1,0,9.07521725,,11.6000004,2099200,34,0x42504;0xF8A4E,Restore Stamina,,11.6000004,2099200,34,0x42504;0xF8A4E
Large Antlers,0x6BC0A,Fortify Stamina,0x3EAF9,0.100000001,6.67000008,120,1,0,0,0,1,0,0,0,MagicAlchFortifyStamina;MagicAlchBeneficial,0x3EAF9,0x3EAF9,,6.67000008,120,1,1,12.4061728,,0.100000001,2099202,34,0x65A32;0xF8A4E,Fortify Stamina,,0.100000001,2099202,34,0x65A32;0xF8A4E
Large Antlers,0x6BC0A,Slow,0x73F25,0.449999988,50,4,0,1,0,0,0,1,1,0,MagicAlchHarmful;MagicSlow,0x73F25,0x73F25,,50,4,1,2,12.1435461,,0.449999988,4200455,34,0x42509;0xB729E,Slow,,0.449999988,4200455,34,0x42509;0xB729E
Large Antlers,0x6BC0A,Damage Stamina Regen,0x73F2C,0.159999996,100,5,0,1,0,0,0,1,1,0,MagicAlchHarmful,0x73F2C,0x73F2C,,100,5,0,3,11.8300619,,0.159999996,4196359,0,0x42509,Damage Stamina Regen,,0.159999996,4196359,0,0x42509
Lavender,0x45C28,Resist Magic,0x39E51,0.400000006,2,120,1,0,0,0,1,0,0,0,MagicAlchResistMagic;MagicAlchBeneficial,0x39E51,0x39E51,,2,120,1,0,13.1914463,,0.400000006,2103298,34,0x65A3A;0xF8A4E,Resist Magic,,0.400000006,2103298,34,0x65A3A;0xF8A4E
Lavender,0x45C28,Fortify Stamina,0x3EAF9,0.100000001,6.67000008,120,1,0,0,0,1,0,0,0,MagicAlchFortifyStamina;MagicAlchBeneficial,0x3EAF9,0x3EAF9,,6.67000008,120,1,1,12.4061728,,0.100000001,2099202,34,0x65A32;0xF8A4E,Fortify Stamina,,0.100000001,2099202,34,0x65A32;0xF8A4E
Lavender,0x45C28,Ravage Magicka,0x73F27,0.479999989,6,30,1,0,0,0,0,1,1,0,MagicAlchHarmful,0x73F27,0x73F27,,6,30,0,2,11.5356226,,0.479999989,2099207,0,0x42509,Ravage Magicka,,0.479999989,2099207,0,0x42509
Lavender,0x45C28,Fortify Conjuration,0x3EB25,0.119999997,5,120,1,0,0,0,1,0,0,0,MagicAlchFortifyConjuration;MagicAlchBeneficial,0x3EB25,0x3EB25,,5,120,1,3,10.8429556,,0.119999997,2099202,34,0x65A2A;0xF8A4E,Fortify Conjuration,,0.119999997,2099202,34,0x65A2A;0xF8A4E
Lichor,0xFE004837,Restore Magicka,0x3EB17,11.6000004,2.1500001,5,1,0,0,0,1,0,0,0,MagicAlchRestoreMagicka;MagicAlchBeneficial,0x3EB17,0x3EB17,,2.1500001,5,1,0,12.5605116,,11.6000004,2099200,34,0x42508;0xF8A4E,Restore Magicka,,11.6000004,2099200,34,0x42508;0xF8A4E
Lichor,0xFE004837,Regenerate Magicka,0x3EB07,0.129999995,6.67000008,120,1,0,0,0,1,0,0,0,MagicAlchFortifyMagickaRate;MagicAlchBeneficial,0x3EB07,0x3EB07,,6.67000008,120,1,1,16.1280251,,0.129999995,2099202,34,0x65A34;0xF8A4E,Regenerate Magicka,,0.129999995,2099202,34,0x65A34;0xF8A4E
Lichor,0xFE004837,Fortify Magicka,0x3EAF8,0.100000001,8,120,1,0,0,0,1,0,0,0,MagicAlchFortifyMagicka;MagicAlchBeneficial,0x3EAF8,0x3EAF8,,8,120,1,2,15.1529922,,0.100000001,2099202,34,0x65A33;0xF8A4E,Fortify Magicka,,0.100000001,2099202,34,0x65A33;0xF8A4E
Lichor,0xFE004837,Spell Absorption,0xFE004812,0.200000003,4,120,1,0,0,0,1,0,0,0,MagicAlchBeneficial,0xFE004812,0xFE004812,,4,120,1,3,14.1382418,,0.200000003,2097154,34,0xF8A4E,Spell Absorption,,0.200000003,2097154,34,0xF8A4E
Luminous Russula,0xFE004813,Lingering Damage Stamina,0x10DE5E,14,3,3,0,1,0,0,0,1,1,0,MagicAlchHarmful,0x10DE5E,0x10DE5E,,3,3,0,0,12.4679432,,14,4196357,0,0x42509,Lingering Damage Stamina,,14,4196357,0,0x42509
Luminous Russula,0xFE004813,Lingering Damage Health,0x10AA4A,22,2,3,0,1,0,0,0,1,1,0,MagicAlchHarmful,0x10AA4A,0x10AA4A,,2,3,0,1,12.5426435,,22,4196357,0,0x42509,Lingering Damage Health,,22,4196357,0,0x42509
Luminous Russula,0xFE004813,Waterbreathing,0x3AC2D,30,0,4,0,1,1,0,1,0,0,1,MagicAlchBeneficial;MagicAlchDurationBased,0x3AC2D,0x3AC2D,,0,4,1,2,10.9493227,,30,4197378,34,0xF8A4E;0xF8A4F,Waterbreathing,,30,4197378,34,0xF8A4E;0xF8A4F
Luminous Russula,0xFE004813,Fear,0x73F20,1.60000002,2,30,1,0,0,0,0,1,1,0,MagicInfluence;MagicAlchHarmful,0x73F20,0x73F20,,2,30,0,3,11.4838209,,1.60000002,2099463,7,0x78098;0x42509,Fear,,1.60000002,2099463,7,0x78098;0x42509
Luna Moth Wing,0x727DF,Damage Magicka,0x3A2B6,20,1.34000003,5,1,0,0,0,0,1,1,0,MagicAlchHarmful,0x3A2B6,0x3A2B6,,1.34000003,5,0,0,12.8739643,,20,2099205,0,0x42509,Damage Magicka,,20,2099205,0,0x42509
Luna Moth Wing,0x727DF,Fortify Light Armor,0x3EB1F,0.189999998,3.33999991,120,1,0,0,0,1,0,0,0,MagicAlchFortifyLightArmor;MagicAlchBeneficial,0x3EB1F,0x3EB1F,,3.33999991,120,1,1,11.0147352,,0.189999998,2099202,34,0x65A24;0xF8A4E,Fortify Light Armor,,0.189999998,2099202,34,0x65A24;0xF8A4E
Luna Moth Wing,0x727DF,Regenerate Health,0x3EB06,0.129999995,5.34000015,120,1,0,0,0,1,0,0,0,MagicAlchFortifyHealRate;MagicAlchBeneficial,0x3EB06,0x3EB06,,5.34000015,120,1,2,12.6281042,,0.129999995,2099202,34,0x65A30;0xF8A4E,Regenerate Health,,0.129999995,2099202,34,0x65A30;0xF8A4E
Luna Moth Wing,0x727DF,Invisibility,0x3EB3D,35,0,4,0,1,1,0,1,0,0,1,MagicInvisibility;MagicAlchBeneficial;MagicAlchDurationBased,0x3EB3D,0x3EB3D,,0,4,0,3,12.77421,,35,4201474,11,0x1EA6F;0xF8A4E;0xF8A4F,Invisibility,,35,4201474,11,0x1EA6F;0xF8A4E;0xF8A4F
Lyretail Anthias,0x50008F1,Restore Magicka,0x3EB17,11.6000004,5,0,1,0,0,0,1,0,0,0,MagicAlchRestoreMagicka;MagicAlchBeneficial,0x3EB17,0x3EB17,,5,0,1,0,3.52385712,,11.6000004,2099200,34,0x42508;0xF8A4E,Restore Magicka,,11.6000004,2099200,34,0x42508;0xF8A4E
Lyretail Anthias,0x50008F1,Fortify Alteration,0x3EB24,0.119999997,4,60,1,0,0,0,1,0,0,0,MagicAlchFortifyAlteration;MagicAlchBeneficial,0x3EB24,0x3EB24,,4,60,1,1,6.59572315,,0.119999997,2099202,34,0x65A1D;0xF8A4E,Fortify Alteration,,0.119999997,2099202,34,0x65A1D;0xF8A4E
Lyretail Anthias,0x50008F1,Fortify Conjuration,0x3EB25,0.119999997,5,60,1,0,0,0,1,0,0,0,MagicAlchFortifyConjuration;MagicAlchBeneficial,0x3EB25,0x3EB25,,5,60,1,2,10.5383692,,0.119999997,2099202,34,0x65A2A;0xF8A4E,Fortify Conjuration,,0.119999997,2099202,34,0x65A2A;0xF8A4E
Lyretail Anthias,0x50008F1,Fortify Carry Weight,0x3EB01,0.0599999987,4,300,1,0,0,0,1,0,0,0,MagicAlchFortifyCarryWeight;MagicAlchBeneficial,0x3EB01,0x3EB01,,4,300,1,3,29.0529804,,0.0599999987,2099202,34,0x65A2F;0xF8A4E,Fortify Carry Weight,,0.0599999987,2099202,34,0x65A2F;0xF8A4E
Marshmerrow,0xFE004814,Restore Health,0x3EB15,12.1999998,1.60000002,5,1,0,0,0,1,0,0,0,MagicAlchRestoreHealth;MagicAlchBeneficial,0x3EB15,0x3EB15,,1.60000002,5,1,0,9.54462433,,12.1999998,2099200,34,0x42503;0xF8A4E,Restore Health,,12.1999998,2099200,34,0x42503;0xF8A4E
Marshmerrow,0xFE004814,Fortify Carry Weight,0x3EB01,0.0599999987,4,300,1,0,0,0,1,0,0,0,MagicAlchFortifyCarryWeight;MagicAlchBeneficial,0x3EB01,0x3EB01,,4,300,1,1,11.621191,,0.0599999987,2099202,34,0x65A2F;0xF8A4E,Fortify Carry Weight,,0.0599999987,2099202,34,0x65A2F;0xF8A4E
Marshmerrow,0xFE004814,Weakness to Magic,0x73F51,1,3.32999992,30,1,0,0,0,0,1,1,0,MagicAlchWeaknessMagic;MagicAlchHarmful,0x73F51,0x73F51,,3.32999992,30,1,2,12.575407,,1,2101255,34,0x74F51;0x42509,Weakness to Magic,,1,2101255,34,0x74F51;0x42509
Marshmerrow,0xFE004814,Damage Stamina,0x3A2C6,20,1.34000003,5,1,0,0,0,0,1,1,0,MagicAlchHarmful,0x3A2C6,0x3A2C6,,1.34000003,5,0,3,12.8739643,,20,2099205,0,0x42509,Damage Stamina,,20,2099205,0,0x42509
Minotaur Horn,0xFE004815,Resist Poison,0x90041,0.159999996,5,120,1,0,0,0,1,0,0,0,MagicAlchResistPoison;MagicAlchBeneficial,0x90041,0x90041,,5,120,1,0,14.4572735,,0.159999996,2101250,34,0x10EB5F;0xF8A4E,Resist Poison,,0.159999996,2101250,34,0x10EB5F;0xF8A4E
Minotaur Horn,0xFE004815,Damage Magicka Regen,0x73F2B,0.159999996,100,6,0,1,0,0,0,1,1,0,MagicAlchHarmful,0x73F2B,0x73F2B,,100,6,0,1,14.4572735,,0.159999996,4196359,0,0x42509,Damage Magicka Regen,,0.159999996,4196359,0,0x42509
Minotaur Horn,0xFE004815,Regenerate Health,0x3EB06,0.129999995,6.67000008,120,1,0,0,0,1,0,0,0,MagicAlchFortifyHealRate;MagicAlchBeneficial,0x3EB06,0x3EB06,,6.67000008,120,1,2,16.1280251,,0.129999995,2099202,34,0x65A30;0xF8A4E,Regenerate Health,,0.129999995,2099202,34,0x65A30;0xF8A4E
Minotaur Horn,0xFE004815,Regenerate Magicka,0x3EB07,0.129999995,6.67000008,120,1,0,0,0,1,0,0,0,MagicAlchFortifyMagickaRate;MagicAlchBeneficial,0x3EB07,0x3EB07,,6.67000008,120,1,3,16.1280251,,0.129999995,2099202,34,0x65A34;0xF8A4E,Regenerate Magicka,,0.129999995,2099202,34,0x65A34;0xF8A4E
Moon Sugar *,0xD8E3F,Weakness to Fire,0x73F2D,0.400000006,8,30,1,0,0,0,0,1,1,0,MagicAlchWeaknessFire;MagicAlchHarmful,0x73F2D,0x73F2D,,8,30,1,0,13.1914463,,0.400000006,2101255,34,0x74F4E;0x42509,Weakness to Fire,,0.400000006,2101255,34,0x74F4E;0x42509
Moon Sugar *,0xD8E3F,Resist Frost,0x3EAEB,0.170000002,5,120,1,0,0,0,1,0,0,0,MagicAlchResistFrost;MagicAlchBeneficial,0x3EAEB,0x3EAEB,,5,120,1,1,15.3608541,,0.170000002,2101250,34,0x65A38;0xF8A4E,Resist Frost,,0.170000002,2101250,34,0x65A38;0xF8A4E
Moon Sugar *,0xD8E3F,Restore Magicka,0x3EB17,11.6000004,2.1500001,5,1,0,0,0,1,0,0,0,MagicAlchRestoreMagicka;MagicAlchBeneficial,0x3EB17,0x3EB17,,2.1500001,5,1,2,12.5605116,,11.6000004,2099200,34,0x42508;0xF8A4E,Restore Magicka,,11.6000004,2099200,34,0x42508;0xF8A4E
Moon Sugar *,0xD8E3F,Regenerate Magicka,0x3EB07,0.129999995,6.67000008,120,1,0,0,0,1,0,0,0,MagicAlchFortifyMagickaRate;MagicAlchBeneficial,0x3EB07,0x3EB07,,6.67000008,120,1,3,16.1280251,,0.129999995,2099202,34,0x65A34;0xF8A4E,Regenerate Magicka,,0.129999995,2099202,34,0x65A34;0xF8A4E
Mora Tapinella,0xEC870,Restore Magicka,0x3EB17,11.6000004,1.60000002,5,1,0,0,0,1,0,0,0,MagicAlchRestoreMagicka;MagicAlchBeneficial,0x3EB17,0x3EB17,,1.60000002,5,1,0,9.07521725,,11.6000004,2099200,34,0x42508;0xF8A4E,Restore Magicka,,11.6000004,2099200,34,0x42508;0xF8A4E
Mora Tapinella,0xEC870,Lingering Damage Health,0x10AA4A,22,2,3,0,1,0,0,0,1,1,0,MagicAlchHarmful,0x10AA4A,0x10AA4A,,2,3,0,1,12.5426435,,22,4196357,0,0x42509,Lingering Damage Health,,22,4196357,0,0x42509
Mora Tapinella,0xEC870,Regenerate Stamina,0x3EB08,0.129999995,5.34000015,120,1,0,0,0,1,0,0,0,MagicAlchFortifyStaminaRate;MagicAlchBeneficial,0x3EB08,0x3EB08,,5.34000015,120,1,2,12.6281042,,0.129999995,2099202,34,0x65A35;0xF8A4E,Regenerate Stamina,,0.129999995,2099202,34,0x65A35;0xF8A4E
Mora Tapinella,0xEC870,Fortify Illusion,0x3EB27,0.180000007,3.33999991,120,1,0,0,0,1,0,0,0,MagicAlchFortifyIllusion;MagicAlchBeneficial,0x3EB27,0x3EB27,,3.33999991,120,1,3,10.4350138,,0.180000007,2099202,34,0x65A2C;0xF8A4E,Fortify Illusion,,0.180000007,2099202,34,0x65A2C;0xF8A4E
Mudcrab Chitin,0x6BC00,Restore Stamina,0x3EB16,11.6000004,1.60000002,5,1,0,0,0,1,0,0,0,MagicAlchRestoreStamina;MagicAlchBeneficial,0x3EB16,0x3EB16,,1.60000002,5,1,0,9.07521725,,11.6000004,2099200,34,0x42504;0xF8A4E,Restore Stamina,,11.6000004,2099200,34,0x42504;0xF8A4E
Mudcrab Chitin,0x6BC00,Cure Disease,0x815DDB4,1.25,5,0,1,0,0,0,1,0,0,0,MagicAlchBeneficial,0x815DDB4,0x815DDB4,,5,0,0,1,7.34136868,,1.25,2103296,1,0xF8A4E,Cure Disease,,1.25,2103296,1,0xF8A4E
Mudcrab Chitin,0x6BC00,Resist Poison,0x90041,0.159999996,4,120,1,0,0,0,1,0,0,0,MagicAlchResistPoison;MagicAlchBeneficial,0x90041,0x90041,,4,120,1,2,11.3105927,,0.159999996,2101250,34,0x10EB5F;0xF8A4E,Resist Poison,,0.159999996,2101250,34,0x10EB5F;0xF8A4E
Mudcrab Chitin,0x6BC00,Resist Fire,0x3EAEA,0.170000002,4,120,1,0,0,0,1,0,0,0,MagicAlchResistFire;MagicAlchBeneficial,0x3EAEA,0x3EAEA,,4,120,1,3,12.0175056,,0.170000002,2101250,34,0x65A37;0xF8A4E,Resist Fire,,0.170000002,2101250,34,0x65A37;0xF8A4E
Namira's Rot,0x4DA24,Damage Magicka,0x3A2B6,20,1.34000003,5,1,0,0,0,0,1,1,0,MagicAlchHarmful,0x3A2B6,0x3A2B6,,1.34000003,5,0,0,12.8739643,,20,2099205,0,0x42509,Damage Magicka,,20,2099205,0,0x42509
Namira's Rot,0x4DA24,Fortify Lockpicking,0x3EB21,0.200000003,3.33999991,120,1,0,0,0,1,0,0,0,MagicAlchFortifyLockpicking;MagicAlchBeneficial,0x3EB21,0x3EB21,,3.33999991,120,1,1,11.5944586,,0.200000003,2099202,34,0x65A26;0xF8A4E,Fortify Lockpicking,,0.200000003,2099202,34,0x65A26;0xF8A4E
Namira's Rot,0x4DA24,Fear,0x73F20,1.60000002,2,30,1,0,0,0,0,1,1,0,MagicInfluence;MagicAlchHarmful,0x73F20,0x73F20,,2,30,0,2,11.4838209,,1.60000002,2099463,7,0x78098;0x42509,Fear,,1.60000002,2099463,7,0x78098;0x42509
Namira's Rot,0x4DA24,Regenerate Health,0x3EB06,0.129999995,5.34000015,120,1,0,0,0,1,0,0,0,MagicAlchFortifyHealRate;MagicAlchBeneficial,0x3EB06,0x3EB06,,5.34000015,120,1,3,12.6281042,,0.129999995,2099202,34,0x65A30;0xF8A4E,Regenerate Health,,0.129999995,2099202,34,0x65A30;0xF8A4E
Netch Jelly,0x401CD72,Paralysis,0x800FB01,6.5,2,10,1,0,0,0,0,1,1,0,MagicAlchHarmful,0x800FB01,0x800FB01,,2,10,0,0,13.9330559,,6.5,2103297,1,0x42509,Paralysis,,6.5,2103297,1,0x42509
Netch Jelly,0x401CD72,Fortify Carry Weight,0x3EB01,0.0599999987,4,300,1,0,0,0,1,0,0,0,MagicAlchFortifyCarryWeight;MagicAlchBeneficial,0x3EB01,0x3EB01,,4,300,1,1,11.621191,,0.0599999987,2099202,34,0x65A2F;0xF8A4E,Fortify Carry Weight,,0.0599999987,2099202,34,0x65A2F;0xF8A4E
Netch Jelly,0x401CD72,Restore Stamina,0x3EB16,11.6000004,1.60000002,5,1,0,0,0,1,0,0,0,MagicAlchRestoreStamina;MagicAlchBeneficial,0x3EB16,0x3EB16,,1.60000002,5,1,2,9.07521725,,11.6000004,2099200,34,0x42504;0xF8A4E,Restore Stamina,,11.6000004,2099200,34,0x42504;0xF8A4E
Netch Jelly,0x401CD72,Fear,0x73F20,1.60000002,2,30,1,0,0,0,0,1,1,0,MagicInfluence;MagicAlchHarmful,0x73F20,0x73F20,,2,30,0,3,11.4838209,,1.60000002,2099463,7,0x78098;0x42509,Fear,,1.60000002,2099463,7,0x78098;0x42509
Nightshade,0x2F44C,Damage Health,0x3EB42,29,1,5,1,0,0,0,0,1,1,0,MagicAlchHarmful,0x3EB42,0x3EB42,,1,5,0,0,13.5289783,,29,2099205,0,0x42509,Damage Health,,29,2099205,0,0x42509
Nightshade,0x2F44C,Damage Magicka Regen,0x73F2B,0.159999996,100,5,0,1,0,0,0,1,1,0,MagicAlchHarmful,0x73F2B,0x73F2B,,100,5,0,1,11.8300619,,0.159999996,4196359,0,0x42509,Damage Magicka Regen,,0.159999996,4196359,0,0x42509
Nightshade,0x2F44C,Lingering Damage Stamina,0x10DE5E,14,3,3,0,1,0,0,0,1,1,0,MagicAlchHarmful,0x10DE5E,0x10DE5E,,3,3,0,2,12.4679432,,14,4196357,0,0x42509,Lingering Damage Stamina,,14,4196357,0,0x42509
Nightshade,0x2F44C,Fortify Destruction,0x3EB26,0.180000007,3.33999991,120,1,0,0,0,1,0,0,0,MagicAlchFortifyDestruction;MagicAlchBeneficial,0x3EB26,0x3EB26,,3.33999991,120,1,3,10.4350138,,0.180000007,2099202,34,0x65A2B;0xF8A4E,Fortify Destruction,,0.180000007,2099202,34,0x65A2B;0xF8A4E
Nirnroot,0x59B86,Damage Health,0x3EB42,29,1,5,1,0,0,0,0,1,1,0,MagicAlchHarmful,0x3EB42,0x3EB42,,1,5,0,0,13.5289783,,29,2099205,0,0x42509,Damage Health,,29,2099205,0,0x42509
Nirnroot,0x59B86,Damage Stamina,0x3A2C6,20,1.34000003,5,1,0,0,0,0,1,1,0,MagicAlchHarmful,0x3A2C6,0x3A2C6,,1.34000003,5,0,1,12.8739643,,20,2099205,0,0x42509,Damage Stamina,,20,2099205,0,0x42509
Nirnroot,0x59B86,Invisibility,0x3EB3D,35,0,4,0,1,1,0,1,0,0,1,MagicInvisibility;MagicAlchBeneficial;MagicAlchDurationBased,0x3EB3D,0x3EB3D,,0,4,0,2,12.77421,,35,4201474,11,0x1EA6F;0xF8A4E;0xF8A4F,Invisibility,,35,4201474,11,0x1EA6F;0xF8A4E;0xF8A4F
Nirnroot,0x59B86,Resist Magic,0x39E51,0.400000006,2,120,1,0,0,0,1,0,0,0,MagicAlchResistMagic;MagicAlchBeneficial,0x39E51,0x39E51,,2,120,1,3,13.1914463,,0.400000006,2103298,34,0x65A3A;0xF8A4E,Resist Magic,,0.400000006,2103298,34,0x65A3A;0xF8A4E
Nordic Barnacle,0x7EDF5,Damage Magicka,0x3A2B6,20,1.34000003,5,1,0,0,0,0,1,1,0,MagicAlchHarmful,0x3A2B6,0x3A2B6,,1.34000003,5,0,0,12.8739643,,20,2099205,0,0x42509,Damage Magicka,,20,2099205,0,0x42509
Nordic Barnacle,0x7EDF5,Waterbreathing,0x3AC2D,30,0,4,0,1,1,0,1,0,0,1,MagicAlchBeneficial;MagicAlchDurationBased,0x3AC2D,0x3AC2D,,0,4,1,1,10.9493227,,30,4197378,34,0xF8A4E;0xF8A4F,Waterbreathing,,30,4197378,34,0xF8A4E;0xF8A4F
Nordic Barnacle,0x7EDF5,Regenerate Health,0x3EB06,0.129999995,5.34000015,120,1,0,0,0,1,0,0,0,MagicAlchFortifyHealRate;MagicAlchBeneficial,0x3EB06,0x3EB06,,5.34000015,120,1,2,12.6281042,,0.129999995,2099202,34,0x65A30;0xF8A4E,Regenerate Health,,0.129999995,2099202,34,0x65A30;0xF8A4E
Nordic Barnacle,0x7EDF5,Fortify Pickpocket,0x3EB20,0.200000003,3.33999991,120,1,0,0,0,1,0,0,0,MagicAlchFortifyPickPocket;MagicAlchBeneficial,0x3EB20,0x3EB20,,3.33999991,120,1,3,11.5944586,,0.200000003,2099202,34,0x65A25;0xF8A4E,Fortify Pickpocket,,0.200000003,2099202,34,0x65A25;0xF8A4E
Ogre's Teeth,0xFE004816,Weakness to Shock,0x73F2F,0.400000006,8,30,1,0,0,0,0,1,1,0,MagicAlchWeaknessShock;MagicAlchHarmful,0x73F2F,0x73F2F,,8,30,1,0,13.1914463,,0.400000006,2101255,34,0x74F50;0x42509,Weakness to Shock,,0.400000006,2101255,34,0x74F50;0x42509
Ogre's Teeth,0xFE004816,Resist Poison,0x90041,0.159999996,5,120,1,0,0,0,1,0,0,0,MagicAlchResistPoison;MagicAlchBeneficial,0x90041,0x90041,,5,120,1,1,14.4572735,,0.159999996,2101250,34,0x10EB5F;0xF8A4E,Resist Poison,,0.159999996,2101250,34,0x10EB5F;0xF8A4E
Ogre's Teeth,0xFE004816,Lingering Damage Magicka,0x10DE5F,14,3,4,0,1,0,0,0,1,1,0,MagicAlchHarmful,0x10DE5F,0x10DE5F,,3,4,0,2,17.1091099,,14,4196357,0,0x42509,Lingering Damage Magicka,,14,4196357,0,0x42509
Ogre's Teeth,0xFE004816,Regenerate Health,0x3EB06,0.129999995,6.67000008,120,1,0,0,0,1,0,0,0,MagicAlchFortifyHealRate;MagicAlchBeneficial,0x3EB06,0x3EB06,,6.67000008,120,1,3,16.1280251,,0.129999995,2099202,34,0x65A30;0xF8A4E,Regenerate Health,,0.129999995,2099202,34,0x65A30;0xF8A4E
Orange Dartwing,0xBB956,Restore Stamina,0x3EB16,11.6000004,1.60000002,5,1,0,0,0,1,0,0,0,MagicAlchRestoreStamina;MagicAlchBeneficial,0x3EB16,0x3EB16,,1.60000002,5,1,0,9.07521725,,11.6000004,2099200,34,0x42504;0xF8A4E,Restore Stamina,,11.6000004,2099200,34,0x42504;0xF8A4E
Orange Dartwing,0xBB956,Ravage Magicka,0x73F27,0.479999989,6,30,1,0,0,0,0,1,1,0,MagicAlchHarmful,0x73F27,0x73F27,,6,30,0,1,11.5356226,,0.479999989,2099207,0,0x42509,Ravage Magicka,,0.479999989,2099207,0,0x42509
Orange Dartwing,0xBB956,Fortify Pickpocket,0x3EB20,0.200000003,3.33999991,120,1,0,0,0,1,0,0,0,MagicAlchFortifyPickPocket;MagicAlchBeneficial,0x3EB20,0x3EB20,,3.33999991,120,1,2,11.5944586,,0.200000003,2099202,34,0x65A25;0xF8A4E,Fortify Pickpocket,,0.200000003,2099202,34,0x65A25;0xF8A4E
Orange Dartwing,0xBB956,Lingering Damage Health,0x10AA4A,22,2,3,0,1,0,0,0,1,1,0,MagicAlchHarmful,0x10AA4A,0x10AA4A,,2,3,0,3,12.5426435,,22,4196357,0,0x42509,Lingering Damage Health,,22,4196357,0,0x42509
Pearl,0x854FE,Restore Stamina,0x3EB16,11.6000004,1.60000002,5,1,0,0,0,1,0,0,0,MagicAlchRestoreStamina;MagicAlchBeneficial,0x3EB16,0x3EB16,,1.60000002,5,1,0,9.07521725,,11.6000004,2099200,34,0x42504;0xF8A4E,Restore Stamina,,11.6000004,2099200,34,0x42504;0xF8A4E
Pearl,0x854FE,Fortify Block,0x3EB1C,0.189999998,3.33999991,120,1,0,0,0,1,0,0,0,MagicAlchFortifyBlock;MagicAlchBeneficial,0x3EB1C,0x3EB1C,,3.33999991,120,1,1,11.0147352,,0.189999998,2099202,34,0x65A1E;0xF8A4E,Fortify Block,,0.189999998,2099202,34,0x65A1E;0xF8A4E
Pearl,0x854FE,Restore Magicka,0x3EB17,11.6000004,1.60000002,5,1,0,0,0,1,0,0,0,MagicAlchRestoreMagicka;MagicAlchBeneficial,0x3EB17,0x3EB17,,1.60000002,5,1,2,9.07521725,,11.6000004,2099200,34,0x42508;0xF8A4E,Restore Magicka,,11.6000004,2099200,34,0x42508;0xF8A4E
Pearl,0x854FE,Resist Shock,0x3EAEC,0.170000002,4,120,1,0,0,0,1,0,0,0,MagicAlchResistShock;MagicAlchBeneficial,0x3EAEC,0x3EAEC,,4,120,1,3,12.0175056,,0.170000002,2101250,34,0x65A39;0xF8A4E,Resist Shock,,0.170000002,2101250,34,0x65A39;0xF8A4E
Pearlfish,0x50008EC,Restore Stamina,0x3EB16,11.6000004,5,0,1,0,0,0,1,0,0,0,MagicAlchRestoreStamina;MagicAlchBeneficial,0x3EB16,0x3EB16,,5,0,1,0,3.52385712,,11.6000004,2099200,34,0x42504;0xF8A4E,Restore Stamina,,11.6000004,2099200,34,0x42504;0xF8A4E
Pearlfish,0x50008EC,Resist Frost,0x3EAEB,0.170000002,3,60,1,0,0,0,1,0,0,0,MagicAlchResistFrost;MagicAlchBeneficial,0x3EAEB,0x3EAEB,,3,60,1,1,12.0162735,,0.170000002,2101250,34,0x65A38;0xF8A4E,Resist Frost,,0.170000002,2101250,34,0x65A38;0xF8A4E
Pearlfish,0x50008EC,Fortify Smithing,0x3EB1D,0.170000002,4,30,1,0,0,0,1,0,0,0,MagicAlchFortifySmithing;MagicAlchBeneficial,0x3EB1D,0x3EB1D,,4,30,1,2,11.5388002,,0.170000002,2099202,34,0x65A22;0xF8A4E,Fortify Smithing,,0.170000002,2099202,34,0x65A22;0xF8A4E
Pearlfish,0x50008EC,Fortify One-handed,0x3EB19,0.189999998,4,60,1,0,0,0,1,0,0,0,MagicAlchFortifyOneHanded;MagicAlchBeneficial,0x3EB19,0x3EB19,,4,60,1,3,16.4893074,,0.189999998,2099202,34,0x65A1F;0xF8A4E,Fortify One-handed,,0.189999998,2099202,34,0x65A1F;0xF8A4E
Pine Thrush Egg,0x23D6F,Restore Stamina,0x3EB16,11.6000004,1.60000002,5,1,0,0,0,1,0,0,0,MagicAlchRestoreStamina;MagicAlchBeneficial,0x3EB16,0x3EB16,,1.60000002,5,1,0,9.07521725,,11.6000004,2099200,34,0x42504;0xF8A4E,Restore Stamina,,11.6000004,2099200,34,0x42504;0xF8A4E
Pine Thrush Egg,0x23D6F,Fortify Lockpicking,0x3EB21,0.200000003,3.33999991,120,1,0,0,0,1,0,0,0,MagicAlchFortifyLockpicking;MagicAlchBeneficial,0x3EB21,0x3EB21,,3.33999991,120,1,1,11.5944586,,0.200000003,2099202,34,0x65A26;0xF8A4E,Fortify Lockpicking,,0.200000003,2099202,34,0x65A26;0xF8A4E
Pine Thrush Egg,0x23D6F,Weakness to Poison,0x90042,0.899999976,3.33999991,30,1,0,0,0,0,1,1,0,MagicAlchHarmful;USKPMagicAlchWeaknessPoison,0x90042,0x90042,,3.33999991,30,1,2,11.355257,,0.899999976,2101255,34,0x42509;0x706EE3A,Weakness to Poison,,0.899999976,2101255,34,0x42509;0x706EE3A
Pine Thrush Egg,0x23D6F,Resist Shock,0x3EAEC,0.170000002,4,120,1,0,0,0,1,0,0,0,MagicAlchResistShock;MagicAlchBeneficial,0x3EAEC,0x3EAEC,,4,120,1,3,12.0175056,,0.170000002,2101250,34,0x65A39;0xF8A4E,Resist Shock,,0.170000002,2101250,34,0x65A39;0xF8A4E
Poison Bloom *,0x20185FB,Damage Health,0x3EB42,29,1.34000003,5,1,0,0,0,0,1,1,0,MagicAlchHarmful,0x3EB42,0x3EB42,,1.34000003,5,0,0,18.6672478,,29,2099205,0,0x42509,Damage Health,,29,2099205,0,0x42509
Poison Bloom *,0x20185FB,Slow,0x73F25,0.449999988,50,5,0,1,0,0,0,1,1,0,MagicAlchHarmful;MagicSlow,0x73F25,0x73F25,,50,5,1,1,15.5219593,,0.449999988,4200455,34,0x42509;0xB729E,Slow,,0.449999988,4200455,34,0x42509;0xB729E
Poison Bloom *,0x20185FB,Fortify Carry Weight,0x3EB01,0.0599999987,5,300,1,0,0,0,1,0,0,0,MagicAlchFortifyCarryWeight;MagicAlchBeneficial,0x3EB01,0x3EB01,,5,300,1,2,14.8542824,,0.0599999987,2099202,34,0x65A2F;0xF8A4E,Fortify Carry Weight,,0.0599999987,2099202,34,0x65A2F;0xF8A4E
Poison Bloom *,0x20185FB,Fear,0x73F20,1.60000002,2.4000001,30,1,0,0,0,0,1,1,0,MagicInfluence;MagicAlchHarmful,0x73F20,0x73F20,,2.4000001,30,0,3,14.0341387,,1.60000002,2099463,7,0x78098;0x42509,Fear,,1.60000002,2099463,7,0x78098;0x42509
Powdered Mammoth Tusk *,0x6BC10,Restore Stamina,0x3EB16,11.6000004,2.1500001,5,1,0,0,0,1,0,0,0,MagicAlchRestoreStamina;MagicAlchBeneficial,0x3EB16,0x3EB16,,2.1500001,5,1,0,12.5605116,,11.6000004,2099200,34,0x42504;0xF8A4E,Restore Stamina,,11.6000004,2099200,34,0x42504;0xF8A4E
Powdered Mammoth Tusk *,0x6BC10,Fortify Sneak,0x3EB22,0.25,3.33999991,120,1,0,0,0,1,0,0,0,MagicAlchFortifySneak;MagicAlchBeneficial,0x3EB22,0x3EB22,,3.33999991,120,1,1,14.4930735,,0.25,2099202,34,0x65A27;0xF8A4E,Fortify Sneak,,0.25,2099202,34,0x65A27;0xF8A4E
Powdered Mammoth Tusk *,0x6BC10,Weakness to Fire,0x73F2D,0.400000006,8,30,1,0,0,0,0,1,1,0,MagicAlchWeaknessFire;MagicAlchHarmful,0x73F2D,0x73F2D,,8,30,1,2,13.1914463,,0.400000006,2101255,34,0x74F4E;0x42509,Weakness to Fire,,0.400000006,2101255,34,0x74F4E;0x42509
Powdered Mammoth Tusk *,0x6BC10,Fear,0x73F20,1.60000002,2.4000001,30,1,0,0,0,0,1,1,0,MagicInfluence;MagicAlchHarmful,0x73F20,0x73F20,,2.4000001,30,0,3,14.0341387,,1.60000002,2099463,7,0x78098;0x42509,Fear,,1.60000002,2099463,7,0x78098;0x42509
Purple Butterfly Wing,0x6059153,Regenerate Health,0x3EB06,0.129999995,5,300,1,0,0,0,1,0,0,0,MagicAlchFortifyHealRate;MagicAlchBeneficial,0x3EB06,0x3EB06,,5,300,1,0,24.7571392,,0.129999995,2099202,34,0x65A30;0xF8A4E,Regenerate Health,,0.129999995,2099202,34,0x65A30;0xF8A4E
Purple Butterfly Wing,0x6059153,Regenerate Magicka,0x3EB07,0.129999995,5,300,1,0,0,0,1,0,0,0,MagicAlchFortifyMagickaRate;MagicAlchBeneficial,0x3EB07,0x3EB07,,5,300,1,1,24.7571392,,0.129999995,2099202,34,0x65A34;0xF8A4E,Regenerate Magicka,,0.129999995,2099202,34,0x65A34;0xF8A4E
Purple Butterfly Wing,0x6059153,Regenerate Stamina,0x3EB08,0.129999995,5,300,1,0,0,0,1,0,0,0,MagicAlchFortifyStaminaRate;MagicAlchBeneficial,0x3EB08,0x3EB08,,5,300,1,2,24.7571392,,0.129999995,2099202,34,0x65A35;0xF8A4E,Regenerate Stamina,,0.129999995,2099202,34,0x65A35;0xF8A4E
Purple Butterfly Wing,0x6059153,Paralysis,0x73F30,166,0,1,0,1,1,0,0,1,1,0,MagicParalysis;MagicAlchHarmful,0x73F30,0x73F30,,0,1,0,3,39.7164116,,166,4197379,21,0x1EA70;0x42509,Paralysis,,166,4197379,21,0x1EA70;0x42509
Purple Mountain Flower,0x77E1E,Restore Stamina,0x3EB16,11.6000004,1.60000002,5,1,0,0,0,1,0,0,0,MagicAlchRestoreStamina;MagicAlchBeneficial,0x3EB16,0x3EB16,,1.60000002,5,1,0,9.07521725,,11.6000004,2099200,34,0x42504;0xF8A4E,Restore Stamina,,11.6000004,2099200,34,0x42504;0xF8A4E
Purple Mountain Flower,0x77E1E,Fortify Sneak,0x3EB22,0.25,2.67000008,120,1,0,0,0,1,0,0,0,MagicAlchFortifySneak;MagicAlchBeneficial,0x3EB22,0x3EB22,,2.67000008,120,1,1,11.3292675,,0.25,2099202,34,0x65A27;0xF8A4E,Fortify Sneak,,0.25,2099202,34,0x65A27;0xF8A4E
Purple Mountain Flower,0x77E1E,Lingering Damage Magicka,0x10DE5F,14,3,3,0,1,0,0,0,1,1,0,MagicAlchHarmful,0x10DE5F,0x10DE5F,,3,3,0,2,12.4679432,,14,4196357,0,0x42509,Lingering Damage Magicka,,14,4196357,0,0x42509
Purple Mountain Flower,0x77E1E,Resist Frost,0x3EAEB,0.170000002,4,120,1,0,0,0,1,0,0,0,MagicAlchResistFrost;MagicAlchBeneficial,0x3EAEB,0x3EAEB,,4,120,1,3,12.0175056,,0.170000002,2101250,34,0x65A38;0xF8A4E,Resist Frost,,0.170000002,2101250,34,0x65A38;0xF8A4E
Pygmy Sunfish,0x50008ED,Restore Stamina,0x3EB16,11.6000004,5,0,1,0,0,0,1,0,0,0,MagicAlchRestoreStamina;MagicAlchBeneficial,0x3EB16,0x3EB16,,5,0,1,0,3.52385712,,11.6000004,2099200,34,0x42504;0xF8A4E,Restore Stamina,,11.6000004,2099200,34,0x42504;0xF8A4E
Pygmy Sunfish,0x50008ED,Lingering Damage Magicka,0x10DE5F,14,1,10,0,1,0,0,0,1,1,0,MagicAlchHarmful,0x10DE5F,0x10DE5F,,1,10,0,1,10,,14,4196357,0,0x42509,Lingering Damage Magicka,,14,4196357,0,0x42509
Pygmy Sunfish,0x50008ED,Damage Magicka Regen,0x73F2B,0.159999996,100,5,0,1,0,0,0,1,1,0,MagicAlchHarmful,0x73F2B,0x73F2B,,100,5,0,2,36.9689445,,0.159999996,4196359,0,0x42509,Damage Magicka Regen,,0.159999996,4196359,0,0x42509
Pygmy Sunfish,0x50008ED,Fortify Restoration,0x3EB28,0.180000007,4,60,1,0,0,0,1,0,0,0,MagicAlchFortifyRestoration;MagicAlchBeneficial,0x3EB28,0x3EB28,,4,60,1,3,16.4893074,,0.180000007,2099202,34,0x65A2D;0xF8A4E,Fortify Restoration,,0.180000007,2099202,34,0x65A2D;0xF8A4E
Red Kelp Gas Bladder,0xFE004817,Regenerate Stamina,0x3EB08,0.129999995,6.67000008,120,1,0,0,0,1,0,0,0,MagicAlchFortifyStaminaRate;MagicAlchBeneficial,0x3EB08,0x3EB08,,6.67000008,120,1,0,16.1280251,,0.129999995,2099202,34,0x65A35;0xF8A4E,Regenerate Stamina,,0.129999995,2099202,34,0x65A35;0xF8A4E
Red Kelp Gas Bladder,0xFE004817,Waterbreathing,0x3AC2D,30,0,5,0,1,1,0,1,0,0,1,MagicAlchBeneficial;MagicAlchDurationBased,0x3AC2D,0x3AC2D,,0,5,1,1,13.9954948,,30,4197378,34,0xF8A4E;0xF8A4F,Waterbreathing,,30,4197378,34,0xF8A4E;0xF8A4F
Red Kelp Gas Bladder,0xFE004817,Cure Disease,0x815DDB4,1.25,6,0,1,0,0,0,1,0,0,0,MagicAlchBeneficial,0x815DDB4,0x815DDB4,,6,0,0,2,8.971735,,1.25,2103296,1,0xF8A4E,Cure Disease,,1.25,2103296,1,0xF8A4E
Red Kelp Gas Bladder,0xFE004817,Fortify Magicka,0x3EAF8,0.100000001,8,120,1,0,0,0,1,0,0,0,MagicAlchFortifyMagicka;MagicAlchBeneficial,0x3EAF8,0x3EAF8,,8,120,1,3,15.1529922,,0.100000001,2099202,34,0x65A33;0xF8A4E,Fortify Magicka,,0.100000001,2099202,34,0x65A33;0xF8A4E
Red Mountain Flower,0x77E1D,Restore Magicka,0x3EB17,11.6000004,1.60000002,5,1,0,0,0,1,0,0,0,MagicAlchRestoreMagicka;MagicAlchBeneficial,0x3EB17,0x3EB17,,1.60000002,5,1,0,9.07521725,,11.6000004,2099200,34,0x42508;0xF8A4E,Restore Magicka,,11.6000004,2099200,34,0x42508;0xF8A4E
Red Mountain Flower,0x77E1D,Ravage Magicka,0x73F27,0.479999989,6,30,1,0,0,0,0,1,1,0,MagicAlchHarmful,0x73F27,0x73F27,,6,30,0,1,11.5356226,,0.479999989,2099207,0,0x42509,Ravage Magicka,,0.479999989,2099207,0,0x42509
Red Mountain Flower,0x77E1D,Fortify Magicka,0x3EAF8,0.100000001,6.67000008,120,1,0,0,0,1,0,0,0,MagicAlchFortifyMagicka;MagicAlchBeneficial,0x3EAF8,0x3EAF8,,6.67000008,120,1,2,12.4061728,,0.100000001,2099202,34,0x65A33;0xF8A4E,Fortify Magicka,,0.100000001,2099202,34,0x65A33;0xF8A4E
Red Mountain Flower,0x77E1D,Damage Health,0x3EB42,29,1,5,1,0,0,0,0,1,1,0,MagicAlchHarmful,0x3EB42,0x3EB42,,1,5,0,3,13.5289783,,29,2099205,0,0x42509,Damage Health,,29,2099205,0,0x42509
Redwort Flower,0xFE004818,Resist Frost,0x3EAEB,0.170000002,4,120,1,0,0,0,1,0,0,0,MagicAlchResistFrost;MagicAlchBeneficial,0x3EAEB,0x3EAEB,,4,120,1,0,12.0175056,,0.170000002,2101250,34,0x65A38;0xF8A4E,Resist Frost,,0.170000002,2101250,34,0x65A38;0xF8A4E
Redwort Flower,0xFE004818,Cure Poison,0x815DDBA,1.25,5,0,1,0,0,0,1,0,0,0,MagicAlchBeneficial,0x815DDBA,0x815DDBA,,5,0,0,1,7.34136868,,1.25,2103296,1,0xF8A4E,Cure Poison,,1.25,2103296,1,0xF8A4E
Redwort Flower,0xFE004818,Damage Health,0x3EB42,29,1,5,1,0,0,0,0,1,1,0,MagicAlchHarmful,0x3EB42,0x3EB42,,1,5,0,2,13.5289783,,29,2099205,0,0x42509,Damage Health,,29,2099205,0,0x42509
Redwort Flower,0xFE004818,Invisibility,0x3EB3D,35,0,4,0,1,1,0,1,0,0,1,MagicInvisibility;MagicAlchBeneficial;MagicAlchDurationBased,0x3EB3D,0x3EB3D,,0,4,0,3,12.77421,,35,4201474,11,0x1EA6F;0xF8A4E;0xF8A4F,Invisibility,,35,4201474,11,0x1EA6F;0xF8A4E;0xF8A4F
River Betty,0x106E1A,Damage Health,0x3EB42,29,1,5,1,0,0,0,0,1,1,0,MagicAlchHarmful,0x3EB42,0x3EB42,,1,5,0,0,13.5289783,,29,2099205,0,0x42509,Damage Health,,29,2099205,0,0x42509
River Betty,0x106E1A,Fortify Alteration,0x3EB24,0.119999997,5,120,1,0,0,0,1,0,0,0,MagicAlchFortifyAlteration;MagicAlchBeneficial,0x3EB24,0x3EB24,,5,120,1,1,10.8429556,,0.119999997,2099202,34,0x65A1D;0xF8A4E,Fortify Alteration,,0.119999997,2099202,34,0x65A1D;0xF8A4E
River Betty,0x106E1A,Slow,0x73F25,0.449999988,50,4,0,1,0,0,0,1,1,0,MagicAlchHarmful;MagicSlow,0x73F25,0x73F25,,50,4,1,2,12.1435461,,0.449999988,4200455,34,0x42509;0xB729E,Slow,,0.449999988,4200455,34,0x42509;0xB729E
River Betty,0x106E1A,Waterwalking,0x40390E1,30,0,4,0,1,1,0,1,0,0,0,MagicAlchFortifyCarryWeight;MagicAlchBeneficial,0x40390E1,0x40390E1,,0,4,1,3,10.9493227,,30,4197378,34,0x65A2F;0xF8A4E,Waterwalking,,30,4197378,34,0x65A2F;0xF8A4E
Rock Warbler Egg,0x7E8C8,Restore Health,0x3EB15,12.1999998,1.60000002,5,1,0,0,0,1,0,0,0,MagicAlchRestoreHealth;MagicAlchBeneficial,0x3EB15,0x3EB15,,1.60000002,5,1,0,9.54462433,,12.1999998,2099200,34,0x42503;0xF8A4E,Restore Health,,12.1999998,2099200,34,0x42503;0xF8A4E
Rock Warbler Egg,0x7E8C8,Fortify One-handed,0x3EB19,0.189999998,3.33999991,120,1,0,0,0,1,0,0,0,MagicAlchFortifyOneHanded;MagicAlchBeneficial,0x3EB19,0x3EB19,,3.33999991,120,1,1,11.0147352,,0.189999998,2099202,34,0x65A1F;0xF8A4E,Fortify One-handed,,0.189999998,2099202,34,0x65A1F;0xF8A4E
Rock Warbler Egg,0x7E8C8,Damage Stamina,0x3A2C6,20,1.34000003,5,1,0,0,0,0,1,1,0,MagicAlchHarmful,0x3A2C6,0x3A2C6,,1.34000003,5,0,2,12.8739643,,20,2099205,0,0x42509,Damage Stamina,,20,2099205,0,0x42509
Rock Warbler Egg,0x7E8C8,Weakness to Magic,0x73F51,1,3.33999991,30,1,0,0,0,0,1,1,0,MagicAlchWeaknessMagic;MagicAlchHarmful,0x73F51,0x73F51,,3.33999991,30,1,3,12.6169529,,1,2101255,34,0x74F51;0x42509,Weakness to Magic,,1,2101255,34,0x74F51;0x42509
Roobrush,0xFE004819,Weakness to Magic,0x73F51,1,3.33999991,30,1,0,0,0,0,1,1,0,MagicAlchWeaknessMagic;MagicAlchHarmful,0x73F51,0x73F51,,3.33999991,30,1,0,12.6169529,,1,2101255,34,0x74F51;0x42509,Weakness to Magic,,1,2101255,34,0x74F51;0x42509
Roobrush,0xFE004819,Fortify Sneak,0x3EB22,0.25,2.67000008,120,1,0,0,0,1,0,0,0,MagicAlchFortifySneak;MagicAlchBeneficial,0x3EB22,0x3EB22,,2.67000008,120,1,1,11.3292675,,0.25,2099202,34,0x65A27;0xF8A4E,Fortify Sneak,,0.25,2099202,34,0x65A27;0xF8A4E
Roobrush,0xFE004819,Lingering Damage Health,0x10AA4A,22,2,3,0,1,0,0,0,1,1,0,MagicAlchHarmful,0x10AA4A,0x10AA4A,,2,3,0,2,12.5426435,,22,4196357,0,0x42509,Lingering Damage Health,,22,4196357,0,0x42509
Roobrush,0xFE004819,Cure Poison,0x815DDBA,1.25,5,0,1,0,0,0,1,0,0,0,MagicAlchBeneficial,0x815DDBA,0x815DDBA,,5,0,0,3,7.34136868,,1.25,2103296,1,0xF8A4E,Cure Poison,,1.25,2103296,1,0xF8A4E
Rot Scale,0x100306D,Slow,0x73F25,0.449999988,5,30,0,1,0,0,0,1,1,0,MagicAlchHarmful;MagicSlow,0x73F25,0x73F25,,5,30,1,0,19.6652927,,0.449999988,4200455,34,0x42509;0xB729E,Slow,,0.449999988,4200455,34,0x42509;0xB729E
Rot Scale,0x100306D,Lingering Damage Health,0x10AA4A,22,1,30,0,1,0,0,0,1,1,0,MagicAlchHarmful,0x10AA4A,0x10AA4A,,1,30,0,1,40.1804352,,22,4196357,0,0x42509,Lingering Damage Health,,22,4196357,0,0x42509
Rot Scale,0x100306D,Fear,0x73F20,1.60000002,1,5,1,0,0,0,0,1,1,0,MagicInfluence;MagicAlchHarmful,0x73F20,0x73F20,,1,5,0,2,2.33258247,,1.60000002,2099463,7,0x78098;0x42509,Fear,,1.60000002,2099463,7,0x78098;0x42509
Rot Scale,0x100306D,Paralysis,0x73F30,166,0,1,0,1,1,0,0,1,1,0,MagicParalysis;MagicAlchHarmful,0x73F30,0x73F30,,0,1,0,3,39.7164116,,166,4197379,21,0x1EA70;0x42509,Paralysis,,166,4197379,21,0x1EA70;0x42509
Sabre Cat Tooth,0x6BC04,Restore Stamina,0x3EB16,11.6000004,1.60000002,5,1,0,0,0,1,0,0,0,MagicAlchRestoreStamina;MagicAlchBeneficial,0x3EB16,0x3EB16,,1.60000002,5,1,0,9.07521725,,11.6000004,2099200,34,0x42504;0xF8A4E,Restore Stamina,,11.6000004,2099200,34,0x42504;0xF8A4E
Sabre Cat Tooth,0x6BC04,Fortify Heavy Armor,0x3EB1E,0.189999998,3.33999991,120,1,0,0,0,1,0,0,0,MagicAlchFortifyHeavyArmor;MagicAlchBeneficial,0x3EB1E,0x3EB1E,,3.33999991,120,1,1,11.0147352,,0.189999998,2099202,34,0x65A23;0xF8A4E,Fortify Heavy Armor,,0.189999998,2099202,34,0x65A23;0xF8A4E
Sabre Cat Tooth,0x6BC04,Fortify Smithing,0x3EB1D,0.170000002,1.66999996,300,1,0,0,0,1,0,0,0,MagicAlchFortifySmithing;MagicAlchBeneficial,0x3EB1D,0x3EB1D,,1.66999996,300,1,2,12.5970955,,0.170000002,2099202,34,0x65A22;0xF8A4E,Fortify Smithing,,0.170000002,2099202,34,0x65A22;0xF8A4E
Sabre Cat Tooth,0x6BC04,Weakness to Poison,0x90042,0.899999976,3.33999991,30,1,0,0,0,0,1,1,0,MagicAlchHarmful;USKPMagicAlchWeaknessPoison,0x90042,0x90042,,3.33999991,30,1,3,11.355257,,0.899999976,2101255,34,0x42509;0x706EE3A,Weakness to Poison,,0.899999976,2101255,34,0x42509;0x706EE3A
Salmon Roe,0x3003545,Restore Stamina,0x3EB16,11.6000004,1.60000002,5,1,0,0,0,1,0,0,0,MagicAlchRestoreStamina;MagicAlchBeneficial,0x3EB16,0x3EB16,,1.60000002,5,1,0,9.07521725,,11.6000004,2099200,34,0x42504;0xF8A4E,Restore Stamina,,11.6000004,2099200,34,0x42504;0xF8A4E
Salmon Roe,0x3003545,Waterbreathing,0x3AC2D,30,0,4,0,1,1,0,1,0,0,1,MagicAlchBeneficial;MagicAlchDurationBased,0x3AC2D,0x3AC2D,,0,4,1,1,10.9493227,,30,4197378,34,0xF8A4E;0xF8A4F,Waterbreathing,,30,4197378,34,0xF8A4E;0xF8A4F
Salmon Roe,0x3003545,Fortify Magicka,0x3EAF8,0.100000001,6.67000008,120,1,0,0,0,1,0,0,0,MagicAlchFortifyMagicka;MagicAlchBeneficial,0x3EAF8,0x3EAF8,,6.67000008,120,1,2,12.4061728,,0.100000001,2099202,34,0x65A33;0xF8A4E,Fortify Magicka,,0.100000001,2099202,34,0x65A33;0xF8A4E
Salmon Roe,0x3003545,Regenerate Magicka,0x3EB07,0.129999995,5.34000015,120,1,0,0,0,1,0,0,0,MagicAlchFortifyMagickaRate;MagicAlchBeneficial,0x3EB07,0x3EB07,,5.34000015,120,1,3,12.6281042,,0.129999995,2099202,34,0x65A34;0xF8A4E,Regenerate Magicka,,0.129999995,2099202,34,0x65A34;0xF8A4E
Salt Pile,0x74A19,Weakness to Magic,0x73F51,1,3.33999991,30,1,0,0,0,0,1,1,0,MagicAlchWeaknessMagic;MagicAlchHarmful,0x73F51,0x73F51,,3.33999991,30,1,0,12.6169529,,1,2101255,34,0x74F51;0x42509,Weakness to Magic,,1,2101255,34,0x74F51;0x42509
Salt Pile,0x74A19,Fortify Restoration,0x3EB28,0.180000007,3.33999991,120,1,0,0,0,1,0,0,0,MagicAlchFortifyRestoration;MagicAlchBeneficial,0x3EB28,0x3EB28,,3.33999991,120,1,1,10.4350138,,0.180000007,2099202,34,0x65A2D;0xF8A4E,Fortify Restoration,,0.180000007,2099202,34,0x65A2D;0xF8A4E
Salt Pile,0x74A19,Slow,0x73F25,0.449999988,50,4,0,1,0,0,0,1,1,0,MagicAlchHarmful;MagicSlow,0x73F25,0x73F25,,50,4,1,2,12.1435461,,0.449999988,4200455,34,0x42509;0xB729E,Slow,,0.449999988,4200455,34,0x42509;0xB729E
Salt Pile,0x74A19,Regenerate Magicka,0x3EB07,0.129999995,5.34000015,120,1,0,0,0,1,0,0,0,MagicAlchFortifyMagickaRate;MagicAlchBeneficial,0x3EB07,0x3EB07,,5.34000015,120,1,3,12.6281042,,0.129999995,2099202,34,0x65A34;0xF8A4E,Regenerate Magicka,,0.129999995,2099202,34,0x65A34;0xF8A4E
Salt Pile,0x34CDF,Weakness to Magic,0x73F51,1,3.33999991,30,1,0,0,0,0,1,1,0,MagicAlchWeaknessMagic;MagicAlchHarmful,0x73F51,0x73F51,,3.33999991,30,1,0,12.6169529,,1,2101255,34,0x74F51;0x42509,Weakness to Magic,,1,2101255,34,0x74F51;0x42509
Salt Pile,0x34CDF,Fortify Restoration,0x3EB28,0.180000007,3.33999991,120,1,0,0,0,1,0,0,0,MagicAlchFortifyRestoration;MagicAlchBeneficial,0x3EB28,0x3EB28,,3.33999991,120,1,1,10.4350138,,0.180000007,2099202,34,0x65A2D;0xF8A4E,Fortify Restoration,,0.180000007,2099202,34,0x65A2D;0xF8A4E
Salt Pile,0x34CDF,Slow,0x73F25,0.449999988,50,4,0,1,0,0,0,1,1,0,MagicAlchHarmful;MagicSlow,0x73F25,0x73F25,,50,4,1,2,12.1435461,,0.449999988,4200455,34,0x42509;0xB729E,Slow,,0.449999988,4200455,34,0x42509;0xB729E
Salt Pile,0x34CDF,Regenerate Magicka,0x3EB07,0.129999995,5.34000015,120,1,0,0,0,1,0,0,0,MagicAlchFortifyMagickaRate;MagicAlchBeneficial,0x3EB07,0x3EB07,,5.34000015,120,1,3,12.6281042,,0.129999995,2099202,34,0x65A34;0xF8A4E,Regenerate Magicka,,0.129999995,2099202,34,0x65A34;0xF8A4E
Saltrice,0xFE00481A,Restore Stamina,0x3EB16,11.6000004,1.34000003,5,1,0,0,0,1,0,0,0,MagicAlchRestoreStamina;MagicAlchBeneficial,0x3EB16,0x3EB16,,1.34000003,5,1,0,7.46689939,,11.6000004,2099200,34,0x42504;0xF8A4E,Restore Stamina,,11.6000004,2099200,34,0x42504;0xF8A4E
Saltrice,0xFE00481A,Fortify Magicka,0x3EAF8,0.100000001,6.67000008,120,1,0,0,0,1,0,0,0,MagicAlchFortifyMagicka;MagicAlchBeneficial,0x3EAF8,0x3EAF8,,6.67000008,120,1,1,12.4061728,,0.100000001,2099202,34,0x65A33;0xF8A4E,Fortify Magicka,,0.100000001,2099202,34,0x65A33;0xF8A4E
Saltrice,0xFE00481A,Damage Stamina Regen,0x73F2C,0.159999996,100,5,0,1,0,0,0,1,1,0,MagicAlchHarmful,0x73F2C,0x73F2C,,100,5,0,2,11.8300619,,0.159999996,4196359,0,0x42509,Damage Stamina Regen,,0.159999996,4196359,0,0x42509
Saltrice,0xFE00481A,Restore Health,0x3EB15,12.1999998,1.60000002,5,1,0,0,0,1,0,0,0,MagicAlchRestoreHealth;MagicAlchBeneficial,0x3EB15,0x3EB15,,1.60000002,5,1,3,9.54462433,,12.1999998,2099200,34,0x42503;0xF8A4E,Restore Health,,12.1999998,2099200,34,0x42503;0xF8A4E
Scalon Fin,0xFE00481B,Waterbreathing,0x3AC2D,30,0,5,0,1,1,0,1,0,0,1,MagicAlchBeneficial;MagicAlchDurationBased,0x3AC2D,0x3AC2D,,0,5,1,0,13.9954948,,30,4197378,34,0xF8A4E;0xF8A4F,Waterbreathing,,30,4197378,34,0xF8A4E;0xF8A4F
Scalon Fin,0xFE00481B,Damage Health,0x3EB42,29,1.34000003,5,1,0,0,0,0,1,1,0,MagicAlchHarmful,0x3EB42,0x3EB42,,1.34000003,5,0,1,18.6672478,,29,2099205,0,0x42509,Damage Health,,29,2099205,0,0x42509
Scalon Fin,0xFE00481B,Lingering Damage Magicka,0x10DE5F,14,3,4,0,1,0,0,0,1,1,0,MagicAlchHarmful,0x10DE5F,0x10DE5F,,3,4,0,2,17.1091099,,14,4196357,0,0x42509,Lingering Damage Magicka,,14,4196357,0,0x42509
Scalon Fin,0xFE00481B,Damage Magicka Regen,0x73F2B,0.159999996,100,6,0,1,0,0,0,1,1,0,MagicAlchHarmful,0x73F2B,0x73F2B,,100,6,0,3,14.4572735,,0.159999996,4196359,0,0x42509,Damage Magicka Regen,,0.159999996,4196359,0,0x42509
Scaly Pholiota,0x6F950,Weakness to Magic,0x73F51,1,3.33999991,30,1,0,0,0,0,1,1,0,MagicAlchWeaknessMagic;MagicAlchHarmful,0x73F51,0x73F51,,3.33999991,30,1,0,12.6169529,,1,2101255,34,0x74F51;0x42509,Weakness to Magic,,1,2101255,34,0x74F51;0x42509
Scaly Pholiota,0x6F950,Fortify Illusion,0x3EB27,0.180000007,3.33999991,120,1,0,0,0,1,0,0,0,MagicAlchFortifyIllusion;MagicAlchBeneficial,0x3EB27,0x3EB27,,3.33999991,120,1,1,10.4350138,,0.180000007,2099202,34,0x65A2C;0xF8A4E,Fortify Illusion,,0.180000007,2099202,34,0x65A2C;0xF8A4E
Scaly Pholiota,0x6F950,Regenerate Stamina,0x3EB08,0.129999995,5.34000015,120,1,0,0,0,1,0,0,0,MagicAlchFortifyStaminaRate;MagicAlchBeneficial,0x3EB08,0x3EB08,,5.34000015,120,1,2,12.6281042,,0.129999995,2099202,34,0x65A35;0xF8A4E,Regenerate Stamina,,0.129999995,2099202,34,0x65A35;0xF8A4E
Scaly Pholiota,0x6F950,Fortify Carry Weight,0x3EB01,0.0599999987,4,300,1,0,0,0,1,0,0,0,MagicAlchFortifyCarryWeight;MagicAlchBeneficial,0x3EB01,0x3EB01,,4,300,1,3,11.621191,,0.0599999987,2099202,34,0x65A2F;0xF8A4E,Fortify Carry Weight,,0.0599999987,2099202,34,0x65A2F;0xF8A4E
Scathecraw,0x4017E97,Ravage Health,0x73F26,0.800000012,4,30,1,0,0,0,0,1,1,0,MagicAlchHarmful,0x73F26,0x73F26,,4,30,0,0,12.308054,,0.800000012,2099207,0,0x42509,Ravage Health,,0.800000012,2099207,0,0x42509
Scathecraw,0x4017E97,Ravage Stamina,0x73F23,0.479999989,6,30,1,0,0,0,0,1,1,0,MagicAlchHarmful,0x73F23,0x73F23,,6,30,0,1,11.5356226,,0.479999989,2099207,0,0x42509,Ravage Stamina,,0.479999989,2099207,0,0x42509
Scathecraw,0x4017E97,Ravage Magicka,0x73F27,0.479999989,6,30,1,0,0,0,0,1,1,0,MagicAlchHarmful,0x73F27,0x73F27,,6,30,0,2,11.5356226,,0.479999989,2099207,0,0x42509,Ravage Magicka,,0.479999989,2099207,0,0x42509
Scathecraw,0x4017E97,Lingering Damage Health,0x10AA4A,22,2,3,0,1,0,0,0,1,1,0,MagicAlchHarmful,0x10AA4A,0x10AA4A,,2,3,0,3,12.5426435,,22,4196357,0,0x42509,Lingering Damage Health,,22,4196357,0,0x42509
Screaming Maw,0x100306E,Regenerate Magicka,0x3EB07,0.129999995,20,60,1,0,0,0,1,0,0,0,MagicAlchFortifyMagickaRate;MagicAlchBeneficial,0x3EB07,0x3EB07,,20,60,1,0,19.3686523,,0.129999995,2099202,34,0x65A34;0xF8A4E,Regenerate Magicka,,0.129999995,2099202,34,0x65A34;0xF8A4E
Screaming Maw,0x100306E,Fortify Alteration,0x3EB24,0.119999997,5,60,1,0,0,0,1,0,0,0,MagicAlchFortifyAlteration;MagicAlchBeneficial,0x3EB24,0x3EB24,,5,60,1,1,8.43069553,,0.119999997,2099202,34,0x65A1D;0xF8A4E,Fortify Alteration,,0.119999997,2099202,34,0x65A1D;0xF8A4E
Screaming Maw,0x100306E,Invisibility,0x3EB3D,35,0,1,0,1,1,0,1,0,0,1,MagicInvisibility;MagicAlchBeneficial;MagicAlchDurationBased,0x3EB3D,0x3EB3D,,0,1,0,2,7.94328213,,35,4201474,11,0x1EA6F;0xF8A4E;0xF8A4F,Invisibility,,35,4201474,11,0x1EA6F;0xF8A4E;0xF8A4F
Screaming Maw,0x100306E,Regenerate Health,0x3EB06,0.129999995,20,10,1,0,0,0,1,0,0,0,MagicAlchFortifyHealRate;MagicAlchBeneficial,0x3EB06,0x3EB06,,20,10,1,3,2.69856596,,0.129999995,2099202,34,0x65A30;0xF8A4E,Regenerate Health,,0.129999995,2099202,34,0x65A30;0xF8A4E
Scrib Jelly,0xFE00481C,Regenerate Magicka,0x3EB07,0.129999995,5.34000015,120,1,0,0,0,1,0,0,0,MagicAlchFortifyMagickaRate;MagicAlchBeneficial,0x3EB07,0x3EB07,,5.34000015,120,1,0,12.6281042,,0.129999995,2099202,34,0x65A34;0xF8A4E,Regenerate Magicka,,0.129999995,2099202,34,0x65A34;0xF8A4E
Scrib Jelly,0xFE00481C,Cure Poison,0x815DDBA,1.25,5,0,1,0,0,0,1,0,0,0,MagicAlchBeneficial,0x815DDBA,0x815DDBA,,5,0,0,1,7.34136868,,1.25,2103296,1,0xF8A4E,Cure Poison,,1.25,2103296,1,0xF8A4E
Scrib Jelly,0xFE00481C,Cure Disease,0x815DDB4,1.25,5,0,1,0,0,0,1,0,0,0,MagicAlchBeneficial,0x815DDB4,0x815DDB4,,5,0,0,2,7.34136868,,1.25,2103296,1,0xF8A4E,Cure Disease,,1.25,2103296,1,0xF8A4E
Scrib Jelly,0xFE00481C,Regenerate Stamina,0x3EB08,0.129999995,5.34000015,120,1,0,0,0,1,0,0,0,MagicAlchFortifyStaminaRate;MagicAlchBeneficial,0x3EB08,0x3EB08,,5.34000015,120,1,3,12.6281042,,0.129999995,2099202,34,0x65A35;0xF8A4E,Regenerate Stamina,,0.129999995,2099202,34,0x65A35;0xF8A4E
Scrib Jerky,0xFE00481D,Restore Stamina,0x3EB16,11.6000004,1.60000002,5,1,0,0,0,1,0,0,0,MagicAlchRestoreStamina;MagicAlchBeneficial,0x3EB16,0x3EB16,,1.60000002,5,1,0,9.07521725,,11.6000004,2099200,34,0x42504;0xF8A4E,Restore Stamina,,11.6000004,2099200,34,0x42504;0xF8A4E
Scrib Jerky,0xFE00481D,Fortify Stamina,0x3EAF9,0.100000001,6.67000008,120,1,0,0,0,1,0,0,0,MagicAlchFortifyStamina;MagicAlchBeneficial,0x3EAF9,0x3EAF9,,6.67000008,120,1,1,12.4061728,,0.100000001,2099202,34,0x65A32;0xF8A4E,Fortify Stamina,,0.100000001,2099202,34,0x65A32;0xF8A4E
Scrib Jerky,0xFE00481D,Paralysis,0x800FB01,6.5,2,10,1,0,0,0,0,1,1,0,MagicAlchHarmful,0x800FB01,0x800FB01,,2,10,0,2,13.9330559,,6.5,2103297,1,0x42509,Paralysis,,6.5,2103297,1,0x42509
Scrib Jerky,0xFE00481D,Waterbreathing,0x3AC2D,30,0,4,0,1,1,0,1,0,0,1,MagicAlchBeneficial;MagicAlchDurationBased,0x3AC2D,0x3AC2D,,0,4,1,3,10.9493227,,30,4197378,34,0xF8A4E;0xF8A4F,Waterbreathing,,30,4197378,34,0xF8A4E;0xF8A4F
Silverside Perch,0x106E1C,Restore Stamina,0x3EB16,11.6000004,1.60000002,5,1,0,0,0,1,0,0,0,MagicAlchRestoreStamina;MagicAlchBeneficial,0x3EB16,0x3EB16,,1.60000002,5,1,0,9.07521725,,11.6000004,2099200,34,0x42504;0xF8A4E,Restore Stamina,,11.6000004,2099200,34,0x42504;0xF8A4E
Silverside Perch,0x106E1C,Damage Stamina Regen,0x73F2C,0.159999996,100,5,0,1,0,0,0,1,1,0,MagicAlchHarmful,0x73F2C,0x73F2C,,100,5,0,1,11.8300619,,0.159999996,4196359,0,0x42509,Damage Stamina Regen,,0.159999996,4196359,0,0x42509
Silverside Perch,0x106E1C,Ravage Health,0x73F26,0.800000012,4,30,1,0,0,0,0,1,1,0,MagicAlchHarmful,0x73F26,0x73F26,,4,30,0,2,12.308054,,0.800000012,2099207,0,0x42509,Ravage Health,,0.800000012,2099207,0,0x42509
Silverside Perch,0x106E1C,Resist Frost,0x3EAEB,0.170000002,4,120,1,0,0,0,1,0,0,0,MagicAlchResistFrost;MagicAlchBeneficial,0x3EAEB,0x3EAEB,,4,120,1,3,12.0175056,,0.170000002,2101250,34,0x65A38;0xF8A4E,Resist Frost,,0.170000002,2101250,34,0x65A38;0xF8A4E
Skeever Tail,0x3AD6F,Damage Stamina Regen,0x73F2C,0.159999996,100,5,0,1,0,0,0,1,1,0,MagicAlchHarmful,0x73F2C,0x73F2C,,100,5,0,0,11.8300619,,0.159999996,4196359,0,0x42509,Damage Stamina Regen,,0.159999996,4196359,0,0x42509
Skeever Tail,0x3AD6F,Ravage Health,0x73F26,0.800000012,4,30,1,0,0,0,0,1,1,0,MagicAlchHarmful,0x73F26,0x73F26,,4,30,0,1,12.308054,,0.800000012,2099207,0,0x42509,Ravage Health,,0.800000012,2099207,0,0x42509
Skeever Tail,0x3AD6F,Damage Health,0x3EB42,29,1,5,1,0,0,0,0,1,1,0,MagicAlchHarmful,0x3EB42,0x3EB42,,1,5,0,2,13.5289783,,29,2099205,0,0x42509,Damage Health,,29,2099205,0,0x42509
Skeever Tail,0x3AD6F,Fortify Light Armor,0x3EB1F,0.189999998,3.33999991,120,1,0,0,0,1,0,0,0,MagicAlchFortifyLightArmor;MagicAlchBeneficial,0x3EB1F,0x3EB1F,,3.33999991,120,1,3,11.0147352,,0.189999998,2099202,34,0x65A24;0xF8A4E,Fortify Light Armor,,0.189999998,2099202,34,0x65A24;0xF8A4E
Slaughterfish Egg,0x7E8C5,Resist Poison,0x90041,0.159999996,4,120,1,0,0,0,1,0,0,0,MagicAlchResistPoison;MagicAlchBeneficial,0x90041,0x90041,,4,120,1,0,11.3105927,,0.159999996,2101250,34,0x10EB5F;0xF8A4E,Resist Poison,,0.159999996,2101250,34,0x10EB5F;0xF8A4E
Slaughterfish Egg,0x7E8C5,Fortify Pickpocket,0x3EB20,0.200000003,3.33999991,120,1,0,0,0,1,0,0,0,MagicAlchFortifyPickPocket;MagicAlchBeneficial,0x3EB20,0x3EB20,,3.33999991,120,1,1,11.5944586,,0.200000003,2099202,34,0x65A25;0xF8A4E,Fortify Pickpocket,,0.200000003,2099202,34,0x65A25;0xF8A4E
Slaughterfish Egg,0x7E8C5,Lingering Damage Health,0x10AA4A,22,2,3,0,1,0,0,0,1,1,0,MagicAlchHarmful,0x10AA4A,0x10AA4A,,2,3,0,2,12.5426435,,22,4196357,0,0x42509,Lingering Damage Health,,22,4196357,0,0x42509
Slaughterfish Egg,0x7E8C5,Fortify Stamina,0x3EAF9,0.100000001,6.67000008,120,1,0,0,0,1,0,0,0,MagicAlchFortifyStamina;MagicAlchBeneficial,0x3EAF9,0x3EAF9,,6.67000008,120,1,3,12.4061728,,0.100000001,2099202,34,0x65A32;0xF8A4E,Fortify Stamina,,0.100000001,2099202,34,0x65A32;0xF8A4E
Slaughterfish Scales,0x3AD70,Cure Poison,0x815DDBA,1.25,5,0,1,0,0,0,1,0,0,0,MagicAlchBeneficial,0x815DDBA,0x815DDBA,,5,0,0,0,7.34136868,,1.25,2103296,1,0xF8A4E,Cure Poison,,1.25,2103296,1,0xF8A4E
Slaughterfish Scales,0x3AD70,Lingering Damage Health,0x10AA4A,22,2,3,0,1,0,0,0,1,1,0,MagicAlchHarmful,0x10AA4A,0x10AA4A,,2,3,0,1,12.5426435,,22,4196357,0,0x42509,Lingering Damage Health,,22,4196357,0,0x42509
Slaughterfish Scales,0x3AD70,Fortify Heavy Armor,0x3EB1E,0.189999998,3.33999991,120,1,0,0,0,1,0,0,0,MagicAlchFortifyHeavyArmor;MagicAlchBeneficial,0x3EB1E,0x3EB1E,,3.33999991,120,1,2,11.0147352,,0.189999998,2099202,34,0x65A23;0xF8A4E,Fortify Heavy Armor,,0.189999998,2099202,34,0x65A23;0xF8A4E
Slaughterfish Scales,0x3AD70,Fortify Block,0x3EB1C,0.189999998,3.33999991,120,1,0,0,0,1,0,0,0,MagicAlchFortifyBlock;MagicAlchBeneficial,0x3EB1C,0x3EB1C,,3.33999991,120,1,3,11.0147352,,0.189999998,2099202,34,0x65A1E;0xF8A4E,Fortify Block,,0.189999998,2099202,34,0x65A1E;0xF8A4E
Sload Soap,0xFE00481E,Resist Fire,0x3EAEA,0.170000002,5,120,1,0,0,0,1,0,0,0,MagicAlchResistFire;MagicAlchBeneficial,0x3EAEA,0x3EAEA,,5,120,1,0,15.3608541,,0.170000002,2101250,34,0x65A37;0xF8A4E,Resist Fire,,0.170000002,2101250,34,0x65A37;0xF8A4E
Sload Soap,0xFE00481E,Fear,0x73F20,1.60000002,2.4000001,30,1,0,0,0,0,1,1,0,MagicInfluence;MagicAlchHarmful,0x73F20,0x73F20,,2.4000001,30,0,1,14.0341387,,1.60000002,2099463,7,0x78098;0x42509,Fear,,1.60000002,2099463,7,0x78098;0x42509
Sload Soap,0xFE00481E,Fortify Conjuration,0x3EB25,0.119999997,6,120,1,0,0,0,1,0,0,0,MagicAlchFortifyConjuration;MagicAlchBeneficial,0x3EB25,0x3EB25,,6,120,1,2,13.2509508,,0.119999997,2099202,34,0x65A2A;0xF8A4E,Fortify Conjuration,,0.119999997,2099202,34,0x65A2A;0xF8A4E
Sload Soap,0xFE00481E,Fortify Alteration,0x3EB24,0.119999997,6,120,1,0,0,0,1,0,0,0,MagicAlchFortifyAlteration;MagicAlchBeneficial,0x3EB24,0x3EB24,,6,120,1,3,13.2509508,,0.119999997,2099202,34,0x65A1D;0xF8A4E,Fortify Alteration,,0.119999997,2099202,34,0x65A1D;0xF8A4E
Small Antlers,0x6BC0B,Weakness to Poison,0x90042,0.899999976,3.33999991,30,1,0,0,0,0,1,1,0,MagicAlchHarmful;USKPMagicAlchWeaknessPoison,0x90042,0x90042,,3.33999991,30,1,0,11.355257,,0.899999976,2101255,34,0x42509;0x706EE3A,Weakness to Poison,,0.899999976,2101255,34,0x42509;0x706EE3A
Small Antlers,0x6BC0B,Fortify Restoration,0x3EB28,0.180000007,3.33999991,120,1,0,0,0,1,0,0,0,MagicAlchFortifyRestoration;MagicAlchBeneficial,0x3EB28,0x3EB28,,3.33999991,120,1,1,10.4350138,,0.180000007,2099202,34,0x65A2D;0xF8A4E,Fortify Restoration,,0.180000007,2099202,34,0x65A2D;0xF8A4E
Small Antlers,0x6BC0B,Lingering Damage Stamina,0x10DE5E,14,3,3,0,1,0,0,0,1,1,0,MagicAlchHarmful,0x10DE5E,0x10DE5E,,3,3,0,2,12.4679432,,14,4196357,0,0x42509,Lingering Damage Stamina,,14,4196357,0,0x42509
Small Antlers,0x6BC0B,Damage Health,0x3EB42,29,1,5,1,0,0,0,0,1,1,0,MagicAlchHarmful,0x3EB42,0x3EB42,,1,5,0,3,13.5289783,,29,2099205,0,0x42509,Damage Health,,29,2099205,0,0x42509
Small Pearl,0x85500,Restore Stamina,0x3EB16,11.6000004,1.60000002,5,1,0,0,0,1,0,0,0,MagicAlchRestoreStamina;MagicAlchBeneficial,0x3EB16,0x3EB16,,1.60000002,5,1,0,9.07521725,,11.6000004,2099200,34,0x42504;0xF8A4E,Restore Stamina,,11.6000004,2099200,34,0x42504;0xF8A4E
Small Pearl,0x85500,Fortify One-handed,0x3EB19,0.189999998,3.33999991,120,1,0,0,0,1,0,0,0,MagicAlchFortifyOneHanded;MagicAlchBeneficial,0x3EB19,0x3EB19,,3.33999991,120,1,1,11.0147352,,0.189999998,2099202,34,0x65A1F;0xF8A4E,Fortify One-handed,,0.189999998,2099202,34,0x65A1F;0xF8A4E
Small Pearl,0x85500,Fortify Restoration,0x3EB28,0.180000007,3.33999991,120,1,0,0,0,1,0,0,0,MagicAlchFortifyRestoration;MagicAlchBeneficial,0x3EB28,0x3EB28,,3.33999991,120,1,2,10.4350138,,0.180000007,2099202,34,0x65A2D;0xF8A4E,Fortify Restoration,,0.180000007,2099202,34,0x65A2D;0xF8A4E
Small Pearl,0x85500,Resist Frost,0x3EAEB,0.170000002,4,120,1,0,0,0,1,0,0,0,MagicAlchResistFrost;MagicAlchBeneficial,0x3EAEB,0x3EAEB,,4,120,1,3,12.0175056,,0.170000002,2101250,34,0x65A38;0xF8A4E,Resist Frost,,0.170000002,2101250,34,0x65A38;0xF8A4E
Snowberries,0x1B3BD,Resist Fire,0x3EAEA,0.170000002,4,120,1,0,0,0,1,0,0,0,MagicAlchResistFire;MagicAlchBeneficial,0x3EAEA,0x3EAEA,,4,120,1,0,12.0175056,,0.170000002,2101250,34,0x65A37;0xF8A4E,Resist Fire,,0.170000002,2101250,34,0x65A37;0xF8A4E
Snowberries,0x1B3BD,Fortify Enchanting,0x3EB29,0.170000002,1.66999996,300,1,0,0,0,1,0,0,0,MagicAlchFortifyEnchanting;MagicAlchBeneficial,0x3EB29,0x3EB29,,1.66999996,300,1,1,12.5970955,,0.170000002,2099202,34,0x65A2E;0xF8A4E,Fortify Enchanting,,0.170000002,2099202,34,0x65A2E;0xF8A4E
Snowberries,0x1B3BD,Resist Frost,0x3EAEB,0.170000002,4,120,1,0,0,0,1,0,0,0,MagicAlchResistFrost;MagicAlchBeneficial,0x3EAEB,0x3EAEB,,4,120,1,2,12.0175056,,0.170000002,2101250,34,0x65A38;0xF8A4E,Resist Frost,,0.170000002,2101250,34,0x65A38;0xF8A4E
Snowberries,0x1B3BD,Resist Shock,0x3EAEC,0.170000002,4,120,1,0,0,0,1,0,0,0,MagicAlchResistShock;MagicAlchBeneficial,0x3EAEC,0x3EAEC,,4,120,1,3,12.0175056,,0.170000002,2101250,34,0x65A39;0xF8A4E,Resist Shock,,0.170000002,2101250,34,0x65A39;0xF8A4E
Spadefish,0x50008F3,Restore Health,0x3EB15,12.1999998,5,0,1,0,0,0,1,0,0,0,MagicAlchRestoreHealth;MagicAlchBeneficial,0x3EB15,0x3EB15,,5,0,1,0,2.93654752,,12.1999998,2099200,34,0x42503;0xF8A4E,Restore Health,,12.1999998,2099200,34,0x42503;0xF8A4E
Spadefish,0x50008F3,Fortify Lockpicking,0x3EB21,0.200000003,2,30,1,0,0,0,1,0,0,0,MagicAlchFortifyLockpicking;MagicAlchBeneficial,0x3EB21,0x3EB21,,2,30,1,1,3.58869386,,0.200000003,2099202,34,0x65A26;0xF8A4E,Fortify Lockpicking,,0.200000003,2099202,34,0x65A26;0xF8A4E
Spadefish,0x50008F3,Fortify Pickpocket,0x3EB20,0.200000003,4,60,1,0,0,0,1,0,0,0,MagicAlchFortifyPickPocket;MagicAlchBeneficial,0x3EB20,0x3EB20,,4,60,1,2,16.4893074,,0.200000003,2099202,34,0x65A25;0xF8A4E,Fortify Pickpocket,,0.200000003,2099202,34,0x65A25;0xF8A4E
Spadefish,0x50008F3,Cure Disease,0xAE722,1,5,0,1,0,0,1,1,0,0,0,MagicAlchBeneficial,0xAE722,0xAE722,,5,0,0,3,2.93654752,,1,2103808,3,0xF8A4E,Cure Disease,,1,2103808,3,0xF8A4E
Spawn Ash,0x401CD6D,Ravage Stamina,0x73F23,0.479999989,6,30,1,0,0,0,0,1,1,0,MagicAlchHarmful,0x73F23,0x73F23,,6,30,0,0,11.5356226,,0.479999989,2099207,0,0x42509,Ravage Stamina,,0.479999989,2099207,0,0x42509
Spawn Ash,0x401CD6D,Resist Fire,0x3EAEA,0.170000002,4,120,1,0,0,0,1,0,0,0,MagicAlchResistFire;MagicAlchBeneficial,0x3EAEA,0x3EAEA,,4,120,1,1,12.0175056,,0.170000002,2101250,34,0x65A37;0xF8A4E,Resist Fire,,0.170000002,2101250,34,0x65A37;0xF8A4E
Spawn Ash,0x401CD6D,Fortify Enchanting,0x3EB29,0.170000002,1.66999996,300,1,0,0,0,1,0,0,0,MagicAlchFortifyEnchanting;MagicAlchBeneficial,0x3EB29,0x3EB29,,1.66999996,300,1,2,12.5970955,,0.170000002,2099202,34,0x65A2E;0xF8A4E,Fortify Enchanting,,0.170000002,2099202,34,0x65A2E;0xF8A4E
Spawn Ash,0x401CD6D,Ravage Magicka,0x73F27,0.479999989,6,30,1,0,0,0,0,1,1,0,MagicAlchHarmful,0x73F27,0x73F27,,6,30,0,3,11.5356226,,0.479999989,2099207,0,0x42509,Ravage Magicka,,0.479999989,2099207,0,0x42509
Spider Egg,0x9151B,Damage Stamina,0x3A2C6,20,1.34000003,5,1,0,0,0,0,1,1,0,MagicAlchHarmful,0x3A2C6,0x3A2C6,,1.34000003,5,0,0,12.8739643,,20,2099205,0,0x42509,Damage Stamina,,20,2099205,0,0x42509
Spider Egg,0x9151B,Damage Magicka Regen,0x73F2B,0.159999996,100,5,0,1,0,0,0,1,1,0,MagicAlchHarmful,0x73F2B,0x73F2B,,100,5,0,1,11.8300619,,0.159999996,4196359,0,0x42509,Damage Magicka Regen,,0.159999996,4196359,0,0x42509
Spider Egg,0x9151B,Fortify Lockpicking,0x3EB21,0.200000003,3.33999991,120,1,0,0,0,1,0,0,0,MagicAlchFortifyLockpicking;MagicAlchBeneficial,0x3EB21,0x3EB21,,3.33999991,120,1,2,11.5944586,,0.200000003,2099202,34,0x65A26;0xF8A4E,Fortify Lockpicking,,0.200000003,2099202,34,0x65A26;0xF8A4E
Spider Egg,0x9151B,Fortify Archery,0x3EB1B,0.189999998,3.33999991,120,1,0,0,0,1,0,0,0,MagicAlchFortifyMarksman;MagicAlchBeneficial,0x3EB1B,0x3EB1B,,3.33999991,120,1,3,11.0147352,,0.189999998,2099202,34,0x65A21;0xF8A4E,Fortify Archery,,0.189999998,2099202,34,0x65A21;0xF8A4E
Spriggan Sap *,0x63B5F,Damage Magicka Regen,0x73F2B,0.159999996,100,6,0,1,0,0,0,1,1,0,MagicAlchHarmful,0x73F2B,0x73F2B,,100,6,0,0,14.4572735,,0.159999996,4196359,0,0x42509,Damage Magicka Regen,,0.159999996,4196359,0,0x42509
Spriggan Sap *,0x63B5F,Fortify Enchanting,0x3EB29,0.170000002,1.79999995,300,1,0,0,0,1,0,0,0,MagicAlchFortifyEnchanting;MagicAlchBeneficial,0x3EB29,0x3EB29,,1.79999995,300,1,1,13.6798744,,0.170000002,2099202,34,0x65A2E;0xF8A4E,Fortify Enchanting,,0.170000002,2099202,34,0x65A2E;0xF8A4E
Spriggan Sap *,0x63B5F,Fortify Smithing,0x3EB1D,0.170000002,1.79999995,300,1,0,0,0,1,0,0,0,MagicAlchFortifySmithing;MagicAlchBeneficial,0x3EB1D,0x3EB1D,,1.79999995,300,1,2,13.6798744,,0.170000002,2099202,34,0x65A22;0xF8A4E,Fortify Smithing,,0.170000002,2099202,34,0x65A22;0xF8A4E
Spriggan Sap *,0x63B5F,Fortify Alteration,0x3EB24,0.119999997,6,120,1,0,0,0,1,0,0,0,MagicAlchFortifyAlteration;MagicAlchBeneficial,0x3EB24,0x3EB24,,6,120,1,3,13.2509508,,0.119999997,2099202,34,0x65A1D;0xF8A4E,Fortify Alteration,,0.119999997,2099202,34,0x65A1D;0xF8A4E
Stoneflower Petals,0xFE00481F,Weakness to Shock,0x73F2F,0.400000006,6.67000008,30,1,0,0,0,0,1,1,0,MagicAlchWeaknessShock;MagicAlchHarmful,0x73F2F,0x73F2F,,6.67000008,30,1,0,10.8002005,,0.400000006,2101255,34,0x74F50;0x42509,Weakness to Shock,,0.400000006,2101255,34,0x74F50;0x42509
Stoneflower Petals,0xFE00481F,Fortify One-handed,0x3EB19,0.189999998,3.33999991,120,1,0,0,0,1,0,0,0,MagicAlchFortifyOneHanded;MagicAlchBeneficial,0x3EB19,0x3EB19,,3.33999991,120,1,1,11.0147352,,0.189999998,2099202,34,0x65A1F;0xF8A4E,Fortify One-handed,,0.189999998,2099202,34,0x65A1F;0xF8A4E
Stoneflower Petals,0xFE00481F,Fortify Magicka,0x3EAF8,0.100000001,6.67000008,120,1,0,0,0,1,0,0,0,MagicAlchFortifyMagicka;MagicAlchBeneficial,0x3EAF8,0x3EAF8,,6.67000008,120,1,2,12.4061728,,0.100000001,2099202,34,0x65A33;0xF8A4E,Fortify Magicka,,0.100000001,2099202,34,0x65A33;0xF8A4E
Stoneflower Petals,0xFE00481F,Fortify Enchanting,0x3EB29,0.170000002,1.66999996,300,1,0,0,0,1,0,0,0,MagicAlchFortifyEnchanting;MagicAlchBeneficial,0x3EB29,0x3EB29,,1.66999996,300,1,3,12.5970955,,0.170000002,2099202,34,0x65A2E;0xF8A4E,Fortify Enchanting,,0.170000002,2099202,34,0x65A2E;0xF8A4E
Swamp Fungal Pod,0x7E8B7,Cure Poison,0x815DDBA,1.25,5,0,1,0,0,0,1,0,0,0,MagicAlchBeneficial,0x815DDBA,0x815DDBA,,5,0,0,0,7.34136868,,1.25,2103296,1,0xF8A4E,Cure Poison,,1.25,2103296,1,0xF8A4E
Swamp Fungal Pod,0x7E8B7,Lingering Damage Magicka,0x10DE5F,14,3,3,0,1,0,0,0,1,1,0,MagicAlchHarmful,0x10DE5F,0x10DE5F,,3,3,0,1,12.4679432,,14,4196357,0,0x42509,Lingering Damage Magicka,,14,4196357,0,0x42509
Swamp Fungal Pod,0x7E8B7,Paralysis,0x800FB01,6.5,2,10,1,0,0,0,0,1,1,0,MagicAlchHarmful,0x800FB01,0x800FB01,,2,10,0,2,13.9330559,,6.5,2103297,1,0x42509,Paralysis,,6.5,2103297,1,0x42509
Swamp Fungal Pod,0x7E8B7,Restore Health,0x3EB15,12.1999998,1.60000002,5,1,0,0,0,1,0,0,0,MagicAlchRestoreHealth;MagicAlchBeneficial,0x3EB15,0x3EB15,,1.60000002,5,1,3,9.54462433,,12.1999998,2099200,34,0x42503;0xF8A4E,Restore Health,,12.1999998,2099200,34,0x42503;0xF8A4E
Taproot *,0x3AD71,Weakness to Magic,0x73F51,1,4,30,1,0,0,0,0,1,1,0,MagicAlchWeaknessMagic;MagicAlchHarmful,0x73F51,0x73F51,,4,30,1,0,15.385067,,1,2101255,34,0x74F51;0x42509,Weakness to Magic,,1,2101255,34,0x74F51;0x42509
Taproot *,0x3AD71,Fortify Illusion,0x3EB27,0.180000007,6,120,1,0,0,0,1,0,0,0,MagicAlchFortifyIllusion;MagicAlchBeneficial,0x3EB27,0x3EB27,,6,120,1,1,19.8764267,,0.180000007,2099202,34,0x65A2C;0xF8A4E,Fortify Illusion,,0.180000007,2099202,34,0x65A2C;0xF8A4E
Taproot *,0x3AD71,Regenerate Magicka,0x3EB07,0.129999995,6.67000008,120,1,0,0,0,1,0,0,0,MagicAlchFortifyMagickaRate;MagicAlchBeneficial,0x3EB07,0x3EB07,,6.67000008,120,1,2,16.1280251,,0.129999995,2099202,34,0x65A34;0xF8A4E,Regenerate Magicka,,0.129999995,2099202,34,0x65A34;0xF8A4E
Taproot *,0x3AD71,Restore Magicka,0x3EB17,11.6000004,2.1500001,5,1,0,0,0,1,0,0,0,MagicAlchRestoreMagicka;MagicAlchBeneficial,0x3EB17,0x3EB17,,2.1500001,5,1,3,12.5605116,,11.6000004,2099200,34,0x42508;0xF8A4E,Restore Magicka,,11.6000004,2099200,34,0x42508;0xF8A4E
Thistle Branch,0x134AA,Resist Frost,0x3EAEB,0.170000002,4,120,1,0,0,0,1,0,0,0,MagicAlchResistFrost;MagicAlchBeneficial,0x3EAEB,0x3EAEB,,4,120,1,0,12.0175056,,0.170000002,2101250,34,0x65A38;0xF8A4E,Resist Frost,,0.170000002,2101250,34,0x65A38;0xF8A4E
Thistle Branch,0x134AA,Ravage Stamina,0x73F23,0.479999989,6,30,1,0,0,0,0,1,1,0,MagicAlchHarmful,0x73F23,0x73F23,,6,30,0,1,11.5356226,,0.479999989,2099207,0,0x42509,Ravage Stamina,,0.479999989,2099207,0,0x42509
Thistle Branch,0x134AA,Resist Poison,0x90041,0.159999996,4,120,1,0,0,0,1,0,0,0,MagicAlchResistPoison;MagicAlchBeneficial,0x90041,0x90041,,4,120,1,2,11.3105927,,0.159999996,2101250,34,0x10EB5F;0xF8A4E,Resist Poison,,0.159999996,2101250,34,0x10EB5F;0xF8A4E
Thistle Branch,0x134AA,Fortify Heavy Armor,0x3EB1E,0.189999998,3.33999991,120,1,0,0,0,1,0,0,0,MagicAlchFortifyHeavyArmor;MagicAlchBeneficial,0x3EB1E,0x3EB1E,,3.33999991,120,1,3,11.0147352,,0.189999998,2099202,34,0x65A23;0xF8A4E,Fortify Heavy Armor,,0.189999998,2099202,34,0x65A23;0xF8A4E
Thorn Hook,0x100306F,Lingering Damage Health,0x10AA4A,22,1,10,0,1,0,0,0,1,1,0,MagicAlchHarmful,0x10AA4A,0x10AA4A,,1,10,0,0,12,,22,4196357,0,0x42509,Lingering Damage Health,,22,4196357,0,0x42509
Thorn Hook,0x100306F,Paralysis,0x73F30,166,0,1,0,1,1,0,0,1,1,0,MagicParalysis;MagicAlchHarmful,0x73F30,0x73F30,,0,1,0,1,39.7164116,,166,4197379,21,0x1EA70;0x42509,Paralysis,,166,4197379,21,0x1EA70;0x42509
Thorn Hook,0x100306F,Regenerate Magicka,0x3EB07,0.129999995,3,180,1,0,0,0,1,0,0,0,MagicAlchFortifyMagickaRate;MagicAlchBeneficial,0x3EB07,0x3EB07,,3,180,1,2,8.04698467,,0.129999995,2099202,34,0x65A34;0xF8A4E,Regenerate Magicka,,0.129999995,2099202,34,0x65A34;0xF8A4E
Thorn Hook,0x100306F,Regenerate Health,0x3EB06,0.129999995,3,180,1,0,0,0,1,0,0,0,MagicAlchFortifyHealRate;MagicAlchBeneficial,0x3EB06,0x3EB06,,3,180,1,3,8.04698467,,0.129999995,2099202,34,0x65A30;0xF8A4E,Regenerate Health,,0.129999995,2099202,34,0x65A30;0xF8A4E
Torchbug Thorax,0x4DA73,Restore Stamina,0x3EB16,11.6000004,1.60000002,5,1,0,0,0,1,0,0,0,MagicAlchRestoreStamina;MagicAlchBeneficial,0x3EB16,0x3EB16,,1.60000002,5,1,0,9.07521725,,11.6000004,2099200,34,0x42504;0xF8A4E,Restore Stamina,,11.6000004,2099200,34,0x42504;0xF8A4E
Torchbug Thorax,0x4DA73,Lingering Damage Magicka,0x10DE5F,14,3,3,0,1,0,0,0,1,1,0,MagicAlchHarmful,0x10DE5F,0x10DE5F,,3,3,0,1,12.4679432,,14,4196357,0,0x42509,Lingering Damage Magicka,,14,4196357,0,0x42509
Torchbug Thorax,0x4DA73,Weakness to Magic,0x73F51,1,3.33999991,30,1,0,0,0,0,1,1,0,MagicAlchWeaknessMagic;MagicAlchHarmful,0x73F51,0x73F51,,3.33999991,30,1,2,12.6169529,,1,2101255,34,0x74F51;0x42509,Weakness to Magic,,1,2101255,34,0x74F51;0x42509
Torchbug Thorax,0x4DA73,Fortify Stamina,0x3EAF9,0.100000001,6.67000008,120,1,0,0,0,1,0,0,0,MagicAlchFortifyStamina;MagicAlchBeneficial,0x3EAF9,0x3EAF9,,6.67000008,120,1,3,12.4061728,,0.100000001,2099202,34,0x65A32;0xF8A4E,Fortify Stamina,,0.100000001,2099202,34,0x65A32;0xF8A4E
Trama Root,0x4017008,Weakness to Shock,0x73F2F,0.400000006,6.67000008,30,1,0,0,0,0,1,1,0,MagicAlchWeaknessShock;MagicAlchHarmful,0x73F2F,0x73F2F,,6.67000008,30,1,0,10.8002005,,0.400000006,2101255,34,0x74F50;0x42509,Weakness to Shock,,0.400000006,2101255,34,0x74F50;0x42509
Trama Root,0x4017008,Fortify Carry Weight,0x3EB01,0.0599999987,4,300,1,0,0,0,1,0,0,0,MagicAlchFortifyCarryWeight;MagicAlchBeneficial,0x3EB01,0x3EB01,,4,300,1,1,11.621191,,0.0599999987,2099202,34,0x65A2F;0xF8A4E,Fortify Carry Weight,,0.0599999987,2099202,34,0x65A2F;0xF8A4E
Trama Root,0x4017008,Damage Magicka,0x3A2B6,20,1.34000003,5,1,0,0,0,0,1,1,0,MagicAlchHarmful,0x3A2B6,0x3A2B6,,1.34000003,5,0,2,12.8739643,,20,2099205,0,0x42509,Damage Magicka,,20,2099205,0,0x42509
Trama Root,0x4017008,Slow,0x73F25,0.449999988,50,4,0,1,0,0,0,1,1,0,MagicAlchHarmful;MagicSlow,0x73F25,0x73F25,,50,4,1,3,12.1435461,,0.449999988,4200455,34,0x42509;0xB729E,Slow,,0.449999988,4200455,34,0x42509;0xB729E
Troll Fat,0x3AD72,Resist Poison,0x90041,0.159999996,4,120,1,0,0,0,1,0,0,0,MagicAlchResistPoison;MagicAlchBeneficial,0x90041,0x90041,,4,120,1,0,11.3105927,,0.159999996,2101250,34,0x10EB5F;0xF8A4E,Resist Poison,,0.159999996,2101250,34,0x10EB5F;0xF8A4E
Troll Fat,0x3AD72,Fortify Two-handed,0x3EB1A,0.189999998,3.33999991,120,1,0,0,0,1,0,0,0,MagicAlchFortifyTwoHanded;MagicAlchBeneficial,0x3EB1A,0x3EB1A,,3.33999991,120,1,1,11.0147352,,0.189999998,2099202,34,0x65A20;0xF8A4E,Fortify Two-handed,,0.189999998,2099202,34,0x65A20;0xF8A4E
Troll Fat,0x3AD72,Frenzy,0x73F29,6,2,10,1,0,0,0,0,1,1,0,MagicInfluence;MagicAlchHarmful,0x73F29,0x73F29,,2,10,0,2,12.8612823,,6,2099463,8,0x78098;0x42509,Frenzy,,6,2099463,8,0x78098;0x42509
Troll Fat,0x3AD72,Damage Health,0x3EB42,29,1,5,1,0,0,0,0,1,1,0,MagicAlchHarmful,0x3EB42,0x3EB42,,1,5,0,3,13.5289783,,29,2099205,0,0x42509,Damage Health,,29,2099205,0,0x42509
Tundra Cotton,0x3F7F8,Resist Magic,0x39E51,0.400000006,2,120,1,0,0,0,1,0,0,0,MagicAlchResistMagic;MagicAlchBeneficial,0x39E51,0x39E51,,2,120,1,0,13.1914463,,0.400000006,2103298,34,0x65A3A;0xF8A4E,Resist Magic,,0.400000006,2103298,34,0x65A3A;0xF8A4E
Tundra Cotton,0x3F7F8,Fortify Magicka,0x3EAF8,0.100000001,6.67000008,120,1,0,0,0,1,0,0,0,MagicAlchFortifyMagicka;MagicAlchBeneficial,0x3EAF8,0x3EAF8,,6.67000008,120,1,1,12.4061728,,0.100000001,2099202,34,0x65A33;0xF8A4E,Fortify Magicka,,0.100000001,2099202,34,0x65A33;0xF8A4E
Tundra Cotton,0x3F7F8,Fortify Block,0x3EB1C,0.189999998,3.33999991,120,1,0,0,0,1,0,0,0,MagicAlchFortifyBlock;MagicAlchBeneficial,0x3EB1C,0x3EB1C,,3.33999991,120,1,2,11.0147352,,0.189999998,2099202,34,0x65A1E;0xF8A4E,Fortify Block,,0.189999998,2099202,34,0x65A1E;0xF8A4E
Tundra Cotton,0x3F7F8,Fortify Barter,0x3EB23,0.159999996,1.66999996,300,1,0,0,0,1,0,0,0,MagicAlchFortifySpeechcraft;MagicAlchBeneficial,0x3EB23,0x3EB23,,1.66999996,300,1,3,11.8560896,,0.159999996,2099202,34,0x65A29;0xF8A4E,Fortify Barter,,0.159999996,2099202,34,0x65A29;0xF8A4E
Vampire Dust,0x3AD76,Invisibility,0x3EB3D,35,0,4,0,1,1,0,1,0,0,1,MagicInvisibility;MagicAlchBeneficial;MagicAlchDurationBased,0x3EB3D,0x3EB3D,,0,4,0,0,12.77421,,35,4201474,11,0x1EA6F;0xF8A4E;0xF8A4F,Invisibility,,35,4201474,11,0x1EA6F;0xF8A4E;0xF8A4F
Vampire Dust,0x3AD76,Restore Magicka,0x3EB17,11.6000004,1.60000002,5,1,0,0,0,1,0,0,0,MagicAlchRestoreMagicka;MagicAlchBeneficial,0x3EB17,0x3EB17,,1.60000002,5,1,1,9.07521725,,11.6000004,2099200,34,0x42508;0xF8A4E,Restore Magicka,,11.6000004,2099200,34,0x42508;0xF8A4E
Vampire Dust,0x3AD76,Regenerate Health,0x3EB06,0.129999995,5.34000015,120,1,0,0,0,1,0,0,0,MagicAlchFortifyHealRate;MagicAlchBeneficial,0x3EB06,0x3EB06,,5.34000015,120,1,2,12.6281042,,0.129999995,2099202,34,0x65A30;0xF8A4E,Regenerate Health,,0.129999995,2099202,34,0x65A30;0xF8A4E
Vampire Dust,0x3AD76,Cure Disease,0x815DDB4,1.25,5,0,1,0,0,0,1,0,0,0,MagicAlchBeneficial,0x815DDB4,0x815DDB4,,5,0,0,3,7.34136868,,1.25,2103296,1,0xF8A4E,Cure Disease,,1.25,2103296,1,0xF8A4E
Void Essence,0xFE004820,Restore Health,0x3EB15,12.1999998,2.1500001,5,1,0,0,0,1,0,0,0,MagicAlchRestoreHealth;MagicAlchBeneficial,0x3EB15,0x3EB15,,2.1500001,5,1,0,13.2101917,,12.1999998,2099200,34,0x42503;0xF8A4E,Restore Health,,12.1999998,2099200,34,0x42503;0xF8A4E
Void Essence,0xFE004820,Fortify Health,0x3EAF3,0.100000001,8,120,1,0,0,0,1,0,0,0,MagicAlchFortifyHealth;MagicAlchBeneficial,0x3EAF3,0x3EAF3,,8,120,1,1,15.1529922,,0.100000001,2099202,34,0x65A31;0xF8A4E,Fortify Health,,0.100000001,2099202,34,0x65A31;0xF8A4E
Void Essence,0xFE004820,Fortify Stamina,0x3EAF9,0.100000001,8,120,1,0,0,0,1,0,0,0,MagicAlchFortifyStamina;MagicAlchBeneficial,0x3EAF9,0x3EAF9,,8,120,1,2,15.1529922,,0.100000001,2099202,34,0x65A32;0xF8A4E,Fortify Stamina,,0.100000001,2099202,34,0x65A32;0xF8A4E
Void Essence,0xFE004820,Regenerate Health,0x3EB06,0.129999995,6.67000008,120,1,0,0,0,1,0,0,0,MagicAlchFortifyHealRate;MagicAlchBeneficial,0x3EB06,0x3EB06,,6.67000008,120,1,3,16.1280251,,0.129999995,2099202,34,0x65A30;0xF8A4E,Regenerate Health,,0.129999995,2099202,34,0x65A30;0xF8A4E
Void Salts *,0x3AD60,Weakness to Shock,0x73F2F,0.400000006,8,30,1,0,0,0,0,1,1,0,MagicAlchWeaknessShock;MagicAlchHarmful,0x73F2F,0x73F2F,,8,30,1,0,13.1914463,,0.400000006,2101255,34,0x74F50;0x42509,Weakness to Shock,,0.400000006,2101255,34,0x74F50;0x42509
Void Salts *,0x3AD60,Resist Magic,0x39E51,0.400000006,2.4000001,120,1,0,0,0,1,0,0,0,MagicAlchResistMagic;MagicAlchBeneficial,0x39E51,0x39E51,,2.4000001,120,1,1,16.1209927,,0.400000006,2103298,34,0x65A3A;0xF8A4E,Resist Magic,,0.400000006,2103298,34,0x65A3A;0xF8A4E
Void Salts *,0x3AD60,Damage Health,0x3EB42,29,1.34000003,5,1,0,0,0,0,1,1,0,MagicAlchHarmful,0x3EB42,0x3EB42,,1.34000003,5,0,2,18.6672478,,29,2099205,0,0x42509,Damage Health,,29,2099205,0,0x42509
Void Salts *,0x3AD60,Fortify Magicka,0x3EAF8,0.100000001,8,120,1,0,0,0,1,0,0,0,MagicAlchFortifyMagicka;MagicAlchBeneficial,0x3EAF8,0x3EAF8,,8,120,1,3,15.1529922,,0.100000001,2099202,34,0x65A33;0xF8A4E,Fortify Magicka,,0.100000001,2099202,34,0x65A33;0xF8A4E
Watcher's Eye,0xFE004821,Night Eye,0xFE004803,30,0,5,0,1,0,0,1,0,0,0,MagicNightEye;MagicAlchBeneficial,0xFE004803,0xFE004803,,0,5,0,0,13.9954948,,30,138545408,1,0xAD7C6;0xF8A4E,Night Eye,,30,138545408,1,0xAD7C6;0xF8A4E
Watcher's Eye,0xFE004821,Fortify Magicka,0x3EAF8,0.100000001,8,120,1,0,0,0,1,0,0,0,MagicAlchFortifyMagicka;MagicAlchBeneficial,0x3EAF8,0x3EAF8,,8,120,1,1,15.1529922,,0.100000001,2099202,34,0x65A33;0xF8A4E,Fortify Magicka,,0.100000001,2099202,34,0x65A33;0xF8A4E
Watcher's Eye,0xFE004821,Fortify Illusion,0x3EB27,0.180000007,4,120,1,0,0,0,1,0,0,0,MagicAlchFortifyIllusion;MagicAlchBeneficial,0x3EB27,0x3EB27,,4,120,1,2,12.7244177,,0.180000007,2099202,34,0x65A2C;0xF8A4E,Fortify Illusion,,0.180000007,2099202,34,0x65A2C;0xF8A4E
Watcher's Eye,0xFE004821,Spell Absorption,0xFE004812,0.200000003,4,120,1,0,0,0,1,0,0,0,MagicAlchBeneficial,0xFE004812,0xFE004812,,4,120,1,3,14.1382418,,0.200000003,2097154,34,0xF8A4E,Spell Absorption,,0.200000003,2097154,34,0xF8A4E
Wheat,0x4B0BA,Restore Health,0x3EB15,12.1999998,1.60000002,5,1,0,0,0,1,0,0,0,MagicAlchRestoreHealth;MagicAlchBeneficial,0x3EB15,0x3EB15,,1.60000002,5,1,0,9.54462433,,12.1999998,2099200,34,0x42503;0xF8A4E,Restore Health,,12.1999998,2099200,34,0x42503;0xF8A4E
Wheat,0x4B0BA,Fortify Health,0x3EAF3,0.100000001,6.67000008,120,1,0,0,0,1,0,0,0,MagicAlchFortifyHealth;MagicAlchBeneficial,0x3EAF3,0x3EAF3,,6.67000008,120,1,1,12.4061728,,0.100000001,2099202,34,0x65A31;0xF8A4E,Fortify Health,,0.100000001,2099202,34,0x65A31;0xF8A4E
Wheat,0x4B0BA,Damage Stamina Regen,0x73F2C,0.159999996,100,5,0,1,0,0,0,1,1,0,MagicAlchHarmful,0x73F2C,0x73F2C,,100,5,0,2,11.8300619,,0.159999996,4196359,0,0x42509,Damage Stamina Regen,,0.159999996,4196359,0,0x42509
Wheat,0x4B0BA,Lingering Damage Magicka,0x10DE5F,14,3,3,0,1,0,0,0,1,1,0,MagicAlchHarmful,0x10DE5F,0x10DE5F,,3,3,0,3,12.4679432,,14,4196357,0,0x42509,Lingering Damage Magicka,,14,4196357,0,0x42509
White Cap,0x4DA22,Weakness to Frost,0x73F2E,0.400000006,6.67000008,30,1,0,0,0,0,1,1,0,MagicAlchWeaknessFrost;MagicAlchHarmful,0x73F2E,0x73F2E,,6.67000008,30,1,0,10.8002005,,0.400000006,2101255,34,0x74F4F;0x42509,Weakness to Frost,,0.400000006,2101255,34,0x74F4F;0x42509
White Cap,0x4DA22,Fortify Heavy Armor,0x3EB1E,0.189999998,3.33999991,120,1,0,0,0,1,0,0,0,MagicAlchFortifyHeavyArmor;MagicAlchBeneficial,0x3EB1E,0x3EB1E,,3.33999991,120,1,1,11.0147352,,0.189999998,2099202,34,0x65A23;0xF8A4E,Fortify Heavy Armor,,0.189999998,2099202,34,0x65A23;0xF8A4E
White Cap,0x4DA22,Restore Magicka,0x3EB17,11.6000004,1.60000002,5,1,0,0,0,1,0,0,0,MagicAlchRestoreMagicka;MagicAlchBeneficial,0x3EB17,0x3EB17,,1.60000002,5,1,2,9.07521725,,11.6000004,2099200,34,0x42508;0xF8A4E,Restore Magicka,,11.6000004,2099200,34,0x42508;0xF8A4E
White Cap,0x4DA22,Ravage Magicka,0x73F27,0.479999989,6,30,1,0,0,0,0,1,1,0,MagicAlchHarmful,0x73F27,0x73F27,,6,30,0,3,11.5356226,,0.479999989,2099207,0,0x42509,Ravage Magicka,,0.479999989,2099207,0,0x42509
Wisp Stalk Caps,0xFE004823,Damage Health,0x3EB42,29,1,5,1,0,0,0,0,1,1,0,MagicAlchHarmful,0x3EB42,0x3EB42,,1,5,0,0,13.5289783,,29,2099205,0,0x42509,Damage Health,,29,2099205,0,0x42509
Wisp Stalk Caps,0xFE004823,Weakness to Poison,0x90042,0.899999976,3.33999991,30,1,0,0,0,0,1,1,0,MagicAlchHarmful;USKPMagicAlchWeaknessPoison,0x90042,0x90042,,3.33999991,30,1,1,11.355257,,0.899999976,2101255,34,0x42509;0x706EE3A,Weakness to Poison,,0.899999976,2101255,34,0x42509;0x706EE3A
Wisp Stalk Caps,0xFE004823,Frenzy,0x73F29,6,2,10,1,0,0,0,0,1,1,0,MagicInfluence;MagicAlchHarmful,0x73F29,0x73F29,,2,10,0,2,12.8612823,,6,2099463,8,0x78098;0x42509,Frenzy,,6,2099463,8,0x78098;0x42509
Wisp Stalk Caps,0xFE004823,Regenerate Stamina,0x3EB08,0.129999995,5.34000015,120,1,0,0,0,1,0,0,0,MagicAlchFortifyStaminaRate;MagicAlchBeneficial,0x3EB08,0x3EB08,,5.34000015,120,1,3,12.6281042,,0.129999995,2099202,34,0x65A35;0xF8A4E,Regenerate Stamina,,0.129999995,2099202,34,0x65A35;0xF8A4E
Wisp Wrappings *,0x6BC0E,Restore Stamina,0x3EB16,11.6000004,2.1500001,5,1,0,0,0,1,0,0,0,MagicAlchRestoreStamina;MagicAlchBeneficial,0x3EB16,0x3EB16,,2.1500001,5,1,0,12.5605116,,11.6000004,2099200,34,0x42504;0xF8A4E,Restore Stamina,,11.6000004,2099200,34,0x42504;0xF8A4E
Wisp Wrappings *,0x6BC0E,Fortify Destruction,0x3EB26,0.180000007,4,120,1,0,0,0,1,0,0,0,MagicAlchFortifyDestruction;MagicAlchBeneficial,0x3EB26,0x3EB26,,4,120,1,1,12.7244177,,0.180000007,2099202,34,0x65A2B;0xF8A4E,Fortify Destruction,,0.180000007,2099202,34,0x65A2B;0xF8A4E
Wisp Wrappings *,0x6BC0E,Fortify Carry Weight,0x3EB01,0.0599999987,5,300,1,0,0,0,1,0,0,0,MagicAlchFortifyCarryWeight;MagicAlchBeneficial,0x3EB01,0x3EB01,,5,300,1,2,14.8542824,,0.0599999987,2099202,34,0x65A2F;0xF8A4E,Fortify Carry Weight,,0.0599999987,2099202,34,0x65A2F;0xF8A4E
Wisp Wrappings *,0x6BC0E,Resist Magic,0x39E51,0.400000006,2.4000001,120,1,0,0,0,1,0,0,0,MagicAlchResistMagic;MagicAlchBeneficial,0x39E51,0x39E51,,2.4000001,120,1,3,16.1209927,,0.400000006,2103298,34,0x65A3A;0xF8A4E,Resist Magic,,0.400000006,2103298,34,0x65A3A;0xF8A4E
Withering Moon,0xFE004824,Restore Magicka,0x3EB17,11.6000004,2.1500001,5,1,0,0,0,1,0,0,0,MagicAlchRestoreMagicka;MagicAlchBeneficial,0x3EB17,0x3EB17,,2.1500001,5,1,0,12.5605116,,11.6000004,2099200,34,0x42508;0xF8A4E,Restore Magicka,,11.6000004,2099200,34,0x42508;0xF8A4E
Withering Moon,0xFE004824,Spell Absorption,0xFE004812,0.200000003,4,120,1,0,0,0,1,0,0,0,MagicAlchBeneficial,0xFE004812,0xFE004812,,4,120,1,1,14.1382418,,0.200000003,2097154,34,0xF8A4E,Spell Absorption,,0.200000003,2097154,34,0xF8A4E
Withering Moon,0xFE004824,Fortify Light Armor,0x3EB1F,0.189999998,4,120,1,0,0,0,1,0,0,0,MagicAlchFortifyLightArmor;MagicAlchBeneficial,0x3EB1F,0x3EB1F,,4,120,1,2,13.4313297,,0.189999998,2099202,34,0x65A24;0xF8A4E,Fortify Light Armor,,0.189999998,2099202,34,0x65A24;0xF8A4E
Withering Moon,0xFE004824,Cure Disease,0x815DDB4,1.25,6,0,1,0,0,0,1,0,0,0,MagicAlchBeneficial,0x815DDB4,0x815DDB4,,6,0,0,3,8.971735,,1.25,2103296,1,0xF8A4E,Cure Disease,,1.25,2103296,1,0xF8A4E
Worm's Head Cap,0xFE004825,Fortify Lockpicking,0x3EB21,0.200000003,4,120,1,0,0,0,1,0,0,0,MagicAlchFortifyLockpicking;MagicAlchBeneficial,0x3EB21,0x3EB21,,4,120,1,0,14.1382418,,0.200000003,2099202,34,0x65A26;0xF8A4E,Fortify Lockpicking,,0.200000003,2099202,34,0x65A26;0xF8A4E
Worm's Head Cap,0xFE004825,Night Eye,0xFE004803,30,0,5,0,1,0,0,1,0,0,0,MagicNightEye;MagicAlchBeneficial,0xFE004803,0xFE004803,,0,5,0,1,13.9954948,,30,138545408,1,0xAD7C6;0xF8A4E,Night Eye,,30,138545408,1,0xAD7C6;0xF8A4E
Worm's Head Cap,0xFE004825,Fortify Carry Weight,0x3EB01,0.0599999987,5,300,1,0,0,0,1,0,0,0,MagicAlchFortifyCarryWeight;MagicAlchBeneficial,0x3EB01,0x3EB01,,5,300,1,2,14.8542824,,0.0599999987,2099202,34,0x65A2F;0xF8A4E,Fortify Carry Weight,,0.0599999987,2099202,34,0x65A2F;0xF8A4E
Worm's Head Cap,0xFE004825,Slow,0x73F25,0.449999988,50,5,0,1,0,0,0,1,1,0,MagicAlchHarmful;MagicSlow,0x73F25,0x73F25,,50,5,1,3,15.5219593,,0.449999988,4200455,34,0x42509;0xB729E,Slow,,0.449999988,4200455,34,0x42509;0xB729E
Yellow Mountain Flower *,0x2002A78,Resist Poison,0x90041,0.159999996,5,120,1,0,0,0,1,0,0,0,MagicAlchResistPoison;MagicAlchBeneficial,0x90041,0x90041,,5,120,1,0,14.4572735,,0.159999996,2101250,34,0x10EB5F;0xF8A4E,Resist Poison,,0.159999996,2101250,34,0x10EB5F;0xF8A4E
Yellow Mountain Flower *,0x2002A78,Fortify Restoration,0x3EB28,0.180000007,4,120,1,0,0,0,1,0,0,0,MagicAlchFortifyRestoration;MagicAlchBeneficial,0x3EB28,0x3EB28,,4,120,1,1,12.7244177,,0.180000007,2099202,34,0x65A2D;0xF8A4E,Fortify Restoration,,0.180000007,2099202,34,0x65A2D;0xF8A4E
Yellow Mountain Flower *,0x2002A78,Fortify Health,0x3EAF3,0.100000001,8,120,1,0,0,0,1,0,0,0,MagicAlchFortifyHealth;MagicAlchBeneficial,0x3EAF3,0x3EAF3,,8,120,1,2,15.1529922,,0.100000001,2099202,34,0x65A31;0xF8A4E,Fortify Health,,0.100000001,2099202,34,0x65A31;0xF8A4E
Yellow Mountain Flower *,0x2002A78,Damage Stamina Regen,0x73F2C,0.159999996,100,6,0,1,0,0,0,1,1,0,MagicAlchHarmful,0x73F2C,0x73F2C,,100,6,0,3,14.4572735,,0.159999996,4196359,0,0x42509,Damage Stamina Regen,,0.159999996,4196359,0,0x42509
