ingredient_name,form_id,effect_name,effect_form_id,base_cost,magnitude,duration,power_affects_magnitude,power_affects_duration,no_magnitude,no_duration,beneficial,harmful,hostile,duration_based,keyword_editor_ids,source_effect_form_id,resolved_effect_form_id,caco_duration_index,resolved_magnitude,resolved_duration,resolved_peak_value_modifier,effect_index,effect_cost,source_effect_editor_id,source_base_cost,source_flags,source_archetype,source_keyword_form_ids,resolved_effect_name,resolved_effect_editor_id,resolved_base_cost,resolved_flags,resolved_archetype,resolved_keyword_form_ids
Abecean Longfin,0x106E1B,Fortify Sneak,0x3EB22,0.25,4,60,1,0,0,0,1,0,0,0,MagicAlchFortifySneak;MagicAlchBeneficial,0x3EB22,0x3EB22,,4,60,1,0,8.2446537,,0.25,2099202,34,0x65A27;0xF8A4E,Fortify Sneak,,0.25,2099202,34,0x65A27;0xF8A4E
Abecean Longfin,0x106E1B,Weakness to Frost,0x73F2E,0.25,3,30,1,0,0,0,0,1,1,0,MagicAlchHarmful;MagicAlchWeaknessFrost,0x73F2E,0x73F2E,,3,30,1,1,2.80289483,,0.25,2101255,34,0x42509;0x74F4F,Weakness to Frost,,0.25,2101255,34,0x42509;0x74F4F
Abecean Longfin,0x106E1B,Weakness to Poison,0x90042,0.5,2,30,1,0,0,0,0,1,1,0,MagicAlchHarmful;USKPMagicAlchWeaknessPoison,0x90042,0x90042,,2,30,1,2,3.58869386,,0.5,2101255,34,0x42509;0x706EE3A,Weakness to Poison,,0.5,2101255,34,0x42509;0x706EE3A
Abecean Longfin,0x106E1B,Fortify Restoration,0x3EB28,0.25,4,60,1,0,0,0,1,0,0,0,MagicAlchFortifyRestoration;MagicAlchBeneficial,0x3EB28,0x3EB28,,4,60,1,3,8.2446537,,0.25,2099202,34,0x65A2D;0xF8A4E,Fortify Restoration,,0.25,2099202,34,0x65A2D;0xF8A4E
Alocasia Fruit,0xFE004D62,Fortify Stamina Regeneration,0x3EB08,0.0500000007,6,300,1,0,0,0,1,0,0,0,MagicAlchFortifyStaminaRate;MagicAlchBeneficial,0x3EB08,0x3EB08,,6,300,1,0,30.2551861,,0.0500000007,2099202,34,0x65A35;0xF8A4E,Fortify Stamina Regeneration,,0.0500000007,2099202,34,0x65A35;0xF8A4E
Alocasia Fruit,0xFE004D62,Light,0xFE004846,0.5,0,60,0,1,0,0,1,0,0,0,WISpellColorful;MagicAlchBeneficial,0xFE004846,0xFE004846,,0,60,0,1,3.58869386,,0.5,4198400,12,0xA9B1E;0xF8A4E,Light,,0.5,4198400,12,0xA9B1E;0xF8A4E
Alocasia Fruit,0xFE004D62,Damage Maximum Magicka,0x73F27,0.5,3,10,1,0,0,0,0,1,1,0,MagicAlchHarmful,0x73F27,0x73F27,,3,10,0,2,3.3483696,,0.5,2099207,0,0x42509,Damage Maximum Magicka,,0.5,2099207,0,0x42509
Alocasia Fruit,0xFE004D62,Fortify Health Regeneration,0x3EB06,0.0500000007,6,300,1,0,0,0,1,0,0,0,MagicAlchFortifyHealRate;MagicAlchBeneficial,0x3EB06,0x3EB06,,6,300,1,3,30.2551861,,0.0500000007,2099202,34,0x65A30;0xF8A4E,Fortify Health Regeneration,,0.0500000007,2099202,34,0x65A30;0xF8A4E
Aloe Vera Leaves,0xFE0060D0,Restore Health,0x3EB15,0.25,0.5,20,1,0,0,0,1,0,0,0,MagicAlchRestoreHealth;MagicAlchBeneficial;REQ_Alchemy_RestoreHealthDuration,0x3EB15,0x3EB15,,0.5,20,1,0,0.535886765,,0.25,2099200,34,0x42503;0xF8A4E;0x866CB38,Restore Health,,0.25,2099200,34,0x42503;0xF8A4E;0x866CB38
Aloe Vera Leaves,0xFE0060D0,Restore Stamina,0x3EB16,0.300000012,0.5,20,1,0,0,0,1,0,0,0,MagicAlchRestoreStamina;MagicAlchBeneficial;REQ_Alchemy_RestoreStaminaDuration,0x3EB16,0x3EB16,,0.5,20,1,1,0.643064141,,0.300000012,2099200,34,0x42504;0xF8A4E;0x866CB3B,Restore Stamina,,0.300000012,2099200,34,0x42504;0xF8A4E;0x866CB3B
Aloe Vera Leaves,0xFE0060D0,Damage Magicka,0x3A2B6,1.10000002,3,0,1,0,0,0,0,1,1,0,MagicAlchHarmful,0x3A2B6,0x3A2B6,,3,0,0,2,3.68320656,,1.10000002,2099205,0,0x42509,Damage Magicka,,1.10000002,2099205,0,0x42509
Aloe Vera Leaves,0xFE0060D0,Invisibility,0x3EB3D,50,0,4,0,1,1,0,1,0,0,1,MagicInvisibility;MagicAlchBeneficial;MagicAlchDurationBased,0x3EB3D,0x3EB3D,,0,4,0,3,18.2488708,,50,4201474,11,0x1EA6F;0xF8A4E;0xF8A4F,Invisibility,,50,4201474,11,0x1EA6F;0xF8A4E;0xF8A4F
Ambrosia,0xFE004836,Restore Health,0x3EB15,0.25,6,0,1,0,0,0,1,0,0,0,MagicAlchRestoreHealth;MagicAlchBeneficial;REQ_Alchemy_RestoreHealthDuration,0x3EB15,0x3EB15,,6,0,1,0,3.58869386,,0.25,2099200,34,0x42503;0xF8A4E;0x866CB38,Restore Health,,0.25,2099200,34,0x42503;0xF8A4E;0x866CB38
Ambrosia,0xFE004836,Fortify Health Regeneration,0x3EB06,0.0500000007,6,300,1,0,0,0,1,0,0,0,MagicAlchFortifyHealRate;MagicAlchBeneficial,0x3EB06,0x3EB06,,6,300,1,1,30.2551861,,0.0500000007,2099202,34,0x65A30;0xF8A4E,Fortify Health Regeneration,,0.0500000007,2099202,34,0x65A30;0xF8A4E
Ambrosia,0xFE004836,Fortify Health,0x3EAF3,0.200000003,5,60,1,0,0,0,1,0,0,0,MagicAlchFortifyHealth;MagicAlchBeneficial,0x3EAF3,0x3EAF3,,5,60,1,2,14.7537165,,0.200000003,2099202,34,0x65A31;0xF8A4E,Fortify Health,,0.200000003,2099202,34,0x65A31;0xF8A4E
Ambrosia,0xFE004836,Cure Poison,0x109ADD,0.200000003,3,0,1,0,0,1,1,0,0,0,MagicAlchBeneficial,0x109ADD,0x109ADD,,3,0,0,3,0.66967392,,0.200000003,2103808,29,0xF8A4E,Cure Poison,,0.200000003,2103808,29,0xF8A4E
Ancestor Moth Wing,0x20059BA,Damage Stamina,0x3A2C6,0.899999976,3,0,1,0,0,0,0,1,1,0,MagicAlchHarmful,0x3A2C6,0x3A2C6,,3,0,0,0,3.01353264,,0.899999976,2099205,0,0x42509,Damage Stamina,,0.899999976,2099205,0,0x42509
Ancestor Moth Wing,0x20059BA,Fortify Conjuration,0x3EB25,0.25,5,60,1,0,0,0,1,0,0,0,MagicAlchFortifyConjuration;MagicAlchBeneficial,0x3EB25,0x3EB25,,5,60,1,1,10.5383692,,0.25,2099202,34,0x65A2A;0xF8A4E,Fortify Conjuration,,0.25,2099202,34,0x65A2A;0xF8A4E
Ancestor Moth Wing,0x20059BA,Damage Magicka Regeneration,0x73F2B,0.25,100,5,0,1,0,0,0,1,1,0,MagicAlchHarmful,0x73F2B,0x73F2B,,100,5,0,2,18.4844723,,0.25,4196359,0,0x42509,Damage Magicka Regeneration,,0.25,4196359,0,0x42509
Ancestor Moth Wing,0x20059BA,Fortify Magicka,0x3EAF8,0.150000006,1,30,1,0,0,0,1,0,0,0,MagicAlchFortifyMagicka;MagicAlchBeneficial,0x3EAF8,0x3EAF8,,1,30,1,3,0.50225544,,0.150000006,2099202,34,0x65A33;0xF8A4E,Fortify Magicka,,0.150000006,2099202,34,0x65A33;0xF8A4E
Angelfish,0x50008EB,Fortify Health Regeneration,0x3EB06,0.0500000007,5,300,1,0,0,0,1,0,0,0,MagicAlchFortifyHealRate;MagicAlchBeneficial,0x3EB06,0x3EB06,,5,300,1,0,12.3785696,,0.0500000007,2099202,34,0x65A30;0xF8A4E,Fortify Health Regeneration,,0.0500000007,2099202,34,0x65A30;0xF8A4E
Angelfish,0x50008EB,Resist Fire,0x3EAEA,0.25,3,60,1,0,0,0,1,0,0,0,MagicAlchResistFire;MagicAlchBeneficial,0x3EAEA,0x3EAEA,,3,60,1,1,6.00813675,,0.25,2101250,34,0x65A37;0xF8A4E,Resist Fire,,0.25,2101250,34,0x65A37;0xF8A4E
Angelfish,0x50008EB,Fortify Marksman,0x3EB1B,0.25,4,60,1,0,0,0,1,0,0,0,MagicAlchFortifyMarksman;MagicAlchBeneficial,0x3EB1B,0x3EB1B,,4,60,1,2,8.2446537,,0.25,2099202,34,0x65A21;0xF8A4E,Fortify Marksman,,0.25,2099202,34,0x65A21;0xF8A4E
Angelfish,0x50008EB,Waterbreathing,0x3AC2D,15,0,5,0,1,1,0,1,0,0,1,MagicAlchBeneficial;MagicAlchDurationBased,0x3AC2D,0x3AC2D,,0,5,1,3,6.99774742,,15,4197378,34,0xF8A4E;0xF8A4F,Waterbreathing,,15,4197378,34,0xF8A4E;0xF8A4F
Angler Larvae,0x50008F0,Fortify Stamina Regeneration,0x3EB08,0.0500000007,5,300,1,0,0,0,1,0,0,0,MagicAlchFortifyStaminaRate;MagicAlchBeneficial,0x3EB08,0x3EB08,,5,300,1,0,12.3785696,,0.0500000007,2099202,34,0x65A35;0xF8A4E,Fortify Stamina Regeneration,,0.0500000007,2099202,34,0x65A35;0xF8A4E
Angler Larvae,0x50008F0,Lingering Damage Health,0x10AA4A,1.5,1,10,1,0,0,0,0,1,1,0,MagicAlchHarmful,0x10AA4A,0x10AA4A,,1,10,0,1,1.5,,1.5,2099205,0,0x42509,Lingering Damage Health,,1.5,2099205,0,0x42509
Angler Larvae,0x50008F0,Waterbreathing,0x3AC2D,15,0,5,0,1,1,0,1,0,0,1,MagicAlchBeneficial;MagicAlchDurationBased,0x3AC2D,0x3AC2D,,0,5,1,2,6.99774742,,15,4197378,34,0xF8A4E;0xF8A4F,Waterbreathing,,15,4197378,34,0xF8A4E;0xF8A4F
Angler Larvae,0x50008F0,Fortify Two-Handed,0x3EB1A,0.25,4,60,1,0,0,0,1,0,0,0,MagicAlchFortifyTwoHanded;MagicAlchBeneficial,0x3EB1A,0x3EB1A,,4,60,1,3,8.2446537,,0.25,2099202,34,0x65A20;0xF8A4E,Fortify Two-Handed,,0.25,2099202,34,0x65A20;0xF8A4E
Ash Creep Cluster,0x401CD74,Damage Stamina,0x3A2C6,0.899999976,3,0,1,0,0,0,0,1,1,0,MagicAlchHarmful,0x3A2C6,0x3A2C6,,3,0,0,0,3.01353264,,0.899999976,2099205,0,0x42509,Damage Stamina,,0.899999976,2099205,0,0x42509
Ash Creep Cluster,0x401CD74,Invisibility,0x3EB3D,50,0,4,0,1,1,0,1,0,0,1,MagicInvisibility;MagicAlchBeneficial;MagicAlchDurationBased,0x3EB3D,0x3EB3D,,0,4,0,1,18.2488708,,50,4201474,11,0x1EA6F;0xF8A4E;0xF8A4F,Invisibility,,50,4201474,11,0x1EA6F;0xF8A4E;0xF8A4F
Ash Creep Cluster,0x401CD74,Resist Fire,0x3EAEA,0.25,2,60,1,0,0,0,1,0,0,0,MagicAlchResistFire;MagicAlchBeneficial,0x3EAEA,0x3EAEA,,2,60,1,2,3.84626675,,0.25,2101250,34,0x65A37;0xF8A4E,Resist Fire,,0.25,2101250,34,0x65A37;0xF8A4E
Ash Creep Cluster,0x401CD74,Fortify Destruction,0x3EB26,0.25,5,60,1,0,0,0,1,0,0,0,MagicAlchFortifyDestruction;MagicAlchBeneficial,0x3EB26,0x3EB26,,5,60,1,3,10.5383692,,0.25,2099202,34,0x65A2B;0xF8A4E,Fortify Destruction,,0.25,2099202,34,0x65A2B;0xF8A4E
Ash Hopper Jelly,0x401CD71,Restore Health,0x3EB15,0.25,0.5,20,1,0,0,0,1,0,0,0,MagicAlchRestoreHealth;MagicAlchBeneficial;REQ_Alchemy_RestoreHealthDuration,0x3EB15,0x3EB15,,0.5,20,1,0,0.535886765,,0.25,2099200,34,0x42503;0xF8A4E;0x866CB38,Restore Health,,0.25,2099200,34,0x42503;0xF8A4E;0x866CB38
Ash Hopper Jelly,0x401CD71,Fortify Armor Rating,0x3EB1F,0.25,4,60,1,0,0,0,1,0,0,0,REQ_Alchemy_FortifyArmorRating;MagicAlchBeneficial,0x3EB1F,0x3EB1F,,4,60,1,1,8.2446537,,0.25,2099202,34,0x65A23;0xF8A4E,Fortify Armor Rating,,0.25,2099202,34,0x65A23;0xF8A4E
Ash Hopper Jelly,0x401CD71,Resist Shock,0x3EAEC,0.25,3,60,1,0,0,0,1,0,0,0,MagicAlchResistShock;MagicAlchBeneficial,0x3EAEC,0x3EAEC,,3,60,1,2,6.00813675,,0.25,2101250,34,0x65A39;0xF8A4E,Resist Shock,,0.25,2101250,34,0x65A39;0xF8A4E
Ash Hopper Jelly,0x401CD71,Weakness to Frost,0x73F2E,0.25,3,30,1,0,0,0,0,1,1,0,MagicAlchHarmful;MagicAlchWeaknessFrost,0x73F2E,0x73F2E,,3,30,1,3,2.80289483,,0.25,2101255,34,0x42509;0x74F4F,Weakness to Frost,,0.25,2101255,34,0x42509;0x74F4F
Ashen Grass Pod,0x4016E26,Resist Fire,0x3EAEA,0.25,4,80,1,0,0,0,1,0,0,0,MagicAlchResistFire;MagicAlchBeneficial,0x3EAEA,0x3EAEA,,4,80,1,0,11.3137093,,0.25,2101250,34,0x65A37;0xF8A4E,Resist Fire,,0.25,2101250,34,0x65A37;0xF8A4E
Ashen Grass Pod,0x4016E26,Weakness to Shock,0x73F2F,0.349999994,3,30,1,0,0,0,0,1,1,0,MagicAlchHarmful;MagicAlchWeaknessShock,0x73F2F,0x73F2F,,3,30,1,1,3.92405272,,0.349999994,2101255,34,0x42509;0x74F50,Weakness to Shock,,0.349999994,2101255,34,0x42509;0x74F50
Ashen Grass Pod,0x4016E26,Fortify Lockpicking,0x3EB21,0.5,0.200000003,30,1,0,0,0,1,0,0,0,MagicAlchFortifyLockpicking;MagicAlchBeneficial,0x3EB21,0x3EB21,,0.200000003,30,1,2,1.6741848,,0.5,2099202,34,0x65A26;0xF8A4E,Fortify Lockpicking,,0.5,2099202,34,0x65A26;0xF8A4E
Ashen Grass Pod,0x4016E26,Fortify Sneak,0x3EB22,0.25,2,60,1,0,0,0,1,0,0,0,MagicAlchFortifySneak;MagicAlchBeneficial,0x3EB22,0x3EB22,,2,60,1,3,3.84626675,,0.25,2099202,34,0x65A27;0xF8A4E,Fortify Sneak,,0.25,2099202,34,0x65A27;0xF8A4E
Aster Bloom Core,0xFE004D66,Resist Magic,0x39E51,0.5,2,60,1,0,0,0,1,0,0,0,MagicAlchResistMagic;MagicAlchBeneficial,0x39E51,0x39E51,,2,60,1,0,15.385067,,0.5,2103298,34,0x65A3A;0xF8A4E,Resist Magic,,0.5,2103298,34,0x65A3A;0xF8A4E
Aster Bloom Core,0xFE004D66,Fortify Armor Rating,0x3EB1F,0.25,4,60,1,0,0,0,1,0,0,0,REQ_Alchemy_FortifyArmorRating;MagicAlchBeneficial,0x3EB1F,0x3EB1F,,4,60,1,1,16.4893074,,0.25,2099202,34,0x65A23;0xF8A4E,Fortify Armor Rating,,0.25,2099202,34,0x65A23;0xF8A4E
Aster Bloom Core,0xFE004D66,Fortify Block,0x3EB1C,0.25,5,60,1,0,0,0,1,0,0,0,MagicAlchFortifyBlock;MagicAlchBeneficial,0x3EB1C,0x3EB1C,,5,60,1,2,21.0767384,,0.25,2099202,34,0x65A1E;0xF8A4E,Fortify Block,,0.25,2099202,34,0x65A1E;0xF8A4E
Aster Bloom Core,0xFE004D66,Paralysis,0x73F30,250,0,2,0,1,1,0,0,1,1,0,MagicParalysis;MagicAlchHarmful,0x73F30,0x73F30,,0,2,0,3,85.1339951,,250,4197379,21,0x1EA70;0x42509,Paralysis,,250,4197379,21,0x1EA70;0x42509
Bear Heart,0x804365F,Fortify Health,0x3EAF3,0.200000003,5,300,1,0,0,0,1,0,0,0,MagicAlchFortifyHealth;MagicAlchBeneficial,0x3EAF3,0x3EAF3,,5,300,1,0,49.5142784,,0.200000003,2099202,34,0x65A31;0xF8A4E,Fortify Health,,0.200000003,2099202,34,0x65A31;0xF8A4E
Bear Heart,0x804365F,Frenzy,0x73F29,7.5,2,20,1,0,0,0,0,1,1,0,MagicAlchHarmful;MagicInfluence;MagicInfluenceFrenzy,0x73F29,0x73F29,,2,20,0,1,34.4609528,,7.5,2099207,8,0x42509;0x78098;0xC44B6,Frenzy,,7.5,2099207,8,0x42509;0x78098;0xC44B6
Bear Heart,0x804365F,Damage Stamina,0x3A2C6,0.899999976,5,5,1,0,0,0,0,1,1,0,MagicAlchHarmful,0x3A2C6,0x3A2C6,,5,5,0,2,2.4659059,,0.899999976,2099205,0,0x42509,Damage Stamina,,0.899999976,2099205,0,0x42509
Bear Heart,0x804365F,Fortify Destruction,0x3EB26,0.25,1,60,1,0,0,0,1,0,0,0,MagicAlchFortifyDestruction;MagicAlchBeneficial,0x3EB26,0x3EB26,,1,60,1,3,1.79434693,,0.25,2099202,34,0x65A2B;0xF8A4E,Fortify Destruction,,0.25,2099202,34,0x65A2B;0xF8A4E
Bee,0xA9195,Restore Stamina,0x3EB16,0.300000012,0.5,20,1,0,0,0,1,0,0,0,MagicAlchRestoreStamina;MagicAlchBeneficial;REQ_Alchemy_RestoreStaminaDuration,0x3EB16,0x3EB16,,0.5,20,1,0,0.643064141,,0.300000012,2099200,34,0x42504;0xF8A4E;0x866CB3B,Restore Stamina,,0.300000012,2099200,34,0x42504;0xF8A4E;0x866CB3B
Bee,0xA9195,Damage Maximum Stamina,0x73F23,0.800000012,2,10,1,0,0,0,0,1,1,0,MagicAlchHarmful,0x73F23,0x73F23,,2,10,0,1,1.71483767,,0.800000012,2099207,0,0x42509,Damage Maximum Stamina,,0.800000012,2099207,0,0x42509
Bee,0xA9195,Fortify Stamina Regeneration,0x3EB08,0.0500000007,5,300,1,0,0,0,1,0,0,0,MagicAlchFortifyStaminaRate;MagicAlchBeneficial,0x3EB08,0x3EB08,,5,300,1,2,12.3785696,,0.0500000007,2099202,34,0x65A35;0xF8A4E,Fortify Stamina Regeneration,,0.0500000007,2099202,34,0x65A35;0xF8A4E
Bee,0xA9195,Weakness to Shock,0x73F2F,0.349999994,3,30,1,0,0,0,0,1,1,0,MagicAlchHarmful;MagicAlchWeaknessShock,0x73F2F,0x73F2F,,3,30,1,3,3.92405272,,0.349999994,2101255,34,0x42509;0x74F50,Weakness to Shock,,0.349999994,2101255,34,0x42509;0x74F50
Beehive Husk,0xA9191,Resist Poison,0x90041,0.25,2,60,1,0,0,0,1,0,0,0,MagicAlchBeneficial;MagicAlchResistPoison,0x90041,0x90041,,2,60,1,0,3.84626675,,0.25,2101250,34,0xF8A4E;0x10EB5F,Resist Poison,,0.25,2101250,34,0xF8A4E;0x10EB5F
Beehive Husk,0xA9191,Fortify Armor Rating,0x3EB1F,0.25,4.80000019,60,1,0,0,0,1,0,0,0,REQ_Alchemy_FortifyArmorRating;MagicAlchBeneficial,0x3EB1F,0x3EB1F,,4.80000019,60,1,1,10.0756207,,0.25,2099202,34,0x65A23;0xF8A4E,Fortify Armor Rating,,0.25,2099202,34,0x65A23;0xF8A4E
Beehive Husk,0xA9191,Fortify Sneak,0x3EB22,0.25,2,60,1,0,0,0,1,0,0,0,MagicAlchFortifySneak;MagicAlchBeneficial,0x3EB22,0x3EB22,,2,60,1,2,3.84626675,,0.25,2099202,34,0x65A27;0xF8A4E,Fortify Sneak,,0.25,2099202,34,0x65A27;0xF8A4E
Beehive Husk,0xA9191,Fortify Destruction,0x3EB26,0.25,5,60,1,0,0,0,1,0,0,0,MagicAlchFortifyDestruction;MagicAlchBeneficial,0x3EB26,0x3EB26,,5,60,1,3,10.5383692,,0.25,2099202,34,0x65A2B;0xF8A4E,Fortify Destruction,,0.25,2099202,34,0x65A2B;0xF8A4E
Berit's Ashes,0x705B7,Damage Stamina,0x3A2C6,0.899999976,3,0,1,0,0,0,0,1,1,0,MagicAlchHarmful,0x3A2C6,0x3A2C6,,3,0,0,0,3.01353264,,0.899999976,2099205,0,0x42509,Damage Stamina,,0.899999976,2099205,0,0x42509
Berit's Ashes,0x705B7,Resist Fire,0x3EAEA,0.25,3,60,1,0,0,0,1,0,0,0,MagicAlchResistFire;MagicAlchBeneficial,0x3EAEA,0x3EAEA,,3,60,1,1,6.00813675,,0.25,2101250,34,0x65A37;0xF8A4E,Resist Fire,,0.25,2101250,34,0x65A37;0xF8A4E
Berit's Ashes,0x705B7,Fortify Conjuration,0x3EB25,0.25,5,60,1,0,0,0,1,0,0,0,MagicAlchFortifyConjuration;MagicAlchBeneficial,0x3EB25,0x3EB25,,5,60,1,2,10.5383692,,0.25,2099202,34,0x65A2A;0xF8A4E,Fortify Conjuration,,0.25,2099202,34,0x65A2A;0xF8A4E
Berit's Ashes,0x705B7,Damage Maximum Stamina,0x73F23,0.800000012,2,10,1,0,0,0,0,1,1,0,MagicAlchHarmful,0x73F23,0x73F23,,2,10,0,3,1.71483767,,0.800000012,2099207,0,0x42509,Damage Maximum Stamina,,0.800000012,2099207,0,0x42509
Bittergreen Petals,0xFE004D68,Lingering Damage Stamina,0x10DE5E,0.899999976,2,10,1,0,0,0,0,1,1,0,MagicAlchHarmful,0x10DE5E,0x10DE5E,,2,10,0,0,3.85838461,,0.899999976,2099205,0,0x42509,Lingering Damage Stamina,,0.899999976,2099205,0,0x42509
Bittergreen Petals,0xFE004D68,Invisibility,0x3EB3D,50,0,6,0,1,1,0,1,0,0,1,MagicInvisibility;MagicAlchBeneficial;MagicAlchDurationBased,0x3EB3D,0x3EB3D,,0,6,0,1,57.0120163,,50,4201474,11,0x1EA6F;0xF8A4E;0xF8A4F,Invisibility,,50,4201474,11,0x1EA6F;0xF8A4E;0xF8A4F
Bittergreen Petals,0xFE004D68,Cure Poison,0x109ADD,0.200000003,2,0,1,0,0,1,1,0,0,0,MagicAlchBeneficial,0x109ADD,0x109ADD,,2,0,0,2,0.428709418,,0.200000003,2103808,29,0xF8A4E,Cure Poison,,0.200000003,2103808,29,0xF8A4E
Bittergreen Petals,0xFE004D68,Damage Magicka,0x3A2B6,1.10000002,4,0,1,0,0,0,0,1,1,0,MagicAlchHarmful,0x3A2B6,0x3A2B6,,4,0,0,3,10.1085463,,1.10000002,2099205,0,0x42509,Damage Magicka,,1.10000002,2099205,0,0x42509
Bleeding Crown,0x4DA20,Weakness to Fire,0x73F2D,0.300000012,3,30,1,0,0,0,0,1,1,0,MagicAlchHarmful;MagicAlchWeaknessFire,0x73F2D,0x73F2D,,3,30,1,0,3.36347389,,0.300000012,2101255,34,0x42509;0x74F4E,Weakness to Fire,,0.300000012,2101255,34,0x42509;0x74F4E
Bleeding Crown,0x4DA20,Fortify Block,0x3EB1C,0.25,4,60,1,0,0,0,1,0,0,0,MagicAlchFortifyBlock;MagicAlchBeneficial,0x3EB1C,0x3EB1C,,4,60,1,1,8.2446537,,0.25,2099202,34,0x65A1E;0xF8A4E,Fortify Block,,0.25,2099202,34,0x65A1E;0xF8A4E
Bleeding Crown,0x4DA20,Weakness to Poison,0x90042,0.5,2,30,1,0,0,0,0,1,1,0,MagicAlchHarmful;USKPMagicAlchWeaknessPoison,0x90042,0x90042,,2,30,1,2,3.58869386,,0.5,2101255,34,0x42509;0x706EE3A,Weakness to Poison,,0.5,2101255,34,0x42509;0x706EE3A
Bleeding Crown,0x4DA20,Resist Magic,0x39E51,0.5,1,60,1,0,0,0,1,0,0,0,MagicAlchResistMagic;MagicAlchBeneficial,0x39E51,0x39E51,,1,60,1,3,3.58869386,,0.5,2103298,34,0x65A3A;0xF8A4E,Resist Magic,,0.5,2103298,34,0x65A3A;0xF8A4E
Blind Watcher's Eye,0xFE004822,Light,0xFE004846,0.5,0,60,0,1,0,0,1,0,0,0,WISpellColorful;MagicAlchBeneficial,0xFE004846,0xFE004846,,0,60,0,0,3.58869386,,0.5,4198400,12,0xA9B1E;0xF8A4E,Light,,0.5,4198400,12,0xA9B1E;0xF8A4E
Blind Watcher's Eye,0xFE004822,Fortify Magicka,0x3EAF8,0.150000006,5,60,1,0,0,0,1,0,0,0,MagicAlchFortifyMagicka;MagicAlchBeneficial,0x3EAF8,0x3EAF8,,5,60,1,1,12.6460438,,0.150000006,2099202,34,0x65A33;0xF8A4E,Fortify Magicka,,0.150000006,2099202,34,0x65A33;0xF8A4E
Blind Watcher's Eye,0xFE004822,Fortify Alteration,0x3EB24,0.25,5,60,1,0,0,0,1,0,0,0,MagicAlchFortifyAlteration;MagicAlchBeneficial,0x3EB24,0x3EB24,,5,60,1,2,8.43069553,,0.25,2099202,34,0x65A1D;0xF8A4E,Fortify Alteration,,0.25,2099202,34,0x65A1D;0xF8A4E
Blind Watcher's Eye,0xFE004822,Spell Absorption,0xFE004812,0.100000001,50,60,0,1,0,0,1,0,0,0,MagicAlchBeneficial,0xFE004812,0xFE004812,,50,60,1,3,53.0680923,,0.100000001,4194306,34,0xF8A4E,Spell Absorption,,0.100000001,4194306,34,0xF8A4E
Bliss Bug Thorax,0x6059155,Weakness to Fire,0x73F2D,0.300000012,3,30,1,0,0,0,0,1,1,0,MagicAlchHarmful;MagicAlchWeaknessFire,0x73F2D,0x73F2D,,3,30,1,0,6.72694778,,0.300000012,2101255,34,0x42509;0x74F4E,Weakness to Fire,,0.300000012,2101255,34,0x42509;0x74F4E
Bliss Bug Thorax,0x6059155,Resist Fire,0x3EAEA,0.25,3,60,1,0,0,0,1,0,0,0,MagicAlchResistFire;MagicAlchBeneficial,0x3EAEA,0x3EAEA,,3,60,1,1,12.0162735,,0.25,2101250,34,0x65A37;0xF8A4E,Resist Fire,,0.25,2101250,34,0x65A37;0xF8A4E
Bliss Bug Thorax,0x6059155,Fortify Armor Rating,0x3EB1E,0.25,2,60,1,0,0,0,1,0,0,0,REQ_Alchemy_FortifyArmorRating;MagicAlchBeneficial,0x3EB1E,0x3EB1E,,2,60,1,2,7.69253349,,0.25,2099202,34,0x65A23;0xF8A4E,Fortify Armor Rating,,0.25,2099202,34,0x65A23;0xF8A4E
Bliss Bug Thorax,0x6059155,Fortify Illusion,0x3EB27,0.25,1,60,1,0,0,0,1,0,0,0,MagicAlchFortifyIllusion;MagicAlchBeneficial,0x3EB27,0x3EB27,,1,60,1,3,2.87095523,,0.25,2099202,34,0x65A2C;0xF8A4E,Fortify Illusion,,0.25,2099202,34,0x65A2C;0xF8A4E
Blister Pod Cap,0xFE004D6A,Restore Magicka,0x3EB17,0.300000012,6,0,1,0,0,0,1,0,0,0,MagicAlchRestoreMagicka;MagicAlchBeneficial;REQ_Alchemy_RestoreMagickaDuration,0x3EB17,0x3EB17,,6,0,1,0,4.30643272,,0.300000012,2099200,34,0x42508;0xF8A4E;0x866CB3A,Restore Magicka,,0.300000012,2099200,34,0x42508;0xF8A4E;0x866CB3A
Blister Pod Cap,0xFE004D6A,Fortify Magicka,0x3EAF8,0.150000006,5,60,1,0,0,0,1,0,0,0,MagicAlchFortifyMagicka;MagicAlchBeneficial,0x3EAF8,0x3EAF8,,5,60,1,1,12.6460438,,0.150000006,2099202,34,0x65A33;0xF8A4E,Fortify Magicka,,0.150000006,2099202,34,0x65A33;0xF8A4E
Blister Pod Cap,0xFE004D6A,Night Eye,0xFE004803,0.75,0,60,0,1,0,0,1,0,0,0,MagicNightEye,0xFE004803,0xFE004803,,0,60,0,2,5.3830409,,0.75,138545408,1,0xAD7C6,Night Eye,,0.75,138545408,1,0xAD7C6
Blister Pod Cap,0xFE004D6A,Invisibility,0x3EB3D,50,0,6,0,1,1,0,1,0,0,1,MagicInvisibility;MagicAlchBeneficial;MagicAlchDurationBased,0x3EB3D,0x3EB3D,,0,6,0,3,57.0120163,,50,4201474,11,0x1EA6F;0xF8A4E;0xF8A4F,Invisibility,,50,4201474,11,0x1EA6F;0xF8A4E;0xF8A4F
Blisterwort,0x4DA25,Damage Stamina,0x3A2C6,0.899999976,3,10,1,0,0,0,0,1,1,0,MagicAlchHarmful,0x3A2C6,0x3A2C6,,3,10,0,0,3.01353264,,0.899999976,2099205,0,0x42509,Damage Stamina,,0.899999976,2099205,0,0x42509
Blisterwort,0x4DA25,Frenzy,0x73F29,7.5,2,20,1,0,0,0,0,1,1,0,MagicAlchHarmful;MagicInfluence;MagicInfluenceFrenzy,0x73F29,0x73F29,,2,20,0,1,34.4609528,,7.5,2099207,8,0x42509;0x78098;0xC44B6,Frenzy,,7.5,2099207,8,0x42509;0x78098;0xC44B6
Blisterwort,0x4DA25,Restore Health,0x3EB15,0.25,1.5,10,1,0,0,0,1,0,0,0,MagicAlchRestoreHealth;MagicAlchBeneficial;REQ_Alchemy_RestoreHealthDuration,0x3EB15,0x3EB15,,1.5,10,1,2,0.390517414,,0.25,2099200,34,0x42503;0xF8A4E;0x866CB38,Restore Health,,0.25,2099200,34,0x42503;0xF8A4E;0x866CB38
Blisterwort,0x4DA25,Fortify Stamina Regeneration,0x3EB08,0.0500000007,4,30,1,0,0,0,1,0,0,0,MagicAlchFortifyStaminaRate;MagicAlchBeneficial,0x3EB08,0x3EB08,,4,30,1,3,0.769253373,,0.0500000007,2099202,34,0x65A35;0xF8A4E,Fortify Stamina Regeneration,,0.0500000007,2099202,34,0x65A35;0xF8A4E
Blue Butterfly Wing,0x727DE,Damage Stamina,0x3A2C6,0.899999976,3,0,1,0,0,0,0,1,1,0,MagicAlchHarmful,0x3A2C6,0x3A2C6,,3,0,0,0,3.01353264,,0.899999976,2099205,0,0x42509,Damage Stamina,,0.899999976,2099205,0,0x42509
Blue Butterfly Wing,0x727DE,Fortify Conjuration,0x3EB25,0.25,5,60,1,0,0,0,1,0,0,0,MagicAlchFortifyConjuration;MagicAlchBeneficial,0x3EB25,0x3EB25,,5,60,1,1,10.5383692,,0.25,2099202,34,0x65A2A;0xF8A4E,Fortify Conjuration,,0.25,2099202,34,0x65A2A;0xF8A4E
Blue Butterfly Wing,0x727DE,Damage Magicka Regeneration,0x73F2B,0.25,100,5,0,1,0,0,0,1,1,0,MagicAlchHarmful,0x73F2B,0x73F2B,,100,5,0,2,18.4844723,,0.25,4196359,0,0x42509,Damage Magicka Regeneration,,0.25,4196359,0,0x42509
Blue Butterfly Wing,0x727DE,Fortify Illusion,0x3EB27,0.25,3,60,1,0,0,0,1,0,0,0,MagicAlchFortifyIllusion;MagicAlchBeneficial,0x3EB27,0x3EB27,,3,60,1,3,6.00813675,,0.25,2099202,34,0x65A2C;0xF8A4E,Fortify Illusion,,0.25,2099202,34,0x65A2C;0xF8A4E
Blue Dartwing,0xE4F0C,Resist Shock,0x3EAEC,0.25,3,60,1,0,0,0,1,0,0,0,MagicAlchResistShock;MagicAlchBeneficial,0x3EAEC,0x3EAEC,,3,60,1,0,6.00813675,,0.25,2101250,34,0x65A39;0xF8A4E,Resist Shock,,0.25,2101250,34,0x65A39;0xF8A4E
Blue Dartwing,0xE4F0C,Fortify Pickpocket,0x3EB20,0.25,4,60,1,0,0,0,1,0,0,0,MagicAlchFortifyPickPocket;MagicAlchBeneficial,0x3EB20,0x3EB20,,4,60,1,1,8.2446537,,0.25,2099202,34,0x65A25;0xF8A4E,Fortify Pickpocket,,0.25,2099202,34,0x65A25;0xF8A4E
Blue Dartwing,0xE4F0C,Restore Health,0x3EB15,0.25,0.5,20,1,0,0,0,1,0,0,0,MagicAlchRestoreHealth;MagicAlchBeneficial;REQ_Alchemy_RestoreHealthDuration,0x3EB15,0x3EB15,,0.5,20,1,2,0.535886765,,0.25,2099200,34,0x42503;0xF8A4E;0x866CB38,Restore Health,,0.25,2099200,34,0x42503;0xF8A4E;0x866CB38
Blue Dartwing,0xE4F0C,Fear,0x73F20,2.5,2,30,1,0,0,0,0,1,1,0,MagicAlchHarmful;MagicInfluence;MagicInfluenceFear,0x73F20,0x73F20,,2,30,0,3,17.94347,,2.5,2099207,7,0x42509;0x78098;0x424E0,Fear,,2.5,2099207,7,0x42509;0x78098;0x424E0
Blue Glitterdust,0x83AB3C5,Damage Stamina,0x3A2C6,0.899999976,3,60,1,0,0,0,0,1,1,0,MagicAlchHarmful,0x3A2C6,0x3A2C6,,3,60,0,0,21.6292915,,0.899999976,2099205,0,0x42509,Damage Stamina,,0.899999976,2099205,0,0x42509
Blue Glitterdust,0x83AB3C5,Cure Poison,0x109ADD,0.200000003,5,0,1,0,0,1,1,0,0,0,MagicAlchBeneficial,0x109ADD,0x109ADD,,5,0,0,1,1.17461908,,0.200000003,2103808,29,0xF8A4E,Cure Poison,,0.200000003,2103808,29,0xF8A4E
Blue Glitterdust,0x83AB3C5,Waterbreathing,0x3AC2D,15,0,30,0,1,1,0,1,0,0,1,MagicAlchBeneficial;MagicAlchDurationBased,0x3AC2D,0x3AC2D,,0,30,1,2,50.225544,,15,4197378,34,0xF8A4E;0xF8A4F,Waterbreathing,,15,4197378,34,0xF8A4E;0xF8A4F
Blue Glitterdust,0x83AB3C5,Resist Poison,0x90041,0.25,5,180,1,0,0,0,1,0,0,0,MagicAlchBeneficial;MagicAlchResistPoison,0x90041,0x90041,,5,180,1,3,35.2863579,,0.25,2101250,34,0xF8A4E;0x10EB5F,Resist Poison,,0.25,2101250,34,0xF8A4E;0x10EB5F
Blue Mountain Flower,0x77E1C,Restore Health,0x3EB15,0.25,0.25,10,1,0,0,0,1,0,0,0,MagicAlchRestoreHealth;MagicAlchBeneficial;REQ_Alchemy_RestoreHealthDuration,0x3EB15,0x3EB15,,0.25,10,1,0,0.25,,0.25,2099200,34,0x42503;0xF8A4E;0x866CB38,Restore Health,,0.25,2099200,34,0x42503;0xF8A4E;0x866CB38
Blue Mountain Flower,0x77E1C,Fortify Conjuration,0x3EB25,0.25,2,60,1,0,0,0,1,0,0,0,MagicAlchFortifyConjuration;MagicAlchBeneficial,0x3EB25,0x3EB25,,2,60,1,1,3.84626675,,0.25,2099202,34,0x65A2A;0xF8A4E,Fortify Conjuration,,0.25,2099202,34,0x65A2A;0xF8A4E
Blue Mountain Flower,0x77E1C,Fortify Health,0x3EAF3,0.200000003,2,60,1,0,0,0,1,0,0,0,MagicAlchFortifyHealth;MagicAlchBeneficial,0x3EAF3,0x3EAF3,,2,60,1,2,3.07701349,,0.200000003,2099202,34,0x65A31;0xF8A4E,Fortify Health,,0.200000003,2099202,34,0x65A31;0xF8A4E
Blue Mountain Flower,0x77E1C,Damage Magicka Regeneration,0x73F2B,0.25,5,5,0,1,0,0,0,1,1,0,MagicAlchHarmful,0x73F2B,0x73F2B,,5,5,0,3,0.684973896,,0.25,4196359,0,0x42509,Damage Magicka Regeneration,,0.25,4196359,0,0x42509
Boar Tusk,0x401CD6F,Fortify Stamina,0x3EAF9,0.150000006,1,20,1,0,0,0,1,0,0,0,MagicAlchFortifyStamina;MagicAlchBeneficial,0x3EAF9,0x3EAF9,,1,20,1,0,0.321532071,,0.150000006,2099202,34,0x65A32;0xF8A4E,Fortify Stamina,,0.150000006,2099202,34,0x65A32;0xF8A4E
Boar Tusk,0x401CD6F,Fortify Health,0x3EAF3,0.200000003,1,20,1,0,0,0,1,0,0,0,MagicAlchFortifyHealth;MagicAlchBeneficial,0x3EAF3,0x3EAF3,,1,20,1,1,0.428709418,,0.200000003,2099202,34,0x65A31;0xF8A4E,Fortify Health,,0.200000003,2099202,34,0x65A31;0xF8A4E
Boar Tusk,0x401CD6F,Fortify Block,0x3EB1C,0.25,1,20,1,0,0,0,1,0,0,0,MagicAlchFortifyBlock;MagicAlchBeneficial,0x3EB1C,0x3EB1C,,1,20,1,2,0.535886765,,0.25,2099202,34,0x65A1E;0xF8A4E,Fortify Block,,0.25,2099202,34,0x65A1E;0xF8A4E
Boar Tusk,0x401CD6F,Frenzy,0x73F29,7.5,2,20,1,0,0,0,0,1,1,0,MagicAlchHarmful;MagicInfluence;MagicInfluenceFrenzy,0x73F29,0x73F29,,2,20,0,3,34.4609528,,7.5,2099207,8,0x42509;0x78098;0xC44B6,Frenzy,,7.5,2099207,8,0x42509;0x78098;0xC44B6
Bog Beacon,0xFE004D6C,Restore Magicka,0x3EB17,0.300000012,6,0,1,0,0,0,1,0,0,0,MagicAlchRestoreMagicka;MagicAlchBeneficial;REQ_Alchemy_RestoreMagickaDuration,0x3EB17,0x3EB17,,6,0,1,0,4.30643272,,0.300000012,2099200,34,0x42508;0xF8A4E;0x866CB3A,Restore Magicka,,0.300000012,2099200,34,0x42508;0xF8A4E;0x866CB3A
Bog Beacon,0xFE004D6C,Fortify Armor Rating,0x3EB1E,0.25,3,60,1,0,0,0,1,0,0,0,REQ_Alchemy_FortifyArmorRating;MagicAlchBeneficial,0x3EB1E,0x3EB1E,,3,60,1,1,12.0162735,,0.25,2099202,34,0x65A23;0xF8A4E,Fortify Armor Rating,,0.25,2099202,34,0x65A23;0xF8A4E
Bog Beacon,0xFE004D6C,Fear,0x73F20,2.5,2,30,1,0,0,0,0,1,1,0,MagicAlchHarmful;MagicInfluence;MagicInfluenceFear,0x73F20,0x73F20,,2,30,0,2,35.88694,,2.5,2099207,7,0x42509;0x78098;0x424E0,Fear,,2.5,2099207,7,0x42509;0x78098;0x424E0
Bog Beacon,0xFE004D6C,Damage Stamina,0x3A2C6,0.899999976,4,0,1,0,0,0,0,1,1,0,MagicAlchHarmful,0x3A2C6,0x3A2C6,,4,0,0,3,8.27062893,,0.899999976,2099205,0,0x42509,Damage Stamina,,0.899999976,2099205,0,0x42509
Bone Meal,0x34CDD,Damage Stamina,0x3A2C6,0.899999976,3,0,1,0,0,0,0,1,1,0,MagicAlchHarmful,0x3A2C6,0x3A2C6,,3,0,0,0,3.01353264,,0.899999976,2099205,0,0x42509,Damage Stamina,,0.899999976,2099205,0,0x42509
Bone Meal,0x34CDD,Resist Fire,0x3EAEA,0.25,2,60,1,0,0,0,1,0,0,0,MagicAlchResistFire;MagicAlchBeneficial,0x3EAEA,0x3EAEA,,2,60,1,1,3.84626675,,0.25,2101250,34,0x65A37;0xF8A4E,Resist Fire,,0.25,2101250,34,0x65A37;0xF8A4E
Bone Meal,0x34CDD,Fortify Conjuration,0x3EB25,0.25,3,60,1,0,0,0,1,0,0,0,MagicAlchFortifyConjuration;MagicAlchBeneficial,0x3EB25,0x3EB25,,3,60,1,2,6.00813675,,0.25,2099202,34,0x65A2A;0xF8A4E,Fortify Conjuration,,0.25,2099202,34,0x65A2A;0xF8A4E
Bone Meal,0x34CDD,Damage Maximum Stamina,0x73F23,0.800000012,2,10,1,0,0,0,0,1,1,0,MagicAlchHarmful,0x73F23,0x73F23,,2,10,0,3,1.71483767,,0.800000012,2099207,0,0x42509,Damage Maximum Stamina,,0.800000012,2099207,0,0x42509
Briar Heart,0x3AD61,Restore Magicka,0x3EB17,0.300000012,2,30,1,0,0,0,1,0,0,0,MagicAlchRestoreMagicka;MagicAlchBeneficial;REQ_Alchemy_RestoreMagickaDuration,0x3EB17,0x3EB17,,2,30,1,0,2.15321636,,0.300000012,2099200,34,0x42508;0xF8A4E;0x866CB3A,Restore Magicka,,0.300000012,2099200,34,0x42508;0xF8A4E;0x866CB3A
Briar Heart,0x3AD61,Fortify Block,0x3EB1C,0.25,2,120,1,0,0,0,1,0,0,0,MagicAlchFortifyBlock;MagicAlchBeneficial,0x3EB1C,0x3EB1C,,2,120,1,1,8.2446537,,0.25,2099202,34,0x65A1E;0xF8A4E,Fortify Block,,0.25,2099202,34,0x65A1E;0xF8A4E
Briar Heart,0x3AD61,Paralysis,0x73F30,250,0,1,0,1,1,0,0,1,1,0,MagicParalysis;MagicAlchHarmful,0x73F30,0x73F30,,0,1,0,2,19.8582058,,250,4197379,21,0x1EA70;0x42509,Paralysis,,250,4197379,21,0x1EA70;0x42509
Briar Heart,0x3AD61,Fortify Magicka,0x3EAF8,0.150000006,4,120,1,0,0,0,1,0,0,0,MagicAlchFortifyMagicka;MagicAlchBeneficial,0x3EAF8,0x3EAF8,,4,120,1,3,10.6036816,,0.150000006,2099202,34,0x65A33;0xF8A4E,Fortify Magicka,,0.150000006,2099202,34,0x65A33;0xF8A4E
Bungler's Bane,0xFE004802,Tardiness,0x73F25,0.5,50,10,0,1,0,0,0,1,1,0,MagicAlchHarmful;MagicSlow,0x73F25,0x73F25,,50,10,1,0,73.9378891,,0.5,4200455,34,0x42509;0xB729E,Tardiness,,0.5,4200455,34,0x42509;0xB729E
Bungler's Bane,0xFE004802,Damage Maximum Stamina,0x73F23,0.800000012,3,20,1,0,0,0,0,1,1,0,MagicAlchHarmful,0x73F23,0x73F23,,3,20,0,1,11.4838209,,0.800000012,2099207,0,0x42509,Damage Maximum Stamina,,0.800000012,2099207,0,0x42509
Bungler's Bane,0xFE004802,Damage Stamina Regeneration,0x73F2C,0.300000012,100,10,0,1,0,0,0,1,1,0,MagicAlchHarmful,0x73F2C,0x73F2C,,100,10,0,2,47.5468025,,0.300000012,4196359,0,0x42509,Damage Stamina Regeneration,,0.300000012,4196359,0,0x42509
Bungler's Bane,0xFE004802,Resist Magic,0x39E51,0.5,2,60,1,0,0,0,1,0,0,0,MagicAlchResistMagic;MagicAlchBeneficial,0x39E51,0x39E51,,2,60,1,3,15.385067,,0.5,2103298,34,0x65A3A;0xF8A4E,Resist Magic,,0.5,2103298,34,0x65A3A;0xF8A4E
Burnt Spriggan Wood,0x401CD6E,Weakness to Fire,0x73F2D,0.300000012,3,30,1,0,0,0,0,1,1,0,MagicAlchHarmful;MagicAlchWeaknessFire,0x73F2D,0x73F2D,,3,30,1,0,3.36347389,,0.300000012,2101255,34,0x42509;0x74F4E,Weakness to Fire,,0.300000012,2101255,34,0x42509;0x74F4E
Burnt Spriggan Wood,0x401CD6E,Fortify Alteration,0x3EB24,0.25,4,60,1,0,0,0,1,0,0,0,MagicAlchFortifyAlteration;MagicAlchBeneficial,0x3EB24,0x3EB24,,4,60,1,1,8.2446537,,0.25,2099202,34,0x65A1D;0xF8A4E,Fortify Alteration,,0.25,2099202,34,0x65A1D;0xF8A4E
Burnt Spriggan Wood,0x401CD6E,Damage Magicka Regeneration,0x73F2B,0.25,100,5,0,1,0,0,0,1,1,0,MagicAlchHarmful,0x73F2B,0x73F2B,,100,5,0,2,18.4844723,,0.25,4196359,0,0x42509,Damage Magicka Regeneration,,0.25,4196359,0,0x42509
Burnt Spriggan Wood,0x401CD6E,Tardiness,0x73F25,0.5,50,5,0,1,0,0,0,1,1,0,MagicAlchHarmful;MagicSlow,0x73F25,0x73F25,,50,5,1,3,17.2466221,,0.5,4200455,34,0x42509;0xB729E,Tardiness,,0.5,4200455,34,0x42509;0xB729E
Butterfly Wing,0x727E0,Restore Health,0x3EB15,0.25,1,20,1,0,0,0,1,0,0,0,MagicAlchRestoreHealth;MagicAlchBeneficial;REQ_Alchemy_RestoreHealthDuration,0x3EB15,0x3EB15,,1,20,1,0,0.535886765,,0.25,2099200,34,0x42503;0xF8A4E;0x866CB38,Restore Health,,0.25,2099200,34,0x42503;0xF8A4E;0x866CB38
Butterfly Wing,0x727E0,Fortify Barter,0x3EB23,1,2,30,1,0,0,0,1,0,0,0,MagicAlchFortifySpeechcraft;MagicAlchBeneficial,0x3EB23,0x3EB23,,2,30,1,1,7.17738771,,1,2099202,34,0x65A29;0xF8A4E,Fortify Barter,,1,2099202,34,0x65A29;0xF8A4E
Butterfly Wing,0x727E0,Lingering Damage Stamina,0x10DE5E,0.899999976,1,10,1,0,0,0,0,1,1,0,MagicAlchHarmful,0x10DE5E,0x10DE5E,,1,10,0,2,0.899999976,,0.899999976,2099205,0,0x42509,Lingering Damage Stamina,,0.899999976,2099205,0,0x42509
Butterfly Wing,0x727E0,Damage Magicka,0x3A2B6,1.10000002,3,0,1,0,0,0,0,1,1,0,MagicAlchHarmful,0x3A2B6,0x3A2B6,,3,0,0,3,3.68320656,,1.10000002,2099205,0,0x42509,Damage Magicka,,1.10000002,2099205,0,0x42509
Canis Root,0x6ABCB,Damage Stamina,0x3A2C6,0.899999976,3,0,1,0,0,0,0,1,1,0,MagicAlchHarmful,0x3A2C6,0x3A2C6,,3,0,0,0,3.01353264,,0.899999976,2099205,0,0x42509,Damage Stamina,,0.899999976,2099205,0,0x42509
Canis Root,0x6ABCB,Fortify One-Handed,0x3EB19,0.25,4,60,1,0,0,0,1,0,0,0,MagicAlchFortifyOneHanded;MagicAlchBeneficial,0x3EB19,0x3EB19,,4,60,1,1,8.2446537,,0.25,2099202,34,0x65A1F;0xF8A4E,Fortify One-Handed,,0.25,2099202,34,0x65A1F;0xF8A4E
Canis Root,0x6ABCB,Fortify Marksman,0x3EB1B,0.25,4,60,1,0,0,0,1,0,0,0,MagicAlchFortifyMarksman;MagicAlchBeneficial,0x3EB1B,0x3EB1B,,4,60,1,2,8.2446537,,0.25,2099202,34,0x65A21;0xF8A4E,Fortify Marksman,,0.25,2099202,34,0x65A21;0xF8A4E
Canis Root,0x6ABCB,Damage Health,0x3EB42,1.5,10,1,1,0,0,0,0,1,1,0,MagicAlchHarmful,0x3EB42,0x3EB42,,10,1,0,3,1.5,,1.5,2099205,0,0x42509,Damage Health,,1.5,2099205,0,0x42509
Charred Skeever Hide,0x52695,Restore Stamina,0x3EB16,0.300000012,0.5,20,1,0,0,0,1,0,0,0,MagicAlchRestoreStamina;MagicAlchBeneficial;REQ_Alchemy_RestoreStaminaDuration,0x3EB16,0x3EB16,,0.5,20,1,0,0.643064141,,0.300000012,2099200,34,0x42504;0xF8A4E;0x866CB3B,Restore Stamina,,0.300000012,2099200,34,0x42504;0xF8A4E;0x866CB3B
Charred Skeever Hide,0x52695,Resist Poison,0x90041,0.25,2,60,1,0,0,0,1,0,0,0,MagicAlchBeneficial;MagicAlchResistPoison,0x90041,0x90041,,2,60,1,1,3.84626675,,0.25,2101250,34,0xF8A4E;0x10EB5F,Resist Poison,,0.25,2101250,34,0xF8A4E;0x10EB5F
Charred Skeever Hide,0x52695,Waterbreathing,0x3AC2D,15,0,20,0,1,1,0,1,0,0,1,MagicAlchBeneficial;MagicAlchDurationBased,0x3AC2D,0x3AC2D,,0,20,1,2,32.1532059,,15,4197378,34,0xF8A4E;0xF8A4F,Waterbreathing,,15,4197378,34,0xF8A4E;0xF8A4F
Charred Skeever Hide,0x52695,Restore Health,0x3EB15,0.25,0.5,20,1,0,0,0,1,0,0,0,MagicAlchRestoreHealth;MagicAlchBeneficial;REQ_Alchemy_RestoreHealthDuration,0x3EB15,0x3EB15,,0.5,20,1,3,0.535886765,,0.25,2099200,34,0x42503;0xF8A4E;0x866CB38,Restore Health,,0.25,2099200,34,0x42503;0xF8A4E;0x866CB38
Chaurus Eggs,0x3AD56,Weakness to Poison,0x90042,0.5,4,30,1,0,0,0,0,1,1,0,MagicAlchHarmful;USKPMagicAlchWeaknessPoison,0x90042,0x90042,,4,30,1,0,7.69253349,,0.5,2101255,34,0x42509;0x706EE3A,Weakness to Poison,,0.5,2101255,34,0x42509;0x706EE3A
Chaurus Eggs,0x3AD56,Fortify Stamina,0x3EAF9,0.150000006,4,60,1,0,0,0,1,0,0,0,MagicAlchFortifyStamina;MagicAlchBeneficial,0x3EAF9,0x3EAF9,,4,60,1,1,4.9467926,,0.150000006,2099202,34,0x65A32;0xF8A4E,Fortify Stamina,,0.150000006,2099202,34,0x65A32;0xF8A4E
Chaurus Eggs,0x3AD56,Damage Magicka,0x3A2B6,1.10000002,3,0,1,0,0,0,0,1,1,0,MagicAlchHarmful,0x3A2B6,0x3A2B6,,3,0,0,2,3.68320656,,1.10000002,2099205,0,0x42509,Damage Magicka,,1.10000002,2099205,0,0x42509
Chaurus Eggs,0x3AD56,Invisibility,0x3EB3D,50,0,4,0,1,1,0,1,0,0,1,MagicInvisibility;MagicAlchBeneficial;MagicAlchDurationBased,0x3EB3D,0x3EB3D,,0,4,0,3,18.2488708,,50,4201474,11,0x1EA6F;0xF8A4E;0xF8A4F,Invisibility,,50,4201474,11,0x1EA6F;0xF8A4E;0xF8A4F
Chaurus Hunter Antennae,0x20183B7,Damage Stamina,0x3A2C6,0.899999976,3,0,1,0,0,0,0,1,1,0,MagicAlchHarmful,0x3A2C6,0x3A2C6,,3,0,0,0,3.01353264,,0.899999976,2099205,0,0x42509,Damage Stamina,,0.899999976,2099205,0,0x42509
Chaurus Hunter Antennae,0x20183B7,Fortify Conjuration,0x3EB25,0.25,5,60,1,0,0,0,1,0,0,0,MagicAlchFortifyConjuration;MagicAlchBeneficial,0x3EB25,0x3EB25,,5,60,1,1,10.5383692,,0.25,2099202,34,0x65A2A;0xF8A4E,Fortify Conjuration,,0.25,2099202,34,0x65A2A;0xF8A4E
Chaurus Hunter Antennae,0x20183B7,Damage Magicka Regeneration,0x73F2B,0.25,100,5,0,1,0,0,0,1,1,0,MagicAlchHarmful,0x73F2B,0x73F2B,,100,5,0,2,18.4844723,,0.25,4196359,0,0x42509,Damage Magicka Regeneration,,0.25,4196359,0,0x42509
Chaurus Hunter Antennae,0x20183B7,Fortify Magicka,0x3EAF8,0.150000006,1,30,1,0,0,0,1,0,0,0,MagicAlchFortifyMagicka;MagicAlchBeneficial,0x3EAF8,0x3EAF8,,1,30,1,3,0.50225544,,0.150000006,2099202,34,0x65A33;0xF8A4E,Fortify Magicka,,0.150000006,2099202,34,0x65A33;0xF8A4E
Chicken's Egg,0x23D77,Resist Magic,0x39E51,0.5,1,60,1,0,0,0,1,0,0,0,MagicAlchResistMagic;MagicAlchBeneficial,0x39E51,0x39E51,,1,60,1,0,3.58869386,,0.5,2103298,34,0x65A3A;0xF8A4E,Resist Magic,,0.5,2103298,34,0x65A3A;0xF8A4E
Chicken's Egg,0x23D77,Damage Magicka Regeneration,0x73F2B,0.25,100,5,0,1,0,0,0,1,1,0,MagicAlchHarmful,0x73F2B,0x73F2B,,100,5,0,1,18.4844723,,0.25,4196359,0,0x42509,Damage Magicka Regeneration,,0.25,4196359,0,0x42509
Chicken's Egg,0x23D77,Waterbreathing,0x3AC2D,15,0,5,0,1,1,0,1,0,0,1,MagicAlchBeneficial;MagicAlchDurationBased,0x3AC2D,0x3AC2D,,0,5,1,2,6.99774742,,15,4197378,34,0xF8A4E;0xF8A4F,Waterbreathing,,15,4197378,34,0xF8A4E;0xF8A4F
Chicken's Egg,0x23D77,Lingering Damage Stamina,0x10DE5E,0.899999976,1,10,1,0,0,0,0,1,1,0,MagicAlchHarmful,0x10DE5E,0x10DE5E,,1,10,0,3,0.899999976,,0.899999976,2099205,0,0x42509,Lingering Damage Stamina,,0.899999976,2099205,0,0x42509
Chokeberry,0xFE004838,Damage Health,0x3EB42,1.5,3,1,1,0,0,0,0,1,1,0,MagicAlchHarmful,0x3EB42,0x3EB42,,3,1,0,0,0.797911286,,1.5,2099205,0,0x42509,Damage Health,,1.5,2099205,0,0x42509
Chokeberry,0xFE004838,Damage Maximum Health,0x73F26,0.25,3,20,1,0,0,0,0,1,1,0,MagicAlchHarmful,0x73F26,0x73F26,,3,20,0,1,2.87095523,,0.25,2099207,0,0x42509,Damage Maximum Health,,0.25,2099207,0,0x42509
Chokeberry,0xFE004838,Lingering Damage Health,0x10AA4A,1.5,2,10,1,0,0,0,0,1,1,0,MagicAlchHarmful,0x10AA4A,0x10AA4A,,2,10,0,2,25.7225647,,1.5,2099205,0,0x42509,Lingering Damage Health,,1.5,2099205,0,0x42509
Chokeberry,0xFE004838,Weakness to Poison,0x90042,0.5,3,30,1,0,0,0,0,1,1,0,MagicAlchHarmful;USKPMagicAlchWeaknessPoison,0x90042,0x90042,,3,30,1,3,11.2115793,,0.5,2101255,34,0x42509;0x706EE3A,Weakness to Poison,,0.5,2101255,34,0x42509;0x706EE3A
Chokeweed,0xFE004804,Weakness to Frost,0x73F2E,0.25,4,30,1,0,0,0,0,1,1,0,MagicAlchHarmful;MagicAlchWeaknessFrost,0x73F2E,0x73F2E,,4,30,1,0,7.69253349,,0.25,2101255,34,0x42509;0x74F4F,Weakness to Frost,,0.25,2101255,34,0x42509;0x74F4F
Chokeweed,0xFE004804,Restore Stamina,0x3EB16,0.300000012,6,0,1,0,0,0,1,0,0,0,MagicAlchRestoreStamina;MagicAlchBeneficial;REQ_Alchemy_RestoreStaminaDuration,0x3EB16,0x3EB16,,6,0,1,1,4.30643272,,0.300000012,2099200,34,0x42504;0xF8A4E;0x866CB3B,Restore Stamina,,0.300000012,2099200,34,0x42504;0xF8A4E;0x866CB3B
Chokeweed,0xFE004804,Cure Disease,0xAE722,0.25,2,0,1,0,0,1,1,0,0,0,MagicAlchBeneficial,0xAE722,0xAE722,,2,0,0,2,1.07177353,,0.25,2103808,3,0xF8A4E,Cure Disease,,0.25,2103808,3,0xF8A4E
Chokeweed,0xFE004804,Damage Magicka,0x3A2B6,1.10000002,4,0,1,0,0,0,0,1,1,0,MagicAlchHarmful,0x3A2B6,0x3A2B6,,4,0,0,3,10.1085463,,1.10000002,2099205,0,0x42509,Damage Magicka,,1.10000002,2099205,0,0x42509
Claws,0x6BC02,Restore Stamina,0x3EB16,0.300000012,1,20,1,0,0,0,1,0,0,0,MagicAlchRestoreStamina;MagicAlchBeneficial;REQ_Alchemy_RestoreStaminaDuration,0x3EB16,0x3EB16,,1,20,1,0,0.643064141,,0.300000012,2099200,34,0x42504;0xF8A4E;0x866CB3B,Restore Stamina,,0.300000012,2099200,34,0x42504;0xF8A4E;0x866CB3B
Claws,0x6BC02,Fortify Armor Rating,0x3EB1F,0.25,6,60,1,0,0,0,1,0,0,0,REQ_Alchemy_FortifyArmorRating;MagicAlchBeneficial,0x3EB1F,0x3EB1F,,6,60,1,1,12.8787231,,0.25,2099202,34,0x65A23;0xF8A4E,Fortify Armor Rating,,0.25,2099202,34,0x65A23;0xF8A4E
Claws,0x6BC02,Fortify Stamina Regeneration,0x3EB08,0.0500000007,10,60,1,0,0,0,1,0,0,0,MagicAlchFortifyStaminaRate;MagicAlchBeneficial,0x3EB08,0x3EB08,,10,60,1,2,4.51789808,,0.0500000007,2099202,34,0x65A35;0xF8A4E,Fortify Stamina Regeneration,,0.0500000007,2099202,34,0x65A35;0xF8A4E
Claws,0x6BC02,Damage Magicka Regeneration,0x73F2B,0.25,100,5,0,1,0,0,0,1,1,0,MagicAlchHarmful,0x73F2B,0x73F2B,,100,5,0,3,18.4844723,,0.25,4196359,0,0x42509,Damage Magicka Regeneration,,0.25,4196359,0,0x42509
Claws,0x8043663,Restore Stamina,0x3EB16,0.300000012,1,20,1,0,0,0,1,0,0,0,MagicAlchRestoreStamina;MagicAlchBeneficial;REQ_Alchemy_RestoreStaminaDuration,0x3EB16,0x3EB16,,1,20,1,0,0.643064141,,0.300000012,2099200,34,0x42504;0xF8A4E;0x866CB3B,Restore Stamina,,0.300000012,2099200,34,0x42504;0xF8A4E;0x866CB3B
Claws,0x8043663,Fortify Armor Rating,0x3EB1F,0.25,4.80000019,60,1,0,0,0,1,0,0,0,REQ_Alchemy_FortifyArmorRating;MagicAlchBeneficial,0x3EB1F,0x3EB1F,,4.80000019,60,1,1,10.0756207,,0.25,2099202,34,0x65A23;0xF8A4E,Fortify Armor Rating,,0.25,2099202,34,0x65A23;0xF8A4E
Claws,0x8043663,Fortify Stamina Regeneration,0x3EB08,0.0500000007,10,60,1,0,0,0,1,0,0,0,MagicAlchFortifyStaminaRate;MagicAlchBeneficial,0x3EB08,0x3EB08,,10,60,1,2,4.51789808,,0.0500000007,2099202,34,0x65A35;0xF8A4E,Fortify Stamina Regeneration,,0.0500000007,2099202,34,0x65A35;0xF8A4E
Claws,0x8043663,Damage Magicka Regeneration,0x73F2B,0.25,100,5,0,1,0,0,0,1,1,0,MagicAlchHarmful,0x73F2B,0x73F2B,,100,5,0,3,18.4844723,,0.25,4196359,0,0x42509,Damage Magicka Regeneration,,0.25,4196359,0,0x42509
Coda Flower,0xFE004805,Damage Health,0x3EB42,1.5,3,1,1,0,0,0,0,1,1,0,MagicAlchHarmful,0x3EB42,0x3EB42,,3,1,0,0,0.797911286,,1.5,2099205,0,0x42509,Damage Health,,1.5,2099205,0,0x42509
Coda Flower,0xFE004805,Lingering Damage Stamina,0x10DE5E,0.899999976,2,10,1,0,0,0,0,1,1,0,MagicAlchHarmful,0x10DE5E,0x10DE5E,,2,10,0,1,3.85838461,,0.899999976,2099205,0,0x42509,Lingering Damage Stamina,,0.899999976,2099205,0,0x42509
Coda Flower,0xFE004805,Damage Maximum Magicka,0x73F27,0.5,3,10,1,0,0,0,0,1,1,0,MagicAlchHarmful,0x73F27,0x73F27,,3,10,0,2,3.3483696,,0.5,2099207,0,0x42509,Damage Maximum Magicka,,0.5,2099207,0,0x42509
Coda Flower,0xFE004805,Fortify Carry Weight,0x3EB01,0.0724999979,5,300,1,0,0,0,1,0,0,0,MagicAlchFortifyCarryWeight;MagicAlchBeneficial,0x3EB01,0x3EB01,,5,300,1,3,37.1357079,,0.0724999979,2099202,34,0x65A2F;0xF8A4E,Fortify Carry Weight,,0.0724999979,2099202,34,0x65A2F;0xF8A4E
Comberry,0xFE004806,Damage Stamina,0x3A2C6,0.899999976,4,0,1,0,0,0,0,1,1,0,MagicAlchHarmful,0x3A2C6,0x3A2C6,,4,0,0,0,8.27062893,,0.899999976,2099205,0,0x42509,Damage Stamina,,0.899999976,2099205,0,0x42509
Comberry,0xFE004806,Spell Absorption,0xFE004812,0.100000001,50,60,0,1,0,0,1,0,0,0,MagicAlchBeneficial,0xFE004812,0xFE004812,,50,60,1,1,53.0680923,,0.100000001,4194306,34,0xF8A4E,Spell Absorption,,0.100000001,4194306,34,0xF8A4E
Comberry,0xFE004806,Restore Magicka,0x3EB17,0.300000012,6,0,1,0,0,0,1,0,0,0,MagicAlchRestoreMagicka;MagicAlchBeneficial;REQ_Alchemy_RestoreMagickaDuration,0x3EB17,0x3EB17,,6,0,1,2,4.30643272,,0.300000012,2099200,34,0x42508;0xF8A4E;0x866CB3A,Restore Magicka,,0.300000012,2099200,34,0x42508;0xF8A4E;0x866CB3A
Comberry,0xFE004806,Fortify Destruction,0x3EB26,0.25,6,60,1,0,0,0,1,0,0,0,MagicAlchFortifyDestruction;MagicAlchBeneficial,0x3EB26,0x3EB26,,6,60,1,3,25.7574463,,0.25,2099202,34,0x65A2B;0xF8A4E,Fortify Destruction,,0.25,2099202,34,0x65A2B;0xF8A4E
Congealed Putrescence,0xFE004807,Damage Maximum Health,0x73F26,0.25,3,20,1,0,0,0,0,1,1,0,MagicAlchHarmful,0x73F26,0x73F26,,3,20,0,0,2.87095523,,0.25,2099207,0,0x42509,Damage Maximum Health,,0.25,2099207,0,0x42509
Congealed Putrescence,0xFE004807,Restore Magicka,0x3EB17,0.300000012,6,0,1,0,0,0,1,0,0,0,MagicAlchRestoreMagicka;MagicAlchBeneficial;REQ_Alchemy_RestoreMagickaDuration,0x3EB17,0x3EB17,,6,0,1,1,4.30643272,,0.300000012,2099200,34,0x42508;0xF8A4E;0x866CB3A,Restore Magicka,,0.300000012,2099200,34,0x42508;0xF8A4E;0x866CB3A
Congealed Putrescence,0xFE004807,Weakness to Fire,0x73F2D,0.300000012,4,30,1,0,0,0,0,1,1,0,MagicAlchHarmful;MagicAlchWeaknessFire,0x73F2D,0x73F2D,,4,30,1,2,9.23104095,,0.300000012,2101255,34,0x42509;0x74F4E,Weakness to Fire,,0.300000012,2101255,34,0x42509;0x74F4E
Congealed Putrescence,0xFE004807,Fortify Conjuration,0x3EB25,0.25,6,60,1,0,0,0,1,0,0,0,MagicAlchFortifyConjuration;MagicAlchBeneficial,0x3EB25,0x3EB25,,6,60,1,3,12.8787231,,0.25,2099202,34,0x65A2A;0xF8A4E,Fortify Conjuration,,0.25,2099202,34,0x65A2A;0xF8A4E
Corkbulb Root,0xFE004809,Paralysis,0x73F30,250,0,2,0,1,1,0,0,1,1,0,MagicParalysis;MagicAlchHarmful,0x73F30,0x73F30,,0,2,0,0,85.1339951,,250,4197379,21,0x1EA70;0x42509,Paralysis,,250,4197379,21,0x1EA70;0x42509
Corkbulb Root,0xFE004809,Restore Health,0x3EB15,0.25,6,0,1,0,0,0,1,0,0,0,MagicAlchRestoreHealth;MagicAlchBeneficial;REQ_Alchemy_RestoreHealthDuration,0x3EB15,0x3EB15,,6,0,1,1,3.58869386,,0.25,2099200,34,0x42503;0xF8A4E;0x866CB38,Restore Health,,0.25,2099200,34,0x42503;0xF8A4E;0x866CB38
Corkbulb Root,0xFE004809,Resist Shock,0x3EAEC,0.25,4,60,1,0,0,0,1,0,0,0,MagicAlchResistShock;MagicAlchBeneficial,0x3EAEC,0x3EAEC,,4,60,1,2,16.4893074,,0.25,2101250,34,0x65A39;0xF8A4E,Resist Shock,,0.25,2101250,34,0x65A39;0xF8A4E
Corkbulb Root,0xFE004809,Fortify Marksman,0x3EB1B,0.25,5,60,1,0,0,0,1,0,0,0,MagicAlchFortifyMarksman;MagicAlchBeneficial,0x3EB1B,0x3EB1B,,5,60,1,3,21.0767384,,0.25,2099202,34,0x65A21;0xF8A4E,Fortify Marksman,,0.25,2099202,34,0x65A21;0xF8A4E
Creep Cluster,0xB2183,Restore Magicka,0x3EB17,0.300000012,1,20,1,0,0,0,1,0,0,0,MagicAlchRestoreMagicka;MagicAlchBeneficial;REQ_Alchemy_RestoreMagickaDuration,0x3EB17,0x3EB17,,1,20,1,0,0.643064141,,0.300000012,2099200,34,0x42508;0xF8A4E;0x866CB3A,Restore Magicka,,0.300000012,2099200,34,0x42508;0xF8A4E;0x866CB3A
Creep Cluster,0xB2183,Damage Stamina Regeneration,0x73F2C,0.300000012,100,5,0,1,0,0,0,1,1,0,MagicAlchHarmful,0x73F2C,0x73F2C,,100,5,0,1,22.1813679,,0.300000012,4196359,0,0x42509,Damage Stamina Regeneration,,0.300000012,4196359,0,0x42509
Creep Cluster,0xB2183,Fortify Carry Weight,0x3EB01,0.0724999979,4,300,1,0,0,0,1,0,0,0,MagicAlchFortifyCarryWeight;MagicAlchBeneficial,0x3EB01,0x3EB01,,4,300,1,2,14.0422726,,0.0724999979,2099202,34,0x65A2F;0xF8A4E,Fortify Carry Weight,,0.0724999979,2099202,34,0x65A2F;0xF8A4E
Creep Cluster,0xB2183,Weakness to Magic,0x73F51,0.5,2,30,1,0,0,0,0,1,1,0,MagicAlchHarmful;MagicAlchWeaknessMagic,0x73F51,0x73F51,,2,30,1,3,3.58869386,,0.5,2101255,34,0x42509;0x74F51,Weakness to Magic,,0.5,2101255,34,0x42509;0x74F51
Crimson Nirnroot,0xB701A,Damage Health,0x3EB42,1.5,20,1,1,0,0,0,0,1,1,0,MagicAlchHarmful,0x3EB42,0x3EB42,,20,1,0,0,3.21532059,,1.5,2099205,0,0x42509,Damage Health,,1.5,2099205,0,0x42509
Crimson Nirnroot,0xB701A,Damage Stamina,0x3A2C6,0.899999976,20,0,1,0,0,0,0,1,1,0,MagicAlchHarmful,0x3A2C6,0x3A2C6,,20,0,0,1,24.2870922,,0.899999976,2099205,0,0x42509,Damage Stamina,,0.899999976,2099205,0,0x42509
Crimson Nirnroot,0xB701A,Invisibility,0x3EB3D,50,0,24,0,1,1,0,1,0,0,1,MagicInvisibility;MagicAlchBeneficial;MagicAlchDurationBased,0x3EB3D,0x3EB3D,,0,24,0,2,130.979218,,50,4201474,11,0x1EA6F;0xF8A4E;0xF8A4F,Invisibility,,50,4201474,11,0x1EA6F;0xF8A4E;0xF8A4F
Crimson Nirnroot,0xB701A,Resist Magic,0x39E51,0.5,5,180,1,0,0,0,1,0,0,0,MagicAlchResistMagic;MagicAlchBeneficial,0x39E51,0x39E51,,5,180,1,3,70.5727158,,0.5,2103298,34,0x65A3A;0xF8A4E,Resist Magic,,0.5,2103298,34,0x65A3A;0xF8A4E
Cyrodilic Spadetail,0x106E19,Fortify Restoration,0x3EB28,0.25,4,60,1,0,0,0,1,0,0,0,MagicAlchFortifyRestoration;MagicAlchBeneficial,0x3EB28,0x3EB28,,4,60,1,0,8.2446537,,0.25,2099202,34,0x65A2D;0xF8A4E,Fortify Restoration,,0.25,2099202,34,0x65A2D;0xF8A4E
Cyrodilic Spadetail,0x106E19,Damage Stamina,0x3A2C6,0.899999976,3,0,1,0,0,0,0,1,1,0,MagicAlchHarmful,0x3A2C6,0x3A2C6,,3,0,0,1,3.01353264,,0.899999976,2099205,0,0x42509,Damage Stamina,,0.899999976,2099205,0,0x42509
Cyrodilic Spadetail,0x106E19,Fear,0x73F20,2.5,3,30,1,0,0,0,0,1,1,0,MagicAlchHarmful;MagicInfluence;MagicInfluenceFear,0x73F20,0x73F20,,3,30,0,2,28.0289478,,2.5,2099207,7,0x42509;0x78098;0x424E0,Fear,,2.5,2099207,7,0x42509;0x78098;0x424E0
Cyrodilic Spadetail,0x106E19,Damage Maximum Health,0x73F26,0.25,2,10,1,0,0,0,0,1,1,0,MagicAlchHarmful,0x73F26,0x73F26,,2,10,0,3,0.535886765,,0.25,2099207,0,0x42509,Damage Maximum Health,,0.25,2099207,0,0x42509
Daedra Heart,0x3AD5B,Lingering Damage Health,0x10AA4A,1.5,10,120,1,0,0,0,0,1,1,0,MagicAlchHarmful,0x10AA4A,0x10AA4A,,10,120,0,0,290.529785,,1.5,2099205,0,0x42509,Lingering Damage Health,,1.5,2099205,0,0x42509
Daedra Heart,0x3AD5B,Restore Magicka,0x3EB17,0.300000012,10,120,1,0,0,0,1,0,0,0,MagicAlchRestoreMagicka;MagicAlchBeneficial;REQ_Alchemy_RestoreMagickaDuration,0x3EB17,0x3EB17,,10,120,1,1,58.1059608,,0.300000012,2099200,34,0x42508;0xF8A4E;0x866CB3A,Restore Magicka,,0.300000012,2099200,34,0x42508;0xF8A4E;0x866CB3A
Daedra Heart,0x3AD5B,Restore Stamina,0x3EB16,0.300000012,10,120,1,0,0,0,1,0,0,0,MagicAlchRestoreStamina;MagicAlchBeneficial;REQ_Alchemy_RestoreStaminaDuration,0x3EB16,0x3EB16,,10,120,1,2,58.1059608,,0.300000012,2099200,34,0x42504;0xF8A4E;0x866CB3B,Restore Stamina,,0.300000012,2099200,34,0x42504;0xF8A4E;0x866CB3B
Daedra Heart,0x3AD5B,Restore Health,0x3EB15,0.25,10,120,1,0,0,0,1,0,0,0,MagicAlchRestoreHealth;MagicAlchBeneficial;REQ_Alchemy_RestoreHealthDuration,0x3EB15,0x3EB15,,10,120,1,3,48.4216309,,0.25,2099200,34,0x42503;0xF8A4E;0x866CB38,Restore Health,,0.25,2099200,34,0x42503;0xF8A4E;0x866CB38
Daedra Silk,0xFE00480A,Lingering Damage Stamina,0x10DE5E,0.899999976,2,10,1,0,0,0,0,1,1,0,MagicAlchHarmful,0x10DE5E,0x10DE5E,,2,10,0,0,3.85838461,,0.899999976,2099205,0,0x42509,Lingering Damage Stamina,,0.899999976,2099205,0,0x42509
Daedra Silk,0xFE00480A,Paralysis,0x73F30,250,0,2,0,1,1,0,0,1,1,0,MagicParalysis;MagicAlchHarmful,0x73F30,0x73F30,,0,2,0,1,85.1339951,,250,4197379,21,0x1EA70;0x42509,Paralysis,,250,4197379,21,0x1EA70;0x42509
Daedra Silk,0xFE00480A,Night Eye,0xFE004803,0.75,0,60,0,1,0,0,1,0,0,0,MagicNightEye,0xFE004803,0xFE004803,,0,60,0,2,5.3830409,,0.75,138545408,1,0xAD7C6,Night Eye,,0.75,138545408,1,0xAD7C6
Daedra Silk,0xFE00480A,Invisibility,0x3EB3D,50,0,6,0,1,1,0,1,0,0,1,MagicInvisibility;MagicAlchBeneficial;MagicAlchDurationBased,0x3EB3D,0x3EB3D,,0,6,0,3,57.0120163,,50,4201474,11,0x1EA6F;0xF8A4E;0xF8A4F,Invisibility,,50,4201474,11,0x1EA6F;0xF8A4E;0xF8A4F
Daedra Venin,0xFE00480B,Damage Maximum Health,0x73F26,0.25,3,20,1,0,0,0,0,1,1,0,MagicAlchHarmful,0x73F26,0x73F26,,3,20,0,0,2.87095523,,0.25,2099207,0,0x42509,Damage Maximum Health,,0.25,2099207,0,0x42509
Daedra Venin,0xFE00480B,Paralysis,0x73F30,250,0,2,0,1,1,0,0,1,1,0,MagicParalysis;MagicAlchHarmful,0x73F30,0x73F30,,0,2,0,1,85.1339951,,250,4197379,21,0x1EA70;0x42509,Paralysis,,250,4197379,21,0x1EA70;0x42509
Daedra Venin,0xFE00480B,Fortify Destruction,0x3EB26,0.25,6,60,1,0,0,0,1,0,0,0,MagicAlchFortifyDestruction;MagicAlchBeneficial,0x3EB26,0x3EB26,,6,60,1,2,25.7574463,,0.25,2099202,34,0x65A2B;0xF8A4E,Fortify Destruction,,0.25,2099202,34,0x65A2B;0xF8A4E
Daedra Venin,0xFE00480B,Spell Absorption,0xFE004812,0.100000001,50,60,0,1,0,0,1,0,0,0,MagicAlchBeneficial,0xFE004812,0xFE004812,,50,60,1,3,53.0680923,,0.100000001,4194306,34,0xF8A4E,Spell Absorption,,0.100000001,4194306,34,0xF8A4E
Daedroth Teeth,0xFE004826,Resist Frost,0x3EAEB,0.25,4,60,1,0,0,0,1,0,0,0,MagicAlchResistFrost;MagicAlchBeneficial,0x3EAEB,0x3EAEB,,4,60,1,0,16.4893074,,0.25,2101250,34,0x65A38;0xF8A4E,Resist Frost,,0.25,2101250,34,0x65A38;0xF8A4E
Daedroth Teeth,0xFE004826,Light,0xFE004846,0.5,0,60,0,1,0,0,1,0,0,0,WISpellColorful;MagicAlchBeneficial,0xFE004846,0xFE004846,,0,60,0,1,3.58869386,,0.5,4198400,12,0xA9B1E;0xF8A4E,Light,,0.5,4198400,12,0xA9B1E;0xF8A4E
Daedroth Teeth,0xFE004826,Damage Magicka Regeneration,0x73F2B,0.25,100,10,0,1,0,0,0,1,1,0,MagicAlchHarmful,0x73F2B,0x73F2B,,100,10,0,2,79.2446671,,0.25,4196359,0,0x42509,Damage Magicka Regeneration,,0.25,4196359,0,0x42509
Daedroth Teeth,0xFE004826,Fortify Stamina Regeneration,0x3EB08,0.0500000007,6,300,1,0,0,0,1,0,0,0,MagicAlchFortifyStaminaRate;MagicAlchBeneficial,0x3EB08,0x3EB08,,6,300,1,3,30.2551861,,0.0500000007,2099202,34,0x65A35;0xF8A4E,Fortify Stamina Regeneration,,0.0500000007,2099202,34,0x65A35;0xF8A4E
Deathbell,0x516C8,Damage Health,0x3EB42,1.5,3,5,1,0,0,0,0,1,1,0,MagicAlchHarmful,0x3EB42,0x3EB42,,3,5,0,0,2.34310436,,1.5,2099205,0,0x42509,Damage Health,,1.5,2099205,0,0x42509
Deathbell,0x516C8,Damage Maximum Stamina,0x73F23,0.800000012,2,20,1,0,0,0,0,1,1,0,MagicAlchHarmful,0x73F23,0x73F23,,2,20,0,1,3.67583513,,0.800000012,2099207,0,0x42509,Damage Maximum Stamina,,0.800000012,2099207,0,0x42509
Deathbell,0x516C8,Tardiness,0x73F25,0.5,50,5,0,1,0,0,0,1,1,0,MagicAlchHarmful;MagicSlow,0x73F25,0x73F25,,50,5,1,2,17.2466221,,0.5,4200455,34,0x42509;0xB729E,Tardiness,,0.5,4200455,34,0x42509;0xB729E
Deathbell,0x516C8,Weakness to Poison,0x90042,0.5,2,30,1,0,0,0,0,1,1,0,MagicAlchHarmful;USKPMagicAlchWeaknessPoison,0x90042,0x90042,,2,30,1,3,3.58869386,,0.5,2101255,34,0x42509;0x706EE3A,Weakness to Poison,,0.5,2101255,34,0x42509;0x706EE3A
Dragon's Tongue,0x889A2,Resist Fire,0x3EAEA,0.25,3,80,1,0,0,0,1,0,0,0,MagicAlchResistFire;MagicAlchBeneficial,0x3EAEA,0x3EAEA,,3,80,1,0,8.2446537,,0.25,2101250,34,0x65A37;0xF8A4E,Resist Fire,,0.25,2101250,34,0x65A37;0xF8A4E
Dragon's Tongue,0x889A2,Fortify Barter,0x3EB23,1,2,30,1,0,0,0,1,0,0,0,MagicAlchFortifySpeechcraft;MagicAlchBeneficial,0x3EB23,0x3EB23,,2,30,1,1,7.17738771,,1,2099202,34,0x65A29;0xF8A4E,Fortify Barter,,1,2099202,34,0x65A29;0xF8A4E
Dragon's Tongue,0x889A2,Fortify Illusion,0x3EB27,0.25,3,60,1,0,0,0,1,0,0,0,MagicAlchFortifyIllusion;MagicAlchBeneficial,0x3EB27,0x3EB27,,3,60,1,2,6.00813675,,0.25,2099202,34,0x65A2C;0xF8A4E,Fortify Illusion,,0.25,2099202,34,0x65A2C;0xF8A4E
Dragon's Tongue,0x889A2,Fortify Two-Handed,0x3EB1A,0.25,4,60,1,0,0,0,1,0,0,0,MagicAlchFortifyTwoHanded;MagicAlchBeneficial,0x3EB1A,0x3EB1A,,4,60,1,3,8.2446537,,0.25,2099202,34,0x65A20;0xF8A4E,Fortify Two-Handed,,0.25,2099202,34,0x65A20;0xF8A4E
Dreugh Wax,0xFE004827,Weakness to Magic,0x73F51,0.5,3,30,1,0,0,0,0,1,1,0,MagicAlchHarmful;MagicAlchWeaknessMagic,0x73F51,0x73F51,,3,30,1,0,11.2115793,,0.5,2101255,34,0x42509;0x74F51,Weakness to Magic,,0.5,2101255,34,0x42509;0x74F51
Dreugh Wax,0xFE004827,Frenzy,0x73F29,7.5,1,20,1,0,0,0,0,1,1,0,MagicAlchHarmful;MagicInfluence;MagicInfluenceFrenzy,0x73F29,0x73F29,,1,20,0,1,32.1532059,,7.5,2099207,8,0x42509;0x78098;0xC44B6,Frenzy,,7.5,2099207,8,0x42509;0x78098;0xC44B6
Dreugh Wax,0xFE004827,Fortify Enchanting,0x3EB29,0.25,2,30,1,0,0,0,1,0,0,0,MagicAlchFortifyEnchanting;MagicAlchBeneficial,0x3EB29,0x3EB29,,2,30,1,2,4.30643272,,0.25,2099202,34,0x65A2E;0xF8A4E,Fortify Enchanting,,0.25,2099202,34,0x65A2E;0xF8A4E
Dreugh Wax,0xFE004827,Fortify Smithing,0x3EB1D,0.25,5,30,1,0,0,0,1,0,0,0,MagicAlchFortifySmithing;MagicAlchBeneficial,0x3EB1D,0x3EB1D,,5,30,1,3,14.74897,,0.25,2099202,34,0x65A22;0xF8A4E,Fortify Smithing,,0.25,2099202,34,0x65A22;0xF8A4E
Dwarven Oil,0xF11C0,Weakness to Magic,0x73F51,0.5,2,30,1,0,0,0,0,1,1,0,MagicAlchHarmful;MagicAlchWeaknessMagic,0x73F51,0x73F51,,2,30,1,0,3.58869386,,0.5,2101255,34,0x42509;0x74F51,Weakness to Magic,,0.5,2101255,34,0x42509;0x74F51
Dwarven Oil,0xF11C0,Fortify Illusion,0x3EB27,0.25,5,60,1,0,0,0,1,0,0,0,MagicAlchFortifyIllusion;MagicAlchBeneficial,0x3EB27,0x3EB27,,5,60,1,1,10.5383692,,0.25,2099202,34,0x65A2C;0xF8A4E,Fortify Illusion,,0.25,2099202,34,0x65A2C;0xF8A4E
Dwarven Oil,0xF11C0,Fortify Magicka Regeneration,0x3EB07,0.100000001,5,300,1,0,0,0,1,0,0,0,MagicAlchFortifyMagickaRate;MagicAlchBeneficial,0x3EB07,0x3EB07,,5,300,1,2,24.7571392,,0.100000001,2099202,34,0x65A34;0xF8A4E,Fortify Magicka Regeneration,,0.100000001,2099202,34,0x65A34;0xF8A4E
Dwarven Oil,0xF11C0,Restore Magicka,0x3EB17,0.300000012,2,20,1,0,0,0,1,0,0,0,MagicAlchRestoreMagicka;MagicAlchBeneficial;REQ_Alchemy_RestoreMagickaDuration,0x3EB17,0x3EB17,,2,20,1,3,1.37843823,,0.300000012,2099200,34,0x42508;0xF8A4E;0x866CB3A,Restore Magicka,,0.300000012,2099200,34,0x42508;0xF8A4E;0x866CB3A
Ectoplasm,0x3AD63,Restore Magicka,0x3EB17,0.300000012,2.5,20,1,0,0,0,1,0,0,0,MagicAlchRestoreMagicka;MagicAlchBeneficial;REQ_Alchemy_RestoreMagickaDuration,0x3EB17,0x3EB17,,2.5,20,1,0,1.76192856,,0.300000012,2099200,34,0x42508;0xF8A4E;0x866CB3A,Restore Magicka,,0.300000012,2099200,34,0x42508;0xF8A4E;0x866CB3A
Ectoplasm,0x3AD63,Fortify Destruction,0x3EB26,0.25,4,60,1,0,0,0,1,0,0,0,MagicAlchFortifyDestruction;MagicAlchBeneficial,0x3EB26,0x3EB26,,4,60,1,1,8.2446537,,0.25,2099202,34,0x65A2B;0xF8A4E,Fortify Destruction,,0.25,2099202,34,0x65A2B;0xF8A4E
Ectoplasm,0x3AD63,Fortify Magicka,0x3EAF8,0.150000006,4,60,1,0,0,0,1,0,0,0,MagicAlchFortifyMagicka;MagicAlchBeneficial,0x3EAF8,0x3EAF8,,4,60,1,2,4.9467926,,0.150000006,2099202,34,0x65A33;0xF8A4E,Fortify Magicka,,0.150000006,2099202,34,0x65A33;0xF8A4E
Ectoplasm,0x3AD63,Damage Health,0x3EB42,1.5,2,1,1,0,0,0,0,1,1,0,MagicAlchHarmful,0x3EB42,0x3EB42,,2,1,0,3,0.255401969,,1.5,2099205,0,0x42509,Damage Health,,1.5,2099205,0,0x42509
Elves Ear,0x34D31,Restore Magicka,0x3EB17,0.300000012,1,20,1,0,0,0,1,0,0,0,MagicAlchRestoreMagicka;MagicAlchBeneficial;REQ_Alchemy_RestoreMagickaDuration,0x3EB17,0x3EB17,,1,20,1,0,0.643064141,,0.300000012,2099200,34,0x42508;0xF8A4E;0x866CB3A,Restore Magicka,,0.300000012,2099200,34,0x42508;0xF8A4E;0x866CB3A
Elves Ear,0x34D31,Fortify Marksman,0x3EB1B,0.25,4,60,1,0,0,0,1,0,0,0,MagicAlchFortifyMarksman;MagicAlchBeneficial,0x3EB1B,0x3EB1B,,4,60,1,1,8.2446537,,0.25,2099202,34,0x65A21;0xF8A4E,Fortify Marksman,,0.25,2099202,34,0x65A21;0xF8A4E
Elves Ear,0x34D31,Weakness to Frost,0x73F2E,0.25,2,30,1,0,0,0,0,1,1,0,MagicAlchHarmful;MagicAlchWeaknessFrost,0x73F2E,0x73F2E,,2,30,1,2,1.79434693,,0.25,2101255,34,0x42509;0x74F4F,Weakness to Frost,,0.25,2101255,34,0x42509;0x74F4F
Elves Ear,0x34D31,Resist Fire,0x3EAEA,0.25,3,30,1,0,0,0,1,0,0,0,MagicAlchResistFire;MagicAlchBeneficial,0x3EAEA,0x3EAEA,,3,30,1,3,2.80289483,,0.25,2101250,34,0x65A37;0xF8A4E,Resist Fire,,0.25,2101250,34,0x65A37;0xF8A4E
Elytra Ichor,0xFE004828,Restore Magicka,0x3EB17,0.300000012,6,0,1,0,0,0,1,0,0,0,MagicAlchRestoreMagicka;MagicAlchBeneficial;REQ_Alchemy_RestoreMagickaDuration,0x3EB17,0x3EB17,,6,0,1,0,4.30643272,,0.300000012,2099200,34,0x42508;0xF8A4E;0x866CB3A,Restore Magicka,,0.300000012,2099200,34,0x42508;0xF8A4E;0x866CB3A
Elytra Ichor,0xFE004828,Invisibility,0x3EB3D,50,0,6,0,1,1,0,1,0,0,1,MagicInvisibility;MagicAlchBeneficial;MagicAlchDurationBased,0x3EB3D,0x3EB3D,,0,6,0,1,57.0120163,,50,4201474,11,0x1EA6F;0xF8A4E;0xF8A4F,Invisibility,,50,4201474,11,0x1EA6F;0xF8A4E;0xF8A4F
Elytra Ichor,0xFE004828,Tardiness,0x73F25,0.5,50,10,0,1,0,0,0,1,1,0,MagicAlchHarmful;MagicSlow,0x73F25,0x73F25,,50,10,1,2,73.9378891,,0.5,4200455,34,0x42509;0xB729E,Tardiness,,0.5,4200455,34,0x42509;0xB729E
Elytra Ichor,0xFE004828,Fear,0x73F20,2.5,2,30,1,0,0,0,0,1,1,0,MagicAlchHarmful;MagicInfluence;MagicInfluenceFear,0x73F20,0x73F20,,2,30,0,3,35.88694,,2.5,2099207,7,0x42509;0x78098;0x424E0,Fear,,2.5,2099207,7,0x42509;0x78098;0x424E0
Emperor Parasol Moss,0x401FF75,Damage Health,0x3EB42,1.5,3,1,1,0,0,0,0,1,1,0,MagicAlchHarmful,0x3EB42,0x3EB42,,3,1,0,0,0.398955643,,1.5,2099205,0,0x42509,Damage Health,,1.5,2099205,0,0x42509
Emperor Parasol Moss,0x401FF75,Fortify Magicka,0x3EAF8,0.150000006,2,60,1,0,0,0,1,0,0,0,MagicAlchFortifyMagicka;MagicAlchBeneficial,0x3EAF8,0x3EAF8,,2,60,1,1,2.30776024,,0.150000006,2099202,34,0x65A33;0xF8A4E,Fortify Magicka,,0.150000006,2099202,34,0x65A33;0xF8A4E
Emperor Parasol Moss,0x401FF75,Fortify Health Regeneration,0x3EB06,0.0500000007,5,300,1,0,0,0,1,0,0,0,MagicAlchFortifyHealRate;MagicAlchBeneficial,0x3EB06,0x3EB06,,5,300,1,2,12.3785696,,0.0500000007,2099202,34,0x65A30;0xF8A4E,Fortify Health Regeneration,,0.0500000007,2099202,34,0x65A30;0xF8A4E
Emperor Parasol Moss,0x401FF75,Fortify Two-Handed,0x3EB1A,0.25,4,60,1,0,0,0,1,0,0,0,MagicAlchFortifyTwoHanded;MagicAlchBeneficial,0x3EB1A,0x3EB1A,,4,60,1,3,8.2446537,,0.25,2099202,34,0x65A20;0xF8A4E,Fortify Two-Handed,,0.25,2099202,34,0x65A20;0xF8A4E
Falmer Ear,0x3AD5D,Damage Health,0x3EB42,1.5,3,1,1,0,0,0,0,1,1,0,MagicAlchHarmful,0x3EB42,0x3EB42,,3,1,0,0,0.398955643,,1.5,2099205,0,0x42509,Damage Health,,1.5,2099205,0,0x42509
Falmer Ear,0x3AD5D,Frenzy,0x73F29,7.5,3,20,1,0,0,0,0,1,1,0,MagicAlchHarmful;MagicInfluence;MagicInfluenceFrenzy,0x73F29,0x73F29,,3,20,0,1,53.8304062,,7.5,2099207,8,0x42509;0x78098;0xC44B6,Frenzy,,7.5,2099207,8,0x42509;0x78098;0xC44B6
Falmer Ear,0x3AD5D,Resist Poison,0x90041,0.25,5,60,1,0,0,0,1,0,0,0,MagicAlchBeneficial;MagicAlchResistPoison,0x90041,0x90041,,5,60,1,2,10.5383692,,0.25,2101250,34,0xF8A4E;0x10EB5F,Resist Poison,,0.25,2101250,34,0xF8A4E;0x10EB5F
Falmer Ear,0x3AD5D,Fortify Lockpicking,0x3EB21,0.5,0.200000003,30,1,0,0,0,1,0,0,0,MagicAlchFortifyLockpicking;MagicAlchBeneficial,0x3EB21,0x3EB21,,0.200000003,30,1,3,1.6741848,,0.5,2099202,34,0x65A26;0xF8A4E,Fortify Lockpicking,,0.5,2099202,34,0x65A26;0xF8A4E
Felsaad Tern Feathers,0x403CD8E,Restore Health,0x3EB15,0.25,1,10,1,0,0,0,1,0,0,0,MagicAlchRestoreHealth;MagicAlchBeneficial;REQ_Alchemy_RestoreHealthDuration,0x3EB15,0x3EB15,,1,10,1,0,0.25,,0.25,2099200,34,0x42503;0xF8A4E;0x866CB38,Restore Health,,0.25,2099200,34,0x42503;0xF8A4E;0x866CB38
Felsaad Tern Feathers,0x403CD8E,Fortify Armor Rating,0x3EB1F,0.25,4,60,1,0,0,0,1,0,0,0,REQ_Alchemy_FortifyArmorRating;MagicAlchBeneficial,0x3EB1F,0x3EB1F,,4,60,1,1,8.2446537,,0.25,2099202,34,0x65A23;0xF8A4E,Fortify Armor Rating,,0.25,2099202,34,0x65A23;0xF8A4E
Felsaad Tern Feathers,0x403CD8E,Resist Poison,0x90041,0.25,5,60,1,0,0,0,1,0,0,0,MagicAlchBeneficial;MagicAlchResistPoison,0x90041,0x90041,,5,60,1,2,10.5383692,,0.25,2101250,34,0xF8A4E;0x10EB5F,Resist Poison,,0.25,2101250,34,0xF8A4E;0x10EB5F
Felsaad Tern Feathers,0x403CD8E,Resist Magic,0x39E51,0.5,1,120,1,0,0,0,1,0,0,0,MagicAlchResistMagic;MagicAlchBeneficial,0x39E51,0x39E51,,1,120,1,3,7.69253349,,0.5,2103298,34,0x65A3A;0xF8A4E,Resist Magic,,0.5,2103298,34,0x65A3A;0xF8A4E
Fire Petal,0xFE004829,Damage Health,0x3EB42,1.5,3,1,1,0,0,0,0,1,1,0,MagicAlchHarmful,0x3EB42,0x3EB42,,3,1,0,0,0.797911286,,1.5,2099205,0,0x42509,Damage Health,,1.5,2099205,0,0x42509
Fire Petal,0xFE004829,Resist Fire,0x3EAEA,0.25,4,60,1,0,0,0,1,0,0,0,MagicAlchResistFire;MagicAlchBeneficial,0x3EAEA,0x3EAEA,,4,60,1,1,16.4893074,,0.25,2101250,34,0x65A37;0xF8A4E,Resist Fire,,0.25,2101250,34,0x65A37;0xF8A4E
Fire Petal,0xFE004829,Spell Absorption,0xFE004812,0.100000001,50,60,0,1,0,0,1,0,0,0,MagicAlchBeneficial,0xFE004812,0xFE004812,,50,60,1,2,53.0680923,,0.100000001,4194306,34,0xF8A4E,Spell Absorption,,0.100000001,4194306,34,0xF8A4E
Fire Petal,0xFE004829,Paralysis,0x73F30,250,0,2,0,1,1,0,0,1,1,0,MagicParalysis;MagicAlchHarmful,0x73F30,0x73F30,,0,2,0,3,85.1339951,,250,4197379,21,0x1EA70;0x42509,Paralysis,,250,4197379,21,0x1EA70;0x42509
Fire Salts,0x3AD5E,Weakness to Frost,0x73F2E,0.25,3,30,1,0,0,0,0,1,1,0,MagicAlchHarmful;MagicAlchWeaknessFrost,0x73F2E,0x73F2E,,3,30,1,0,2.80289483,,0.25,2101255,34,0x42509;0x74F4F,Weakness to Frost,,0.25,2101255,34,0x42509;0x74F4F
Fire Salts,0x3AD5E,Resist Fire,0x3EAEA,0.25,3,300,1,0,0,0,1,0,0,0,MagicAlchResistFire;MagicAlchBeneficial,0x3EAEA,0x3EAEA,,3,300,1,1,35.2863579,,0.25,2101250,34,0x65A37;0xF8A4E,Resist Fire,,0.25,2101250,34,0x65A37;0xF8A4E
Fire Salts,0x3AD5E,Restore Magicka,0x3EB17,0.300000012,2.5,45,1,0,0,0,1,0,0,0,MagicAlchRestoreMagicka;MagicAlchBeneficial;REQ_Alchemy_RestoreMagickaDuration,0x3EB17,0x3EB17,,2.5,45,1,2,4.29921436,,0.300000012,2099200,34,0x42508;0xF8A4E;0x866CB3A,Restore Magicka,,0.300000012,2099200,34,0x42508;0xF8A4E;0x866CB3A
Fire Salts,0x3AD5E,Fortify Magicka Regeneration,0x3EB07,0.100000001,5,300,1,0,0,0,1,0,0,0,MagicAlchFortifyMagickaRate;MagicAlchBeneficial,0x3EB07,0x3EB07,,5,300,1,3,24.7571392,,0.100000001,2099202,34,0x65A34;0xF8A4E,Fortify Magicka Regeneration,,0.100000001,2099202,34,0x65A34;0xF8A4E
Flame Stalk,0xFE00482A,Restore Health,0x3EB15,0.25,6,0,1,0,0,0,1,0,0,0,MagicAlchRestoreHealth;MagicAlchBeneficial;REQ_Alchemy_RestoreHealthDuration,0x3EB15,0x3EB15,,6,0,1,0,3.58869386,,0.25,2099200,34,0x42503;0xF8A4E;0x866CB38,Restore Health,,0.25,2099200,34,0x42503;0xF8A4E;0x866CB38
Flame Stalk,0xFE00482A,Resist Frost,0x3EAEB,0.25,4,60,1,0,0,0,1,0,0,0,MagicAlchResistFrost;MagicAlchBeneficial,0x3EAEB,0x3EAEB,,4,60,1,1,16.4893074,,0.25,2101250,34,0x65A38;0xF8A4E,Resist Frost,,0.25,2101250,34,0x65A38;0xF8A4E
Flame Stalk,0xFE00482A,Weakness to Fire,0x73F2D,0.300000012,4,30,1,0,0,0,0,1,1,0,MagicAlchHarmful;MagicAlchWeaknessFire,0x73F2D,0x73F2D,,4,30,1,2,9.23104095,,0.300000012,2101255,34,0x42509;0x74F4E,Weakness to Fire,,0.300000012,2101255,34,0x42509;0x74F4E
Flame Stalk,0xFE00482A,Invisibility,0x3EB3D,50,0,6,0,1,1,0,1,0,0,1,MagicInvisibility;MagicAlchBeneficial;MagicAlchDurationBased,0x3EB3D,0x3EB3D,,0,6,0,3,57.0120163,,50,4201474,11,0x1EA6F;0xF8A4E;0xF8A4F,Invisibility,,50,4201474,11,0x1EA6F;0xF8A4E;0xF8A4F
Flame Stalk,0x6095E23,Restore Health,0x3EB15,0.25,6,0,1,0,0,0,1,0,0,0,MagicAlchRestoreHealth;MagicAlchBeneficial;REQ_Alchemy_RestoreHealthDuration,0x3EB15,0x3EB15,,6,0,1,0,3.58869386,,0.25,2099200,34,0x42503;0xF8A4E;0x866CB38,Restore Health,,0.25,2099200,34,0x42503;0xF8A4E;0x866CB38
Flame Stalk,0x6095E23,Resist Frost,0x3EAEB,0.25,4,60,1,0,0,0,1,0,0,0,MagicAlchResistFrost;MagicAlchBeneficial,0x3EAEB,0x3EAEB,,4,60,1,1,16.4893074,,0.25,2101250,34,0x65A38;0xF8A4E,Resist Frost,,0.25,2101250,34,0x65A38;0xF8A4E
Flame Stalk,0x6095E23,Weakness to Fire,0x73F2D,0.300000012,4,30,1,0,0,0,0,1,1,0,MagicAlchHarmful;MagicAlchWeaknessFire,0x73F2D,0x73F2D,,4,30,1,2,9.23104095,,0.300000012,2101255,34,0x42509;0x74F4E,Weakness to Fire,,0.300000012,2101255,34,0x42509;0x74F4E
Flame Stalk,0x6095E23,Invisibility,0x3EB3D,50,0,6,0,1,1,0,1,0,0,1,MagicInvisibility;MagicAlchBeneficial;MagicAlchDurationBased,0x3EB3D,0x3EB3D,,0,6,0,3,57.0120163,,50,4201474,11,0x1EA6F;0xF8A4E;0xF8A4F,Invisibility,,50,4201474,11,0x1EA6F;0xF8A4E;0xF8A4F
Fly Amanita,0x4DA00,Resist Fire,0x3EAEA,0.25,3,60,1,0,0,0,1,0,0,0,MagicAlchResistFire;MagicAlchBeneficial,0x3EAEA,0x3EAEA,,3,60,1,0,6.00813675,,0.25,2101250,34,0x65A37;0xF8A4E,Resist Fire,,0.25,2101250,34,0x65A37;0xF8A4E
Fly Amanita,0x4DA00,Fortify Two-Handed,0x3EB1A,0.25,4,60,1,0,0,0,1,0,0,0,MagicAlchFortifyTwoHanded;MagicAlchBeneficial,0x3EB1A,0x3EB1A,,4,60,1,1,8.2446537,,0.25,2099202,34,0x65A20;0xF8A4E,Fortify Two-Handed,,0.25,2099202,34,0x65A20;0xF8A4E
Fly Amanita,0x4DA00,Frenzy,0x73F29,7.5,2,20,1,0,0,0,0,1,1,0,MagicAlchHarmful;MagicInfluence;MagicInfluenceFrenzy,0x73F29,0x73F29,,2,20,0,2,34.4609528,,7.5,2099207,8,0x42509;0x78098;0xC44B6,Frenzy,,7.5,2099207,8,0x42509;0x78098;0xC44B6
Fly Amanita,0x4DA00,Fortify Stamina Regeneration,0x3EB08,0.0500000007,5,300,1,0,0,0,1,0,0,0,MagicAlchFortifyStaminaRate;MagicAlchBeneficial,0x3EB08,0x3EB08,,5,300,1,3,12.3785696,,0.0500000007,2099202,34,0x65A35;0xF8A4E,Fortify Stamina Regeneration,,0.0500000007,2099202,34,0x65A35;0xF8A4E
Frost Mirriam,0x34D32,Resist Frost,0x3EAEB,0.25,3,60,1,0,0,0,1,0,0,0,MagicAlchResistFrost;MagicAlchBeneficial,0x3EAEB,0x3EAEB,,3,60,1,0,6.00813675,,0.25,2101250,34,0x65A38;0xF8A4E,Resist Frost,,0.25,2101250,34,0x65A38;0xF8A4E
Frost Mirriam,0x34D32,Fortify Sneak,0x3EB22,0.25,4,60,1,0,0,0,1,0,0,0,MagicAlchFortifySneak;MagicAlchBeneficial,0x3EB22,0x3EB22,,4,60,1,1,8.2446537,,0.25,2099202,34,0x65A27;0xF8A4E,Fortify Sneak,,0.25,2099202,34,0x65A27;0xF8A4E
Frost Mirriam,0x34D32,Damage Maximum Magicka,0x73F27,0.5,2,10,1,0,0,0,0,1,1,0,MagicAlchHarmful,0x73F27,0x73F27,,2,10,0,2,1.07177353,,0.5,2099207,0,0x42509,Damage Maximum Magicka,,0.5,2099207,0,0x42509
Frost Mirriam,0x34D32,Damage Stamina Regeneration,0x73F2C,0.300000012,100,5,0,1,0,0,0,1,1,0,MagicAlchHarmful,0x73F2C,0x73F2C,,100,5,0,3,22.1813679,,0.300000012,4196359,0,0x42509,Damage Stamina Regeneration,,0.300000012,4196359,0,0x42509
Frost Salts,0x3AD5F,Weakness to Fire,0x73F2D,0.300000012,3,60,1,0,0,0,0,1,1,0,MagicAlchHarmful;MagicAlchWeaknessFire,0x73F2D,0x73F2D,,3,60,1,0,7.20976448,,0.300000012,2101255,34,0x42509;0x74F4E,Weakness to Fire,,0.300000012,2101255,34,0x42509;0x74F4E
Frost Salts,0x3AD5F,Resist Frost,0x3EAEB,0.25,6,300,1,0,0,0,1,0,0,0,MagicAlchResistFrost;MagicAlchBeneficial,0x3EAEB,0x3EAEB,,6,300,1,1,75.6379623,,0.25,2101250,34,0x65A38;0xF8A4E,Resist Frost,,0.25,2101250,34,0x65A38;0xF8A4E
Frost Salts,0x3AD5F,Restore Magicka,0x3EB17,0.300000012,3.5,45,1,0,0,0,1,0,0,0,MagicAlchRestoreMagicka;MagicAlchBeneficial;REQ_Alchemy_RestoreMagickaDuration,0x3EB17,0x3EB17,,3.5,45,1,2,6.22486448,,0.300000012,2099200,34,0x42508;0xF8A4E;0x866CB3A,Restore Magicka,,0.300000012,2099200,34,0x42508;0xF8A4E;0x866CB3A
Frost Salts,0x3AD5F,Fortify Conjuration,0x3EB25,0.25,5,180,1,0,0,0,1,0,0,0,MagicAlchFortifyConjuration;MagicAlchBeneficial,0x3EB25,0x3EB25,,5,180,1,3,35.2863579,,0.25,2099202,34,0x65A2A;0xF8A4E,Fortify Conjuration,,0.25,2099202,34,0x65A2A;0xF8A4E
Fungus Stalk,0xFE00482B,Restore Magicka,0x3EB17,0.300000012,6,0,1,0,0,0,1,0,0,0,MagicAlchRestoreMagicka;MagicAlchBeneficial;REQ_Alchemy_RestoreMagickaDuration,0x3EB17,0x3EB17,,6,0,1,0,4.30643272,,0.300000012,2099200,34,0x42508;0xF8A4E;0x866CB3A,Restore Magicka,,0.300000012,2099200,34,0x42508;0xF8A4E;0x866CB3A
Fungus Stalk,0xFE00482B,Fortify Health,0x3EAF3,0.200000003,5,300,1,0,0,0,1,0,0,0,MagicAlchFortifyHealth;MagicAlchBeneficial,0x3EAF3,0x3EAF3,,5,300,1,1,86.6499786,,0.200000003,2099202,34,0x65A31;0xF8A4E,Fortify Health,,0.200000003,2099202,34,0x65A31;0xF8A4E
Fungus Stalk,0xFE00482B,Fortify Stamina,0x3EAF9,0.150000006,5,300,1,0,0,0,1,0,0,0,MagicAlchFortifyStamina;MagicAlchBeneficial,0x3EAF9,0x3EAF9,,5,300,1,2,74.2714157,,0.150000006,2099202,34,0x65A32;0xF8A4E,Fortify Stamina,,0.150000006,2099202,34,0x65A32;0xF8A4E
Fungus Stalk,0xFE00482B,Waterbreathing,0x3AC2D,15,0,8,0,1,1,0,1,0,0,1,MagicAlchBeneficial;MagicAlchDurationBased,0x3AC2D,0x3AC2D,,0,8,1,3,23.4703865,,15,4197378,34,0xF8A4E;0xF8A4F,Waterbreathing,,15,4197378,34,0xF8A4E;0xF8A4F
Garlic,0x34D22,Resist Poison,0x90041,0.25,2,300,1,0,0,0,1,0,0,0,MagicAlchBeneficial;MagicAlchResistPoison,0x90041,0x90041,,2,300,1,0,22.5894909,,0.25,2101250,34,0xF8A4E;0x10EB5F,Resist Poison,,0.25,2101250,34,0xF8A4E;0x10EB5F
Garlic,0x34D22,Fortify Stamina,0x3EAF9,0.150000006,1,60,1,0,0,0,1,0,0,0,MagicAlchFortifyStamina;MagicAlchBeneficial,0x3EAF9,0x3EAF9,,1,60,1,1,1.07660818,,0.150000006,2099202,34,0x65A32;0xF8A4E,Fortify Stamina,,0.150000006,2099202,34,0x65A32;0xF8A4E
Garlic,0x34D22,Fortify Magicka Regeneration,0x3EB07,0.100000001,5,60,1,0,0,0,1,0,0,0,MagicAlchFortifyMagickaRate;MagicAlchBeneficial,0x3EB07,0x3EB07,,5,60,1,2,4.21534777,,0.100000001,2099202,34,0x65A34;0xF8A4E,Fortify Magicka Regeneration,,0.100000001,2099202,34,0x65A34;0xF8A4E
Garlic,0x34D22,Fortify Health Regeneration,0x3EB06,0.0500000007,5,60,1,0,0,0,1,0,0,0,MagicAlchFortifyHealRate;MagicAlchBeneficial,0x3EB06,0x3EB06,,5,60,1,3,2.10767388,,0.0500000007,2099202,34,0x65A30;0xF8A4E,Fortify Health Regeneration,,0.0500000007,2099202,34,0x65A30;0xF8A4E
Giant Lichen,0x7E8C1,Weakness to Shock,0x73F2F,0.349999994,3,30,1,0,0,0,0,1,1,0,MagicAlchHarmful;MagicAlchWeaknessShock,0x73F2F,0x73F2F,,3,30,1,0,3.92405272,,0.349999994,2101255,34,0x42509;0x74F50,Weakness to Shock,,0.349999994,2101255,34,0x42509;0x74F50
Giant Lichen,0x7E8C1,Damage Maximum Health,0x73F26,0.25,2,10,1,0,0,0,0,1,1,0,MagicAlchHarmful,0x73F26,0x73F26,,2,10,0,1,0.535886765,,0.25,2099207,0,0x42509,Damage Maximum Health,,0.25,2099207,0,0x42509
Giant Lichen,0x7E8C1,Weakness to Poison,0x90042,0.5,2,30,1,0,0,0,0,1,1,0,MagicAlchHarmful;USKPMagicAlchWeaknessPoison,0x90042,0x90042,,2,30,1,2,3.58869386,,0.5,2101255,34,0x42509;0x706EE3A,Weakness to Poison,,0.5,2101255,34,0x42509;0x706EE3A
Giant Lichen,0x7E8C1,Restore Magicka,0x3EB17,0.300000012,0.5,20,1,0,0,0,1,0,0,0,MagicAlchRestoreMagicka;MagicAlchBeneficial;REQ_Alchemy_RestoreMagickaDuration,0x3EB17,0x3EB17,,0.5,20,1,3,0.643064141,,0.300000012,2099200,34,0x42508;0xF8A4E;0x866CB3A,Restore Magicka,,0.300000012,2099200,34,0x42508;0xF8A4E;0x866CB3A
Giant's Toe,0x3AD64,Damage Stamina,0x3A2C6,0.899999976,3,0,1,0,0,0,0,1,1,0,MagicAlchHarmful,0x3A2C6,0x3A2C6,,3,0,0,0,3.01353264,,0.899999976,2099205,0,0x42509,Damage Stamina,,0.899999976,2099205,0,0x42509
Giant's Toe,0x3AD64,Fortify Health,0x3EAF3,0.200000003,4,300,1,0,0,0,1,0,0,0,MagicAlchFortifyHealth;MagicAlchBeneficial,0x3EAF3,0x3EAF3,,4,300,1,1,38.7373047,,0.200000003,2099202,34,0x65A31;0xF8A4E,Fortify Health,,0.200000003,2099202,34,0x65A31;0xF8A4E
Giant's Toe,0x3AD64,Fortify Carry Weight,0x3EB01,0.0724999979,4,300,1,0,0,0,1,0,0,0,MagicAlchFortifyCarryWeight;MagicAlchBeneficial,0x3EB01,0x3EB01,,4,300,1,2,14.0422726,,0.0724999979,2099202,34,0x65A2F;0xF8A4E,Fortify Carry Weight,,0.0724999979,2099202,34,0x65A2F;0xF8A4E
Giant's Toe,0x3AD64,Damage Stamina Regeneration,0x73F2C,0.300000012,100,5,0,1,0,0,0,1,1,0,MagicAlchHarmful,0x73F2C,0x73F2C,,100,5,0,3,22.1813679,,0.300000012,4196359,0,0x42509,Damage Stamina Regeneration,,0.300000012,4196359,0,0x42509
Glassfish,0x50008EE,Restore Magicka,0x3EB17,0.300000012,1.5,20,1,0,0,0,1,0,0,0,MagicAlchRestoreMagicka;MagicAlchBeneficial;REQ_Alchemy_RestoreMagickaDuration,0x3EB17,0x3EB17,,1.5,20,1,0,1.00451088,,0.300000012,2099200,34,0x42508;0xF8A4E;0x866CB3A,Restore Magicka,,0.300000012,2099200,34,0x42508;0xF8A4E;0x866CB3A
Glassfish,0x50008EE,Invisibility,0x3EB3D,50,0,4,0,1,1,0,1,0,0,1,MagicInvisibility;MagicAlchBeneficial;MagicAlchDurationBased,0x3EB3D,0x3EB3D,,0,4,0,1,18.2488708,,50,4201474,11,0x1EA6F;0xF8A4E;0xF8A4F,Invisibility,,50,4201474,11,0x1EA6F;0xF8A4E;0xF8A4F
Glassfish,0x50008EE,Fortify Illusion,0x3EB27,0.25,3,60,1,0,0,0,1,0,0,0,MagicAlchFortifyIllusion;MagicAlchBeneficial,0x3EB27,0x3EB27,,3,60,1,2,6.00813675,,0.25,2099202,34,0x65A2C;0xF8A4E,Fortify Illusion,,0.25,2099202,34,0x65A2C;0xF8A4E
Glassfish,0x50008EE,Fortify Speech,0xD6947,0.25,4,60,1,0,0,0,1,0,0,0,MagicAlchFortifySpeechcraft;MagicAlchBeneficial,0xD6947,0xD6947,,4,60,1,3,8.2446537,,0.25,2099202,34,0x65A29;0xF8A4E,Fortify Speech,,0.25,2099202,34,0x65A29;0xF8A4E
Gleamblossom,0x200B097,Resist Magic,0x39E51,0.5,1,60,1,0,0,0,1,0,0,0,MagicAlchResistMagic;MagicAlchBeneficial,0x39E51,0x39E51,,1,60,1,0,3.58869386,,0.5,2103298,34,0x65A3A;0xF8A4E,Resist Magic,,0.5,2103298,34,0x65A3A;0xF8A4E
Gleamblossom,0x200B097,Fear,0x73F20,2.5,2,30,1,0,0,0,0,1,1,0,MagicAlchHarmful;MagicInfluence;MagicInfluenceFear,0x73F20,0x73F20,,2,30,0,1,17.94347,,2.5,2099207,7,0x42509;0x78098;0x424E0,Fear,,2.5,2099207,7,0x42509;0x78098;0x424E0
Gleamblossom,0x200B097,Fortify Health Regeneration,0x3EB06,0.0500000007,5,300,1,0,0,0,1,0,0,0,MagicAlchFortifyHealRate;MagicAlchBeneficial,0x3EB06,0x3EB06,,5,300,1,2,12.3785696,,0.0500000007,2099202,34,0x65A30;0xF8A4E,Fortify Health Regeneration,,0.0500000007,2099202,34,0x65A30;0xF8A4E
Gleamblossom,0x200B097,Paralysis,0x73F30,250,0,1,0,1,1,0,0,1,1,0,MagicParalysis;MagicAlchHarmful,0x73F30,0x73F30,,0,1,0,3,19.8582058,,250,4197379,21,0x1EA70;0x42509,Paralysis,,250,4197379,21,0x1EA70;0x42509
Glow Dust,0x3AD73,Damage Magicka,0x3A2B6,1.10000002,3,0,1,0,0,0,0,1,1,0,MagicAlchHarmful,0x3A2B6,0x3A2B6,,3,0,0,0,3.68320656,,1.10000002,2099205,0,0x42509,Damage Magicka,,1.10000002,2099205,0,0x42509
Glow Dust,0x3AD73,Damage Magicka Regeneration,0x73F2B,0.25,100,5,0,1,0,0,0,1,1,0,MagicAlchHarmful,0x73F2B,0x73F2B,,100,5,0,1,18.4844723,,0.25,4196359,0,0x42509,Damage Magicka Regeneration,,0.25,4196359,0,0x42509
Glow Dust,0x3AD73,Fortify Destruction,0x3EB26,0.25,5,60,1,0,0,0,1,0,0,0,MagicAlchFortifyDestruction;MagicAlchBeneficial,0x3EB26,0x3EB26,,5,60,1,2,10.5383692,,0.25,2099202,34,0x65A2B;0xF8A4E,Fortify Destruction,,0.25,2099202,34,0x65A2B;0xF8A4E
Glow Dust,0x3AD73,Resist Shock,0x3EAEC,0.25,3,60,1,0,0,0,1,0,0,0,MagicAlchResistShock;MagicAlchBeneficial,0x3EAEC,0x3EAEC,,3,60,1,3,6.00813675,,0.25,2101250,34,0x65A39;0xF8A4E,Resist Shock,,0.25,2101250,34,0x65A39;0xF8A4E
Glowing Mushroom,0x7EE01,Resist Shock,0x3EAEC,0.25,3,60,1,0,0,0,1,0,0,0,MagicAlchResistShock;MagicAlchBeneficial,0x3EAEC,0x3EAEC,,3,60,1,0,6.00813675,,0.25,2101250,34,0x65A39;0xF8A4E,Resist Shock,,0.25,2101250,34,0x65A39;0xF8A4E
Glowing Mushroom,0x7EE01,Fortify Destruction,0x3EB26,0.25,5,60,1,0,0,0,1,0,0,0,MagicAlchFortifyDestruction;MagicAlchBeneficial,0x3EB26,0x3EB26,,5,60,1,1,10.5383692,,0.25,2099202,34,0x65A2B;0xF8A4E,Fortify Destruction,,0.25,2099202,34,0x65A2B;0xF8A4E
Glowing Mushroom,0x7EE01,Fortify Stamina,0x3EAF9,0.150000006,4,30,1,0,0,0,1,0,0,0,MagicAlchFortifyStamina;MagicAlchBeneficial,0x3EAF9,0x3EAF9,,4,30,1,2,2.30776024,,0.150000006,2099202,34,0x65A32;0xF8A4E,Fortify Stamina,,0.150000006,2099202,34,0x65A32;0xF8A4E
Glowing Mushroom,0x7EE01,Fortify Health,0x3EAF3,0.200000003,4,60,1,0,0,0,1,0,0,0,MagicAlchFortifyHealth;MagicAlchBeneficial,0x3EAF3,0x3EAF3,,4,60,1,3,6.59572315,,0.200000003,2099202,34,0x65A31;0xF8A4E,Fortify Health,,0.200000003,2099202,34,0x65A31;0xF8A4E
Gnarl Bark,0xFE00482C,Damage Health,0x3EB42,1.5,3,1,1,0,0,0,0,1,1,0,MagicAlchHarmful,0x3EB42,0x3EB42,,3,1,0,0,0.797911286,,1.5,2099205,0,0x42509,Damage Health,,1.5,2099205,0,0x42509
Gnarl Bark,0xFE00482C,Fortify Health Regeneration,0x3EB06,0.0500000007,6,300,1,0,0,0,1,0,0,0,MagicAlchFortifyHealRate;MagicAlchBeneficial,0x3EB06,0x3EB06,,6,300,1,1,30.2551861,,0.0500000007,2099202,34,0x65A30;0xF8A4E,Fortify Health Regeneration,,0.0500000007,2099202,34,0x65A30;0xF8A4E
Gnarl Bark,0xFE00482C,Fortify Armor Rating,0x3EB1E,0.25,3,60,1,0,0,0,1,0,0,0,REQ_Alchemy_FortifyArmorRating;MagicAlchBeneficial,0x3EB1E,0x3EB1E,,3,60,1,2,12.0162735,,0.25,2099202,34,0x65A23;0xF8A4E,Fortify Armor Rating,,0.25,2099202,34,0x65A23;0xF8A4E
Gnarl Bark,0xFE00482C,Resist Fire,0x3EAEA,0.25,4,60,1,0,0,0,1,0,0,0,MagicAlchResistFire;MagicAlchBeneficial,0x3EAEA,0x3EAEA,,4,60,1,3,16.4893074,,0.25,2101250,34,0x65A37;0xF8A4E,Resist Fire,,0.25,2101250,34,0x65A37;0xF8A4E
Gold Kanet,0xFE00482D,Paralysis,0x73F30,250,0,2,0,1,1,0,0,1,1,0,MagicParalysis;MagicAlchHarmful,0x73F30,0x73F30,,0,2,0,0,85.1339951,,250,4197379,21,0x1EA70;0x42509,Paralysis,,250,4197379,21,0x1EA70;0x42509
Gold Kanet,0xFE00482D,Damage Maximum Health,0x73F26,0.25,3,20,1,0,0,0,0,1,1,0,MagicAlchHarmful,0x73F26,0x73F26,,3,20,0,1,2.87095523,,0.25,2099207,0,0x42509,Damage Maximum Health,,0.25,2099207,0,0x42509
Gold Kanet,0xFE00482D,Weakness to Frost,0x73F2E,0.25,4,30,1,0,0,0,0,1,1,0,MagicAlchHarmful;MagicAlchWeaknessFrost,0x73F2E,0x73F2E,,4,30,1,2,7.69253349,,0.25,2101255,34,0x42509;0x74F4F,Weakness to Frost,,0.25,2101255,34,0x42509;0x74F4F
Gold Kanet,0xFE00482D,Fortify Smithing,0x3EB1D,0.25,5,30,1,0,0,0,1,0,0,0,MagicAlchFortifySmithing;MagicAlchBeneficial,0x3EB1D,0x3EB1D,,5,30,1,3,14.74897,,0.25,2099202,34,0x65A22;0xF8A4E,Fortify Smithing,,0.25,2099202,34,0x65A22;0xF8A4E
Goldfish,0x50008EF,Restore Stamina,0x3EB16,0.300000012,1,20,1,0,0,0,1,0,0,0,MagicAlchRestoreStamina;MagicAlchBeneficial;REQ_Alchemy_RestoreStaminaDuration,0x3EB16,0x3EB16,,1,20,1,0,0.643064141,,0.300000012,2099200,34,0x42504;0xF8A4E;0x866CB3B,Restore Stamina,,0.300000012,2099200,34,0x42504;0xF8A4E;0x866CB3B
Goldfish,0x50008EF,Fortify Armor Rating,0x3EB1F,0.25,6,60,1,0,0,0,1,0,0,0,REQ_Alchemy_FortifyArmorRating;MagicAlchBeneficial,0x3EB1F,0x3EB1F,,6,60,1,1,12.8787231,,0.25,2099202,34,0x65A23;0xF8A4E,Fortify Armor Rating,,0.25,2099202,34,0x65A23;0xF8A4E
Goldfish,0x50008EF,Waterbreathing,0x3AC2D,15,0,5,0,1,1,0,1,0,0,1,MagicAlchBeneficial;MagicAlchDurationBased,0x3AC2D,0x3AC2D,,0,5,1,2,6.99774742,,15,4197378,34,0xF8A4E;0xF8A4F,Waterbreathing,,15,4197378,34,0xF8A4E;0xF8A4F
Goldfish,0x50008EF,Resist Frost,0x3EAEB,0.25,3,60,1,0,0,0,1,0,0,0,MagicAlchResistFrost;MagicAlchBeneficial,0x3EAEB,0x3EAEB,,3,60,1,3,6.00813675,,0.25,2101250,34,0x65A38;0xF8A4E,Resist Frost,,0.25,2101250,34,0x65A38;0xF8A4E
Grass Pod,0x83E64,Resist Poison,0x90041,0.25,4,60,1,0,0,0,1,0,0,0,MagicAlchBeneficial;MagicAlchResistPoison,0x90041,0x90041,,4,60,1,0,8.2446537,,0.25,2101250,34,0xF8A4E;0x10EB5F,Resist Poison,,0.25,2101250,34,0xF8A4E;0x10EB5F
Grass Pod,0x83E64,Damage Maximum Magicka,0x73F27,0.5,2,10,1,0,0,0,0,1,1,0,MagicAlchHarmful,0x73F27,0x73F27,,2,10,0,1,1.07177353,,0.5,2099207,0,0x42509,Damage Maximum Magicka,,0.5,2099207,0,0x42509
Grass Pod,0x83E64,Fortify Alteration,0x3EB24,0.25,4,60,1,0,0,0,1,0,0,0,MagicAlchFortifyAlteration;MagicAlchBeneficial,0x3EB24,0x3EB24,,4,60,1,2,8.2446537,,0.25,2099202,34,0x65A1D;0xF8A4E,Fortify Alteration,,0.25,2099202,34,0x65A1D;0xF8A4E
Grass Pod,0x83E64,Restore Magicka,0x3EB17,0.300000012,1,20,1,0,0,0,1,0,0,0,MagicAlchRestoreMagicka;MagicAlchBeneficial;REQ_Alchemy_RestoreMagickaDuration,0x3EB17,0x3EB17,,1,20,1,3,0.643064141,,0.300000012,2099200,34,0x42508;0xF8A4E;0x866CB3A,Restore Magicka,,0.300000012,2099200,34,0x42508;0xF8A4E;0x866CB3A
Green Butterfly Wing,0x6059151,Restore Magicka,0x3EB17,0.300000012,5,0,1,0,0,0,1,0,0,0,MagicAlchRestoreMagicka;MagicAlchBeneficial;REQ_Alchemy_RestoreMagickaDuration,0x3EB17,0x3EB17,,5,0,1,0,3.52385712,,0.300000012,2099200,34,0x42508;0xF8A4E;0x866CB3A,Restore Magicka,,0.300000012,2099200,34,0x42508;0xF8A4E;0x866CB3A
Green Butterfly Wing,0x6059151,Fear,0x73F20,2.5,1,30,1,0,0,0,0,1,1,0,MagicAlchHarmful;MagicInfluence;MagicInfluenceFear,0x73F20,0x73F20,,1,30,0,1,16.741848,,2.5,2099207,7,0x42509;0x78098;0x424E0,Fear,,2.5,2099207,7,0x42509;0x78098;0x424E0
Green Butterfly Wing,0x6059151,Tardiness,0x73F25,0.5,5,30,0,1,0,0,0,1,1,0,MagicAlchHarmful;MagicSlow,0x73F25,0x73F25,,5,30,1,2,19.6652927,,0.5,4200455,34,0x42509;0xB729E,Tardiness,,0.5,4200455,34,0x42509;0xB729E
Green Butterfly Wing,0x6059151,Invisibility,0x3EB3D,50,0,4,0,1,1,0,1,0,0,1,MagicInvisibility;MagicAlchBeneficial;MagicAlchDurationBased,0x3EB3D,0x3EB3D,,0,4,0,3,36.4977417,,50,4201474,11,0x1EA6F;0xF8A4E;0xF8A4F,Invisibility,,50,4201474,11,0x1EA6F;0xF8A4E;0xF8A4F
Hackle-Lo Leaf,0xFE00482E,Restore Stamina,0x3EB16,0.300000012,6,0,1,0,0,0,1,0,0,0,MagicAlchRestoreStamina;MagicAlchBeneficial;REQ_Alchemy_RestoreStaminaDuration,0x3EB16,0x3EB16,,6,0,1,0,4.30643272,,0.300000012,2099200,34,0x42504;0xF8A4E;0x866CB3B,Restore Stamina,,0.300000012,2099200,34,0x42504;0xF8A4E;0x866CB3B
Hackle-Lo Leaf,0xFE00482E,Paralysis,0x73F30,250,0,2,0,1,1,0,0,1,1,0,MagicParalysis;MagicAlchHarmful,0x73F30,0x73F30,,0,2,0,1,85.1339951,,250,4197379,21,0x1EA70;0x42509,Paralysis,,250,4197379,21,0x1EA70;0x42509
Hackle-Lo Leaf,0xFE00482E,Waterbreathing,0x3AC2D,15,0,8,0,1,1,0,1,0,0,1,MagicAlchBeneficial;MagicAlchDurationBased,0x3AC2D,0x3AC2D,,0,8,1,2,23.4703865,,15,4197378,34,0xF8A4E;0xF8A4F,Waterbreathing,,15,4197378,34,0xF8A4E;0xF8A4F
Hackle-Lo Leaf,0xFE00482E,Fortify Restoration,0x3EB28,0.25,5,60,1,0,0,0,1,0,0,0,MagicAlchFortifyRestoration;MagicAlchBeneficial,0x3EB28,0x3EB28,,5,60,1,3,21.0767384,,0.25,2099202,34,0x65A2D;0xF8A4E,Fortify Restoration,,0.25,2099202,34,0x65A2D;0xF8A4E
Hagraven Claw,0x6B689,Resist Magic,0x39E51,0.5,1,120,1,0,0,0,1,0,0,0,MagicAlchResistMagic;MagicAlchBeneficial,0x39E51,0x39E51,,1,120,1,0,7.69253349,,0.5,2103298,34,0x65A3A;0xF8A4E,Resist Magic,,0.5,2103298,34,0x65A3A;0xF8A4E
Hagraven Claw,0x6B689,Lingering Damage Magicka,0x10DE5F,5,1,10,1,0,0,0,0,1,1,0,MagicAlchHarmful,0x10DE5F,0x10DE5F,,1,10,0,1,5,,5,2099205,0,0x42509,Lingering Damage Magicka,,5,2099205,0,0x42509
Hagraven Claw,0x6B689,Fortify Illusion,0x3EB27,0.25,4,60,1,0,0,0,1,0,0,0,MagicAlchFortifyIllusion;MagicAlchBeneficial,0x3EB27,0x3EB27,,4,60,1,2,8.2446537,,0.25,2099202,34,0x65A2C;0xF8A4E,Fortify Illusion,,0.25,2099202,34,0x65A2C;0xF8A4E
Hagraven Claw,0x6B689,Soulreaping,0x820B30F,15,0,4,0,1,1,0,0,1,1,0,MagicAlchHarmful,0x820B30F,0x820B30F,,0,4,0,3,5.47466135,,15,4201475,1,0x42509,Soulreaping,,15,4201475,1,0x42509
Hagraven Feathers,0x3AD66,Damage Magicka,0x3A2B6,1.10000002,3,0,1,0,0,0,0,1,1,0,MagicAlchHarmful,0x3A2B6,0x3A2B6,,3,0,0,0,3.68320656,,1.10000002,2099205,0,0x42509,Damage Magicka,,1.10000002,2099205,0,0x42509
Hagraven Feathers,0x3AD66,Fortify Conjuration,0x3EB25,0.25,5,60,1,0,0,0,1,0,0,0,MagicAlchFortifyConjuration;MagicAlchBeneficial,0x3EB25,0x3EB25,,5,60,1,1,10.5383692,,0.25,2099202,34,0x65A2A;0xF8A4E,Fortify Conjuration,,0.25,2099202,34,0x65A2A;0xF8A4E
Hagraven Feathers,0x3AD66,Frenzy,0x73F29,7.5,3,20,1,0,0,0,0,1,1,0,MagicAlchHarmful;MagicInfluence;MagicInfluenceFrenzy,0x73F29,0x73F29,,3,20,0,2,53.8304062,,7.5,2099207,8,0x42509;0x78098;0xC44B6,Frenzy,,7.5,2099207,8,0x42509;0x78098;0xC44B6
Hagraven Feathers,0x3AD66,Weakness to Shock,0x73F2F,0.349999994,3,30,1,0,0,0,0,1,1,0,MagicAlchHarmful;MagicAlchWeaknessShock,0x73F2F,0x73F2F,,3,30,1,3,3.92405272,,0.349999994,2101255,34,0x42509;0x74F50,Weakness to Shock,,0.349999994,2101255,34,0x42509;0x74F50
Hanging Moss,0x57F91,Damage Magicka,0x3A2B6,1.10000002,3,0,1,0,0,0,0,1,1,0,MagicAlchHarmful,0x3A2B6,0x3A2B6,,3,0,0,0,3.68320656,,1.10000002,2099205,0,0x42509,Damage Magicka,,1.10000002,2099205,0,0x42509
Hanging Moss,0x57F91,Fortify Health,0x3EAF3,0.200000003,4,60,1,0,0,0,1,0,0,0,MagicAlchFortifyHealth;MagicAlchBeneficial,0x3EAF3,0x3EAF3,,4,60,1,1,6.59572315,,0.200000003,2099202,34,0x65A31;0xF8A4E,Fortify Health,,0.200000003,2099202,34,0x65A31;0xF8A4E
Hanging Moss,0x57F91,Damage Magicka Regeneration,0x73F2B,0.25,100,5,0,1,0,0,0,1,1,0,MagicAlchHarmful,0x73F2B,0x73F2B,,100,5,0,2,18.4844723,,0.25,4196359,0,0x42509,Damage Magicka Regeneration,,0.25,4196359,0,0x42509
Hanging Moss,0x57F91,Fortify One-Handed,0x3EB19,0.25,4,60,1,0,0,0,1,0,0,0,MagicAlchFortifyOneHanded;MagicAlchBeneficial,0x3EB19,0x3EB19,,4,60,1,3,8.2446537,,0.25,2099202,34,0x65A1F;0xF8A4E,Fortify One-Handed,,0.25,2099202,34,0x65A1F;0xF8A4E
Hawk Beak,0xE7EBC,Restore Stamina,0x3EB16,0.300000012,1.5,20,1,0,0,0,1,0,0,0,MagicAlchRestoreStamina;MagicAlchBeneficial;REQ_Alchemy_RestoreStaminaDuration,0x3EB16,0x3EB16,,1.5,20,1,0,1.00451088,,0.300000012,2099200,34,0x42504;0xF8A4E;0x866CB3B,Restore Stamina,,0.300000012,2099200,34,0x42504;0xF8A4E;0x866CB3B
Hawk Beak,0xE7EBC,Resist Frost,0x3EAEB,0.25,3,60,1,0,0,0,1,0,0,0,MagicAlchResistFrost;MagicAlchBeneficial,0x3EAEB,0x3EAEB,,3,60,1,1,6.00813675,,0.25,2101250,34,0x65A38;0xF8A4E,Resist Frost,,0.25,2101250,34,0x65A38;0xF8A4E
Hawk Beak,0xE7EBC,Fortify Carry Weight,0x3EB01,0.0724999979,4,300,1,0,0,0,1,0,0,0,MagicAlchFortifyCarryWeight;MagicAlchBeneficial,0x3EB01,0x3EB01,,4,300,1,2,14.0422726,,0.0724999979,2099202,34,0x65A2F;0xF8A4E,Fortify Carry Weight,,0.0724999979,2099202,34,0x65A2F;0xF8A4E
Hawk Beak,0xE7EBC,Resist Shock,0x3EAEC,0.25,3,60,1,0,0,0,1,0,0,0,MagicAlchResistShock;MagicAlchBeneficial,0x3EAEC,0x3EAEC,,3,60,1,3,6.00813675,,0.25,2101250,34,0x65A39;0xF8A4E,Resist Shock,,0.25,2101250,34,0x65A39;0xF8A4E
Hawk Feathers,0xE7ED0,Fortify Armor Rating,0x3EB1F,0.25,8.39999962,60,1,0,0,0,1,0,0,0,REQ_Alchemy_FortifyArmorRating;MagicAlchBeneficial,0x3EB1F,0x3EB1F,,8.39999962,60,1,0,18.6471996,,0.25,2099202,34,0x65A23;0xF8A4E,Fortify Armor Rating,,0.25,2099202,34,0x65A23;0xF8A4E
Hawk Feathers,0xE7ED0,Cure Disease,0xAE722,0.25,100,0,1,0,0,1,1,0,0,0,MagicAlchBeneficial,0xAE722,0xAE722,,100,0,0,1,39.6223335,,0.25,2103808,3,0xF8A4E,Cure Disease,,0.25,2103808,3,0xF8A4E
Hawk Feathers,0xE7ED0,Fortify One-Handed,0x3EB19,0.25,4,60,1,0,0,0,1,0,0,0,MagicAlchFortifyOneHanded;MagicAlchBeneficial,0x3EB19,0x3EB19,,4,60,1,2,8.2446537,,0.25,2099202,34,0x65A1F;0xF8A4E,Fortify One-Handed,,0.25,2099202,34,0x65A1F;0xF8A4E
Hawk Feathers,0xE7ED0,Fortify Sneak,0x3EB22,0.25,4,60,1,0,0,0,1,0,0,0,MagicAlchFortifySneak;MagicAlchBeneficial,0x3EB22,0x3EB22,,4,60,1,3,8.2446537,,0.25,2099202,34,0x65A27;0xF8A4E,Fortify Sneak,,0.25,2099202,34,0x65A27;0xF8A4E
Hawk's Egg,0x300F1CC,Resist Magic,0x39E51,0.5,1,60,1,0,0,0,1,0,0,0,MagicAlchResistMagic;MagicAlchBeneficial,0x39E51,0x39E51,,1,60,1,0,7.17738771,,0.5,2103298,34,0x65A3A;0xF8A4E,Resist Magic,,0.5,2103298,34,0x65A3A;0xF8A4E
Hawk's Egg,0x300F1CC,Damage Magicka Regeneration,0x73F2B,0.25,100,5,0,1,0,0,0,1,1,0,MagicAlchHarmful,0x73F2B,0x73F2B,,100,5,0,1,36.9689445,,0.25,4196359,0,0x42509,Damage Magicka Regeneration,,0.25,4196359,0,0x42509
Hawk's Egg,0x300F1CC,Waterbreathing,0x3AC2D,15,0,5,0,1,1,0,1,0,0,1,MagicAlchBeneficial;MagicAlchDurationBased,0x3AC2D,0x3AC2D,,0,5,1,2,13.9954948,,15,4197378,34,0xF8A4E;0xF8A4F,Waterbreathing,,15,4197378,34,0xF8A4E;0xF8A4F
Hawk's Egg,0x300F1CC,Lingering Damage Stamina,0x10DE5E,0.899999976,1,10,1,0,0,0,0,1,1,0,MagicAlchHarmful,0x10DE5E,0x10DE5E,,1,10,0,3,1.79999995,,0.899999976,2099205,0,0x42509,Lingering Damage Stamina,,0.899999976,2099205,0,0x42509
Heart,0xB18CD,Damage Health,0x3EB42,1.5,5,1,1,0,0,0,0,1,1,0,MagicAlchHarmful,0x3EB42,0x3EB42,,5,1,0,0,0.699774742,,1.5,2099205,0,0x42509,Damage Health,,1.5,2099205,0,0x42509
Heart,0xB18CD,Damage Magicka,0x3A2B6,1.10000002,5,0,1,0,0,0,0,1,1,0,MagicAlchHarmful,0x3A2B6,0x3A2B6,,5,0,0,1,6.46040487,,1.10000002,2099205,0,0x42509,Damage Magicka,,1.10000002,2099205,0,0x42509
Heart,0xB18CD,Damage Magicka Regeneration,0x73F2B,0.25,100,5,0,1,0,0,0,1,1,0,MagicAlchHarmful,0x73F2B,0x73F2B,,100,5,0,2,18.4844723,,0.25,4196359,0,0x42509,Damage Magicka Regeneration,,0.25,4196359,0,0x42509
Heart,0xB18CD,Frenzy,0x73F29,7.5,3,20,1,0,0,0,0,1,1,0,MagicAlchHarmful;MagicInfluence;MagicInfluenceFrenzy,0x73F29,0x73F29,,3,20,0,3,53.8304062,,7.5,2099207,8,0x42509;0x78098;0xC44B6,Frenzy,,7.5,2099207,8,0x42509;0x78098;0xC44B6
Heart of Order,0xFE004851,Restore Health,0x3EB15,0.25,6,0,1,0,0,0,1,0,0,0,MagicAlchRestoreHealth;MagicAlchBeneficial;REQ_Alchemy_RestoreHealthDuration,0x3EB15,0x3EB15,,6,0,1,0,3.58869386,,0.25,2099200,34,0x42503;0xF8A4E;0x866CB38,Restore Health,,0.25,2099200,34,0x42503;0xF8A4E;0x866CB38
Heart of Order,0xFE004851,Fortify Health,0x3EAF3,0.200000003,5,300,1,0,0,0,1,0,0,0,MagicAlchFortifyHealth;MagicAlchBeneficial,0x3EAF3,0x3EAF3,,5,300,1,1,86.6499786,,0.200000003,2099202,34,0x65A31;0xF8A4E,Fortify Health,,0.200000003,2099202,34,0x65A31;0xF8A4E
Heart of Order,0xFE004851,Fortify One-Handed,0x3EB19,0.25,5,60,1,0,0,0,1,0,0,0,MagicAlchFortifyOneHanded;MagicAlchBeneficial,0x3EB19,0x3EB19,,5,60,1,2,21.0767384,,0.25,2099202,34,0x65A1F;0xF8A4E,Fortify One-Handed,,0.25,2099202,34,0x65A1F;0xF8A4E
Heart of Order,0xFE004851,Fortify Two-Handed,0x3EB1A,0.25,5,60,1,0,0,0,1,0,0,0,MagicAlchFortifyTwoHanded;MagicAlchBeneficial,0x3EB1A,0x3EB1A,,5,60,1,3,21.0767384,,0.25,2099202,34,0x65A20;0xF8A4E,Fortify Two-Handed,,0.25,2099202,34,0x65A20;0xF8A4E
Histcarp,0x106E18,Restore Stamina,0x3EB16,0.300000012,0.5,20,1,0,0,0,1,0,0,0,MagicAlchRestoreStamina;MagicAlchBeneficial;REQ_Alchemy_RestoreStaminaDuration,0x3EB16,0x3EB16,,0.5,20,1,0,0.643064141,,0.300000012,2099200,34,0x42504;0xF8A4E;0x866CB3B,Restore Stamina,,0.300000012,2099200,34,0x42504;0xF8A4E;0x866CB3B
Histcarp,0x106E18,Fortify Magicka,0x3EAF8,0.150000006,4,60,1,0,0,0,1,0,0,0,MagicAlchFortifyMagicka;MagicAlchBeneficial,0x3EAF8,0x3EAF8,,4,60,1,1,4.9467926,,0.150000006,2099202,34,0x65A33;0xF8A4E,Fortify Magicka,,0.150000006,2099202,34,0x65A33;0xF8A4E
Histcarp,0x106E18,Damage Stamina Regeneration,0x73F2C,0.300000012,100,5,0,1,0,0,0,1,1,0,MagicAlchHarmful,0x73F2C,0x73F2C,,100,5,0,2,22.1813679,,0.300000012,4196359,0,0x42509,Damage Stamina Regeneration,,0.300000012,4196359,0,0x42509
Histcarp,0x106E18,Waterbreathing,0x3AC2D,15,0,5,0,1,1,0,1,0,0,1,MagicAlchBeneficial;MagicAlchDurationBased,0x3AC2D,0x3AC2D,,0,5,1,3,6.99774742,,15,4197378,34,0xF8A4E;0xF8A4F,Waterbreathing,,15,4197378,34,0xF8A4E;0xF8A4F
Honeycomb,0xB08C5,Restore Stamina,0x3EB16,0.300000012,2,20,1,0,0,0,1,0,0,0,MagicAlchRestoreStamina;MagicAlchBeneficial;REQ_Alchemy_RestoreStaminaDuration,0x3EB16,0x3EB16,,2,20,1,0,1.37843823,,0.300000012,2099200,34,0x42504;0xF8A4E;0x866CB3B,Restore Stamina,,0.300000012,2099200,34,0x42504;0xF8A4E;0x866CB3B
Honeycomb,0xB08C5,Fortify Block,0x3EB1C,0.25,4,60,1,0,0,0,1,0,0,0,MagicAlchFortifyBlock;MagicAlchBeneficial,0x3EB1C,0x3EB1C,,4,60,1,1,8.2446537,,0.25,2099202,34,0x65A1E;0xF8A4E,Fortify Block,,0.25,2099202,34,0x65A1E;0xF8A4E
Honeycomb,0xB08C5,Fortify Armor Rating,0x3EB1F,0.25,4.80000019,60,1,0,0,0,1,0,0,0,REQ_Alchemy_FortifyArmorRating;MagicAlchBeneficial,0x3EB1F,0x3EB1F,,4.80000019,60,1,2,10.0756207,,0.25,2099202,34,0x65A23;0xF8A4E,Fortify Armor Rating,,0.25,2099202,34,0x65A23;0xF8A4E
Honeycomb,0xB08C5,Damage Maximum Stamina,0x73F23,0.800000012,2,10,1,0,0,0,0,1,1,0,MagicAlchHarmful,0x73F23,0x73F23,,2,10,0,3,1.71483767,,0.800000012,2099207,0,0x42509,Damage Maximum Stamina,,0.800000012,2099207,0,0x42509
Horker Fat,0x8034E09,Resist Poison,0x90041,0.25,4,180,1,0,0,0,1,0,0,0,MagicAlchBeneficial;MagicAlchResistPoison,0x90041,0x90041,,4,180,1,0,27.6061478,,0.25,2101250,34,0xF8A4E;0x10EB5F,Resist Poison,,0.25,2101250,34,0xF8A4E;0x10EB5F
Horker Fat,0x8034E09,Fortify Two-Handed,0x3EB1A,0.25,4,60,1,0,0,0,1,0,0,0,MagicAlchFortifyTwoHanded;MagicAlchBeneficial,0x3EB1A,0x3EB1A,,4,60,1,1,8.2446537,,0.25,2099202,34,0x65A20;0xF8A4E,Fortify Two-Handed,,0.25,2099202,34,0x65A20;0xF8A4E
Horker Fat,0x8034E09,Frenzy,0x73F29,7.5,1,20,1,0,0,0,0,1,1,0,MagicAlchHarmful;MagicInfluence;MagicInfluenceFrenzy,0x73F29,0x73F29,,1,20,0,2,16.0766029,,7.5,2099207,8,0x42509;0x78098;0xC44B6,Frenzy,,7.5,2099207,8,0x42509;0x78098;0xC44B6
Horker Fat,0x8034E09,Damage Health,0x3EB42,1.5,2,1,1,0,0,0,0,1,1,0,MagicAlchHarmful,0x3EB42,0x3EB42,,2,1,0,3,0.255401969,,1.5,2099205,0,0x42509,Damage Health,,1.5,2099205,0,0x42509
Human Flesh,0x1016B3,Damage Health,0x3EB42,1.5,2,1,1,0,0,0,0,1,1,0,MagicAlchHarmful,0x3EB42,0x3EB42,,2,1,0,0,0.255401969,,1.5,2099205,0,0x42509,Damage Health,,1.5,2099205,0,0x42509
Human Flesh,0x1016B3,Paralysis,0x73F30,250,0,1,0,1,1,0,0,1,1,0,MagicParalysis;MagicAlchHarmful,0x73F30,0x73F30,,0,1,0,1,19.8582058,,250,4197379,21,0x1EA70;0x42509,Paralysis,,250,4197379,21,0x1EA70;0x42509
Human Flesh,0x1016B3,Restore Magicka,0x3EB17,0.300000012,1,20,1,0,0,0,1,0,0,0,MagicAlchRestoreMagicka;MagicAlchBeneficial;REQ_Alchemy_RestoreMagickaDuration,0x3EB17,0x3EB17,,1,20,1,2,0.643064141,,0.300000012,2099200,34,0x42508;0xF8A4E;0x866CB3A,Restore Magicka,,0.300000012,2099200,34,0x42508;0xF8A4E;0x866CB3A
Human Flesh,0x1016B3,Fortify Sneak,0x3EB22,0.25,4,60,1,0,0,0,1,0,0,0,MagicAlchFortifySneak;MagicAlchBeneficial,0x3EB22,0x3EB22,,4,60,1,3,8.2446537,,0.25,2099202,34,0x65A27;0xF8A4E,Fortify Sneak,,0.25,2099202,34,0x65A27;0xF8A4E
Hunger Tongue,0xFE00480C,Weakness to Fire,0x73F2D,0.300000012,4,60,1,0,0,0,0,1,1,0,MagicAlchHarmful;MagicAlchWeaknessFire,0x73F2D,0x73F2D,,4,60,1,0,19.7871704,,0.300000012,2101255,34,0x42509;0x74F4E,Weakness to Fire,,0.300000012,2101255,34,0x42509;0x74F4E
Hunger Tongue,0xFE00480C,Cure Disease,0xAE722,0.25,2,0,1,0,0,1,1,0,0,0,MagicAlchBeneficial,0xAE722,0xAE722,,2,0,0,1,1.07177353,,0.25,2103808,3,0xF8A4E,Cure Disease,,0.25,2103808,3,0xF8A4E
Hunger Tongue,0xFE00480C,Cure Poison,0x109ADD,0.200000003,2,0,1,0,0,1,1,0,0,0,MagicAlchBeneficial,0x109ADD,0x109ADD,,2,0,0,2,0.428709418,,0.200000003,2103808,29,0xF8A4E,Cure Poison,,0.200000003,2103808,29,0xF8A4E
Hunger Tongue,0xFE00480C,Fortify Magicka,0x3EAF8,0.150000006,5,60,1,0,0,0,1,0,0,0,MagicAlchFortifyMagicka;MagicAlchBeneficial,0x3EAF8,0x3EAF8,,5,60,1,3,12.6460438,,0.150000006,2099202,34,0x65A33;0xF8A4E,Fortify Magicka,,0.150000006,2099202,34,0x65A33;0xF8A4E
Hydnum Azure Giant Spore,0xFE00480D,Resist Frost,0x3EAEB,0.25,4,60,1,0,0,0,1,0,0,0,MagicAlchResistFrost;MagicAlchBeneficial,0x3EAEB,0x3EAEB,,4,60,1,0,16.4893074,,0.25,2101250,34,0x65A38;0xF8A4E,Resist Frost,,0.25,2101250,34,0x65A38;0xF8A4E
Hydnum Azure Giant Spore,0xFE00480D,Fortify Health,0x3EAF3,0.200000003,5,300,1,0,0,0,1,0,0,0,MagicAlchFortifyHealth;MagicAlchBeneficial,0x3EAF3,0x3EAF3,,5,300,1,1,86.6499786,,0.200000003,2099202,34,0x65A31;0xF8A4E,Fortify Health,,0.200000003,2099202,34,0x65A31;0xF8A4E
Hydnum Azure Giant Spore,0xFE00480D,Fortify Health Regeneration,0x3EB06,0.0500000007,6,300,1,0,0,0,1,0,0,0,MagicAlchFortifyHealRate;MagicAlchBeneficial,0x3EB06,0x3EB06,,6,300,1,2,30.2551861,,0.0500000007,2099202,34,0x65A30;0xF8A4E,Fortify Health Regeneration,,0.0500000007,2099202,34,0x65A30;0xF8A4E
Hydnum Azure Giant Spore,0xFE00480D,Light,0xFE004846,0.5,0,60,0,1,0,0,1,0,0,0,WISpellColorful;MagicAlchBeneficial,0xFE004846,0xFE004846,,0,60,0,3,3.58869386,,0.5,4198400,12,0xA9B1E;0xF8A4E,Light,,0.5,4198400,12,0xA9B1E;0xF8A4E
Hypha Facia,0xFE00480E,Weakness to Poison,0x90042,0.5,3,30,1,0,0,0,0,1,1,0,MagicAlchHarmful;USKPMagicAlchWeaknessPoison,0x90042,0x90042,,3,30,1,0,11.2115793,,0.5,2101255,34,0x42509;0x706EE3A,Weakness to Poison,,0.5,2101255,34,0x42509;0x706EE3A
Hypha Facia,0xFE00480E,Frenzy,0x73F29,7.5,1,20,1,0,0,0,0,1,1,0,MagicAlchHarmful;MagicInfluence;MagicInfluenceFrenzy,0x73F29,0x73F29,,1,20,0,1,32.1532059,,7.5,2099207,8,0x42509;0x78098;0xC44B6,Frenzy,,7.5,2099207,8,0x42509;0x78098;0xC44B6
Hypha Facia,0xFE00480E,Damage Maximum Stamina,0x73F23,0.800000012,3,20,1,0,0,0,0,1,1,0,MagicAlchHarmful,0x73F23,0x73F23,,3,20,0,2,11.4838209,,0.800000012,2099207,0,0x42509,Damage Maximum Stamina,,0.800000012,2099207,0,0x42509
Hypha Facia,0xFE00480E,Resist Magic,0x39E51,0.5,2,60,1,0,0,0,1,0,0,0,MagicAlchResistMagic;MagicAlchBeneficial,0x39E51,0x39E51,,2,60,1,3,15.385067,,0.5,2103298,34,0x65A3A;0xF8A4E,Resist Magic,,0.5,2103298,34,0x65A3A;0xF8A4E
Ice Wraith Teeth,0x3AD6A,Weakness to Frost,0x73F2E,0.25,3,30,1,0,0,0,0,1,1,0,MagicAlchHarmful;MagicAlchWeaknessFrost,0x73F2E,0x73F2E,,3,30,1,0,2.80289483,,0.25,2101255,34,0x42509;0x74F4F,Weakness to Frost,,0.25,2101255,34,0x42509;0x74F4F
Ice Wraith Teeth,0x3AD6A,Soulreaping,0x820B30F,15,0,2,0,1,1,0,0,1,1,0,MagicAlchHarmful,0x820B30F,0x820B30F,,0,2,0,1,2.55401969,,15,4201475,1,0x42509,Soulreaping,,15,4201475,1,0x42509
Ice Wraith Teeth,0x3AD6A,Invisibility,0x3EB3D,50,0,4,0,1,1,0,1,0,0,1,MagicInvisibility;MagicAlchBeneficial;MagicAlchDurationBased,0x3EB3D,0x3EB3D,,0,4,0,2,18.2488708,,50,4201474,11,0x1EA6F;0xF8A4E;0xF8A4F,Invisibility,,50,4201474,11,0x1EA6F;0xF8A4E;0xF8A4F
Ice Wraith Teeth,0x3AD6A,Weakness to Fire,0x73F2D,0.300000012,3,30,1,0,0,0,0,1,1,0,MagicAlchHarmful;MagicAlchWeaknessFire,0x73F2D,0x73F2D,,3,30,1,3,3.36347389,,0.300000012,2101255,34,0x42509;0x74F4E,Weakness to Fire,,0.300000012,2101255,34,0x42509;0x74F4E
Imp Gall,0xFE00480F,Damage Health,0x3EB42,1.5,3,1,1,0,0,0,0,1,1,0,MagicAlchHarmful,0x3EB42,0x3EB42,,3,1,0,0,0.797911286,,1.5,2099205,0,0x42509,Damage Health,,1.5,2099205,0,0x42509
Imp Gall,0xFE00480F,Weakness to Fire,0x73F2D,0.300000012,4,30,1,0,0,0,0,1,1,0,MagicAlchHarmful;MagicAlchWeaknessFire,0x73F2D,0x73F2D,,4,30,1,1,9.23104095,,0.300000012,2101255,34,0x42509;0x74F4E,Weakness to Fire,,0.300000012,2101255,34,0x42509;0x74F4E
Imp Gall,0xFE00480F,Fortify Barter,0x3EB23,1,2,30,1,0,0,0,1,0,0,0,MagicAlchFortifySpeechcraft;MagicAlchBeneficial,0x3EB23,0x3EB23,,2,30,1,2,14.3547754,,1,2099202,34,0x65A29;0xF8A4E,Fortify Barter,,1,2099202,34,0x65A29;0xF8A4E
Imp Gall,0xFE00480F,Cure Poison,0x109ADD,0.200000003,2,0,1,0,0,1,1,0,0,0,MagicAlchBeneficial,0x109ADD,0x109ADD,,2,0,0,3,0.428709418,,0.200000003,2103808,29,0xF8A4E,Cure Poison,,0.200000003,2103808,29,0xF8A4E
Imp Stool,0x4DA23,Damage Health,0x3EB42,1.5,3,1,1,0,0,0,0,1,1,0,MagicAlchHarmful,0x3EB42,0x3EB42,,3,1,0,0,0.398955643,,1.5,2099205,0,0x42509,Damage Health,,1.5,2099205,0,0x42509
Imp Stool,0x4DA23,Lingering Damage Health,0x10AA4A,1.5,1,10,1,0,0,0,0,1,1,0,MagicAlchHarmful,0x10AA4A,0x10AA4A,,1,10,0,1,1.5,,1.5,2099205,0,0x42509,Lingering Damage Health,,1.5,2099205,0,0x42509
Imp Stool,0x4DA23,Fortify Carry Weight,0x3EB01,0.0724999979,5,60,1,0,0,0,1,0,0,0,MagicAlchFortifyCarryWeight;MagicAlchBeneficial,0x3EB01,0x3EB01,,5,60,1,2,3.05612707,,0.0724999979,2099202,34,0x65A2F;0xF8A4E,Fortify Carry Weight,,0.0724999979,2099202,34,0x65A2F;0xF8A4E
Imp Stool,0x4DA23,Restore Health,0x3EB15,0.25,0.5,20,1,0,0,0,1,0,0,0,MagicAlchRestoreHealth;MagicAlchBeneficial;REQ_Alchemy_RestoreHealthDuration,0x3EB15,0x3EB15,,0.5,20,1,3,0.535886765,,0.25,2099200,34,0x42503;0xF8A4E;0x866CB38,Restore Health,,0.25,2099200,34,0x42503;0xF8A4E;0x866CB38
Jarrin Root,0x1BCBC,Damage Health,0x3EB42,1.5,200,1,1,0,0,0,0,1,1,0,MagicAlchHarmful,0x3EB42,0x3EB42,,200,1,0,0,80.9569778,,1.5,2099205,0,0x42509,Damage Health,,1.5,2099205,0,0x42509
Jarrin Root,0x1BCBC,Damage Magicka,0x3A2B6,1.10000002,3,0,1,0,0,0,0,1,1,0,MagicAlchHarmful,0x3A2B6,0x3A2B6,,3,0,0,1,7.36641312,,1.10000002,2099205,0,0x42509,Damage Magicka,,1.10000002,2099205,0,0x42509
Jarrin Root,0x1BCBC,Damage Stamina,0x3A2C6,0.899999976,3,0,1,0,0,0,0,1,1,0,MagicAlchHarmful,0x3A2C6,0x3A2C6,,3,0,0,2,6.02706528,,0.899999976,2099205,0,0x42509,Damage Stamina,,0.899999976,2099205,0,0x42509
Jarrin Root,0x1BCBC,Damage Magicka Regeneration,0x73F2B,0.25,100,5,0,1,0,0,0,1,1,0,MagicAlchHarmful,0x73F2B,0x73F2B,,100,5,0,3,36.9689445,,0.25,4196359,0,0x42509,Damage Magicka Regeneration,,0.25,4196359,0,0x42509
Jazbay Grapes,0x6AC4A,Weakness to Magic,0x73F51,0.5,1,30,1,0,0,0,0,1,1,0,MagicAlchHarmful;MagicAlchWeaknessMagic,0x73F51,0x73F51,,1,30,1,0,1.6741848,,0.5,2101255,34,0x42509;0x74F51,Weakness to Magic,,0.5,2101255,34,0x42509;0x74F51
Jazbay Grapes,0x6AC4A,Fortify Magicka,0x3EAF8,0.150000006,2,60,1,0,0,0,1,0,0,0,MagicAlchFortifyMagicka;MagicAlchBeneficial,0x3EAF8,0x3EAF8,,2,60,1,1,2.30776024,,0.150000006,2099202,34,0x65A33;0xF8A4E,Fortify Magicka,,0.150000006,2099202,34,0x65A33;0xF8A4E
Jazbay Grapes,0x6AC4A,Fortify Magicka Regeneration,0x3EB07,0.100000001,2,300,1,0,0,0,1,0,0,0,MagicAlchFortifyMagickaRate;MagicAlchBeneficial,0x3EB07,0x3EB07,,2,300,1,2,9.03579617,,0.100000001,2099202,34,0x65A34;0xF8A4E,Fortify Magicka Regeneration,,0.100000001,2099202,34,0x65A34;0xF8A4E
Jazbay Grapes,0x6AC4A,Damage Maximum Health,0x73F26,0.25,1,10,1,0,0,0,0,1,1,0,MagicAlchHarmful,0x73F26,0x73F26,,1,10,0,3,0.25,,0.25,2099207,0,0x42509,Damage Maximum Health,,0.25,2099207,0,0x42509
Jon's Giant Abecean Longfin,0x80972E6,Weakness to Frost,0x73F2E,0.25,3,30,1,0,0,0,0,1,1,0,MagicAlchHarmful;MagicAlchWeaknessFrost,0x73F2E,0x73F2E,,3,30,1,0,2.80289483,,0.25,2101255,34,0x42509;0x74F4F,Weakness to Frost,,0.25,2101255,34,0x42509;0x74F4F
Jon's Giant Abecean Longfin,0x80972E6,Fortify Sneak,0x3EB22,0.25,4,60,1,0,0,0,1,0,0,0,MagicAlchFortifySneak;MagicAlchBeneficial,0x3EB22,0x3EB22,,4,60,1,1,8.2446537,,0.25,2099202,34,0x65A27;0xF8A4E,Fortify Sneak,,0.25,2099202,34,0x65A27;0xF8A4E
Jon's Giant Abecean Longfin,0x80972E6,Weakness to Poison,0x90042,0.5,2,30,1,0,0,0,0,1,1,0,MagicAlchHarmful;USKPMagicAlchWeaknessPoison,0x90042,0x90042,,2,30,1,2,3.58869386,,0.5,2101255,34,0x42509;0x706EE3A,Weakness to Poison,,0.5,2101255,34,0x42509;0x706EE3A
Jon's Giant Abecean Longfin,0x80972E6,Fortify Restoration,0x3EB28,0.25,4,60,1,0,0,0,1,0,0,0,MagicAlchFortifyRestoration;MagicAlchBeneficial,0x3EB28,0x3EB28,,4,60,1,3,8.2446537,,0.25,2099202,34,0x65A2D;0xF8A4E,Fortify Restoration,,0.25,2099202,34,0x65A2D;0xF8A4E
Juniper Berries,0x5076E,Weakness to Fire,0x73F2D,0.300000012,3,30,1,0,0,0,0,1,1,0,MagicAlchHarmful;MagicAlchWeaknessFire,0x73F2D,0x73F2D,,3,30,1,0,3.36347389,,0.300000012,2101255,34,0x42509;0x74F4E,Weakness to Fire,,0.300000012,2101255,34,0x42509;0x74F4E
Juniper Berries,0x5076E,Fortify Marksman,0x3EB1B,0.25,4,60,1,0,0,0,1,0,0,0,MagicAlchFortifyMarksman;MagicAlchBeneficial,0x3EB1B,0x3EB1B,,4,60,1,1,8.2446537,,0.25,2099202,34,0x65A21;0xF8A4E,Fortify Marksman,,0.25,2099202,34,0x65A21;0xF8A4E
Juniper Berries,0x5076E,Fortify Health Regeneration,0x3EB06,0.0500000007,5,300,1,0,0,0,1,0,0,0,MagicAlchFortifyHealRate;MagicAlchBeneficial,0x3EB06,0x3EB06,,5,300,1,2,12.3785696,,0.0500000007,2099202,34,0x65A30;0xF8A4E,Fortify Health Regeneration,,0.0500000007,2099202,34,0x65A30;0xF8A4E
Juniper Berries,0x5076E,Damage Stamina Regeneration,0x73F2C,0.300000012,100,5,0,1,0,0,0,1,1,0,MagicAlchHarmful,0x73F2C,0x73F2C,,100,5,0,3,22.1813679,,0.300000012,4196359,0,0x42509,Damage Stamina Regeneration,,0.300000012,4196359,0,0x42509
Juvenile Mudcrab,0x50008F2,Fortify Stamina Regeneration,0x3EB08,0.0500000007,5,300,1,0,0,0,1,0,0,0,MagicAlchFortifyStaminaRate;MagicAlchBeneficial,0x3EB08,0x3EB08,,5,300,1,0,12.3785696,,0.0500000007,2099202,34,0x65A35;0xF8A4E,Fortify Stamina Regeneration,,0.0500000007,2099202,34,0x65A35;0xF8A4E
Juvenile Mudcrab,0x50008F2,Fortify Carry Weight,0x3EB01,0.0724999979,4,300,1,0,0,0,1,0,0,0,MagicAlchFortifyCarryWeight;MagicAlchBeneficial,0x3EB01,0x3EB01,,4,300,1,1,14.0422726,,0.0724999979,2099202,34,0x65A2F;0xF8A4E,Fortify Carry Weight,,0.0724999979,2099202,34,0x65A2F;0xF8A4E
Juvenile Mudcrab,0x50008F2,Cure Disease,0xAE722,0.25,5,0,1,0,0,1,1,0,0,0,MagicAlchBeneficial,0xAE722,0xAE722,,5,0,0,2,1.46827376,,0.25,2103808,3,0xF8A4E,Cure Disease,,0.25,2103808,3,0xF8A4E
Juvenile Mudcrab,0x50008F2,Fortify Two-Handed,0x3EB1A,0.25,4,60,1,0,0,0,1,0,0,0,MagicAlchFortifyTwoHanded;MagicAlchBeneficial,0x3EB1A,0x3EB1A,,4,60,1,3,8.2446537,,0.25,2099202,34,0x65A20;0xF8A4E,Fortify Two-Handed,,0.25,2099202,34,0x65A20;0xF8A4E
Kagouti Hide,0xFE004810,Lingering Damage Stamina,0x10DE5E,0.899999976,2,10,1,0,0,0,0,1,1,0,MagicAlchHarmful,0x10DE5E,0x10DE5E,,2,10,0,0,3.85838461,,0.899999976,2099205,0,0x42509,Lingering Damage Stamina,,0.899999976,2099205,0,0x42509
Kagouti Hide,0xFE004810,Night Eye,0xFE004803,0.75,0,60,0,1,0,0,1,0,0,0,MagicNightEye,0xFE004803,0xFE004803,,0,60,0,1,5.3830409,,0.75,138545408,1,0xAD7C6,Night Eye,,0.75,138545408,1,0xAD7C6
Kagouti Hide,0xFE004810,Fortify Carry Weight,0x3EB01,0.0724999979,5,300,1,0,0,0,1,0,0,0,MagicAlchFortifyCarryWeight;MagicAlchBeneficial,0x3EB01,0x3EB01,,5,300,1,2,37.1357079,,0.0724999979,2099202,34,0x65A2F;0xF8A4E,Fortify Carry Weight,,0.0724999979,2099202,34,0x65A2F;0xF8A4E
Kagouti Hide,0xFE004810,Resist Shock,0x3EAEC,0.25,4,60,1,0,0,0,1,0,0,0,MagicAlchResistShock;MagicAlchBeneficial,0x3EAEC,0x3EAEC,,4,60,1,3,16.4893074,,0.25,2101250,34,0x65A39;0xF8A4E,Resist Shock,,0.25,2101250,34,0x65A39;0xF8A4E
Kresh Fiber,0xFE004811,Weakness to Magic,0x73F51,0.5,3,30,1,0,0,0,0,1,1,0,MagicAlchHarmful;MagicAlchWeaknessMagic,0x73F51,0x73F51,,3,30,1,0,11.2115793,,0.5,2101255,34,0x42509;0x74F51,Weakness to Magic,,0.5,2101255,34,0x42509;0x74F51
Kresh Fiber,0xFE004811,Tardiness,0x73F25,0.5,50,10,0,1,0,0,0,1,1,0,MagicAlchHarmful;MagicSlow,0x73F25,0x73F25,,50,10,1,1,73.9378891,,0.5,4200455,34,0x42509;0xB729E,Tardiness,,0.5,4200455,34,0x42509;0xB729E
Kresh Fiber,0xFE004811,Fortify Sneak,0x3EB22,0.25,5,60,1,0,0,0,1,0,0,0,MagicAlchFortifySneak;MagicAlchBeneficial,0x3EB22,0x3EB22,,5,60,1,2,21.0767384,,0.25,2099202,34,0x65A27;0xF8A4E,Fortify Sneak,,0.25,2099202,34,0x65A27;0xF8A4E
Kresh Fiber,0xFE004811,Fortify Pickpocket,0x3EB20,0.25,5,60,1,0,0,0,1,0,0,0,MagicAlchFortifyPickPocket;MagicAlchBeneficial,0x3EB20,0x3EB20,,5,60,1,3,21.0767384,,0.25,2099202,34,0x65A25;0xF8A4E,Fortify Pickpocket,,0.25,2099202,34,0x65A25;0xF8A4E
Large Antlers,0x6BC0A,Restore Stamina,0x3EB16,0.300000012,1.5,20,1,0,0,0,1,0,0,0,MagicAlchRestoreStamina;MagicAlchBeneficial;REQ_Alchemy_RestoreStaminaDuration,0x3EB16,0x3EB16,,1.5,20,1,0,1.00451088,,0.300000012,2099200,34,0x42504;0xF8A4E;0x866CB3B,Restore Stamina,,0.300000012,2099200,34,0x42504;0xF8A4E;0x866CB3B
Large Antlers,0x6BC0A,Fortify Stamina,0x3EAF9,0.150000006,5,120,1,0,0,0,1,0,0,0,MagicAlchFortifyStamina;MagicAlchBeneficial,0x3EAF9,0x3EAF9,,5,120,1,1,13.5536947,,0.150000006,2099202,34,0x65A32;0xF8A4E,Fortify Stamina,,0.150000006,2099202,34,0x65A32;0xF8A4E
Large Antlers,0x6BC0A,Tardiness,0x73F25,0.5,50,5,0,1,0,0,0,1,1,0,MagicAlchHarmful;MagicSlow,0x73F25,0x73F25,,50,5,1,2,17.2466221,,0.5,4200455,34,0x42509;0xB729E,Tardiness,,0.5,4200455,34,0x42509;0xB729E
Large Antlers,0x6BC0A,Damage Stamina Regeneration,0x73F2C,0.300000012,50,5,0,1,0,0,0,1,1,0,MagicAlchHarmful,0x73F2C,0x73F2C,,50,5,0,3,10.3479738,,0.300000012,4196359,0,0x42509,Damage Stamina Regeneration,,0.300000012,4196359,0,0x42509
Lavender,0x45C28,Resist Magic,0x39E51,0.5,1,60,1,0,0,0,1,0,0,0,MagicAlchResistMagic;MagicAlchBeneficial,0x39E51,0x39E51,,1,60,1,0,3.58869386,,0.5,2103298,34,0x65A3A;0xF8A4E,Resist Magic,,0.5,2103298,34,0x65A3A;0xF8A4E
Lavender,0x45C28,Fortify Stamina,0x3EAF9,0.150000006,4,60,1,0,0,0,1,0,0,0,MagicAlchFortifyStamina;MagicAlchBeneficial,0x3EAF9,0x3EAF9,,4,60,1,1,4.9467926,,0.150000006,2099202,34,0x65A32;0xF8A4E,Fortify Stamina,,0.150000006,2099202,34,0x65A32;0xF8A4E
Lavender,0x45C28,Damage Maximum Magicka,0x73F27,0.5,2,10,1,0,0,0,0,1,1,0,MagicAlchHarmful,0x73F27,0x73F27,,2,10,0,2,1.07177353,,0.5,2099207,0,0x42509,Damage Maximum Magicka,,0.5,2099207,0,0x42509
Lavender,0x45C28,Fortify Conjuration,0x3EB25,0.25,4,60,1,0,0,0,1,0,0,0,MagicAlchFortifyConjuration;MagicAlchBeneficial,0x3EB25,0x3EB25,,4,60,1,3,8.2446537,,0.25,2099202,34,0x65A2A;0xF8A4E,Fortify Conjuration,,0.25,2099202,34,0x65A2A;0xF8A4E
Lichor,0xFE004837,Restore Magicka,0x3EB17,0.300000012,6,0,1,0,0,0,1,0,0,0,MagicAlchRestoreMagicka;MagicAlchBeneficial;REQ_Alchemy_RestoreMagickaDuration,0x3EB17,0x3EB17,,6,0,1,0,4.30643272,,0.300000012,2099200,34,0x42508;0xF8A4E;0x866CB3A,Restore Magicka,,0.300000012,2099200,34,0x42508;0xF8A4E;0x866CB3A
Lichor,0xFE004837,Fortify Magicka Regeneration,0x3EB07,0.100000001,6,300,1,0,0,0,1,0,0,0,MagicAlchFortifyMagickaRate;MagicAlchBeneficial,0x3EB07,0x3EB07,,6,300,1,1,30.2551861,,0.100000001,2099202,34,0x65A34;0xF8A4E,Fortify Magicka Regeneration,,0.100000001,2099202,34,0x65A34;0xF8A4E
Lichor,0xFE004837,Fortify Magicka,0x3EAF8,0.150000006,5,60,1,0,0,0,1,0,0,0,MagicAlchFortifyMagicka;MagicAlchBeneficial,0x3EAF8,0x3EAF8,,5,60,1,2,12.6460438,,0.150000006,2099202,34,0x65A33;0xF8A4E,Fortify Magicka,,0.150000006,2099202,34,0x65A33;0xF8A4E
Lichor,0xFE004837,Spell Absorption,0xFE004812,0.100000001,50,60,0,1,0,0,1,0,0,0,MagicAlchBeneficial,0xFE004812,0xFE004812,,50,60,1,3,53.0680923,,0.100000001,4194306,34,0xF8A4E,Spell Absorption,,0.100000001,4194306,34,0xF8A4E
Luminous Russula,0xFE004813,Lingering Damage Stamina,0x10DE5E,0.899999976,2,10,1,0,0,0,0,1,1,0,MagicAlchHarmful,0x10DE5E,0x10DE5E,,2,10,0,0,3.85838461,,0.899999976,2099205,0,0x42509,Lingering Damage Stamina,,0.899999976,2099205,0,0x42509
Luminous Russula,0xFE004813,Lingering Damage Health,0x10AA4A,1.5,2,10,1,0,0,0,0,1,1,0,MagicAlchHarmful,0x10AA4A,0x10AA4A,,2,10,0,1,25.7225647,,1.5,2099205,0,0x42509,Lingering Damage Health,,1.5,2099205,0,0x42509
Luminous Russula,0xFE004813,Waterbreathing,0x3AC2D,15,0,8,0,1,1,0,1,0,0,1,MagicAlchBeneficial;MagicAlchDurationBased,0x3AC2D,0x3AC2D,,0,8,1,2,23.4703865,,15,4197378,34,0xF8A4E;0xF8A4F,Waterbreathing,,15,4197378,34,0xF8A4E;0xF8A4F
Luminous Russula,0xFE004813,Fear,0x73F20,2.5,2,30,1,0,0,0,0,1,1,0,MagicAlchHarmful;MagicInfluence;MagicInfluenceFear,0x73F20,0x73F20,,2,30,0,3,35.88694,,2.5,2099207,7,0x42509;0x78098;0x424E0,Fear,,2.5,2099207,7,0x42509;0x78098;0x424E0
Luna Moth Wing,0x727DF,Damage Magicka,0x3A2B6,1.10000002,3,0,1,0,0,0,0,1,1,0,MagicAlchHarmful,0x3A2B6,0x3A2B6,,3,0,0,0,3.68320656,,1.10000002,2099205,0,0x42509,Damage Magicka,,1.10000002,2099205,0,0x42509
Luna Moth Wing,0x727DF,Fortify Armor Rating,0x3EB1F,0.25,6,60,1,0,0,0,1,0,0,0,REQ_Alchemy_FortifyArmorRating;MagicAlchBeneficial,0x3EB1F,0x3EB1F,,6,60,1,1,12.8787231,,0.25,2099202,34,0x65A23;0xF8A4E,Fortify Armor Rating,,0.25,2099202,34,0x65A23;0xF8A4E
Luna Moth Wing,0x727DF,Fortify Health Regeneration,0x3EB06,0.0500000007,5,300,1,0,0,0,1,0,0,0,MagicAlchFortifyHealRate;MagicAlchBeneficial,0x3EB06,0x3EB06,,5,300,1,2,12.3785696,,0.0500000007,2099202,34,0x65A30;0xF8A4E,Fortify Health Regeneration,,0.0500000007,2099202,34,0x65A30;0xF8A4E
Luna Moth Wing,0x727DF,Invisibility,0x3EB3D,50,0,4,0,1,1,0,1,0,0,1,MagicInvisibility;MagicAlchBeneficial;MagicAlchDurationBased,0x3EB3D,0x3EB3D,,0,4,0,3,18.2488708,,50,4201474,11,0x1EA6F;0xF8A4E;0xF8A4F,Invisibility,,50,4201474,11,0x1EA6F;0xF8A4E;0xF8A4F
Lyretail Anthias,0x50008F1,Restore Magicka,0x3EB17,0.300000012,1.5,20,1,0,0,0,1,0,0,0,MagicAlchRestoreMagicka;MagicAlchBeneficial;REQ_Alchemy_RestoreMagickaDuration,0x3EB17,0x3EB17,,1.5,20,1,0,1.00451088,,0.300000012,2099200,34,0x42508;0xF8A4E;0x866CB3A,Restore Magicka,,0.300000012,2099200,34,0x42508;0xF8A4E;0x866CB3A
Lyretail Anthias,0x50008F1,Fortify Alteration,0x3EB24,0.25,4,60,1,0,0,0,1,0,0,0,MagicAlchFortifyAlteration;MagicAlchBeneficial,0x3EB24,0x3EB24,,4,60,1,1,8.2446537,,0.25,2099202,34,0x65A1D;0xF8A4E,Fortify Alteration,,0.25,2099202,34,0x65A1D;0xF8A4E
Lyretail Anthias,0x50008F1,Fortify Conjuration,0x3EB25,0.25,5,60,1,0,0,0,1,0,0,0,MagicAlchFortifyConjuration;MagicAlchBeneficial,0x3EB25,0x3EB25,,5,60,1,2,10.5383692,,0.25,2099202,34,0x65A2A;0xF8A4E,Fortify Conjuration,,0.25,2099202,34,0x65A2A;0xF8A4E
Lyretail Anthias,0x50008F1,Fortify Carry Weight,0x3EB01,0.0724999979,4,300,1,0,0,0,1,0,0,0,MagicAlchFortifyCarryWeight;MagicAlchBeneficial,0x3EB01,0x3EB01,,4,300,1,3,14.0422726,,0.0724999979,2099202,34,0x65A2F;0xF8A4E,Fortify Carry Weight,,0.0724999979,2099202,34,0x65A2F;0xF8A4E
Mammoth Heart,0x8043661,Fortify Carry Weight,0x3EB01,0.0724999979,3,600,1,0,0,0,1,0,0,0,MagicAlchFortifyCarryWeight;MagicAlchBeneficial,0x3EB01,0x3EB01,,3,600,1,0,21.935009,,0.0724999979,2099202,34,0x65A2F;0xF8A4E,Fortify Carry Weight,,0.0724999979,2099202,34,0x65A2F;0xF8A4E
Mammoth Heart,0x8043661,Fortify Armor Rating,0x3EB1F,0.25,12,60,1,0,0,0,1,0,0,0,REQ_Alchemy_FortifyArmorRating;MagicAlchBeneficial,0x3EB1F,0x3EB1F,,12,60,1,1,27.6061478,,0.25,2099202,34,0x65A23;0xF8A4E,Fortify Armor Rating,,0.25,2099202,34,0x65A23;0xF8A4E
Mammoth Heart,0x8043661,Fortify Stamina,0x3EAF9,0.150000006,5,300,1,0,0,0,1,0,0,0,MagicAlchFortifyStamina;MagicAlchBeneficial,0x3EAF9,0x3EAF9,,5,300,1,2,37.1357079,,0.150000006,2099202,34,0x65A32;0xF8A4E,Fortify Stamina,,0.150000006,2099202,34,0x65A32;0xF8A4E
Mammoth Heart,0x8043661,Fortify Health,0x3EAF3,0.200000003,10,180,1,0,0,0,1,0,0,0,MagicAlchFortifyHealth;MagicAlchBeneficial,0x3EAF3,0x3EAF3,,10,180,1,3,60.5103722,,0.200000003,2099202,34,0x65A31;0xF8A4E,Fortify Health,,0.200000003,2099202,34,0x65A31;0xF8A4E
Marshmerrow,0xFE004814,Restore Health,0x3EB15,0.25,6,0,1,0,0,0,1,0,0,0,MagicAlchRestoreHealth;MagicAlchBeneficial;REQ_Alchemy_RestoreHealthDuration,0x3EB15,0x3EB15,,6,0,1,0,3.58869386,,0.25,2099200,34,0x42503;0xF8A4E;0x866CB38,Restore Health,,0.25,2099200,34,0x42503;0xF8A4E;0x866CB38
Marshmerrow,0xFE004814,Fortify Carry Weight,0x3EB01,0.0724999979,5,300,1,0,0,0,1,0,0,0,MagicAlchFortifyCarryWeight;MagicAlchBeneficial,0x3EB01,0x3EB01,,5,300,1,1,37.1357079,,0.0724999979,2099202,34,0x65A2F;0xF8A4E,Fortify Carry Weight,,0.0724999979,2099202,34,0x65A2F;0xF8A4E
Marshmerrow,0xFE004814,Weakness to Magic,0x73F51,0.5,3,30,1,0,0,0,0,1,1,0,MagicAlchHarmful;MagicAlchWeaknessMagic,0x73F51,0x73F51,,3,30,1,2,11.2115793,,0.5,2101255,34,0x42509;0x74F51,Weakness to Magic,,0.5,2101255,34,0x42509;0x74F51
Marshmerrow,0xFE004814,Damage Stamina,0x3A2C6,0.899999976,4,0,1,0,0,0,0,1,1,0,MagicAlchHarmful,0x3A2C6,0x3A2C6,,4,0,0,3,8.27062893,,0.899999976,2099205,0,0x42509,Damage Stamina,,0.899999976,2099205,0,0x42509
Minotaur Horn,0xFE004815,Resist Poison,0x90041,0.25,5,60,1,0,0,0,1,0,0,0,MagicAlchBeneficial;MagicAlchResistPoison,0x90041,0x90041,,5,60,1,0,21.0767384,,0.25,2101250,34,0xF8A4E;0x10EB5F,Resist Poison,,0.25,2101250,34,0xF8A4E;0x10EB5F
Minotaur Horn,0xFE004815,Damage Magicka Regeneration,0x73F2B,0.25,100,10,0,1,0,0,0,1,1,0,MagicAlchHarmful,0x73F2B,0x73F2B,,100,10,0,1,79.2446671,,0.25,4196359,0,0x42509,Damage Magicka Regeneration,,0.25,4196359,0,0x42509
Minotaur Horn,0xFE004815,Fortify Health Regeneration,0x3EB06,0.0500000007,6,300,1,0,0,0,1,0,0,0,MagicAlchFortifyHealRate;MagicAlchBeneficial,0x3EB06,0x3EB06,,6,300,1,2,30.2551861,,0.0500000007,2099202,34,0x65A30;0xF8A4E,Fortify Health Regeneration,,0.0500000007,2099202,34,0x65A30;0xF8A4E
Minotaur Horn,0xFE004815,Fortify Magicka Regeneration,0x3EB07,0.100000001,6,300,1,0,0,0,1,0,0,0,MagicAlchFortifyMagickaRate;MagicAlchBeneficial,0x3EB07,0x3EB07,,6,300,1,3,30.2551861,,0.100000001,2099202,34,0x65A34;0xF8A4E,Fortify Magicka Regeneration,,0.100000001,2099202,34,0x65A34;0xF8A4E
Moon Sugar,0xD8E3F,Weakness to Fire,0x73F2D,0.300000012,3,30,1,0,0,0,0,1,1,0,MagicAlchHarmful;MagicAlchWeaknessFire,0x73F2D,0x73F2D,,3,30,1,0,3.36347389,,0.300000012,2101255,34,0x42509;0x74F4E,Weakness to Fire,,0.300000012,2101255,34,0x42509;0x74F4E
Moon Sugar,0xD8E3F,Resist Frost,0x3EAEB,0.25,3,60,1,0,0,0,1,0,0,0,MagicAlchResistFrost;MagicAlchBeneficial,0x3EAEB,0x3EAEB,,3,60,1,1,6.00813675,,0.25,2101250,34,0x65A38;0xF8A4E,Resist Frost,,0.25,2101250,34,0x65A38;0xF8A4E
Moon Sugar,0xD8E3F,Restore Magicka,0x3EB17,0.300000012,2.5,20,1,0,0,0,1,0,0,0,MagicAlchRestoreMagicka;MagicAlchBeneficial;REQ_Alchemy_RestoreMagickaDuration,0x3EB17,0x3EB17,,2.5,20,1,2,1.76192856,,0.300000012,2099200,34,0x42508;0xF8A4E;0x866CB3A,Restore Magicka,,0.300000012,2099200,34,0x42508;0xF8A4E;0x866CB3A
Moon Sugar,0xD8E3F,Fortify Magicka Regeneration,0x3EB07,0.100000001,5,300,1,0,0,0,1,0,0,0,MagicAlchFortifyMagickaRate;MagicAlchBeneficial,0x3EB07,0x3EB07,,5,300,1,3,24.7571392,,0.100000001,2099202,34,0x65A34;0xF8A4E,Fortify Magicka Regeneration,,0.100000001,2099202,34,0x65A34;0xF8A4E
Mora Tapinella,0xEC870,Restore Magicka,0x3EB17,0.300000012,1,20,1,0,0,0,1,0,0,0,MagicAlchRestoreMagicka;MagicAlchBeneficial;REQ_Alchemy_RestoreMagickaDuration,0x3EB17,0x3EB17,,1,20,1,0,0.643064141,,0.300000012,2099200,34,0x42508;0xF8A4E;0x866CB3A,Restore Magicka,,0.300000012,2099200,34,0x42508;0xF8A4E;0x866CB3A
Mora Tapinella,0xEC870,Lingering Damage Health,0x10AA4A,1.5,1,10,1,0,0,0,0,1,1,0,MagicAlchHarmful,0x10AA4A,0x10AA4A,,1,10,0,1,1.5,,1.5,2099205,0,0x42509,Lingering Damage Health,,1.5,2099205,0,0x42509
Mora Tapinella,0xEC870,Fortify Stamina Regeneration,0x3EB08,0.0500000007,5,300,1,0,0,0,1,0,0,0,MagicAlchFortifyStaminaRate;MagicAlchBeneficial,0x3EB08,0x3EB08,,5,300,1,2,12.3785696,,0.0500000007,2099202,34,0x65A35;0xF8A4E,Fortify Stamina Regeneration,,0.0500000007,2099202,34,0x65A35;0xF8A4E
Mora Tapinella,0xEC870,Fortify Illusion,0x3EB27,0.25,4,60,1,0,0,0,1,0,0,0,MagicAlchFortifyIllusion;MagicAlchBeneficial,0x3EB27,0x3EB27,,4,60,1,3,8.2446537,,0.25,2099202,34,0x65A2C;0xF8A4E,Fortify Illusion,,0.25,2099202,34,0x65A2C;0xF8A4E
Mudcrab Chitin,0x6BC00,Restore Stamina,0x3EB16,0.300000012,0.5,20,1,0,0,0,1,0,0,0,MagicAlchRestoreStamina;MagicAlchBeneficial;REQ_Alchemy_RestoreStaminaDuration,0x3EB16,0x3EB16,,0.5,20,1,0,0.643064141,,0.300000012,2099200,34,0x42504;0xF8A4E;0x866CB3B,Restore Stamina,,0.300000012,2099200,34,0x42504;0xF8A4E;0x866CB3B
Mudcrab Chitin,0x6BC00,Resist Poison,0x90041,0.25,5,60,1,0,0,0,1,0,0,0,MagicAlchBeneficial;MagicAlchResistPoison,0x90041,0x90041,,5,60,1,1,10.5383692,,0.25,2101250,34,0xF8A4E;0x10EB5F,Resist Poison,,0.25,2101250,34,0xF8A4E;0x10EB5F
Mudcrab Chitin,0x6BC00,Resist Shock,0x3EAEC,0.25,4,60,1,0,0,0,1,0,0,0,MagicAlchResistShock;MagicAlchBeneficial,0x3EAEC,0x3EAEC,,4,60,1,2,8.2446537,,0.25,2101250,34,0x65A39;0xF8A4E,Resist Shock,,0.25,2101250,34,0x65A39;0xF8A4E
Mudcrab Chitin,0x6BC00,Resist Fire,0x3EAEA,0.25,3,60,1,0,0,0,1,0,0,0,MagicAlchResistFire;MagicAlchBeneficial,0x3EAEA,0x3EAEA,,3,60,1,3,6.00813675,,0.25,2101250,34,0x65A37;0xF8A4E,Resist Fire,,0.25,2101250,34,0x65A37;0xF8A4E
Namira's Rot,0x4DA24,Damage Magicka,0x3A2B6,1.10000002,3,0,1,0,0,0,0,1,1,0,MagicAlchHarmful,0x3A2B6,0x3A2B6,,3,0,0,0,3.68320656,,1.10000002,2099205,0,0x42509,Damage Magicka,,1.10000002,2099205,0,0x42509
Namira's Rot,0x4DA24,Fortify Lockpicking,0x3EB21,0.5,0.200000003,30,1,0,0,0,1,0,0,0,MagicAlchFortifyLockpicking;MagicAlchBeneficial,0x3EB21,0x3EB21,,0.200000003,30,1,1,1.6741848,,0.5,2099202,34,0x65A26;0xF8A4E,Fortify Lockpicking,,0.5,2099202,34,0x65A26;0xF8A4E
Namira's Rot,0x4DA24,Fear,0x73F20,2.5,2,30,1,0,0,0,0,1,1,0,MagicAlchHarmful;MagicInfluence;MagicInfluenceFear,0x73F20,0x73F20,,2,30,0,2,17.94347,,2.5,2099207,7,0x42509;0x78098;0x424E0,Fear,,2.5,2099207,7,0x42509;0x78098;0x424E0
Namira's Rot,0x4DA24,Fortify Health Regeneration,0x3EB06,0.0500000007,5,300,1,0,0,0,1,0,0,0,MagicAlchFortifyHealRate;MagicAlchBeneficial,0x3EB06,0x3EB06,,5,300,1,3,12.3785696,,0.0500000007,2099202,34,0x65A30;0xF8A4E,Fortify Health Regeneration,,0.0500000007,2099202,34,0x65A30;0xF8A4E
Netch Jelly,0x401CD72,Damage Health,0x3EB42,1.5,10,1,1,0,0,0,0,1,1,0,MagicAlchHarmful,0x3EB42,0x3EB42,,10,1,0,0,1.5,,1.5,2099205,0,0x42509,Damage Health,,1.5,2099205,0,0x42509
Netch Jelly,0x401CD72,Fortify Carry Weight,0x3EB01,0.0724999979,4,300,1,0,0,0,1,0,0,0,MagicAlchFortifyCarryWeight;MagicAlchBeneficial,0x3EB01,0x3EB01,,4,300,1,1,14.0422726,,0.0724999979,2099202,34,0x65A2F;0xF8A4E,Fortify Carry Weight,,0.0724999979,2099202,34,0x65A2F;0xF8A4E
Netch Jelly,0x401CD72,Restore Stamina,0x3EB16,0.300000012,1.5,20,1,0,0,0,1,0,0,0,MagicAlchRestoreStamina;MagicAlchBeneficial;REQ_Alchemy_RestoreStaminaDuration,0x3EB16,0x3EB16,,1.5,20,1,2,1.00451088,,0.300000012,2099200,34,0x42504;0xF8A4E;0x866CB3B,Restore Stamina,,0.300000012,2099200,34,0x42504;0xF8A4E;0x866CB3B
Netch Jelly,0x401CD72,Fear,0x73F20,2.5,2,30,1,0,0,0,0,1,1,0,MagicAlchHarmful;MagicInfluence;MagicInfluenceFear,0x73F20,0x73F20,,2,30,0,3,17.94347,,2.5,2099207,7,0x42509;0x78098;0x424E0,Fear,,2.5,2099207,7,0x42509;0x78098;0x424E0
Nightshade,0x2F44C,Damage Health,0x3EB42,1.5,5,1,1,0,0,0,0,1,1,0,MagicAlchHarmful,0x3EB42,0x3EB42,,5,1,0,0,0.699774742,,1.5,2099205,0,0x42509,Damage Health,,1.5,2099205,0,0x42509
Nightshade,0x2F44C,Damage Magicka Regeneration,0x73F2B,0.25,100,5,0,1,0,0,0,1,1,0,MagicAlchHarmful,0x73F2B,0x73F2B,,100,5,0,1,18.4844723,,0.25,4196359,0,0x42509,Damage Magicka Regeneration,,0.25,4196359,0,0x42509
Nightshade,0x2F44C,Lingering Damage Stamina,0x10DE5E,0.899999976,1,10,1,0,0,0,0,1,1,0,MagicAlchHarmful,0x10DE5E,0x10DE5E,,1,10,0,2,0.899999976,,0.899999976,2099205,0,0x42509,Lingering Damage Stamina,,0.899999976,2099205,0,0x42509
Nightshade,0x2F44C,Fortify Destruction,0x3EB26,0.25,4,60,1,0,0,0,1,0,0,0,MagicAlchFortifyDestruction;MagicAlchBeneficial,0x3EB26,0x3EB26,,4,60,1,3,8.2446537,,0.25,2099202,34,0x65A2B;0xF8A4E,Fortify Destruction,,0.25,2099202,34,0x65A2B;0xF8A4E
Nirnroot,0x59B86,Damage Health,0x3EB42,1.5,15,0,1,0,0,0,0,1,1,0,MagicAlchHarmful,0x3EB42,0x3EB42,,15,0,0,0,29.4979401,,1.5,2099205,0,0x42509,Damage Health,,1.5,2099205,0,0x42509
Nirnroot,0x59B86,Damage Stamina,0x3A2C6,0.899999976,15,0,1,0,0,0,0,1,1,0,MagicAlchHarmful,0x3A2C6,0x3A2C6,,15,0,0,1,17.6987629,,0.899999976,2099205,0,0x42509,Damage Stamina,,0.899999976,2099205,0,0x42509
Nirnroot,0x59B86,Invisibility,0x3EB3D,50,0,16,0,1,1,0,1,0,0,1,MagicInvisibility;MagicAlchBeneficial;MagicAlchDurationBased,0x3EB3D,0x3EB3D,,0,16,0,2,83.8497925,,50,4201474,11,0x1EA6F;0xF8A4E;0xF8A4F,Invisibility,,50,4201474,11,0x1EA6F;0xF8A4E;0xF8A4F
Nirnroot,0x59B86,Resist Magic,0x39E51,0.5,4,60,1,0,0,0,1,0,0,0,MagicAlchResistMagic;MagicAlchBeneficial,0x39E51,0x39E51,,4,60,1,3,16.4893074,,0.5,2103298,34,0x65A3A;0xF8A4E,Resist Magic,,0.5,2103298,34,0x65A3A;0xF8A4E
Nordic Barnacle,0x7EDF5,Damage Magicka,0x3A2B6,1.10000002,3,0,1,0,0,0,0,1,1,0,MagicAlchHarmful,0x3A2B6,0x3A2B6,,3,0,0,0,3.68320656,,1.10000002,2099205,0,0x42509,Damage Magicka,,1.10000002,2099205,0,0x42509
Nordic Barnacle,0x7EDF5,Waterbreathing,0x3AC2D,15,0,5,0,1,1,0,1,0,0,1,MagicAlchBeneficial;MagicAlchDurationBased,0x3AC2D,0x3AC2D,,0,5,1,1,6.99774742,,15,4197378,34,0xF8A4E;0xF8A4F,Waterbreathing,,15,4197378,34,0xF8A4E;0xF8A4F
Nordic Barnacle,0x7EDF5,Fortify Health Regeneration,0x3EB06,0.0500000007,5,300,1,0,0,0,1,0,0,0,MagicAlchFortifyHealRate;MagicAlchBeneficial,0x3EB06,0x3EB06,,5,300,1,2,12.3785696,,0.0500000007,2099202,34,0x65A30;0xF8A4E,Fortify Health Regeneration,,0.0500000007,2099202,34,0x65A30;0xF8A4E
Nordic Barnacle,0x7EDF5,Fortify Pickpocket,0x3EB20,0.25,4,60,1,0,0,0,1,0,0,0,MagicAlchFortifyPickPocket;MagicAlchBeneficial,0x3EB20,0x3EB20,,4,60,1,3,8.2446537,,0.25,2099202,34,0x65A25;0xF8A4E,Fortify Pickpocket,,0.25,2099202,34,0x65A25;0xF8A4E
Ogre's Teeth,0xFE004816,Weakness to Shock,0x73F2F,0.349999994,4,30,1,0,0,0,0,1,1,0,MagicAlchHarmful;MagicAlchWeaknessShock,0x73F2F,0x73F2F,,4,30,1,0,10.7695465,,0.349999994,2101255,34,0x42509;0x74F50,Weakness to Shock,,0.349999994,2101255,34,0x42509;0x74F50
Ogre's Teeth,0xFE004816,Resist Poison,0x90041,0.25,5,60,1,0,0,0,1,0,0,0,MagicAlchBeneficial;MagicAlchResistPoison,0x90041,0x90041,,5,60,1,1,21.0767384,,0.25,2101250,34,0xF8A4E;0x10EB5F,Resist Poison,,0.25,2101250,34,0xF8A4E;0x10EB5F
Ogre's Teeth,0xFE004816,Lingering Damage Magicka,0x10DE5F,5,2,10,1,0,0,0,0,1,1,0,MagicAlchHarmful,0x10DE5F,0x10DE5F,,2,10,0,2,21.4354706,,5,2099205,0,0x42509,Lingering Damage Magicka,,5,2099205,0,0x42509
Ogre's Teeth,0xFE004816,Fortify Health Regeneration,0x3EB06,0.0500000007,6,300,1,0,0,0,1,0,0,0,MagicAlchFortifyHealRate;MagicAlchBeneficial,0x3EB06,0x3EB06,,6,300,1,3,30.2551861,,0.0500000007,2099202,34,0x65A30;0xF8A4E,Fortify Health Regeneration,,0.0500000007,2099202,34,0x65A30;0xF8A4E
Orange Dartwing,0xBB956,Restore Stamina,0x3EB16,0.300000012,1,20,1,0,0,0,1,0,0,0,MagicAlchRestoreStamina;MagicAlchBeneficial;REQ_Alchemy_RestoreStaminaDuration,0x3EB16,0x3EB16,,1,20,1,0,0.643064141,,0.300000012,2099200,34,0x42504;0xF8A4E;0x866CB3B,Restore Stamina,,0.300000012,2099200,34,0x42504;0xF8A4E;0x866CB3B
Orange Dartwing,0xBB956,Damage Maximum Magicka,0x73F27,0.5,2,10,1,0,0,0,0,1,1,0,MagicAlchHarmful,0x73F27,0x73F27,,2,10,0,1,1.07177353,,0.5,2099207,0,0x42509,Damage Maximum Magicka,,0.5,2099207,0,0x42509
Orange Dartwing,0xBB956,Fortify Pickpocket,0x3EB20,0.25,4,60,1,0,0,0,1,0,0,0,MagicAlchFortifyPickPocket;MagicAlchBeneficial,0x3EB20,0x3EB20,,4,60,1,2,8.2446537,,0.25,2099202,34,0x65A25;0xF8A4E,Fortify Pickpocket,,0.25,2099202,34,0x65A25;0xF8A4E
Orange Dartwing,0xBB956,Lingering Damage Health,0x10AA4A,1.5,1,10,1,0,0,0,0,1,1,0,MagicAlchHarmful,0x10AA4A,0x10AA4A,,1,10,0,3,1.5,,1.5,2099205,0,0x42509,Lingering Damage Health,,1.5,2099205,0,0x42509
Pearl,0x854FE,Restore Stamina,0x3EB16,0.300000012,1.5,20,1,0,0,0,1,0,0,0,MagicAlchRestoreStamina;MagicAlchBeneficial;REQ_Alchemy_RestoreStaminaDuration,0x3EB16,0x3EB16,,1.5,20,1,0,1.00451088,,0.300000012,2099200,34,0x42504;0xF8A4E;0x866CB3B,Restore Stamina,,0.300000012,2099200,34,0x42504;0xF8A4E;0x866CB3B
Pearl,0x854FE,Fortify Block,0x3EB1C,0.25,4,60,1,0,0,0,1,0,0,0,MagicAlchFortifyBlock;MagicAlchBeneficial,0x3EB1C,0x3EB1C,,4,60,1,1,8.2446537,,0.25,2099202,34,0x65A1E;0xF8A4E,Fortify Block,,0.25,2099202,34,0x65A1E;0xF8A4E
Pearl,0x854FE,Restore Magicka,0x3EB17,0.300000012,1.5,20,1,0,0,0,1,0,0,0,MagicAlchRestoreMagicka;MagicAlchBeneficial;REQ_Alchemy_RestoreMagickaDuration,0x3EB17,0x3EB17,,1.5,20,1,2,1.00451088,,0.300000012,2099200,34,0x42508;0xF8A4E;0x866CB3A,Restore Magicka,,0.300000012,2099200,34,0x42508;0xF8A4E;0x866CB3A
Pearl,0x854FE,Resist Shock,0x3EAEC,0.25,3,60,1,0,0,0,1,0,0,0,MagicAlchResistShock;MagicAlchBeneficial,0x3EAEC,0x3EAEC,,3,60,1,3,6.00813675,,0.25,2101250,34,0x65A39;0xF8A4E,Resist Shock,,0.25,2101250,34,0x65A39;0xF8A4E
Pearlfish,0x50008EC,Restore Stamina,0x3EB16,0.300000012,1.5,20,1,0,0,0,1,0,0,0,MagicAlchRestoreStamina;MagicAlchBeneficial;REQ_Alchemy_RestoreStaminaDuration,0x3EB16,0x3EB16,,1.5,20,1,0,1.00451088,,0.300000012,2099200,34,0x42504;0xF8A4E;0x866CB3B,Restore Stamina,,0.300000012,2099200,34,0x42504;0xF8A4E;0x866CB3B
Pearlfish,0x50008EC,Resist Frost,0x3EAEB,0.25,3,60,1,0,0,0,1,0,0,0,MagicAlchResistFrost;MagicAlchBeneficial,0x3EAEB,0x3EAEB,,3,60,1,1,6.00813675,,0.25,2101250,34,0x65A38;0xF8A4E,Resist Frost,,0.25,2101250,34,0x65A38;0xF8A4E
Pearlfish,0x50008EC,Fortify Speech,0xD6947,0.25,4,60,1,0,0,0,1,0,0,0,MagicAlchFortifySpeechcraft;MagicAlchBeneficial,0xD6947,0xD6947,,4,60,1,2,8.2446537,,0.25,2099202,34,0x65A29;0xF8A4E,Fortify Speech,,0.25,2099202,34,0x65A29;0xF8A4E
Pearlfish,0x50008EC,Fortify One-Handed,0x3EB19,0.25,4,60,1,0,0,0,1,0,0,0,MagicAlchFortifyOneHanded;MagicAlchBeneficial,0x3EB19,0x3EB19,,4,60,1,3,8.2446537,,0.25,2099202,34,0x65A1F;0xF8A4E,Fortify One-Handed,,0.25,2099202,34,0x65A1F;0xF8A4E
Pine Thrush Egg,0x23D6F,Restore Stamina,0x3EB16,0.300000012,1,20,1,0,0,0,1,0,0,0,MagicAlchRestoreStamina;MagicAlchBeneficial;REQ_Alchemy_RestoreStaminaDuration,0x3EB16,0x3EB16,,1,20,1,0,0.643064141,,0.300000012,2099200,34,0x42504;0xF8A4E;0x866CB3B,Restore Stamina,,0.300000012,2099200,34,0x42504;0xF8A4E;0x866CB3B
Pine Thrush Egg,0x23D6F,Fortify Lockpicking,0x3EB21,0.5,0.349999994,30,1,0,0,0,1,0,0,0,MagicAlchFortifyLockpicking;MagicAlchBeneficial,0x3EB21,0x3EB21,,0.349999994,30,1,1,1.6741848,,0.5,2099202,34,0x65A26;0xF8A4E,Fortify Lockpicking,,0.5,2099202,34,0x65A26;0xF8A4E
Pine Thrush Egg,0x23D6F,Weakness to Poison,0x90042,0.5,2,30,1,0,0,0,0,1,1,0,MagicAlchHarmful;USKPMagicAlchWeaknessPoison,0x90042,0x90042,,2,30,1,2,3.58869386,,0.5,2101255,34,0x42509;0x706EE3A,Weakness to Poison,,0.5,2101255,34,0x42509;0x706EE3A
Pine Thrush Egg,0x23D6F,Resist Shock,0x3EAEC,0.25,3,60,1,0,0,0,1,0,0,0,MagicAlchResistShock;MagicAlchBeneficial,0x3EAEC,0x3EAEC,,3,60,1,3,6.00813675,,0.25,2101250,34,0x65A39;0xF8A4E,Resist Shock,,0.25,2101250,34,0x65A39;0xF8A4E
Poisonous Bloom,0x20185FB,Damage Health,0x3EB42,1.5,3,1,1,0,0,0,0,1,1,0,MagicAlchHarmful,0x3EB42,0x3EB42,,3,1,0,0,0.398955643,,1.5,2099205,0,0x42509,Damage Health,,1.5,2099205,0,0x42509
Poisonous Bloom,0x20185FB,Tardiness,0x73F25,0.5,50,5,0,1,0,0,0,1,1,0,MagicAlchHarmful;MagicSlow,0x73F25,0x73F25,,50,5,1,1,17.2466221,,0.5,4200455,34,0x42509;0xB729E,Tardiness,,0.5,4200455,34,0x42509;0xB729E
Poisonous Bloom,0x20185FB,Fortify Carry Weight,0x3EB01,0.0724999979,4,300,1,0,0,0,1,0,0,0,MagicAlchFortifyCarryWeight;MagicAlchBeneficial,0x3EB01,0x3EB01,,4,300,1,2,14.0422726,,0.0724999979,2099202,34,0x65A2F;0xF8A4E,Fortify Carry Weight,,0.0724999979,2099202,34,0x65A2F;0xF8A4E
Poisonous Bloom,0x20185FB,Fear,0x73F20,2.5,2,30,1,0,0,0,0,1,1,0,MagicAlchHarmful;MagicInfluence;MagicInfluenceFear,0x73F20,0x73F20,,2,30,0,3,17.94347,,2.5,2099207,7,0x42509;0x78098;0x424E0,Fear,,2.5,2099207,7,0x42509;0x78098;0x424E0
Powdered Mammoth Tusk,0x6BC10,Restore Stamina,0x3EB16,0.300000012,2.5,20,1,0,0,0,1,0,0,0,MagicAlchRestoreStamina;MagicAlchBeneficial;REQ_Alchemy_RestoreStaminaDuration,0x3EB16,0x3EB16,,2.5,20,1,0,1.76192856,,0.300000012,2099200,34,0x42504;0xF8A4E;0x866CB3B,Restore Stamina,,0.300000012,2099200,34,0x42504;0xF8A4E;0x866CB3B
Powdered Mammoth Tusk,0x6BC10,Fortify Sneak,0x3EB22,0.25,4,60,1,0,0,0,1,0,0,0,MagicAlchFortifySneak;MagicAlchBeneficial,0x3EB22,0x3EB22,,4,60,1,1,8.2446537,,0.25,2099202,34,0x65A27;0xF8A4E,Fortify Sneak,,0.25,2099202,34,0x65A27;0xF8A4E
Powdered Mammoth Tusk,0x6BC10,Weakness to Fire,0x73F2D,0.300000012,3,30,1,0,0,0,0,1,1,0,MagicAlchHarmful;MagicAlchWeaknessFire,0x73F2D,0x73F2D,,3,30,1,2,3.36347389,,0.300000012,2101255,34,0x42509;0x74F4E,Weakness to Fire,,0.300000012,2101255,34,0x42509;0x74F4E
Powdered Mammoth Tusk,0x6BC10,Fear,0x73F20,2.5,2,30,1,0,0,0,0,1,1,0,MagicAlchHarmful;MagicInfluence;MagicInfluenceFear,0x73F20,0x73F20,,2,30,0,3,17.94347,,2.5,2099207,7,0x42509;0x78098;0x424E0,Fear,,2.5,2099207,7,0x42509;0x78098;0x424E0
Purple Butterfly Wing,0x6059153,Fortify Health Regeneration,0x3EB06,0.0500000007,5,300,1,0,0,0,1,0,0,0,MagicAlchFortifyHealRate;MagicAlchBeneficial,0x3EB06,0x3EB06,,5,300,1,0,24.7571392,,0.0500000007,2099202,34,0x65A30;0xF8A4E,Fortify Health Regeneration,,0.0500000007,2099202,34,0x65A30;0xF8A4E
Purple Butterfly Wing,0x6059153,Fortify Magicka Regeneration,0x3EB07,0.100000001,5,300,1,0,0,0,1,0,0,0,MagicAlchFortifyMagickaRate;MagicAlchBeneficial,0x3EB07,0x3EB07,,5,300,1,1,24.7571392,,0.100000001,2099202,34,0x65A34;0xF8A4E,Fortify Magicka Regeneration,,0.100000001,2099202,34,0x65A34;0xF8A4E
Purple Butterfly Wing,0x6059153,Fortify Stamina Regeneration,0x3EB08,0.0500000007,5,300,1,0,0,0,1,0,0,0,MagicAlchFortifyStaminaRate;MagicAlchBeneficial,0x3EB08,0x3EB08,,5,300,1,2,24.7571392,,0.0500000007,2099202,34,0x65A35;0xF8A4E,Fortify Stamina Regeneration,,0.0500000007,2099202,34,0x65A35;0xF8A4E
Purple Butterfly Wing,0x6059153,Paralysis,0x73F30,250,0,1,0,1,1,0,0,1,1,0,MagicParalysis;MagicAlchHarmful,0x73F30,0x73F30,,0,1,0,3,39.7164116,,250,4197379,21,0x1EA70;0x42509,Paralysis,,250,4197379,21,0x1EA70;0x42509
Purple Mountain Flower,0x77E1E,Restore Stamina,0x3EB16,0.300000012,0.25,20,1,0,0,0,1,0,0,0,MagicAlchRestoreStamina;MagicAlchBeneficial;REQ_Alchemy_RestoreStaminaDuration,0x3EB16,0x3EB16,,0.25,20,1,0,0.643064141,,0.300000012,2099200,34,0x42504;0xF8A4E;0x866CB3B,Restore Stamina,,0.300000012,2099200,34,0x42504;0xF8A4E;0x866CB3B
Purple Mountain Flower,0x77E1E,Fortify Sneak,0x3EB22,0.25,2,60,1,0,0,0,1,0,0,0,MagicAlchFortifySneak;MagicAlchBeneficial,0x3EB22,0x3EB22,,2,60,1,1,3.84626675,,0.25,2099202,34,0x65A27;0xF8A4E,Fortify Sneak,,0.25,2099202,34,0x65A27;0xF8A4E
Purple Mountain Flower,0x77E1E,Lingering Damage Magicka,0x10DE5F,5,1,5,1,0,0,0,0,1,1,0,MagicAlchHarmful,0x10DE5F,0x10DE5F,,1,5,0,2,2.33258247,,5,2099205,0,0x42509,Lingering Damage Magicka,,5,2099205,0,0x42509
Purple Mountain Flower,0x77E1E,Resist Frost,0x3EAEB,0.25,1,60,1,0,0,0,1,0,0,0,MagicAlchResistFrost;MagicAlchBeneficial,0x3EAEB,0x3EAEB,,1,60,1,3,1.79434693,,0.25,2101250,34,0x65A38;0xF8A4E,Resist Frost,,0.25,2101250,34,0x65A38;0xF8A4E
Pygmy Sunfish,0x50008ED,Restore Stamina,0x3EB16,0.300000012,2,20,1,0,0,0,1,0,0,0,MagicAlchRestoreStamina;MagicAlchBeneficial;REQ_Alchemy_RestoreStaminaDuration,0x3EB16,0x3EB16,,2,20,1,0,1.37843823,,0.300000012,2099200,34,0x42504;0xF8A4E;0x866CB3B,Restore Stamina,,0.300000012,2099200,34,0x42504;0xF8A4E;0x866CB3B
Pygmy Sunfish,0x50008ED,Lingering Damage Magicka,0x10DE5F,5,1,10,1,0,0,0,0,1,1,0,MagicAlchHarmful,0x10DE5F,0x10DE5F,,1,10,0,1,5,,5,2099205,0,0x42509,Lingering Damage Magicka,,5,2099205,0,0x42509
Pygmy Sunfish,0x50008ED,Damage Magicka Regeneration,0x73F2B,0.25,100,5,0,1,0,0,0,1,1,0,MagicAlchHarmful,0x73F2B,0x73F2B,,100,5,0,2,18.4844723,,0.25,4196359,0,0x42509,Damage Magicka Regeneration,,0.25,4196359,0,0x42509
Pygmy Sunfish,0x50008ED,Fortify Restoration,0x3EB28,0.25,4,60,1,0,0,0,1,0,0,0,MagicAlchFortifyRestoration;MagicAlchBeneficial,0x3EB28,0x3EB28,,4,60,1,3,8.2446537,,0.25,2099202,34,0x65A2D;0xF8A4E,Fortify Restoration,,0.25,2099202,34,0x65A2D;0xF8A4E
Red Glitterdust,0x83AB3BC,Damage Health,0x3EB42,1.5,10,0,1,0,0,0,0,1,1,0,MagicAlchHarmful,0x3EB42,0x3EB42,,10,0,0,0,18.8838806,,1.5,2099205,0,0x42509,Damage Health,,1.5,2099205,0,0x42509
Red Glitterdust,0x83AB3BC,Fortify Carry Weight,0x3EB01,0.0724999979,5,600,1,0,0,0,1,0,0,0,MagicAlchFortifyCarryWeight;MagicAlchBeneficial,0x3EB01,0x3EB01,,5,600,1,1,38.4743652,,0.0724999979,2099202,34,0x65A2F;0xF8A4E,Fortify Carry Weight,,0.0724999979,2099202,34,0x65A2F;0xF8A4E
Red Glitterdust,0x83AB3BC,Restore Magicka,0x3EB17,0.300000012,1.5,20,1,0,0,0,1,0,0,0,MagicAlchRestoreMagicka;MagicAlchBeneficial;REQ_Alchemy_RestoreMagickaDuration,0x3EB17,0x3EB17,,1.5,20,1,2,1.00451088,,0.300000012,2099200,34,0x42508;0xF8A4E;0x866CB3A,Restore Magicka,,0.300000012,2099200,34,0x42508;0xF8A4E;0x866CB3A
Red Glitterdust,0x83AB3BC,Damage Stamina,0x3A2C6,0.899999976,3,60,1,0,0,0,0,1,1,0,MagicAlchHarmful,0x3A2C6,0x3A2C6,,3,60,0,3,21.6292915,,0.899999976,2099205,0,0x42509,Damage Stamina,,0.899999976,2099205,0,0x42509
Red Kelp Gas Bladder,0xFE004817,Fortify Stamina Regeneration,0x3EB08,0.0500000007,6,300,1,0,0,0,1,0,0,0,MagicAlchFortifyStaminaRate;MagicAlchBeneficial,0x3EB08,0x3EB08,,6,300,1,0,30.2551861,,0.0500000007,2099202,34,0x65A35;0xF8A4E,Fortify Stamina Regeneration,,0.0500000007,2099202,34,0x65A35;0xF8A4E
Red Kelp Gas Bladder,0xFE004817,Waterbreathing,0x3AC2D,15,0,8,0,1,1,0,1,0,0,1,MagicAlchBeneficial;MagicAlchDurationBased,0x3AC2D,0x3AC2D,,0,8,1,1,23.4703865,,15,4197378,34,0xF8A4E;0xF8A4F,Waterbreathing,,15,4197378,34,0xF8A4E;0xF8A4F
Red Kelp Gas Bladder,0xFE004817,Cure Disease,0xAE722,0.25,2,0,1,0,0,1,1,0,0,0,MagicAlchBeneficial,0xAE722,0xAE722,,2,0,0,2,1.07177353,,0.25,2103808,3,0xF8A4E,Cure Disease,,0.25,2103808,3,0xF8A4E
Red Kelp Gas Bladder,0xFE004817,Fortify Magicka,0x3EAF8,0.150000006,5,60,1,0,0,0,1,0,0,0,MagicAlchFortifyMagicka;MagicAlchBeneficial,0x3EAF8,0x3EAF8,,5,60,1,3,12.6460438,,0.150000006,2099202,34,0x65A33;0xF8A4E,Fortify Magicka,,0.150000006,2099202,34,0x65A33;0xF8A4E
Red Mountain Flower,0x77E1D,Restore Magicka,0x3EB17,0.300000012,0.25,10,1,0,0,0,1,0,0,0,MagicAlchRestoreMagicka;MagicAlchBeneficial;REQ_Alchemy_RestoreMagickaDuration,0x3EB17,0x3EB17,,0.25,10,1,0,0.300000012,,0.300000012,2099200,34,0x42508;0xF8A4E;0x866CB3A,Restore Magicka,,0.300000012,2099200,34,0x42508;0xF8A4E;0x866CB3A
Red Mountain Flower,0x77E1D,Damage Maximum Magicka,0x73F27,0.5,1,10,1,0,0,0,0,1,1,0,MagicAlchHarmful,0x73F27,0x73F27,,1,10,0,1,0.5,,0.5,2099207,0,0x42509,Damage Maximum Magicka,,0.5,2099207,0,0x42509
Red Mountain Flower,0x77E1D,Fortify Magicka,0x3EAF8,0.150000006,2,60,1,0,0,0,1,0,0,0,MagicAlchFortifyMagicka;MagicAlchBeneficial,0x3EAF8,0x3EAF8,,2,60,1,2,2.30776024,,0.150000006,2099202,34,0x65A33;0xF8A4E,Fortify Magicka,,0.150000006,2099202,34,0x65A33;0xF8A4E
Red Mountain Flower,0x77E1D,Damage Health,0x3EB42,1.5,1,1,1,0,0,0,0,1,1,0,MagicAlchHarmful,0x3EB42,0x3EB42,,1,1,0,3,0.119149238,,1.5,2099205,0,0x42509,Damage Health,,1.5,2099205,0,0x42509
Redwort Flower,0xFE004818,Resist Frost,0x3EAEB,0.25,4,60,1,0,0,0,1,0,0,0,MagicAlchResistFrost;MagicAlchBeneficial,0x3EAEB,0x3EAEB,,4,60,1,0,16.4893074,,0.25,2101250,34,0x65A38;0xF8A4E,Resist Frost,,0.25,2101250,34,0x65A38;0xF8A4E
Redwort Flower,0xFE004818,Cure Poison,0x109ADD,0.200000003,2,0,1,0,0,1,1,0,0,0,MagicAlchBeneficial,0x109ADD,0x109ADD,,2,0,0,1,0.428709418,,0.200000003,2103808,29,0xF8A4E,Cure Poison,,0.200000003,2103808,29,0xF8A4E
Redwort Flower,0xFE004818,Damage Health,0x3EB42,1.5,3,1,1,0,0,0,0,1,1,0,MagicAlchHarmful,0x3EB42,0x3EB42,,3,1,0,2,0.797911286,,1.5,2099205,0,0x42509,Damage Health,,1.5,2099205,0,0x42509
Redwort Flower,0xFE004818,Invisibility,0x3EB3D,50,0,6,0,1,1,0,1,0,0,1,MagicInvisibility;MagicAlchBeneficial;MagicAlchDurationBased,0x3EB3D,0x3EB3D,,0,6,0,3,57.0120163,,50,4201474,11,0x1EA6F;0xF8A4E;0xF8A4F,Invisibility,,50,4201474,11,0x1EA6F;0xF8A4E;0xF8A4F
River Betty,0x106E1A,Fortify Alteration,0x3EB24,0.25,4,60,1,0,0,0,1,0,0,0,MagicAlchFortifyAlteration;MagicAlchBeneficial,0x3EB24,0x3EB24,,4,60,1,0,8.2446537,,0.25,2099202,34,0x65A1D;0xF8A4E,Fortify Alteration,,0.25,2099202,34,0x65A1D;0xF8A4E
River Betty,0x106E1A,Damage Health,0x3EB42,1.5,5,0,1,0,0,0,0,1,1,0,MagicAlchHarmful,0x3EB42,0x3EB42,,5,0,0,1,8.80964279,,1.5,2099205,0,0x42509,Damage Health,,1.5,2099205,0,0x42509
River Betty,0x106E1A,Tardiness,0x73F25,0.5,50,5,0,1,0,0,0,1,1,0,MagicAlchHarmful;MagicSlow,0x73F25,0x73F25,,50,5,1,2,17.2466221,,0.5,4200455,34,0x42509;0xB729E,Tardiness,,0.5,4200455,34,0x42509;0xB729E
River Betty,0x106E1A,Fortify Carry Weight,0x3EB01,0.0724999979,4,300,1,0,0,0,1,0,0,0,MagicAlchFortifyCarryWeight;MagicAlchBeneficial,0x3EB01,0x3EB01,,4,300,1,3,14.0422726,,0.0724999979,2099202,34,0x65A2F;0xF8A4E,Fortify Carry Weight,,0.0724999979,2099202,34,0x65A2F;0xF8A4E
Rock Warbler Egg,0x7E8C8,Restore Health,0x3EB15,0.25,0.5,20,1,0,0,0,1,0,0,0,MagicAlchRestoreHealth;MagicAlchBeneficial;REQ_Alchemy_RestoreHealthDuration,0x3EB15,0x3EB15,,0.5,20,1,0,0.535886765,,0.25,2099200,34,0x42503;0xF8A4E;0x866CB38,Restore Health,,0.25,2099200,34,0x42503;0xF8A4E;0x866CB38
Rock Warbler Egg,0x7E8C8,Fortify One-Handed,0x3EB19,0.25,4,60,1,0,0,0,1,0,0,0,MagicAlchFortifyOneHanded;MagicAlchBeneficial,0x3EB19,0x3EB19,,4,60,1,1,8.2446537,,0.25,2099202,34,0x65A1F;0xF8A4E,Fortify One-Handed,,0.25,2099202,34,0x65A1F;0xF8A4E
Rock Warbler Egg,0x7E8C8,Damage Stamina,0x3A2C6,0.899999976,3,0,1,0,0,0,0,1,1,0,MagicAlchHarmful,0x3A2C6,0x3A2C6,,3,0,0,2,3.01353264,,0.899999976,2099205,0,0x42509,Damage Stamina,,0.899999976,2099205,0,0x42509
Rock Warbler Egg,0x7E8C8,Weakness to Magic,0x73F51,0.5,2,30,1,0,0,0,0,1,1,0,MagicAlchHarmful;MagicAlchWeaknessMagic,0x73F51,0x73F51,,2,30,1,3,3.58869386,,0.5,2101255,34,0x42509;0x74F51,Weakness to Magic,,0.5,2101255,34,0x42509;0x74F51
Roobrush,0xFE004819,Weakness to Magic,0x73F51,0.5,3,30,1,0,0,0,0,1,1,0,MagicAlchHarmful;MagicAlchWeaknessMagic,0x73F51,0x73F51,,3,30,1,0,11.2115793,,0.5,2101255,34,0x42509;0x74F51,Weakness to Magic,,0.5,2101255,34,0x42509;0x74F51
Roobrush,0xFE004819,Fortify Sneak,0x3EB22,0.25,5,60,1,0,0,0,1,0,0,0,MagicAlchFortifySneak;MagicAlchBeneficial,0x3EB22,0x3EB22,,5,60,1,1,21.0767384,,0.25,2099202,34,0x65A27;0xF8A4E,Fortify Sneak,,0.25,2099202,34,0x65A27;0xF8A4E
Roobrush,0xFE004819,Lingering Damage Health,0x10AA4A,1.5,2,10,1,0,0,0,0,1,1,0,MagicAlchHarmful,0x10AA4A,0x10AA4A,,2,10,0,2,25.7225647,,1.5,2099205,0,0x42509,Lingering Damage Health,,1.5,2099205,0,0x42509
Roobrush,0xFE004819,Cure Poison,0x109ADD,0.200000003,2,0,1,0,0,1,1,0,0,0,MagicAlchBeneficial,0x109ADD,0x109ADD,,2,0,0,3,0.428709418,,0.200000003,2103808,29,0xF8A4E,Cure Poison,,0.200000003,2103808,29,0xF8A4E
Rot Scale,0x100306D,Tardiness,0x73F25,0.5,5,30,0,1,0,0,0,1,1,0,MagicAlchHarmful;MagicSlow,0x73F25,0x73F25,,5,30,1,0,19.6652927,,0.5,4200455,34,0x42509;0xB729E,Tardiness,,0.5,4200455,34,0x42509;0xB729E
Rot Scale,0x100306D,Lingering Damage Health,0x10AA4A,1.5,1,30,1,0,0,0,0,1,1,0,MagicAlchHarmful,0x10AA4A,0x10AA4A,,1,30,0,1,40.1804352,,1.5,2099205,0,0x42509,Lingering Damage Health,,1.5,2099205,0,0x42509
Rot Scale,0x100306D,Fear,0x73F20,2.5,1,5,1,0,0,0,0,1,1,0,MagicAlchHarmful;MagicInfluence;MagicInfluenceFear,0x73F20,0x73F20,,1,5,0,2,2.33258247,,2.5,2099207,7,0x42509;0x78098;0x424E0,Fear,,2.5,2099207,7,0x42509;0x78098;0x424E0
Rot Scale,0x100306D,Paralysis,0x73F30,250,0,1,0,1,1,0,0,1,1,0,MagicParalysis;MagicAlchHarmful,0x73F30,0x73F30,,0,1,0,3,39.7164116,,250,4197379,21,0x1EA70;0x42509,Paralysis,,250,4197379,21,0x1EA70;0x42509
Sabre Cat Eye,0x6BC07,Restore Stamina,0x3EB16,0.300000012,1.5,20,1,0,0,0,1,0,0,0,MagicAlchRestoreStamina;MagicAlchBeneficial;REQ_Alchemy_RestoreStaminaDuration,0x3EB16,0x3EB16,,1.5,20,1,0,1.00451088,,0.300000012,2099200,34,0x42504;0xF8A4E;0x866CB3B,Restore Stamina,,0.300000012,2099200,34,0x42504;0xF8A4E;0x866CB3B
Sabre Cat Eye,0x6BC07,Damage Maximum Health,0x73F26,0.25,2,10,1,0,0,0,0,1,1,0,MagicAlchHarmful,0x73F26,0x73F26,,2,10,0,1,0.535886765,,0.25,2099207,0,0x42509,Damage Maximum Health,,0.25,2099207,0,0x42509
Sabre Cat Eye,0x6BC07,Damage Magicka,0x3A2B6,1.10000002,3,0,1,0,0,0,0,1,1,0,MagicAlchHarmful,0x3A2B6,0x3A2B6,,3,0,0,2,3.68320656,,1.10000002,2099205,0,0x42509,Damage Magicka,,1.10000002,2099205,0,0x42509
Sabre Cat Eye,0x6BC07,Restore Health,0x3EB15,0.25,0.5,20,1,0,0,0,1,0,0,0,MagicAlchRestoreHealth;MagicAlchBeneficial;REQ_Alchemy_RestoreHealthDuration,0x3EB15,0x3EB15,,0.5,20,1,3,0.535886765,,0.25,2099200,34,0x42503;0xF8A4E;0x866CB38,Restore Health,,0.25,2099200,34,0x42503;0xF8A4E;0x866CB38
Sabre Cat Eye,0x8065314,Restore Stamina,0x3EB16,0.300000012,1.5,20,1,0,0,0,1,0,0,0,MagicAlchRestoreStamina;MagicAlchBeneficial;REQ_Alchemy_RestoreStaminaDuration,0x3EB16,0x3EB16,,1.5,20,1,0,1.00451088,,0.300000012,2099200,34,0x42504;0xF8A4E;0x866CB3B,Restore Stamina,,0.300000012,2099200,34,0x42504;0xF8A4E;0x866CB3B
Sabre Cat Eye,0x8065314,Damage Maximum Health,0x73F26,0.25,2,10,1,0,0,0,0,1,1,0,MagicAlchHarmful,0x73F26,0x73F26,,2,10,0,1,0.535886765,,0.25,2099207,0,0x42509,Damage Maximum Health,,0.25,2099207,0,0x42509
Sabre Cat Eye,0x8065314,Damage Magicka,0x3A2B6,1.10000002,3,0,1,0,0,0,0,1,1,0,MagicAlchHarmful,0x3A2B6,0x3A2B6,,3,0,0,2,3.68320656,,1.10000002,2099205,0,0x42509,Damage Magicka,,1.10000002,2099205,0,0x42509
Sabre Cat Eye,0x8065314,Restore Health,0x3EB15,0.25,1,20,1,0,0,0,1,0,0,0,MagicAlchRestoreHealth;MagicAlchBeneficial;REQ_Alchemy_RestoreHealthDuration,0x3EB15,0x3EB15,,1,20,1,3,0.535886765,,0.25,2099200,34,0x42503;0xF8A4E;0x866CB38,Restore Health,,0.25,2099200,34,0x42503;0xF8A4E;0x866CB38
Sabre Cat Heart,0x8043665,Damage Health,0x3EB42,1.5,3,1,1,0,0,0,0,1,1,0,MagicAlchHarmful,0x3EB42,0x3EB42,,3,1,0,0,0.398955643,,1.5,2099205,0,0x42509,Damage Health,,1.5,2099205,0,0x42509
Sabre Cat Heart,0x8043665,Damage Magicka,0x3A2B6,1.10000002,3,0,1,0,0,0,0,1,1,0,MagicAlchHarmful,0x3A2B6,0x3A2B6,,3,0,0,1,3.68320656,,1.10000002,2099205,0,0x42509,Damage Magicka,,1.10000002,2099205,0,0x42509
Sabre Cat Heart,0x8043665,Damage Stamina,0x3A2C6,0.899999976,5,5,1,0,0,0,0,1,1,0,MagicAlchHarmful,0x3A2C6,0x3A2C6,,5,5,0,2,2.4659059,,0.899999976,2099205,0,0x42509,Damage Stamina,,0.899999976,2099205,0,0x42509
Sabre Cat Heart,0x8043665,Frenzy,0x73F29,7.5,2,20,1,0,0,0,0,1,1,0,MagicAlchHarmful;MagicInfluence;MagicInfluenceFrenzy,0x73F29,0x73F29,,2,20,0,3,34.4609528,,7.5,2099207,8,0x42509;0x78098;0xC44B6,Frenzy,,7.5,2099207,8,0x42509;0x78098;0xC44B6
Sabre Cat Tooth,0x6BC04,Restore Stamina,0x3EB16,0.300000012,1,20,1,0,0,0,1,0,0,0,MagicAlchRestoreStamina;MagicAlchBeneficial;REQ_Alchemy_RestoreStaminaDuration,0x3EB16,0x3EB16,,1,20,1,0,0.643064141,,0.300000012,2099200,34,0x42504;0xF8A4E;0x866CB3B,Restore Stamina,,0.300000012,2099200,34,0x42504;0xF8A4E;0x866CB3B
Sabre Cat Tooth,0x6BC04,Fortify Armor Rating,0x3EB1F,0.25,4.80000019,60,1,0,0,0,1,0,0,0,REQ_Alchemy_FortifyArmorRating;MagicAlchBeneficial,0x3EB1F,0x3EB1F,,4.80000019,60,1,1,10.0756207,,0.25,2099202,34,0x65A23;0xF8A4E,Fortify Armor Rating,,0.25,2099202,34,0x65A23;0xF8A4E
Sabre Cat Tooth,0x6BC04,Fortify Stamina,0x3EAF9,0.150000006,4,30,1,0,0,0,1,0,0,0,MagicAlchFortifyStamina;MagicAlchBeneficial,0x3EAF9,0x3EAF9,,4,30,1,2,2.30776024,,0.150000006,2099202,34,0x65A32;0xF8A4E,Fortify Stamina,,0.150000006,2099202,34,0x65A32;0xF8A4E
Sabre Cat Tooth,0x6BC04,Weakness to Poison,0x90042,0.5,2,30,1,0,0,0,0,1,1,0,MagicAlchHarmful;USKPMagicAlchWeaknessPoison,0x90042,0x90042,,2,30,1,3,3.58869386,,0.5,2101255,34,0x42509;0x706EE3A,Weakness to Poison,,0.5,2101255,34,0x42509;0x706EE3A
Salmon Roe,0x3003545,Fortify Magicka,0x3EAF8,0.150000006,8,300,1,0,0,0,1,0,0,0,MagicAlchFortifyMagicka;MagicAlchBeneficial,0x3EAF8,0x3EAF8,,8,300,1,0,62.2764282,,0.150000006,2099202,34,0x65A33;0xF8A4E,Fortify Magicka,,0.150000006,2099202,34,0x65A33;0xF8A4E
Salmon Roe,0x3003545,Restore Stamina,0x3EB16,0.300000012,2,20,1,0,0,0,1,0,0,0,MagicAlchRestoreStamina;MagicAlchBeneficial;REQ_Alchemy_RestoreStaminaDuration,0x3EB16,0x3EB16,,2,20,1,1,1.37843823,,0.300000012,2099200,34,0x42504;0xF8A4E;0x866CB3B,Restore Stamina,,0.300000012,2099200,34,0x42504;0xF8A4E;0x866CB3B
Salmon Roe,0x3003545,Waterbreathing,0x3AC2D,15,0,20,0,1,1,0,1,0,0,1,MagicAlchBeneficial;MagicAlchDurationBased,0x3AC2D,0x3AC2D,,0,20,1,2,32.1532059,,15,4197378,34,0xF8A4E;0xF8A4F,Waterbreathing,,15,4197378,34,0xF8A4E;0xF8A4F
Salmon Roe,0x3003545,Fortify Magicka Regeneration,0x3EB07,0.100000001,5,300,1,0,0,0,1,0,0,0,MagicAlchFortifyMagickaRate;MagicAlchBeneficial,0x3EB07,0x3EB07,,5,300,1,3,24.7571392,,0.100000001,2099202,34,0x65A34;0xF8A4E,Fortify Magicka Regeneration,,0.100000001,2099202,34,0x65A34;0xF8A4E
Salt,0x34CDF,Weakness to Magic,0x73F51,0.5,1,30,1,0,0,0,0,1,1,0,MagicAlchHarmful;MagicAlchWeaknessMagic,0x73F51,0x73F51,,1,30,1,0,1.6741848,,0.5,2101255,34,0x42509;0x74F51,Weakness to Magic,,0.5,2101255,34,0x42509;0x74F51
Salt,0x34CDF,Fortify Restoration,0x3EB28,0.25,4,60,1,0,0,0,1,0,0,0,MagicAlchFortifyRestoration;MagicAlchBeneficial,0x3EB28,0x3EB28,,4,60,1,1,8.2446537,,0.25,2099202,34,0x65A2D;0xF8A4E,Fortify Restoration,,0.25,2099202,34,0x65A2D;0xF8A4E
Salt,0x34CDF,Tardiness,0x73F25,0.5,50,5,0,1,0,0,0,1,1,0,MagicAlchHarmful;MagicSlow,0x73F25,0x73F25,,50,5,1,2,17.2466221,,0.5,4200455,34,0x42509;0xB729E,Tardiness,,0.5,4200455,34,0x42509;0xB729E
Salt,0x34CDF,Fortify Magicka Regeneration,0x3EB07,0.100000001,5,300,1,0,0,0,1,0,0,0,MagicAlchFortifyMagickaRate;MagicAlchBeneficial,0x3EB07,0x3EB07,,5,300,1,3,24.7571392,,0.100000001,2099202,34,0x65A34;0xF8A4E,Fortify Magicka Regeneration,,0.100000001,2099202,34,0x65A34;0xF8A4E
Salt Pile,0x74A19,Weakness to Magic,0x73F51,0.5,2,30,1,0,0,0,0,1,1,0,MagicAlchHarmful;MagicAlchWeaknessMagic,0x73F51,0x73F51,,2,30,1,0,3.58869386,,0.5,2101255,34,0x42509;0x74F51,Weakness to Magic,,0.5,2101255,34,0x42509;0x74F51
Salt Pile,0x74A19,Fortify Restoration,0x3EB28,0.25,4,60,1,0,0,0,1,0,0,0,MagicAlchFortifyRestoration;MagicAlchBeneficial,0x3EB28,0x3EB28,,4,60,1,1,8.2446537,,0.25,2099202,34,0x65A2D;0xF8A4E,Fortify Restoration,,0.25,2099202,34,0x65A2D;0xF8A4E
Salt Pile,0x74A19,Tardiness,0x73F25,0.5,50,5,0,1,0,0,0,1,1,0,MagicAlchHarmful;MagicSlow,0x73F25,0x73F25,,50,5,1,2,17.2466221,,0.5,4200455,34,0x42509;0xB729E,Tardiness,,0.5,4200455,34,0x42509;0xB729E
Salt Pile,0x74A19,Fortify Magicka Regeneration,0x3EB07,0.100000001,5,300,1,0,0,0,1,0,0,0,MagicAlchFortifyMagickaRate;MagicAlchBeneficial,0x3EB07,0x3EB07,,5,300,1,3,24.7571392,,0.100000001,2099202,34,0x65A34;0xF8A4E,Fortify Magicka Regeneration,,0.100000001,2099202,34,0x65A34;0xF8A4E
Saltrice,0xFE00481A,Restore Stamina,0x3EB16,0.300000012,6,0,1,0,0,0,1,0,0,0,MagicAlchRestoreStamina;MagicAlchBeneficial;REQ_Alchemy_RestoreStaminaDuration,0x3EB16,0x3EB16,,6,0,1,0,4.30643272,,0.300000012,2099200,34,0x42504;0xF8A4E;0x866CB3B,Restore Stamina,,0.300000012,2099200,34,0x42504;0xF8A4E;0x866CB3B
Saltrice,0xFE00481A,Fortify Magicka,0x3EAF8,0.150000006,5,60,1,0,0,0,1,0,0,0,MagicAlchFortifyMagicka;MagicAlchBeneficial,0x3EAF8,0x3EAF8,,5,60,1,1,12.6460438,,0.150000006,2099202,34,0x65A33;0xF8A4E,Fortify Magicka,,0.150000006,2099202,34,0x65A33;0xF8A4E
Saltrice,0xFE00481A,Damage Stamina Regeneration,0x73F2C,0.300000012,100,10,0,1,0,0,0,1,1,0,MagicAlchHarmful,0x73F2C,0x73F2C,,100,10,0,2,47.5468025,,0.300000012,4196359,0,0x42509,Damage Stamina Regeneration,,0.300000012,4196359,0,0x42509
Saltrice,0xFE00481A,Restore Health,0x3EB15,0.25,6,0,1,0,0,0,1,0,0,0,MagicAlchRestoreHealth;MagicAlchBeneficial;REQ_Alchemy_RestoreHealthDuration,0x3EB15,0x3EB15,,6,0,1,3,3.58869386,,0.25,2099200,34,0x42503;0xF8A4E;0x866CB38,Restore Health,,0.25,2099200,34,0x42503;0xF8A4E;0x866CB38
Scalon Fin,0xFE00481B,Waterbreathing,0x3AC2D,15,0,8,0,1,1,0,1,0,0,1,MagicAlchBeneficial;MagicAlchDurationBased,0x3AC2D,0x3AC2D,,0,8,1,0,23.4703865,,15,4197378,34,0xF8A4E;0xF8A4F,Waterbreathing,,15,4197378,34,0xF8A4E;0xF8A4F
Scalon Fin,0xFE00481B,Damage Health,0x3EB42,1.5,3,1,1,0,0,0,0,1,1,0,MagicAlchHarmful,0x3EB42,0x3EB42,,3,1,0,1,0.797911286,,1.5,2099205,0,0x42509,Damage Health,,1.5,2099205,0,0x42509
Scalon Fin,0xFE00481B,Lingering Damage Magicka,0x10DE5F,5,2,10,1,0,0,0,0,1,1,0,MagicAlchHarmful,0x10DE5F,0x10DE5F,,2,10,0,2,21.4354706,,5,2099205,0,0x42509,Lingering Damage Magicka,,5,2099205,0,0x42509
Scalon Fin,0xFE00481B,Damage Magicka Regeneration,0x73F2B,0.25,100,10,0,1,0,0,0,1,1,0,MagicAlchHarmful,0x73F2B,0x73F2B,,100,10,0,3,79.2446671,,0.25,4196359,0,0x42509,Damage Magicka Regeneration,,0.25,4196359,0,0x42509
Scaly Pholiota,0x6F950,Weakness to Magic,0x73F51,0.5,2,30,1,0,0,0,0,1,1,0,MagicAlchHarmful;MagicAlchWeaknessMagic,0x73F51,0x73F51,,2,30,1,0,3.58869386,,0.5,2101255,34,0x42509;0x74F51,Weakness to Magic,,0.5,2101255,34,0x42509;0x74F51
Scaly Pholiota,0x6F950,Fortify Illusion,0x3EB27,0.25,4,60,1,0,0,0,1,0,0,0,MagicAlchFortifyIllusion;MagicAlchBeneficial,0x3EB27,0x3EB27,,4,60,1,1,8.2446537,,0.25,2099202,34,0x65A2C;0xF8A4E,Fortify Illusion,,0.25,2099202,34,0x65A2C;0xF8A4E
Scaly Pholiota,0x6F950,Fortify Stamina Regeneration,0x3EB08,0.0500000007,5,300,1,0,0,0,1,0,0,0,MagicAlchFortifyStaminaRate;MagicAlchBeneficial,0x3EB08,0x3EB08,,5,300,1,2,12.3785696,,0.0500000007,2099202,34,0x65A35;0xF8A4E,Fortify Stamina Regeneration,,0.0500000007,2099202,34,0x65A35;0xF8A4E
Scaly Pholiota,0x6F950,Fortify Carry Weight,0x3EB01,0.0724999979,4,300,1,0,0,0,1,0,0,0,MagicAlchFortifyCarryWeight;MagicAlchBeneficial,0x3EB01,0x3EB01,,4,300,1,3,14.0422726,,0.0724999979,2099202,34,0x65A2F;0xF8A4E,Fortify Carry Weight,,0.0724999979,2099202,34,0x65A2F;0xF8A4E
Scathecraw,0x4017E97,Damage Maximum Health,0x73F26,0.25,2,10,1,0,0,0,0,1,1,0,MagicAlchHarmful,0x73F26,0x73F26,,2,10,0,0,0.535886765,,0.25,2099207,0,0x42509,Damage Maximum Health,,0.25,2099207,0,0x42509
Scathecraw,0x4017E97,Damage Maximum Stamina,0x73F23,0.800000012,2,10,1,0,0,0,0,1,1,0,MagicAlchHarmful,0x73F23,0x73F23,,2,10,0,1,1.71483767,,0.800000012,2099207,0,0x42509,Damage Maximum Stamina,,0.800000012,2099207,0,0x42509
Scathecraw,0x4017E97,Damage Maximum Magicka,0x73F27,0.5,2,10,1,0,0,0,0,1,1,0,MagicAlchHarmful,0x73F27,0x73F27,,2,10,0,2,1.07177353,,0.5,2099207,0,0x42509,Damage Maximum Magicka,,0.5,2099207,0,0x42509
Scathecraw,0x4017E97,Lingering Damage Health,0x10AA4A,1.5,1,10,1,0,0,0,0,1,1,0,MagicAlchHarmful,0x10AA4A,0x10AA4A,,1,10,0,3,1.5,,1.5,2099205,0,0x42509,Lingering Damage Health,,1.5,2099205,0,0x42509
Screaming Maw,0x100306E,Fortify Magicka Regeneration,0x3EB07,0.100000001,20,60,1,0,0,0,1,0,0,0,MagicAlchFortifyMagickaRate;MagicAlchBeneficial,0x3EB07,0x3EB07,,20,60,1,0,19.3686523,,0.100000001,2099202,34,0x65A34;0xF8A4E,Fortify Magicka Regeneration,,0.100000001,2099202,34,0x65A34;0xF8A4E
Screaming Maw,0x100306E,Fortify Alteration,0x3EB24,0.25,5,60,1,0,0,0,1,0,0,0,MagicAlchFortifyAlteration;MagicAlchBeneficial,0x3EB24,0x3EB24,,5,60,1,1,8.43069553,,0.25,2099202,34,0x65A1D;0xF8A4E,Fortify Alteration,,0.25,2099202,34,0x65A1D;0xF8A4E
Screaming Maw,0x100306E,Invisibility,0x3EB3D,50,0,1,0,1,1,0,1,0,0,1,MagicInvisibility;MagicAlchBeneficial;MagicAlchDurationBased,0x3EB3D,0x3EB3D,,0,1,0,2,7.94328213,,50,4201474,11,0x1EA6F;0xF8A4E;0xF8A4F,Invisibility,,50,4201474,11,0x1EA6F;0xF8A4E;0xF8A4F
Screaming Maw,0x100306E,Fortify Health Regeneration,0x3EB06,0.0500000007,20,10,1,0,0,0,1,0,0,0,MagicAlchFortifyHealRate;MagicAlchBeneficial,0x3EB06,0x3EB06,,20,10,1,3,2.69856596,,0.0500000007,2099202,34,0x65A30;0xF8A4E,Fortify Health Regeneration,,0.0500000007,2099202,34,0x65A30;0xF8A4E
Scrib Jelly,0xFE00481C,Fortify Magicka Regeneration,0x3EB07,0.100000001,6,300,1,0,0,0,1,0,0,0,MagicAlchFortifyMagickaRate;MagicAlchBeneficial,0x3EB07,0x3EB07,,6,300,1,0,30.2551861,,0.100000001,2099202,34,0x65A34;0xF8A4E,Fortify Magicka Regeneration,,0.100000001,2099202,34,0x65A34;0xF8A4E
Scrib Jelly,0xFE00481C,Cure Poison,0x109ADD,0.200000003,2,0,1,0,0,1,1,0,0,0,MagicAlchBeneficial,0x109ADD,0x109ADD,,2,0,0,1,0.428709418,,0.200000003,2103808,29,0xF8A4E,Cure Poison,,0.200000003,2103808,29,0xF8A4E
Scrib Jelly,0xFE00481C,Cure Disease,0xAE722,0.25,2,0,1,0,0,1,1,0,0,0,MagicAlchBeneficial,0xAE722,0xAE722,,2,0,0,2,1.07177353,,0.25,2103808,3,0xF8A4E,Cure Disease,,0.25,2103808,3,0xF8A4E
Scrib Jelly,0xFE00481C,Fortify Stamina Regeneration,0x3EB08,0.0500000007,6,300,1,0,0,0,1,0,0,0,MagicAlchFortifyStaminaRate;MagicAlchBeneficial,0x3EB08,0x3EB08,,6,300,1,3,30.2551861,,0.0500000007,2099202,34,0x65A35;0xF8A4E,Fortify Stamina Regeneration,,0.0500000007,2099202,34,0x65A35;0xF8A4E
Scrib Jerky,0xFE00481D,Restore Stamina,0x3EB16,0.300000012,6,0,1,0,0,0,1,0,0,0,MagicAlchRestoreStamina;MagicAlchBeneficial;REQ_Alchemy_RestoreStaminaDuration,0x3EB16,0x3EB16,,6,0,1,0,4.30643272,,0.300000012,2099200,34,0x42504;0xF8A4E;0x866CB3B,Restore Stamina,,0.300000012,2099200,34,0x42504;0xF8A4E;0x866CB3B
Scrib Jerky,0xFE00481D,Fortify Stamina,0x3EAF9,0.150000006,5,300,1,0,0,0,1,0,0,0,MagicAlchFortifyStamina;MagicAlchBeneficial,0x3EAF9,0x3EAF9,,5,300,1,1,74.2714157,,0.150000006,2099202,34,0x65A32;0xF8A4E,Fortify Stamina,,0.150000006,2099202,34,0x65A32;0xF8A4E
Scrib Jerky,0xFE00481D,Paralysis,0x73F30,250,0,2,0,1,1,0,0,1,1,0,MagicParalysis;MagicAlchHarmful,0x73F30,0x73F30,,0,2,0,2,85.1339951,,250,4197379,21,0x1EA70;0x42509,Paralysis,,250,4197379,21,0x1EA70;0x42509
Scrib Jerky,0xFE00481D,Waterbreathing,0x3AC2D,15,0,8,0,1,1,0,1,0,0,1,MagicAlchBeneficial;MagicAlchDurationBased,0x3AC2D,0x3AC2D,,0,8,1,3,23.4703865,,15,4197378,34,0xF8A4E;0xF8A4F,Waterbreathing,,15,4197378,34,0xF8A4E;0xF8A4F
Silverside Perch,0x106E1C,Restore Stamina,0x3EB16,0.300000012,1,20,1,0,0,0,1,0,0,0,MagicAlchRestoreStamina;MagicAlchBeneficial;REQ_Alchemy_RestoreStaminaDuration,0x3EB16,0x3EB16,,1,20,1,0,0.643064141,,0.300000012,2099200,34,0x42504;0xF8A4E;0x866CB3B,Restore Stamina,,0.300000012,2099200,34,0x42504;0xF8A4E;0x866CB3B
Silverside Perch,0x106E1C,Damage Stamina Regeneration,0x73F2C,0.300000012,100,5,0,1,0,0,0,1,1,0,MagicAlchHarmful,0x73F2C,0x73F2C,,100,5,0,1,22.1813679,,0.300000012,4196359,0,0x42509,Damage Stamina Regeneration,,0.300000012,4196359,0,0x42509
Silverside Perch,0x106E1C,Damage Maximum Health,0x73F26,0.25,2,10,1,0,0,0,0,1,1,0,MagicAlchHarmful,0x73F26,0x73F26,,2,10,0,2,0.535886765,,0.25,2099207,0,0x42509,Damage Maximum Health,,0.25,2099207,0,0x42509
Silverside Perch,0x106E1C,Resist Frost,0x3EAEB,0.25,3,60,1,0,0,0,1,0,0,0,MagicAlchResistFrost;MagicAlchBeneficial,0x3EAEB,0x3EAEB,,3,60,1,3,6.00813675,,0.25,2101250,34,0x65A38;0xF8A4E,Resist Frost,,0.25,2101250,34,0x65A38;0xF8A4E
Sinderion's Serendipity,0x8AE38E9,Damage Health,0x3EB42,1.5,0,0,1,0,0,0,0,1,1,0,MagicAlchHarmful,0x3EB42,0x3EB42,,0,0,0,0,1.5,,1.5,2099205,0,0x42509,Damage Health,,1.5,2099205,0,0x42509
Sinderion's Serendipity,0x8AE38E9,Damage Stamina,0x3A2C6,0.899999976,0,0,1,0,0,0,0,1,1,0,MagicAlchHarmful,0x3A2C6,0x3A2C6,,0,0,0,1,0.899999976,,0.899999976,2099205,0,0x42509,Damage Stamina,,0.899999976,2099205,0,0x42509
Sinderion's Serendipity,0x8AE38E9,Invisibility,0x3EB3D,50,0,0,0,1,1,0,1,0,0,1,MagicInvisibility;MagicAlchBeneficial;MagicAlchDurationBased,0x3EB3D,0x3EB3D,,0,0,0,2,50,,50,4201474,11,0x1EA6F;0xF8A4E;0xF8A4F,Invisibility,,50,4201474,11,0x1EA6F;0xF8A4E;0xF8A4F
Sinderion's Serendipity,0x8AE38E9,Resist Magic,0x39E51,0.5,0,0,1,0,0,0,1,0,0,0,MagicAlchResistMagic;MagicAlchBeneficial,0x39E51,0x39E51,,0,0,1,3,0.5,,0.5,2103298,34,0x65A3A;0xF8A4E,Resist Magic,,0.5,2103298,34,0x65A3A;0xF8A4E
Skeever Tail,0x3AD6F,Damage Stamina Regeneration,0x73F2C,0.300000012,100,5,0,1,0,0,0,1,1,0,MagicAlchHarmful,0x73F2C,0x73F2C,,100,5,0,0,22.1813679,,0.300000012,4196359,0,0x42509,Damage Stamina Regeneration,,0.300000012,4196359,0,0x42509
Skeever Tail,0x3AD6F,Damage Maximum Health,0x73F26,0.25,2,10,1,0,0,0,0,1,1,0,MagicAlchHarmful,0x73F26,0x73F26,,2,10,0,1,0.535886765,,0.25,2099207,0,0x42509,Damage Maximum Health,,0.25,2099207,0,0x42509
Skeever Tail,0x3AD6F,Damage Health,0x3EB42,1.5,2,1,1,0,0,0,0,1,1,0,MagicAlchHarmful,0x3EB42,0x3EB42,,2,1,0,2,0.255401969,,1.5,2099205,0,0x42509,Damage Health,,1.5,2099205,0,0x42509
Skeever Tail,0x3AD6F,Fortify Armor Rating,0x3EB1F,0.25,6,60,1,0,0,0,1,0,0,0,REQ_Alchemy_FortifyArmorRating;MagicAlchBeneficial,0x3EB1F,0x3EB1F,,6,60,1,3,12.8787231,,0.25,2099202,34,0x65A23;0xF8A4E,Fortify Armor Rating,,0.25,2099202,34,0x65A23;0xF8A4E
Slaughterfish Egg,0x7E8C5,Fortify Pickpocket,0x3EB20,0.25,4,60,1,0,0,0,1,0,0,0,MagicAlchFortifyPickPocket;MagicAlchBeneficial,0x3EB20,0x3EB20,,4,60,1,0,8.2446537,,0.25,2099202,34,0x65A25;0xF8A4E,Fortify Pickpocket,,0.25,2099202,34,0x65A25;0xF8A4E
Slaughterfish Egg,0x7E8C5,Resist Poison,0x90041,0.25,4,60,1,0,0,0,1,0,0,0,MagicAlchBeneficial;MagicAlchResistPoison,0x90041,0x90041,,4,60,1,1,8.2446537,,0.25,2101250,34,0xF8A4E;0x10EB5F,Resist Poison,,0.25,2101250,34,0xF8A4E;0x10EB5F
Slaughterfish Egg,0x7E8C5,Lingering Damage Health,0x10AA4A,1.5,1,10,1,0,0,0,0,1,1,0,MagicAlchHarmful,0x10AA4A,0x10AA4A,,1,10,0,2,1.5,,1.5,2099205,0,0x42509,Lingering Damage Health,,1.5,2099205,0,0x42509
Slaughterfish Egg,0x7E8C5,Fortify Stamina,0x3EAF9,0.150000006,4,60,1,0,0,0,1,0,0,0,MagicAlchFortifyStamina;MagicAlchBeneficial,0x3EAF9,0x3EAF9,,4,60,1,3,4.9467926,,0.150000006,2099202,34,0x65A32;0xF8A4E,Fortify Stamina,,0.150000006,2099202,34,0x65A32;0xF8A4E
Slaughterfish Scales,0x3AD70,Resist Frost,0x3EAEB,0.25,3,60,1,0,0,0,1,0,0,0,MagicAlchResistFrost;MagicAlchBeneficial,0x3EAEB,0x3EAEB,,3,60,1,0,6.00813675,,0.25,2101250,34,0x65A38;0xF8A4E,Resist Frost,,0.25,2101250,34,0x65A38;0xF8A4E
Slaughterfish Scales,0x3AD70,Lingering Damage Health,0x10AA4A,1.5,1,10,1,0,0,0,0,1,1,0,MagicAlchHarmful,0x10AA4A,0x10AA4A,,1,10,0,1,1.5,,1.5,2099205,0,0x42509,Lingering Damage Health,,1.5,2099205,0,0x42509
Slaughterfish Scales,0x3AD70,Fortify Armor Rating,0x3EB1F,0.25,8.39999962,60,1,0,0,0,1,0,0,0,REQ_Alchemy_FortifyArmorRating;MagicAlchBeneficial,0x3EB1F,0x3EB1F,,8.39999962,60,1,2,18.6471996,,0.25,2099202,34,0x65A23;0xF8A4E,Fortify Armor Rating,,0.25,2099202,34,0x65A23;0xF8A4E
Slaughterfish Scales,0x3AD70,Fortify Block,0x3EB1C,0.25,4,60,1,0,0,0,1,0,0,0,MagicAlchFortifyBlock;MagicAlchBeneficial,0x3EB1C,0x3EB1C,,4,60,1,3,8.2446537,,0.25,2099202,34,0x65A1E;0xF8A4E,Fortify Block,,0.25,2099202,34,0x65A1E;0xF8A4E
Sload Soap,0xFE00481E,Resist Fire,0x3EAEA,0.25,4,60,1,0,0,0,1,0,0,0,MagicAlchResistFire;MagicAlchBeneficial,0x3EAEA,0x3EAEA,,4,60,1,0,16.4893074,,0.25,2101250,34,0x65A37;0xF8A4E,Resist Fire,,0.25,2101250,34,0x65A37;0xF8A4E
Sload Soap,0xFE00481E,Fear,0x73F20,2.5,2,30,1,0,0,0,0,1,1,0,MagicAlchHarmful;MagicInfluence;MagicInfluenceFear,0x73F20,0x73F20,,2,30,0,1,35.88694,,2.5,2099207,7,0x42509;0x78098;0x424E0,Fear,,2.5,2099207,7,0x42509;0x78098;0x424E0
Sload Soap,0xFE00481E,Fortify Conjuration,0x3EB25,0.25,6,60,1,0,0,0,1,0,0,0,MagicAlchFortifyConjuration;MagicAlchBeneficial,0x3EB25,0x3EB25,,6,60,1,2,12.8787231,,0.25,2099202,34,0x65A2A;0xF8A4E,Fortify Conjuration,,0.25,2099202,34,0x65A2A;0xF8A4E
Sload Soap,0xFE00481E,Fortify Alteration,0x3EB24,0.25,5,60,1,0,0,0,1,0,0,0,MagicAlchFortifyAlteration;MagicAlchBeneficial,0x3EB24,0x3EB24,,5,60,1,3,8.43069553,,0.25,2099202,34,0x65A1D;0xF8A4E,Fortify Alteration,,0.25,2099202,34,0x65A1D;0xF8A4E
Small Antlers,0x6BC0B,Weakness to Poison,0x90042,0.5,2,30,1,0,0,0,0,1,1,0,MagicAlchHarmful;USKPMagicAlchWeaknessPoison,0x90042,0x90042,,2,30,1,0,3.58869386,,0.5,2101255,34,0x42509;0x706EE3A,Weakness to Poison,,0.5,2101255,34,0x42509;0x706EE3A
Small Antlers,0x6BC0B,Fortify Restoration,0x3EB28,0.25,4,60,1,0,0,0,1,0,0,0,MagicAlchFortifyRestoration;MagicAlchBeneficial,0x3EB28,0x3EB28,,4,60,1,1,8.2446537,,0.25,2099202,34,0x65A2D;0xF8A4E,Fortify Restoration,,0.25,2099202,34,0x65A2D;0xF8A4E
Small Antlers,0x6BC0B,Lingering Damage Stamina,0x10DE5E,0.899999976,1,10,1,0,0,0,0,1,1,0,MagicAlchHarmful,0x10DE5E,0x10DE5E,,1,10,0,2,0.899999976,,0.899999976,2099205,0,0x42509,Lingering Damage Stamina,,0.899999976,2099205,0,0x42509
Small Antlers,0x6BC0B,Damage Health,0x3EB42,1.5,2,1,1,0,0,0,0,1,1,0,MagicAlchHarmful,0x3EB42,0x3EB42,,2,1,0,3,0.255401969,,1.5,2099205,0,0x42509,Damage Health,,1.5,2099205,0,0x42509
Small Pearl,0x85500,Restore Stamina,0x3EB16,0.300000012,1,20,1,0,0,0,1,0,0,0,MagicAlchRestoreStamina;MagicAlchBeneficial;REQ_Alchemy_RestoreStaminaDuration,0x3EB16,0x3EB16,,1,20,1,0,0.643064141,,0.300000012,2099200,34,0x42504;0xF8A4E;0x866CB3B,Restore Stamina,,0.300000012,2099200,34,0x42504;0xF8A4E;0x866CB3B
Small Pearl,0x85500,Fortify One-Handed,0x3EB19,0.25,4,60,1,0,0,0,1,0,0,0,MagicAlchFortifyOneHanded;MagicAlchBeneficial,0x3EB19,0x3EB19,,4,60,1,1,8.2446537,,0.25,2099202,34,0x65A1F;0xF8A4E,Fortify One-Handed,,0.25,2099202,34,0x65A1F;0xF8A4E
Small Pearl,0x85500,Fortify Restoration,0x3EB28,0.25,4,60,1,0,0,0,1,0,0,0,MagicAlchFortifyRestoration;MagicAlchBeneficial,0x3EB28,0x3EB28,,4,60,1,2,8.2446537,,0.25,2099202,34,0x65A2D;0xF8A4E,Fortify Restoration,,0.25,2099202,34,0x65A2D;0xF8A4E
Small Pearl,0x85500,Resist Frost,0x3EAEB,0.25,3,60,1,0,0,0,1,0,0,0,MagicAlchResistFrost;MagicAlchBeneficial,0x3EAEB,0x3EAEB,,3,60,1,3,6.00813675,,0.25,2101250,34,0x65A38;0xF8A4E,Resist Frost,,0.25,2101250,34,0x65A38;0xF8A4E
Snowberries,0x1B3BD,Resist Fire,0x3EAEA,0.25,2,60,1,0,0,0,1,0,0,0,MagicAlchResistFire;MagicAlchBeneficial,0x3EAEA,0x3EAEA,,2,60,1,0,3.84626675,,0.25,2101250,34,0x65A37;0xF8A4E,Resist Fire,,0.25,2101250,34,0x65A37;0xF8A4E
Snowberries,0x1B3BD,Fortify Stamina Regeneration,0x3EB08,0.0500000007,1,20,1,0,0,0,1,0,0,0,MagicAlchFortifyStaminaRate;MagicAlchBeneficial,0x3EB08,0x3EB08,,1,20,1,1,0.107177354,,0.0500000007,2099202,34,0x65A35;0xF8A4E,Fortify Stamina Regeneration,,0.0500000007,2099202,34,0x65A35;0xF8A4E
Snowberries,0x1B3BD,Resist Frost,0x3EAEB,0.25,2,60,1,0,0,0,1,0,0,0,MagicAlchResistFrost;MagicAlchBeneficial,0x3EAEB,0x3EAEB,,2,60,1,2,3.84626675,,0.25,2101250,34,0x65A38;0xF8A4E,Resist Frost,,0.25,2101250,34,0x65A38;0xF8A4E
Snowberries,0x1B3BD,Resist Shock,0x3EAEC,0.25,2,60,1,0,0,0,1,0,0,0,MagicAlchResistShock;MagicAlchBeneficial,0x3EAEC,0x3EAEC,,2,60,1,3,3.84626675,,0.25,2101250,34,0x65A39;0xF8A4E,Resist Shock,,0.25,2101250,34,0x65A39;0xF8A4E
Spadefish,0x50008F3,Restore Health,0x3EB15,0.25,1,20,1,0,0,0,1,0,0,0,MagicAlchRestoreHealth;MagicAlchBeneficial;REQ_Alchemy_RestoreHealthDuration,0x3EB15,0x3EB15,,1,20,1,0,0.535886765,,0.25,2099200,34,0x42503;0xF8A4E;0x866CB38,Restore Health,,0.25,2099200,34,0x42503;0xF8A4E;0x866CB38
Spadefish,0x50008F3,Fortify Lockpicking,0x3EB21,0.5,0.200000003,30,1,0,0,0,1,0,0,0,MagicAlchFortifyLockpicking;MagicAlchBeneficial,0x3EB21,0x3EB21,,0.200000003,30,1,1,1.6741848,,0.5,2099202,34,0x65A26;0xF8A4E,Fortify Lockpicking,,0.5,2099202,34,0x65A26;0xF8A4E
Spadefish,0x50008F3,Fortify Pickpocket,0x3EB20,0.25,4,60,1,0,0,0,1,0,0,0,MagicAlchFortifyPickPocket;MagicAlchBeneficial,0x3EB20,0x3EB20,,4,60,1,2,8.2446537,,0.25,2099202,34,0x65A25;0xF8A4E,Fortify Pickpocket,,0.25,2099202,34,0x65A25;0xF8A4E
Spadefish,0x50008F3,Cure Disease,0xAE722,0.25,5,0,1,0,0,1,1,0,0,0,MagicAlchBeneficial,0xAE722,0xAE722,,5,0,0,3,1.46827376,,0.25,2103808,3,0xF8A4E,Cure Disease,,0.25,2103808,3,0xF8A4E
Spawn Ash,0x401CD6D,Damage Maximum Stamina,0x73F23,0.800000012,2,10,1,0,0,0,0,1,1,0,MagicAlchHarmful,0x73F23,0x73F23,,2,10,0,0,1.71483767,,0.800000012,2099207,0,0x42509,Damage Maximum Stamina,,0.800000012,2099207,0,0x42509
Spawn Ash,0x401CD6D,Resist Fire,0x3EAEA,0.25,2,60,1,0,0,0,1,0,0,0,MagicAlchResistFire;MagicAlchBeneficial,0x3EAEA,0x3EAEA,,2,60,1,1,3.84626675,,0.25,2101250,34,0x65A37;0xF8A4E,Resist Fire,,0.25,2101250,34,0x65A37;0xF8A4E
Spawn Ash,0x401CD6D,Fortify Illusion,0x3EB27,0.25,3,60,1,0,0,0,1,0,0,0,MagicAlchFortifyIllusion;MagicAlchBeneficial,0x3EB27,0x3EB27,,3,60,1,2,6.00813675,,0.25,2099202,34,0x65A2C;0xF8A4E,Fortify Illusion,,0.25,2099202,34,0x65A2C;0xF8A4E
Spawn Ash,0x401CD6D,Damage Maximum Magicka,0x73F27,0.5,2,10,1,0,0,0,0,1,1,0,MagicAlchHarmful,0x73F27,0x73F27,,2,10,0,3,1.07177353,,0.5,2099207,0,0x42509,Damage Maximum Magicka,,0.5,2099207,0,0x42509
Spider Egg,0x9151B,Damage Stamina,0x3A2C6,0.899999976,3,0,1,0,0,0,0,1,1,0,MagicAlchHarmful,0x3A2C6,0x3A2C6,,3,0,0,0,3.01353264,,0.899999976,2099205,0,0x42509,Damage Stamina,,0.899999976,2099205,0,0x42509
Spider Egg,0x9151B,Damage Magicka Regeneration,0x73F2B,0.25,100,5,0,1,0,0,0,1,1,0,MagicAlchHarmful,0x73F2B,0x73F2B,,100,5,0,1,18.4844723,,0.25,4196359,0,0x42509,Damage Magicka Regeneration,,0.25,4196359,0,0x42509
Spider Egg,0x9151B,Fortify Lockpicking,0x3EB21,0.5,0.200000003,30,1,0,0,0,1,0,0,0,MagicAlchFortifyLockpicking;MagicAlchBeneficial,0x3EB21,0x3EB21,,0.200000003,30,1,2,1.6741848,,0.5,2099202,34,0x65A26;0xF8A4E,Fortify Lockpicking,,0.5,2099202,34,0x65A26;0xF8A4E
Spider Egg,0x9151B,Fortify Marksman,0x3EB1B,0.25,4,60,1,0,0,0,1,0,0,0,MagicAlchFortifyMarksman;MagicAlchBeneficial,0x3EB1B,0x3EB1B,,4,60,1,3,8.2446537,,0.25,2099202,34,0x65A21;0xF8A4E,Fortify Marksman,,0.25,2099202,34,0x65A21;0xF8A4E
Spriggan Sap,0x63B5F,Damage Magicka Regeneration,0x73F2B,0.25,100,5,0,1,0,0,0,1,1,0,MagicAlchHarmful,0x73F2B,0x73F2B,,100,5,0,0,18.4844723,,0.25,4196359,0,0x42509,Damage Magicka Regeneration,,0.25,4196359,0,0x42509
Spriggan Sap,0x63B5F,Fortify Illusion,0x3EB27,0.25,4,60,1,0,0,0,1,0,0,0,MagicAlchFortifyIllusion;MagicAlchBeneficial,0x3EB27,0x3EB27,,4,60,1,1,8.2446537,,0.25,2099202,34,0x65A2C;0xF8A4E,Fortify Illusion,,0.25,2099202,34,0x65A2C;0xF8A4E
Spriggan Sap,0x63B5F,Fortify Restoration,0x3EB28,0.25,4,60,1,0,0,0,1,0,0,0,MagicAlchFortifyRestoration;MagicAlchBeneficial,0x3EB28,0x3EB28,,4,60,1,2,8.2446537,,0.25,2099202,34,0x65A2D;0xF8A4E,Fortify Restoration,,0.25,2099202,34,0x65A2D;0xF8A4E
Spriggan Sap,0x63B5F,Fortify Alteration,0x3EB24,0.25,4,60,1,0,0,0,1,0,0,0,MagicAlchFortifyAlteration;MagicAlchBeneficial,0x3EB24,0x3EB24,,4,60,1,3,8.2446537,,0.25,2099202,34,0x65A1D;0xF8A4E,Fortify Alteration,,0.25,2099202,34,0x65A1D;0xF8A4E
Stoneflower Petals,0xFE00481F,Weakness to Shock,0x73F2F,0.349999994,4,30,1,0,0,0,0,1,1,0,MagicAlchHarmful;MagicAlchWeaknessShock,0x73F2F,0x73F2F,,4,30,1,0,10.7695465,,0.349999994,2101255,34,0x42509;0x74F50,Weakness to Shock,,0.349999994,2101255,34,0x42509;0x74F50
Stoneflower Petals,0xFE00481F,Fortify One-Handed,0x3EB19,0.25,5,60,1,0,0,0,1,0,0,0,MagicAlchFortifyOneHanded;MagicAlchBeneficial,0x3EB19,0x3EB19,,5,60,1,1,21.0767384,,0.25,2099202,34,0x65A1F;0xF8A4E,Fortify One-Handed,,0.25,2099202,34,0x65A1F;0xF8A4E
Stoneflower Petals,0xFE00481F,Fortify Magicka,0x3EAF8,0.150000006,5,60,1,0,0,0,1,0,0,0,MagicAlchFortifyMagicka;MagicAlchBeneficial,0x3EAF8,0x3EAF8,,5,60,1,2,12.6460438,,0.150000006,2099202,34,0x65A33;0xF8A4E,Fortify Magicka,,0.150000006,2099202,34,0x65A33;0xF8A4E
Stoneflower Petals,0xFE00481F,Fortify Enchanting,0x3EB29,0.25,2,30,1,0,0,0,1,0,0,0,MagicAlchFortifyEnchanting;MagicAlchBeneficial,0x3EB29,0x3EB29,,2,30,1,3,4.30643272,,0.25,2099202,34,0x65A2E;0xF8A4E,Fortify Enchanting,,0.25,2099202,34,0x65A2E;0xF8A4E
Strange Remains,0x807524B,Invisibility,0x3EB3D,50,0,60,0,1,1,0,1,0,0,1,MagicInvisibility;MagicAlchBeneficial;MagicAlchDurationBased,0x3EB3D,0x3EB3D,,0,60,0,0,358.869385,,50,4201474,11,0x1EA6F;0xF8A4E;0xF8A4F,Invisibility,,50,4201474,11,0x1EA6F;0xF8A4E;0xF8A4F
Strange Remains,0x807524B,Soulreaping,0x820B30F,15,0,10,0,1,1,0,0,1,1,0,MagicAlchHarmful,0x820B30F,0x820B30F,,0,10,0,1,15,,15,4201475,1,0x42509,Soulreaping,,15,4201475,1,0x42509
Strange Remains,0x807524B,Fortify Destruction,0x3EB26,0.25,5,60,1,0,0,0,1,0,0,0,MagicAlchFortifyDestruction;MagicAlchBeneficial,0x3EB26,0x3EB26,,5,60,1,2,10.5383692,,0.25,2099202,34,0x65A2B;0xF8A4E,Fortify Destruction,,0.25,2099202,34,0x65A2B;0xF8A4E
Strange Remains,0x807524B,Resist Shock,0x3EAEC,0.25,5,60,1,0,0,0,1,0,0,0,MagicAlchResistShock;MagicAlchBeneficial,0x3EAEC,0x3EAEC,,5,60,1,3,10.5383692,,0.25,2101250,34,0x65A39;0xF8A4E,Resist Shock,,0.25,2101250,34,0x65A39;0xF8A4E
Swamp Fungal Pod,0x7E8B7,Resist Shock,0x3EAEC,0.25,3,60,1,0,0,0,1,0,0,0,MagicAlchResistShock;MagicAlchBeneficial,0x3EAEC,0x3EAEC,,3,60,1,0,6.00813675,,0.25,2101250,34,0x65A39;0xF8A4E,Resist Shock,,0.25,2101250,34,0x65A39;0xF8A4E
Swamp Fungal Pod,0x7E8B7,Lingering Damage Magicka,0x10DE5F,5,1,10,1,0,0,0,0,1,1,0,MagicAlchHarmful,0x10DE5F,0x10DE5F,,1,10,0,1,5,,5,2099205,0,0x42509,Lingering Damage Magicka,,5,2099205,0,0x42509
Swamp Fungal Pod,0x7E8B7,Damage Health,0x3EB42,1.5,5,1,1,0,0,0,0,1,1,0,MagicAlchHarmful,0x3EB42,0x3EB42,,5,1,0,2,0.699774742,,1.5,2099205,0,0x42509,Damage Health,,1.5,2099205,0,0x42509
Swamp Fungal Pod,0x7E8B7,Restore Health,0x3EB15,0.25,1,20,1,0,0,0,1,0,0,0,MagicAlchRestoreHealth;MagicAlchBeneficial;REQ_Alchemy_RestoreHealthDuration,0x3EB15,0x3EB15,,1,20,1,3,0.535886765,,0.25,2099200,34,0x42503;0xF8A4E;0x866CB38,Restore Health,,0.25,2099200,34,0x42503;0xF8A4E;0x866CB38
Taproot,0x3AD71,Weakness to Magic,0x73F51,0.5,2,30,1,0,0,0,0,1,1,0,MagicAlchHarmful;MagicAlchWeaknessMagic,0x73F51,0x73F51,,2,30,1,0,3.58869386,,0.5,2101255,34,0x42509;0x74F51,Weakness to Magic,,0.5,2101255,34,0x42509;0x74F51
Taproot,0x3AD71,Fortify Illusion,0x3EB27,0.25,4,60,1,0,0,0,1,0,0,0,MagicAlchFortifyIllusion;MagicAlchBeneficial,0x3EB27,0x3EB27,,4,60,1,1,8.2446537,,0.25,2099202,34,0x65A2C;0xF8A4E,Fortify Illusion,,0.25,2099202,34,0x65A2C;0xF8A4E
Taproot,0x3AD71,Fortify Magicka Regeneration,0x3EB07,0.100000001,5,300,1,0,0,0,1,0,0,0,MagicAlchFortifyMagickaRate;MagicAlchBeneficial,0x3EB07,0x3EB07,,5,300,1,2,24.7571392,,0.100000001,2099202,34,0x65A34;0xF8A4E,Fortify Magicka Regeneration,,0.100000001,2099202,34,0x65A34;0xF8A4E
Taproot,0x3AD71,Restore Magicka,0x3EB17,0.300000012,1,20,1,0,0,0,1,0,0,0,MagicAlchRestoreMagicka;MagicAlchBeneficial;REQ_Alchemy_RestoreMagickaDuration,0x3EB17,0x3EB17,,1,20,1,3,0.643064141,,0.300000012,2099200,34,0x42508;0xF8A4E;0x866CB3A,Restore Magicka,,0.300000012,2099200,34,0x42508;0xF8A4E;0x866CB3A
Thistle Branch,0x134AA,Resist Frost,0x3EAEB,0.25,3,60,1,0,0,0,1,0,0,0,MagicAlchResistFrost;MagicAlchBeneficial,0x3EAEB,0x3EAEB,,3,60,1,0,6.00813675,,0.25,2101250,34,0x65A38;0xF8A4E,Resist Frost,,0.25,2101250,34,0x65A38;0xF8A4E
Thistle Branch,0x134AA,Damage Maximum Stamina,0x73F23,0.800000012,2,10,1,0,0,0,0,1,1,0,MagicAlchHarmful,0x73F23,0x73F23,,2,10,0,1,1.71483767,,0.800000012,2099207,0,0x42509,Damage Maximum Stamina,,0.800000012,2099207,0,0x42509
Thistle Branch,0x134AA,Resist Poison,0x90041,0.25,3,0,1,0,0,0,1,0,0,0,MagicAlchBeneficial;MagicAlchResistPoison,0x90041,0x90041,,3,0,1,2,0.8370924,,0.25,2101250,34,0xF8A4E;0x10EB5F,Resist Poison,,0.25,2101250,34,0xF8A4E;0x10EB5F
Thistle Branch,0x134AA,Fortify Armor Rating,0x3EB1F,0.25,6,60,1,0,0,0,1,0,0,0,REQ_Alchemy_FortifyArmorRating;MagicAlchBeneficial,0x3EB1F,0x3EB1F,,6,60,1,3,12.8787231,,0.25,2099202,34,0x65A23;0xF8A4E,Fortify Armor Rating,,0.25,2099202,34,0x65A23;0xF8A4E
Thorn Hook,0x100306F,Lingering Damage Health,0x10AA4A,1.5,1,10,1,0,0,0,0,1,1,0,MagicAlchHarmful,0x10AA4A,0x10AA4A,,1,10,0,0,12,,1.5,2099205,0,0x42509,Lingering Damage Health,,1.5,2099205,0,0x42509
Thorn Hook,0x100306F,Paralysis,0x73F30,250,0,1,0,1,1,0,0,1,1,0,MagicParalysis;MagicAlchHarmful,0x73F30,0x73F30,,0,1,0,1,39.7164116,,250,4197379,21,0x1EA70;0x42509,Paralysis,,250,4197379,21,0x1EA70;0x42509
Thorn Hook,0x100306F,Fortify Magicka Regeneration,0x3EB07,0.100000001,3,180,1,0,0,0,1,0,0,0,MagicAlchFortifyMagickaRate;MagicAlchBeneficial,0x3EB07,0x3EB07,,3,180,1,2,8.04698467,,0.100000001,2099202,34,0x65A34;0xF8A4E,Fortify Magicka Regeneration,,0.100000001,2099202,34,0x65A34;0xF8A4E
Thorn Hook,0x100306F,Fortify Health Regeneration,0x3EB06,0.0500000007,3,180,1,0,0,0,1,0,0,0,MagicAlchFortifyHealRate;MagicAlchBeneficial,0x3EB06,0x3EB06,,3,180,1,3,8.04698467,,0.0500000007,2099202,34,0x65A30;0xF8A4E,Fortify Health Regeneration,,0.0500000007,2099202,34,0x65A30;0xF8A4E
Torchbug Thorax,0x4DA73,Restore Stamina,0x3EB16,0.300000012,1,20,1,0,0,0,1,0,0,0,MagicAlchRestoreStamina;MagicAlchBeneficial;REQ_Alchemy_RestoreStaminaDuration,0x3EB16,0x3EB16,,1,20,1,0,0.643064141,,0.300000012,2099200,34,0x42504;0xF8A4E;0x866CB3B,Restore Stamina,,0.300000012,2099200,34,0x42504;0xF8A4E;0x866CB3B
Torchbug Thorax,0x4DA73,Lingering Damage Magicka,0x10DE5F,5,1,10,1,0,0,0,0,1,1,0,MagicAlchHarmful,0x10DE5F,0x10DE5F,,1,10,0,1,5,,5,2099205,0,0x42509,Lingering Damage Magicka,,5,2099205,0,0x42509
Torchbug Thorax,0x4DA73,Weakness to Magic,0x73F51,0.5,2,30,1,0,0,0,0,1,1,0,MagicAlchHarmful;MagicAlchWeaknessMagic,0x73F51,0x73F51,,2,30,1,2,3.58869386,,0.5,2101255,34,0x42509;0x74F51,Weakness to Magic,,0.5,2101255,34,0x42509;0x74F51
Torchbug Thorax,0x4DA73,Fortify Stamina,0x3EAF9,0.150000006,4,60,1,0,0,0,1,0,0,0,MagicAlchFortifyStamina;MagicAlchBeneficial,0x3EAF9,0x3EAF9,,4,60,1,3,4.9467926,,0.150000006,2099202,34,0x65A32;0xF8A4E,Fortify Stamina,,0.150000006,2099202,34,0x65A32;0xF8A4E
Trama Root,0x4017008,Weakness to Shock,0x73F2F,0.349999994,3,30,1,0,0,0,0,1,1,0,MagicAlchHarmful;MagicAlchWeaknessShock,0x73F2F,0x73F2F,,3,30,1,0,3.92405272,,0.349999994,2101255,34,0x42509;0x74F50,Weakness to Shock,,0.349999994,2101255,34,0x42509;0x74F50
Trama Root,0x4017008,Fortify Carry Weight,0x3EB01,0.0724999979,4,300,1,0,0,0,1,0,0,0,MagicAlchFortifyCarryWeight;MagicAlchBeneficial,0x3EB01,0x3EB01,,4,300,1,1,14.0422726,,0.0724999979,2099202,34,0x65A2F;0xF8A4E,Fortify Carry Weight,,0.0724999979,2099202,34,0x65A2F;0xF8A4E
Trama Root,0x4017008,Damage Magicka,0x3A2B6,1.10000002,3,0,1,0,0,0,0,1,1,0,MagicAlchHarmful,0x3A2B6,0x3A2B6,,3,0,0,2,3.68320656,,1.10000002,2099205,0,0x42509,Damage Magicka,,1.10000002,2099205,0,0x42509
Trama Root,0x4017008,Tardiness,0x73F25,0.5,50,5,0,1,0,0,0,1,1,0,MagicAlchHarmful;MagicSlow,0x73F25,0x73F25,,50,5,1,3,17.2466221,,0.5,4200455,34,0x42509;0xB729E,Tardiness,,0.5,4200455,34,0x42509;0xB729E
Troll Fat,0x3AD72,Resist Poison,0x90041,0.25,4,60,1,0,0,0,1,0,0,0,MagicAlchBeneficial;MagicAlchResistPoison,0x90041,0x90041,,4,60,1,0,8.2446537,,0.25,2101250,34,0xF8A4E;0x10EB5F,Resist Poison,,0.25,2101250,34,0xF8A4E;0x10EB5F
Troll Fat,0x3AD72,Fortify Two-Handed,0x3EB1A,0.25,4,60,1,0,0,0,1,0,0,0,MagicAlchFortifyTwoHanded;MagicAlchBeneficial,0x3EB1A,0x3EB1A,,4,60,1,1,8.2446537,,0.25,2099202,34,0x65A20;0xF8A4E,Fortify Two-Handed,,0.25,2099202,34,0x65A20;0xF8A4E
Troll Fat,0x3AD72,Frenzy,0x73F29,7.5,2,20,1,0,0,0,0,1,1,0,MagicAlchHarmful;MagicInfluence;MagicInfluenceFrenzy,0x73F29,0x73F29,,2,20,0,2,34.4609528,,7.5,2099207,8,0x42509;0x78098;0xC44B6,Frenzy,,7.5,2099207,8,0x42509;0x78098;0xC44B6
Troll Fat,0x3AD72,Damage Health,0x3EB42,1.5,2,1,1,0,0,0,0,1,1,0,MagicAlchHarmful,0x3EB42,0x3EB42,,2,1,0,3,0.255401969,,1.5,2099205,0,0x42509,Damage Health,,1.5,2099205,0,0x42509
Tundra Cotton,0x3F7F8,Resist Magic,0x39E51,0.5,1,60,1,0,0,0,1,0,0,0,MagicAlchResistMagic;MagicAlchBeneficial,0x39E51,0x39E51,,1,60,1,0,3.58869386,,0.5,2103298,34,0x65A3A;0xF8A4E,Resist Magic,,0.5,2103298,34,0x65A3A;0xF8A4E
Tundra Cotton,0x3F7F8,Fortify Magicka,0x3EAF8,0.150000006,3,60,1,0,0,0,1,0,0,0,MagicAlchFortifyMagicka;MagicAlchBeneficial,0x3EAF8,0x3EAF8,,3,60,1,1,3.60488224,,0.150000006,2099202,34,0x65A33;0xF8A4E,Fortify Magicka,,0.150000006,2099202,34,0x65A33;0xF8A4E
Tundra Cotton,0x3F7F8,Fortify Block,0x3EB1C,0.25,3,60,1,0,0,0,1,0,0,0,MagicAlchFortifyBlock;MagicAlchBeneficial,0x3EB1C,0x3EB1C,,3,60,1,2,6.00813675,,0.25,2099202,34,0x65A1E;0xF8A4E,Fortify Block,,0.25,2099202,34,0x65A1E;0xF8A4E
Tundra Cotton,0x3F7F8,Fortify Barter,0x3EB23,1,2,30,1,0,0,0,1,0,0,0,MagicAlchFortifySpeechcraft;MagicAlchBeneficial,0x3EB23,0x3EB23,,2,30,1,3,7.17738771,,1,2099202,34,0x65A29;0xF8A4E,Fortify Barter,,1,2099202,34,0x65A29;0xF8A4E
Vampire Dust,0x3AD76,Sanguinare Vampiris,0x84F6D1D,0,20,4,0,0,0,0,1,0,0,0,,0x84F6D1D,0x84F6D1D,,20,4,0,0,0,,0,2052,0,,Sanguinare Vampiris,,0,2052,0,
Vampire Dust,0x3AD76,Soulreaping,0x820B30F,15,0,10,0,1,1,0,0,1,1,0,MagicAlchHarmful,0x820B30F,0x820B30F,,0,10,0,1,15,,15,4201475,1,0x42509,Soulreaping,,15,4201475,1,0x42509
Vampire Dust,0x3AD76,Invisibility,0x3EB3D,50,0,15,0,1,1,0,1,0,0,1,MagicInvisibility;MagicAlchBeneficial;MagicAlchDurationBased,0x3EB3D,0x3EB3D,,0,15,0,2,78.1034851,,50,4201474,11,0x1EA6F;0xF8A4E;0xF8A4F,Invisibility,,50,4201474,11,0x1EA6F;0xF8A4E;0xF8A4F
Vampire Dust,0x3AD76,Cure Poison,0x109ADD,0.200000003,5,0,1,0,0,1,1,0,0,0,MagicAlchBeneficial,0x109ADD,0x109ADD,,5,0,0,3,1.17461908,,0.200000003,2103808,29,0xF8A4E,Cure Poison,,0.200000003,2103808,29,0xF8A4E
Venomous Spittle,0x844C4A8,Lingering Damage Health,0x10AA4A,1.5,1,60,1,0,0,0,0,1,1,0,MagicAlchHarmful,0x10AA4A,0x10AA4A,,1,60,0,0,10.7660818,,1.5,2099205,0,0x42509,Lingering Damage Health,,1.5,2099205,0,0x42509
Venomous Spittle,0x844C4A8,Damage Health,0x3EB42,1.5,10,1,1,0,0,0,0,1,1,0,MagicAlchHarmful,0x3EB42,0x3EB42,,10,1,0,1,1.5,,1.5,2099205,0,0x42509,Damage Health,,1.5,2099205,0,0x42509
Venomous Spittle,0x844C4A8,Lingering Damage Stamina,0x10DE5E,0.899999976,1,60,1,0,0,0,0,1,1,0,MagicAlchHarmful,0x10DE5E,0x10DE5E,,1,60,0,2,6.45964861,,0.899999976,2099205,0,0x42509,Lingering Damage Stamina,,0.899999976,2099205,0,0x42509
Venomous Spittle,0x844C4A8,Paralysis,0x73F30,250,0,1,0,1,1,0,0,1,1,0,MagicParalysis;MagicAlchHarmful,0x73F30,0x73F30,,0,1,0,3,19.8582058,,250,4197379,21,0x1EA70;0x42509,Paralysis,,250,4197379,21,0x1EA70;0x42509
Void Essence,0xFE004820,Restore Health,0x3EB15,0.25,6,0,1,0,0,0,1,0,0,0,MagicAlchRestoreHealth;MagicAlchBeneficial;REQ_Alchemy_RestoreHealthDuration,0x3EB15,0x3EB15,,6,0,1,0,3.58869386,,0.25,2099200,34,0x42503;0xF8A4E;0x866CB38,Restore Health,,0.25,2099200,34,0x42503;0xF8A4E;0x866CB38
Void Essence,0xFE004820,Fortify Health,0x3EAF3,0.200000003,5,300,1,0,0,0,1,0,0,0,MagicAlchFortifyHealth;MagicAlchBeneficial,0x3EAF3,0x3EAF3,,5,300,1,1,86.6499786,,0.200000003,2099202,34,0x65A31;0xF8A4E,Fortify Health,,0.200000003,2099202,34,0x65A31;0xF8A4E
Void Essence,0xFE004820,Fortify Stamina,0x3EAF9,0.150000006,5,300,1,0,0,0,1,0,0,0,MagicAlchFortifyStamina;MagicAlchBeneficial,0x3EAF9,0x3EAF9,,5,300,1,2,74.2714157,,0.150000006,2099202,34,0x65A32;0xF8A4E,Fortify Stamina,,0.150000006,2099202,34,0x65A32;0xF8A4E
Void Essence,0xFE004820,Fortify Health Regeneration,0x3EB06,0.0500000007,6,300,1,0,0,0,1,0,0,0,MagicAlchFortifyHealRate;MagicAlchBeneficial,0x3EB06,0x3EB06,,6,300,1,3,30.2551861,,0.0500000007,2099202,34,0x65A30;0xF8A4E,Fortify Health Regeneration,,0.0500000007,2099202,34,0x65A30;0xF8A4E
Void Salts,0x3AD60,Weakness to Shock,0x73F2F,0.349999994,20,30,1,0,0,0,0,1,1,0,MagicAlchHarmful;MagicAlchWeaknessShock,0x73F2F,0x73F2F,,20,30,1,0,31.6252861,,0.349999994,2101255,34,0x42509;0x74F50,Weakness to Shock,,0.349999994,2101255,34,0x42509;0x74F50
Void Salts,0x3AD60,Resist Magic,0x39E51,0.5,3,300,1,0,0,0,1,0,0,0,MagicAlchResistMagic;MagicAlchBeneficial,0x39E51,0x39E51,,3,300,1,1,70.5727158,,0.5,2103298,34,0x65A3A;0xF8A4E,Resist Magic,,0.5,2103298,34,0x65A3A;0xF8A4E
Void Salts,0x3AD60,Damage Health,0x3EB42,1.5,10,1,1,0,0,0,0,1,1,0,MagicAlchHarmful,0x3EB42,0x3EB42,,10,1,0,2,1.5,,1.5,2099205,0,0x42509,Damage Health,,1.5,2099205,0,0x42509
Void Salts,0x3AD60,Fortify Magicka,0x3EAF8,0.150000006,8,300,1,0,0,0,1,0,0,0,MagicAlchFortifyMagicka;MagicAlchBeneficial,0x3EAF8,0x3EAF8,,8,300,1,3,62.2764282,,0.150000006,2099202,34,0x65A33;0xF8A4E,Fortify Magicka,,0.150000006,2099202,34,0x65A33;0xF8A4E
Watcher's Eye,0xFE004821,Night Eye,0xFE004803,0.75,0,60,0,1,0,0,1,0,0,0,MagicNightEye,0xFE004803,0xFE004803,,0,60,0,0,5.3830409,,0.75,138545408,1,0xAD7C6,Night Eye,,0.75,138545408,1,0xAD7C6
Watcher's Eye,0xFE004821,Fortify Magicka,0x3EAF8,0.150000006,5,60,1,0,0,0,1,0,0,0,MagicAlchFortifyMagicka;MagicAlchBeneficial,0x3EAF8,0x3EAF8,,5,60,1,1,12.6460438,,0.150000006,2099202,34,0x65A33;0xF8A4E,Fortify Magicka,,0.150000006,2099202,34,0x65A33;0xF8A4E
Watcher's Eye,0xFE004821,Fortify Illusion,0x3EB27,0.25,5,60,1,0,0,0,1,0,0,0,MagicAlchFortifyIllusion;MagicAlchBeneficial,0x3EB27,0x3EB27,,5,60,1,2,16.8613911,,0.25,2099202,34,0x65A2C;0xF8A4E,Fortify Illusion,,0.25,2099202,34,0x65A2C;0xF8A4E
Watcher's Eye,0xFE004821,Spell Absorption,0xFE004812,0.100000001,50,60,0,1,0,0,1,0,0,0,MagicAlchBeneficial,0xFE004812,0xFE004812,,50,60,1,3,53.0680923,,0.100000001,4194306,34,0xF8A4E,Spell Absorption,,0.100000001,4194306,34,0xF8A4E
Wheat,0x4B0BA,Restore Health,0x3EB15,0.25,0.5,20,1,0,0,0,1,0,0,0,MagicAlchRestoreHealth;MagicAlchBeneficial;REQ_Alchemy_RestoreHealthDuration,0x3EB15,0x3EB15,,0.5,20,1,0,0.535886765,,0.25,2099200,34,0x42503;0xF8A4E;0x866CB38,Restore Health,,0.25,2099200,34,0x42503;0xF8A4E;0x866CB38
Wheat,0x4B0BA,Fortify Health,0x3EAF3,0.200000003,2,60,1,0,0,0,1,0,0,0,MagicAlchFortifyHealth;MagicAlchBeneficial,0x3EAF3,0x3EAF3,,2,60,1,1,3.07701349,,0.200000003,2099202,34,0x65A31;0xF8A4E,Fortify Health,,0.200000003,2099202,34,0x65A31;0xF8A4E
Wheat,0x4B0BA,Damage Stamina Regeneration,0x73F2C,0.300000012,100,5,0,1,0,0,0,1,1,0,MagicAlchHarmful,0x73F2C,0x73F2C,,100,5,0,2,22.1813679,,0.300000012,4196359,0,0x42509,Damage Stamina Regeneration,,0.300000012,4196359,0,0x42509
Wheat,0x4B0BA,Lingering Damage Magicka,0x10DE5F,5,1,10,1,0,0,0,0,1,1,0,MagicAlchHarmful,0x10DE5F,0x10DE5F,,1,10,0,3,5,,5,2099205,0,0x42509,Lingering Damage Magicka,,5,2099205,0,0x42509
White Cap,0x4DA22,Weakness to Frost,0x73F2E,0.25,3,30,1,0,0,0,0,1,1,0,MagicAlchHarmful;MagicAlchWeaknessFrost,0x73F2E,0x73F2E,,3,30,1,0,2.80289483,,0.25,2101255,34,0x42509;0x74F4F,Weakness to Frost,,0.25,2101255,34,0x42509;0x74F4F
White Cap,0x4DA22,Fortify Armor Rating,0x3EB1F,0.25,6,60,1,0,0,0,1,0,0,0,REQ_Alchemy_FortifyArmorRating;MagicAlchBeneficial,0x3EB1F,0x3EB1F,,6,60,1,1,12.8787231,,0.25,2099202,34,0x65A23;0xF8A4E,Fortify Armor Rating,,0.25,2099202,34,0x65A23;0xF8A4E
White Cap,0x4DA22,Restore Magicka,0x3EB17,0.300000012,0.5,20,1,0,0,0,1,0,0,0,MagicAlchRestoreMagicka;MagicAlchBeneficial;REQ_Alchemy_RestoreMagickaDuration,0x3EB17,0x3EB17,,0.5,20,1,2,0.643064141,,0.300000012,2099200,34,0x42508;0xF8A4E;0x866CB3A,Restore Magicka,,0.300000012,2099200,34,0x42508;0xF8A4E;0x866CB3A
White Cap,0x4DA22,Damage Maximum Magicka,0x73F27,0.5,2,10,1,0,0,0,0,1,1,0,MagicAlchHarmful,0x73F27,0x73F27,,2,10,0,3,1.07177353,,0.5,2099207,0,0x42509,Damage Maximum Magicka,,0.5,2099207,0,0x42509
Wisp Stalk Caps,0xFE004823,Damage Health,0x3EB42,1.5,3,1,1,0,0,0,0,1,1,0,MagicAlchHarmful,0x3EB42,0x3EB42,,3,1,0,0,0.797911286,,1.5,2099205,0,0x42509,Damage Health,,1.5,2099205,0,0x42509
Wisp Stalk Caps,0xFE004823,Weakness to Poison,0x90042,0.5,3,30,1,0,0,0,0,1,1,0,MagicAlchHarmful;USKPMagicAlchWeaknessPoison,0x90042,0x90042,,3,30,1,1,11.2115793,,0.5,2101255,34,0x42509;0x706EE3A,Weakness to Poison,,0.5,2101255,34,0x42509;0x706EE3A
Wisp Stalk Caps,0xFE004823,Frenzy,0x73F29,7.5,1,20,1,0,0,0,0,1,1,0,MagicAlchHarmful;MagicInfluence;MagicInfluenceFrenzy,0x73F29,0x73F29,,1,20,0,2,32.1532059,,7.5,2099207,8,0x42509;0x78098;0xC44B6,Frenzy,,7.5,2099207,8,0x42509;0x78098;0xC44B6
Wisp Stalk Caps,0xFE004823,Fortify Stamina Regeneration,0x3EB08,0.0500000007,6,300,1,0,0,0,1,0,0,0,MagicAlchFortifyStaminaRate;MagicAlchBeneficial,0x3EB08,0x3EB08,,6,300,1,3,30.2551861,,0.0500000007,2099202,34,0x65A35;0xF8A4E,Fortify Stamina Regeneration,,0.0500000007,2099202,34,0x65A35;0xF8A4E
Wisp Wrappings,0x6BC0E,Soulreaping,0x820B30F,15,0,4,0,1,1,0,0,1,1,0,MagicAlchHarmful,0x820B30F,0x820B30F,,0,4,0,0,5.47466135,,15,4201475,1,0x42509,Soulreaping,,15,4201475,1,0x42509
Wisp Wrappings,0x6BC0E,Fortify Destruction,0x3EB26,0.25,5,60,1,0,0,0,1,0,0,0,MagicAlchFortifyDestruction;MagicAlchBeneficial,0x3EB26,0x3EB26,,5,60,1,1,10.5383692,,0.25,2099202,34,0x65A2B;0xF8A4E,Fortify Destruction,,0.25,2099202,34,0x65A2B;0xF8A4E
Wisp Wrappings,0x6BC0E,Fortify Carry Weight,0x3EB01,0.0724999979,4,300,1,0,0,0,1,0,0,0,MagicAlchFortifyCarryWeight;MagicAlchBeneficial,0x3EB01,0x3EB01,,4,300,1,2,14.0422726,,0.0724999979,2099202,34,0x65A2F;0xF8A4E,Fortify Carry Weight,,0.0724999979,2099202,34,0x65A2F;0xF8A4E
Wisp Wrappings,0x6BC0E,Resist Magic,0x39E51,0.5,1,60,1,0,0,0,1,0,0,0,MagicAlchResistMagic;MagicAlchBeneficial,0x39E51,0x39E51,,1,60,1,3,3.58869386,,0.5,2103298,34,0x65A3A;0xF8A4E,Resist Magic,,0.5,2103298,34,0x65A3A;0xF8A4E
Withering Moon,0xFE004824,Restore Magicka,0x3EB17,0.300000012,6,0,1,0,0,0,1,0,0,0,MagicAlchRestoreMagicka;MagicAlchBeneficial;REQ_Alchemy_RestoreMagickaDuration,0x3EB17,0x3EB17,,6,0,1,0,4.30643272,,0.300000012,2099200,34,0x42508;0xF8A4E;0x866CB3A,Restore Magicka,,0.300000012,2099200,34,0x42508;0xF8A4E;0x866CB3A
Withering Moon,0xFE004824,Spell Absorption,0xFE004812,0.100000001,50,60,0,1,0,0,1,0,0,0,MagicAlchBeneficial,0xFE004812,0xFE004812,,50,60,1,1,53.0680923,,0.100000001,4194306,34,0xF8A4E,Spell Absorption,,0.100000001,4194306,34,0xF8A4E
Withering Moon,0xFE004824,Fortify Armor Rating,0x3EB1F,0.25,3,60,1,0,0,0,1,0,0,0,REQ_Alchemy_FortifyArmorRating;MagicAlchBeneficial,0x3EB1F,0x3EB1F,,3,60,1,2,12.0162735,,0.25,2099202,34,0x65A23;0xF8A4E,Fortify Armor Rating,,0.25,2099202,34,0x65A23;0xF8A4E
Withering Moon,0xFE004824,Cure Disease,0xAE722,0.25,2,0,1,0,0,1,1,0,0,0,MagicAlchBeneficial,0xAE722,0xAE722,,2,0,0,3,1.07177353,,0.25,2103808,3,0xF8A4E,Cure Disease,,0.25,2103808,3,0xF8A4E
Wolf Heart,0x804365E,Damage Health,0x3EB42,1.5,3,1,1,0,0,0,0,1,1,0,MagicAlchHarmful,0x3EB42,0x3EB42,,3,1,0,0,0.398955643,,1.5,2099205,0,0x42509,Damage Health,,1.5,2099205,0,0x42509
Wolf Heart,0x804365E,Damage Magicka,0x3A2B6,1.10000002,3,0,1,0,0,0,0,1,1,0,MagicAlchHarmful,0x3A2B6,0x3A2B6,,3,0,0,1,3.68320656,,1.10000002,2099205,0,0x42509,Damage Magicka,,1.10000002,2099205,0,0x42509
Wolf Heart,0x804365E,Damage Stamina,0x3A2C6,0.899999976,5,5,1,0,0,0,0,1,1,0,MagicAlchHarmful,0x3A2C6,0x3A2C6,,5,5,0,2,2.4659059,,0.899999976,2099205,0,0x42509,Damage Stamina,,0.899999976,2099205,0,0x42509
Wolf Heart,0x804365E,Frenzy,0x73F29,7.5,2,20,1,0,0,0,0,1,1,0,MagicAlchHarmful;MagicInfluence;MagicInfluenceFrenzy,0x73F29,0x73F29,,2,20,0,3,34.4609528,,7.5,2099207,8,0x42509;0x78098;0xC44B6,Frenzy,,7.5,2099207,8,0x42509;0x78098;0xC44B6
Worm's Head Cap,0xFE004825,Fortify Lockpicking,0x3EB21,0.5,3,30,1,0,0,0,1,0,0,0,MagicAlchFortifyLockpicking;MagicAlchBeneficial,0x3EB21,0x3EB21,,3,30,1,0,5.60578966,,0.5,2099202,34,0x65A26;0xF8A4E,Fortify Lockpicking,,0.5,2099202,34,0x65A26;0xF8A4E
Worm's Head Cap,0xFE004825,Night Eye,0xFE004803,0.75,0,60,0,1,0,0,1,0,0,0,MagicNightEye,0xFE004803,0xFE004803,,0,60,0,1,5.3830409,,0.75,138545408,1,0xAD7C6,Night Eye,,0.75,138545408,1,0xAD7C6
Worm's Head Cap,0xFE004825,Fortify Carry Weight,0x3EB01,0.0724999979,5,300,1,0,0,0,1,0,0,0,MagicAlchFortifyCarryWeight;MagicAlchBeneficial,0x3EB01,0x3EB01,,5,300,1,2,37.1357079,,0.0724999979,2099202,34,0x65A2F;0xF8A4E,Fortify Carry Weight,,0.0724999979,2099202,34,0x65A2F;0xF8A4E
Worm's Head Cap,0xFE004825,Tardiness,0x73F25,0.5,50,10,0,1,0,0,0,1,1,0,MagicAlchHarmful;MagicSlow,0x73F25,0x73F25,,50,10,1,3,73.9378891,,0.5,4200455,34,0x42509;0xB729E,Tardiness,,0.5,4200455,34,0x42509;0xB729E
Yellow Mountain Flower,0x2002A78,Resist Poison,0x90041,0.25,2,60,1,0,0,0,1,0,0,0,MagicAlchBeneficial;MagicAlchResistPoison,0x90041,0x90041,,2,60,1,0,3.84626675,,0.25,2101250,34,0xF8A4E;0x10EB5F,Resist Poison,,0.25,2101250,34,0xF8A4E;0x10EB5F
Yellow Mountain Flower,0x2002A78,Fortify Restoration,0x3EB28,0.25,2,60,1,0,0,0,1,0,0,0,MagicAlchFortifyRestoration;MagicAlchBeneficial,0x3EB28,0x3EB28,,2,60,1,1,3.84626675,,0.25,2099202,34,0x65A2D;0xF8A4E,Fortify Restoration,,0.25,2099202,34,0x65A2D;0xF8A4E
Yellow Mountain Flower,0x2002A78,Fortify Health,0x3EAF3,0.200000003,5,60,1,0,0,0,1,0,0,0,MagicAlchFortifyHealth;MagicAlchBeneficial,0x3EAF3,0x3EAF3,,5,60,1,2,8.43069553,,0.200000003,2099202,34,0x65A31;0xF8A4E,Fortify Health,,0.200000003,2099202,34,0x65A31;0xF8A4E
Yellow Mountain Flower,0x2002A78,Damage Stamina Regeneration,0x73F2C,0.300000012,50,5,0,1,0,0,0,1,1,0,MagicAlchHarmful,0x73F2C,0x73F2C,,50,5,0,3,10.3479738,,0.300000012,4196359,0,0x42509,Damage Stamina Regeneration,,0.300000012,4196359,0,0x42509
