ingredient_name,form_id,effect_name,effect_form_id,base_cost,magnitude,duration,power_affects_magnitude,power_affects_duration,no_magnitude,no_duration,beneficial,harmful,hostile,duration_based,keyword_editor_ids,source_effect_form_id,resolved_effect_form_id,caco_duration_index,resolved_magnitude,resolved_duration,resolved_peak_value_modifier,effect_index,effect_cost,source_effect_editor_id,source_base_cost,source_flags,source_archetype,source_keyword_form_ids,resolved_effect_name,resolved_effect_editor_id,resolved_base_cost,resolved_flags,resolved_archetype,resolved_keyword_form_ids,caco_settings,alchemy_plus_settings
Abecean Longfin,0x106E1B,Weakness to Frost,0x73F2E,0.5,3,30,1,0,0,0,0,1,1,0,MagicAlchHarmful;MagicAlchWeaknessFrost,0x73F2E,0x73F2E,,3,0,1,0,5.60579,,0.5,2101255,34,0x42509;0x74F4F,Weakness to Frost,,0.5,2101255,34,0x42509;0x74F4F,,
Abecean Longfin,0x106E1B,Fortify Sneak,0x3EB22,0.5,4,60,1,0,0,0,1,0,0,0,MagicAlchFortifySneak;MagicAlchBeneficial,0x3EB22,0x3EB22,,4,0,1,1,16.4893,,0.5,2099202,34,0x65A27;0xF8A4E,Fortify Sneak,,0.5,2099202,34,0x65A27;0xF8A4E,,
Abecean Longfin,0x106E1B,Weakness to Poison,0x90042,1,2,30,1,0,0,0,0,1,1,0,MagicAlchHarmful;USKPMagicAlchWeaknessPoison,0x90042,0x90042,,2,0,1,2,7.17739,,1,2101255,34,0x42509;0x706EE3A,Weakness to Poison,,1,2101255,34,0x42509;0x706EE3A,,
Abecean Longfin,0x106E1B,Fortify Restoration,0x3EB28,0.5,4,60,1,0,0,0,1,0,0,0,MagicAlchFortifyRestoration;MagicAlchBeneficial,0x3EB28,0x3EB28,,4,0,1,3,16.4893,,0.5,2099202,34,0x65A2D;0xF8A4E,Fortify Restoration,,0.5,2099202,34,0x65A2D;0xF8A4E,,
Alocasia Fruit,0xFE004D62,Regenerate Stamina,0x3EB08,0.1,6,300,1,0,0,0,1,0,0,0,MagicAlchFortifyStaminaRate;MagicAlchBeneficial,0x3EB08,0x3EB08,,6,0,1,0,30.2552,,0.1,2099202,34,0x65A35;0xF8A4E,Regenerate Stamina,,0.1,2099202,34,0x65A35;0xF8A4E,,
Alocasia Fruit,0xFE004D62,Light,0xFE004846,0.5,0,60,0,1,0,0,1,0,0,1,WISpellColorful;MagicAlchBeneficial,0xFE004846,0xFE004846,,0,60,0,1,3.58869,,0.5,4198400,12,0xA9B1E;0xF8A4E,Light,,0.5,4198400,12,0xA9B1E;0xF8A4E,,
Alocasia Fruit,0xFE004D62,Ravage Magicka,0x73F27,1,3,10,1,0,0,0,0,1,1,0,MagicAlchHarmful,0x73F27,0x73F27,,3,10,0,2,3.34837,,1,2099207,0,0x42509,Ravage Magicka,,1,2099207,0,0x42509,,
Alocasia Fruit,0xFE004D62,Regenerate Health,0x3EB06,0.1,6,300,1,0,0,0,1,0,0,0,MagicAlchFortifyHealRate;MagicAlchBeneficial,0x3EB06,0x3EB06,,6,0,1,3,30.2552,,0.1,2099202,34,0x65A30;0xF8A4E,Regenerate Health,,0.1,2099202,34,0x65A30;0xF8A4E,,
Aloe Vera Leaves,0xFE0060D0,Restore Health,0x3EB15,0.5,5,0,1,0,0,1,1,0,0,0,MagicAlchRestoreHealth;MagicAlchBeneficial,0x3EB15,0x3EB15,,5,0,0,0,2.93655,,0.5,2099712,0,0x42503;0xF8A4E,Restore Health,,0.5,2099712,0,0x42503;0xF8A4E,,
Aloe Vera Leaves,0xFE0060D0,Restore Stamina,0x3EB16,0.6,5,0,1,0,0,1,1,0,0,0,MagicAlchRestoreStamina;MagicAlchBeneficial,0x3EB16,0x3EB16,,5,0,0,1,3.52386,,0.6,2099712,0,0x42504;0xF8A4E,Restore Stamina,,0.6,2099712,0,0x42504;0xF8A4E,,
Aloe Vera Leaves,0xFE0060D0,Damage Magicka,0x3A2B6,2.2,5,0,1,0,0,0,0,1,1,0,MagicAlchHarmful,0x3A2B6,0x3A2B6,,5,0,0,2,12.9208,,2.2,2099205,0,0x42509,Damage Magicka,,2.2,2099205,0,0x42509,,
Aloe Vera Leaves,0xFE0060D0,Invisibility,0x3EB3D,100,0,2,0,1,1,0,1,0,0,1,MagicInvisibility;MagicAlchBeneficial;MagicAlchDurationBased,0x3EB3D,0x3EB3D,,0,2,0,3,17.0268,,100,4201474,11,0x1EA6F;0xF8A4E;0xF8A4F,Invisibility,,100,4201474,11,0x1EA6F;0xF8A4E;0xF8A4F,,
Ambrosia,0xFE004836,Restore Health,0x3EB15,0.5,6,0,1,0,0,1,1,0,0,0,MagicAlchRestoreHealth;MagicAlchBeneficial,0x3EB15,0x3EB15,,6,0,0,0,3.58869,,0.5,2099712,0,0x42503;0xF8A4E,Restore Health,,0.5,2099712,0,0x42503;0xF8A4E,,
Ambrosia,0xFE004836,Regenerate Health,0x3EB06,0.1,6,300,1,0,0,0,1,0,0,0,MagicAlchFortifyHealRate;MagicAlchBeneficial,0x3EB06,0x3EB06,,6,0,1,1,30.2552,,0.1,2099202,34,0x65A30;0xF8A4E,Regenerate Health,,0.1,2099202,34,0x65A30;0xF8A4E,,
Ambrosia,0xFE004836,Fortify Health,0x3EAF3,0.35,5,60,1,0,0,0,1,0,0,0,MagicAlchFortifyHealth;MagicAlchBeneficial,0x3EAF3,0x3EAF3,,5,0,1,2,14.7537,,0.35,2099202,34,0x65A31;0xF8A4E,Fortify Health,,0.35,2099202,34,0x65A31;0xF8A4E,,
Ambrosia,0xFE004836,Cure Poison,0x109ADD,0.2,3,0,1,0,0,1,1,0,0,0,MagicAlchBeneficial,0x109ADD,0x109ADD,,3,0,0,3,0.669674,,0.2,2103808,29,0xF8A4E,Cure Poison,,0.2,2103808,29,0xF8A4E,,
Ancestor Moth Wing,0x20059BA,Damage Stamina,0x3A2C6,1.8,3,0,1,0,0,0,0,1,1,0,MagicAlchHarmful,0x3A2C6,0x3A2C6,,3,0,0,0,6.02707,,1.8,2099205,0,0x42509,Damage Stamina,,1.8,2099205,0,0x42509,,
Ancestor Moth Wing,0x20059BA,Fortify Conjuration,0x3EB25,0.25,5,60,1,0,0,0,1,0,0,0,MagicAlchFortifyConjuration;MagicAlchBeneficial,0x3EB25,0x3EB25,,5,0,1,1,10.5384,,0.25,2099202,34,0x65A2A;0xF8A4E,Fortify Conjuration,,0.25,2099202,34,0x65A2A;0xF8A4E,,
Ancestor Moth Wing,0x20059BA,Damage Magicka Regen,0x73F2B,0.5,100,5,0,1,0,0,0,1,1,1,MagicAlchHarmful,0x73F2B,0x73F2B,,100,5,0,2,36.9689,,0.5,4196359,0,0x42509,Damage Magicka Regen,,0.5,4196359,0,0x42509,,
Ancestor Moth Wing,0x20059BA,Fortify Enchanting,0x3EB29,0.6,1,30,1,0,0,0,1,0,0,0,MagicAlchFortifyEnchanting;MagicAlchBeneficial,0x3EB29,0x3EB29,,1,0,1,3,2.00902,,0.6,2099202,34,0x65A2E;0xF8A4E,Fortify Enchanting,,0.6,2099202,34,0x65A2E;0xF8A4E,,
Angelfish,0x50008EB,Regenerate Health,0x3EB06,0.1,5,300,1,0,0,0,1,0,0,0,MagicAlchFortifyHealRate;MagicAlchBeneficial,0x3EB06,0x3EB06,,5,0,1,0,24.7571,,0.1,2099202,34,0x65A30;0xF8A4E,Regenerate Health,,0.1,2099202,34,0x65A30;0xF8A4E,,
Angelfish,0x50008EB,Resist Fire,0x3EAEA,0.5,3,60,1,0,0,0,1,0,0,0,MagicAlchResistFire;MagicAlchBeneficial,0x3EAEA,0x3EAEA,,3,0,1,1,12.0163,,0.5,2101250,34,0x65A37;0xF8A4E,Resist Fire,,0.5,2101250,34,0x65A37;0xF8A4E,,
Angelfish,0x50008EB,Fortify Archery,0x3EB1B,0.5,4,60,1,0,0,0,1,0,0,0,MagicAlchFortifyMarksman;MagicAlchBeneficial,0x3EB1B,0x3EB1B,,4,0,1,2,16.4893,,0.5,2099202,34,0x65A21;0xF8A4E,Fortify Archery,,0.5,2099202,34,0x65A21;0xF8A4E,,
Angelfish,0x50008EB,Waterbreathing,0x3AC2D,30,0,5,0,1,1,0,1,0,0,1,MagicAlchBeneficial;MagicAlchDurationBased,0x3AC2D,0x3AC2D,,0,0,1,3,13.9955,,30,4197378,34,0xF8A4E;0xF8A4F,Waterbreathing,,30,4197378,34,0xF8A4E;0xF8A4F,,
Angler Larvae,0x50008F0,Lingering Damage Health,0x10AA4A,12,1,10,1,0,0,0,0,1,1,0,MagicAlchHarmful,0x10AA4A,0x10AA4A,,1,10,0,0,12,,12,2099205,0,0x42509,Lingering Damage Health,,12,2099205,0,0x42509,,
Angler Larvae,0x50008F0,Regenerate Stamina,0x3EB08,0.1,5,300,1,0,0,0,1,0,0,0,MagicAlchFortifyStaminaRate;MagicAlchBeneficial,0x3EB08,0x3EB08,,5,0,1,1,24.7571,,0.1,2099202,34,0x65A35;0xF8A4E,Regenerate Stamina,,0.1,2099202,34,0x65A35;0xF8A4E,,
Angler Larvae,0x50008F0,Waterbreathing,0x3AC2D,30,0,5,0,1,1,0,1,0,0,1,MagicAlchBeneficial;MagicAlchDurationBased,0x3AC2D,0x3AC2D,,0,0,1,2,13.9955,,30,4197378,34,0xF8A4E;0xF8A4F,Waterbreathing,,30,4197378,34,0xF8A4E;0xF8A4F,,
Angler Larvae,0x50008F0,Fortify Two-handed,0x3EB1A,0.5,4,60,1,0,0,0,1,0,0,0,MagicAlchFortifyTwoHanded;MagicAlchBeneficial,0x3EB1A,0x3EB1A,,4,0,1,3,16.4893,,0.5,2099202,34,0x65A20;0xF8A4E,Fortify Two-handed,,0.5,2099202,34,0x65A20;0xF8A4E,,
Ash Creep Cluster,0x401CD74,Damage Stamina,0x3A2C6,1.8,3,0,1,0,0,0,0,1,1,0,MagicAlchHarmful,0x3A2C6,0x3A2C6,,3,0,0,0,6.02707,,1.8,2099205,0,0x42509,Damage Stamina,,1.8,2099205,0,0x42509,,
Ash Creep Cluster,0x401CD74,Invisibility,0x3EB3D,100,0,4,0,1,1,0,1,0,0,1,MagicInvisibility;MagicAlchBeneficial;MagicAlchDurationBased,0x3EB3D,0x3EB3D,,0,4,0,1,36.4977,,100,4201474,11,0x1EA6F;0xF8A4E;0xF8A4F,Invisibility,,100,4201474,11,0x1EA6F;0xF8A4E;0xF8A4F,,
Ash Creep Cluster,0x401CD74,Resist Fire,0x3EAEA,0.5,3,60,1,0,0,0,1,0,0,0,MagicAlchResistFire;MagicAlchBeneficial,0x3EAEA,0x3EAEA,,3,0,1,2,12.0163,,0.5,2101250,34,0x65A37;0xF8A4E,Resist Fire,,0.5,2101250,34,0x65A37;0xF8A4E,,
Ash Creep Cluster,0x401CD74,Fortify Destruction,0x3EB26,0.5,5,60,1,0,0,0,1,0,0,0,MagicAlchFortifyDestruction;MagicAlchBeneficial,0x3EB26,0x3EB26,,5,0,1,3,21.0767,,0.5,2099202,34,0x65A2B;0xF8A4E,Fortify Destruction,,0.5,2099202,34,0x65A2B;0xF8A4E,,
Ash Hopper Jelly,0x401CD71,Restore Health,0x3EB15,0.5,5,0,1,0,0,1,1,0,0,0,MagicAlchRestoreHealth;MagicAlchBeneficial,0x3EB15,0x3EB15,,5,0,0,0,2.93655,,0.5,2099712,0,0x42503;0xF8A4E,Restore Health,,0.5,2099712,0,0x42503;0xF8A4E,,
Ash Hopper Jelly,0x401CD71,Fortify Light Armor,0x3EB1F,0.5,2,60,1,0,0,0,1,0,0,0,MagicAlchFortifyLightArmor;MagicAlchBeneficial,0x3EB1F,0x3EB1F,,2,0,1,1,7.69253,,0.5,2099202,34,0x65A24;0xF8A4E,Fortify Light Armor,,0.5,2099202,34,0x65A24;0xF8A4E,,
Ash Hopper Jelly,0x401CD71,Resist Shock,0x3EAEC,0.5,3,60,1,0,0,0,1,0,0,0,MagicAlchResistShock;MagicAlchBeneficial,0x3EAEC,0x3EAEC,,3,0,1,2,12.0163,,0.5,2101250,34,0x65A39;0xF8A4E,Resist Shock,,0.5,2101250,34,0x65A39;0xF8A4E,,
Ash Hopper Jelly,0x401CD71,Weakness to Frost,0x73F2E,0.5,3,30,1,0,0,0,0,1,1,0,MagicAlchHarmful;MagicAlchWeaknessFrost,0x73F2E,0x73F2E,,3,0,1,3,5.60579,,0.5,2101255,34,0x42509;0x74F4F,Weakness to Frost,,0.5,2101255,34,0x42509;0x74F4F,,
Ashen Grass Pod,0x4016E26,Resist Fire,0x3EAEA,0.5,4,60,1,0,0,0,1,0,0,0,MagicAlchResistFire;MagicAlchBeneficial,0x3EAEA,0x3EAEA,,4,0,1,0,16.4893,,0.5,2101250,34,0x65A37;0xF8A4E,Resist Fire,,0.5,2101250,34,0x65A37;0xF8A4E,,
Ashen Grass Pod,0x4016E26,Weakness to Shock,0x73F2F,0.7,3,30,1,0,0,0,0,1,1,0,MagicAlchHarmful;MagicAlchWeaknessShock,0x73F2F,0x73F2F,,3,0,1,1,7.84811,,0.7,2101255,34,0x42509;0x74F50,Weakness to Shock,,0.7,2101255,34,0x42509;0x74F50,,
Ashen Grass Pod,0x4016E26,Fortify Lockpicking,0x3EB21,0.5,2,30,1,0,0,0,1,0,0,0,MagicAlchFortifyLockpicking;MagicAlchBeneficial,0x3EB21,0x3EB21,,2,0,1,2,3.58869,,0.5,2099202,34,0x65A26;0xF8A4E,Fortify Lockpicking,,0.5,2099202,34,0x65A26;0xF8A4E,,
Ashen Grass Pod,0x4016E26,Fortify Sneak,0x3EB22,0.5,4,60,1,0,0,0,1,0,0,0,MagicAlchFortifySneak;MagicAlchBeneficial,0x3EB22,0x3EB22,,4,0,1,3,16.4893,,0.5,2099202,34,0x65A27;0xF8A4E,Fortify Sneak,,0.5,2099202,34,0x65A27;0xF8A4E,,
Aster Bloom Core,0xFE004D66,Resist Magic,0x39E51,1,2,60,1,0,0,0,1,0,0,0,MagicAlchResistMagic;MagicAlchBeneficial,0x39E51,0x39E51,,2,0,1,0,15.3851,,1,2103298,34,0x65A3A;0xF8A4E,Resist Magic,,1,2103298,34,0x65A3A;0xF8A4E,,
Aster Bloom Core,0xFE004D66,Fortify Light Armor,0x3EB1F,0.5,4,60,1,0,0,0,1,0,0,0,MagicAlchFortifyLightArmor;MagicAlchBeneficial,0x3EB1F,0x3EB1F,,4,0,1,1,16.4893,,0.5,2099202,34,0x65A24;0xF8A4E,Fortify Light Armor,,0.5,2099202,34,0x65A24;0xF8A4E,,
Aster Bloom Core,0xFE004D66,Fortify Block,0x3EB1C,0.5,5,60,1,0,0,0,1,0,0,0,MagicAlchFortifyBlock;MagicAlchBeneficial,0x3EB1C,0x3EB1C,,5,0,1,2,21.0767,,0.5,2099202,34,0x65A1E;0xF8A4E,Fortify Block,,0.5,2099202,34,0x65A1E;0xF8A4E,,
Aster Bloom Core,0xFE004D66,Paralysis,0x73F30,500,0,2,0,1,1,0,0,1,1,1,MagicParalysis;MagicAlchHarmful,0x73F30,0x73F30,,0,2,0,3,85.134,,500,4197379,21,0x1EA70;0x42509,Paralysis,,500,4197379,21,0x1EA70;0x42509,,
Bear Claws,0x6BC02,Restore Stamina,0x3EB16,0.6,4,0,1,0,0,1,1,0,0,0,MagicAlchRestoreStamina;MagicAlchBeneficial,0x3EB16,0x3EB16,,4,0,0,0,2.75688,,0.6,2099712,0,0x42504;0xF8A4E,Restore Stamina,,0.6,2099712,0,0x42504;0xF8A4E,,
Bear Claws,0x6BC02,Fortify Health,0x3EAF3,0.35,4,60,1,0,0,0,1,0,0,0,MagicAlchFortifyHealth;MagicAlchBeneficial,0x3EAF3,0x3EAF3,,4,0,1,1,11.5425,,0.35,2099202,34,0x65A31;0xF8A4E,Fortify Health,,0.35,2099202,34,0x65A31;0xF8A4E,,
Bear Claws,0x6BC02,Fortify One-handed,0x3EB19,0.5,4,60,1,0,0,0,1,0,0,0,MagicAlchFortifyOneHanded;MagicAlchBeneficial,0x3EB19,0x3EB19,,4,0,1,2,16.4893,,0.5,2099202,34,0x65A1F;0xF8A4E,Fortify One-handed,,0.5,2099202,34,0x65A1F;0xF8A4E,,
Bear Claws,0x6BC02,Damage Magicka Regen,0x73F2B,0.5,100,5,0,1,0,0,0,1,1,1,MagicAlchHarmful,0x73F2B,0x73F2B,,100,5,0,3,36.9689,,0.5,4196359,0,0x42509,Damage Magicka Regen,,0.5,4196359,0,0x42509,,
Bee,0xA9195,Restore Stamina,0x3EB16,0.6,5,0,1,0,0,1,1,0,0,0,MagicAlchRestoreStamina;MagicAlchBeneficial,0x3EB16,0x3EB16,,5,0,0,0,3.52386,,0.6,2099712,0,0x42504;0xF8A4E,Restore Stamina,,0.6,2099712,0,0x42504;0xF8A4E,,
Bee,0xA9195,Ravage Stamina,0x73F23,1.6,2,10,1,0,0,0,0,1,1,0,MagicAlchHarmful,0x73F23,0x73F23,,2,10,0,1,3.42968,,1.6,2099207,0,0x42509,Ravage Stamina,,1.6,2099207,0,0x42509,,
Bee,0xA9195,Regenerate Stamina,0x3EB08,0.1,5,300,1,0,0,0,1,0,0,0,MagicAlchFortifyStaminaRate;MagicAlchBeneficial,0x3EB08,0x3EB08,,5,0,1,2,24.7571,,0.1,2099202,34,0x65A35;0xF8A4E,Regenerate Stamina,,0.1,2099202,34,0x65A35;0xF8A4E,,
Bee,0xA9195,Weakness to Shock,0x73F2F,0.7,3,30,1,0,0,0,0,1,1,0,MagicAlchHarmful;MagicAlchWeaknessShock,0x73F2F,0x73F2F,,3,0,1,3,7.84811,,0.7,2101255,34,0x42509;0x74F50,Weakness to Shock,,0.7,2101255,34,0x42509;0x74F50,,
Beehive Husk,0xA9191,Resist Poison,0x90041,0.5,2,60,1,0,0,0,1,0,0,0,MagicAlchResistPoison;MagicAlchBeneficial,0x90041,0x90041,,2,0,1,0,7.69253,,0.5,2101250,34,0x10EB5F;0xF8A4E,Resist Poison,,0.5,2101250,34,0x10EB5F;0xF8A4E,,
Beehive Husk,0xA9191,Fortify Light Armor,0x3EB1F,0.5,2,60,1,0,0,0,1,0,0,0,MagicAlchFortifyLightArmor;MagicAlchBeneficial,0x3EB1F,0x3EB1F,,2,0,1,1,7.69253,,0.5,2099202,34,0x65A24;0xF8A4E,Fortify Light Armor,,0.5,2099202,34,0x65A24;0xF8A4E,,
Beehive Husk,0xA9191,Fortify Sneak,0x3EB22,0.5,2,60,1,0,0,0,1,0,0,0,MagicAlchFortifySneak;MagicAlchBeneficial,0x3EB22,0x3EB22,,2,0,1,2,7.69253,,0.5,2099202,34,0x65A27;0xF8A4E,Fortify Sneak,,0.5,2099202,34,0x65A27;0xF8A4E,,
Beehive Husk,0xA9191,Fortify Destruction,0x3EB26,0.5,5,60,1,0,0,0,1,0,0,0,MagicAlchFortifyDestruction;MagicAlchBeneficial,0x3EB26,0x3EB26,,5,0,1,3,21.0767,,0.5,2099202,34,0x65A2B;0xF8A4E,Fortify Destruction,,0.5,2099202,34,0x65A2B;0xF8A4E,,
Berit's Ashes,0x705B7,Damage Stamina,0x3A2C6,1.8,3,0,1,0,0,0,0,1,1,0,MagicAlchHarmful,0x3A2C6,0x3A2C6,,3,0,0,0,6.02707,,1.8,2099205,0,0x42509,Damage Stamina,,1.8,2099205,0,0x42509,,
Berit's Ashes,0x705B7,Resist Fire,0x3EAEA,0.5,3,60,1,0,0,0,1,0,0,0,MagicAlchResistFire;MagicAlchBeneficial,0x3EAEA,0x3EAEA,,3,0,1,1,12.0163,,0.5,2101250,34,0x65A37;0xF8A4E,Resist Fire,,0.5,2101250,34,0x65A37;0xF8A4E,,
Berit's Ashes,0x705B7,Fortify Conjuration,0x3EB25,0.25,5,60,1,0,0,0,1,0,0,0,MagicAlchFortifyConjuration;MagicAlchBeneficial,0x3EB25,0x3EB25,,5,0,1,2,10.5384,,0.25,2099202,34,0x65A2A;0xF8A4E,Fortify Conjuration,,0.25,2099202,34,0x65A2A;0xF8A4E,,
Berit's Ashes,0x705B7,Ravage Stamina,0x73F23,1.6,2,10,1,0,0,0,0,1,1,0,MagicAlchHarmful,0x73F23,0x73F23,,2,10,0,3,3.42968,,1.6,2099207,0,0x42509,Ravage Stamina,,1.6,2099207,0,0x42509,,
Bittergreen Petals,0xFE004D68,Lingering Damage Stamina,0x10DE5E,1.8,2,10,1,0,0,0,0,1,1,0,MagicAlchHarmful,0x10DE5E,0x10DE5E,,2,10,0,0,3.85838,,1.8,2099205,0,0x42509,Lingering Damage Stamina,,1.8,2099205,0,0x42509,,
Bittergreen Petals,0xFE004D68,Invisibility,0x3EB3D,100,0,6,0,1,1,0,1,0,0,1,MagicInvisibility;MagicAlchBeneficial;MagicAlchDurationBased,0x3EB3D,0x3EB3D,,0,6,0,1,57.012,,100,4201474,11,0x1EA6F;0xF8A4E;0xF8A4F,Invisibility,,100,4201474,11,0x1EA6F;0xF8A4E;0xF8A4F,,
Bittergreen Petals,0xFE004D68,Cure Poison,0x109ADD,0.2,2,0,1,0,0,1,1,0,0,0,MagicAlchBeneficial,0x109ADD,0x109ADD,,2,0,0,2,0.428709,,0.2,2103808,29,0xF8A4E,Cure Poison,,0.2,2103808,29,0xF8A4E,,
Bittergreen Petals,0xFE004D68,Damage Magicka,0x3A2B6,2.2,4,0,1,0,0,0,0,1,1,0,MagicAlchHarmful,0x3A2B6,0x3A2B6,,4,0,0,3,10.1085,,2.2,2099205,0,0x42509,Damage Magicka,,2.2,2099205,0,0x42509,,
Bleeding Crown,0x4DA20,Weakness to Fire,0x73F2D,0.6,3,30,1,0,0,0,0,1,1,0,MagicAlchHarmful;MagicAlchWeaknessFire,0x73F2D,0x73F2D,,3,0,1,0,6.72695,,0.6,2101255,34,0x42509;0x74F4E,Weakness to Fire,,0.6,2101255,34,0x42509;0x74F4E,,
Bleeding Crown,0x4DA20,Fortify Block,0x3EB1C,0.5,4,60,1,0,0,0,1,0,0,0,MagicAlchFortifyBlock;MagicAlchBeneficial,0x3EB1C,0x3EB1C,,4,0,1,1,16.4893,,0.5,2099202,34,0x65A1E;0xF8A4E,Fortify Block,,0.5,2099202,34,0x65A1E;0xF8A4E,,
Bleeding Crown,0x4DA20,Weakness to Poison,0x90042,1,2,30,1,0,0,0,0,1,1,0,MagicAlchHarmful;USKPMagicAlchWeaknessPoison,0x90042,0x90042,,2,0,1,2,7.17739,,1,2101255,34,0x42509;0x706EE3A,Weakness to Poison,,1,2101255,34,0x42509;0x706EE3A,,
Bleeding Crown,0x4DA20,Resist Magic,0x39E51,1,1,60,1,0,0,0,1,0,0,0,MagicAlchResistMagic;MagicAlchBeneficial,0x39E51,0x39E51,,1,0,1,3,7.17739,,1,2103298,34,0x65A3A;0xF8A4E,Resist Magic,,1,2103298,34,0x65A3A;0xF8A4E,,
Blind Watcher's Eye,0xFE004822,Light,0xFE004846,0.5,0,60,0,1,0,0,1,0,0,1,WISpellColorful;MagicAlchBeneficial,0xFE004846,0xFE004846,,0,60,0,0,3.58869,,0.5,4198400,12,0xA9B1E;0xF8A4E,Light,,0.5,4198400,12,0xA9B1E;0xF8A4E,,
Blind Watcher's Eye,0xFE004822,Fortify Magicka,0x3EAF8,0.3,5,60,1,0,0,0,1,0,0,0,MagicAlchFortifyMagicka;MagicAlchBeneficial,0x3EAF8,0x3EAF8,,5,0,1,1,12.646,,0.3,2099202,34,0x65A33;0xF8A4E,Fortify Magicka,,0.3,2099202,34,0x65A33;0xF8A4E,,
Blind Watcher's Eye,0xFE004822,Fortify Alteration,0x3EB24,0.2,5,60,1,0,0,0,1,0,0,0,MagicAlchFortifyAlteration;MagicAlchBeneficial,0x3EB24,0x3EB24,,5,0,1,2,8.4307,,0.2,2099202,34,0x65A1D;0xF8A4E,Fortify Alteration,,0.2,2099202,34,0x65A1D;0xF8A4E,,
Blind Watcher's Eye,0xFE004822,Spell Absorption,0xFE004812,0.1,50,60,0,1,0,0,1,0,0,1,MagicAlchBeneficial,0xFE004812,0xFE004812,,50,0,1,3,53.0681,,0.1,4194306,34,0xF8A4E,Spell Absorption,,0.1,4194306,34,0xF8A4E,,
Bliss Bug Thorax,0x6059155,Weakness to Fire,0x73F2D,0.6,3,30,1,0,0,0,0,1,1,0,MagicAlchHarmful;MagicAlchWeaknessFire,0x73F2D,0x73F2D,,3,0,1,0,6.72695,,0.6,2101255,34,0x42509;0x74F4E,Weakness to Fire,,0.6,2101255,34,0x42509;0x74F4E,,
Bliss Bug Thorax,0x6059155,Resist Fire,0x3EAEA,0.5,3,60,1,0,0,0,1,0,0,0,MagicAlchResistFire;MagicAlchBeneficial,0x3EAEA,0x3EAEA,,3,0,1,1,12.0163,,0.5,2101250,34,0x65A37;0xF8A4E,Resist Fire,,0.5,2101250,34,0x65A37;0xF8A4E,,
Bliss Bug Thorax,0x6059155,Fortify Heavy Armor,0x3EB1E,0.5,2,60,1,0,0,0,1,0,0,0,MagicAlchFortifyHeavyArmor;MagicAlchBeneficial,0x3EB1E,0x3EB1E,,2,0,1,2,7.69253,,0.5,2099202,34,0x65A23;0xF8A4E,Fortify Heavy Armor,,0.5,2099202,34,0x65A23;0xF8A4E,,
Bliss Bug Thorax,0x6059155,Fortify Illusion,0x3EB27,0.4,1,60,1,0,0,0,1,0,0,0,MagicAlchFortifyIllusion;MagicAlchBeneficial,0x3EB27,0x3EB27,,1,0,1,3,2.87096,,0.4,2099202,34,0x65A2C;0xF8A4E,Fortify Illusion,,0.4,2099202,34,0x65A2C;0xF8A4E,,
Blister Pod Cap,0xFE004D6A,Restore Magicka,0x3EB17,0.6,6,0,1,0,0,1,1,0,0,0,MagicAlchRestoreMagicka;MagicAlchBeneficial,0x3EB17,0x3EB17,,6,0,0,0,4.30643,,0.6,2099712,0,0x42508;0xF8A4E,Restore Magicka,,0.6,2099712,0,0x42508;0xF8A4E,,
Blister Pod Cap,0xFE004D6A,Fortify Magicka,0x3EAF8,0.3,5,60,1,0,0,0,1,0,0,0,MagicAlchFortifyMagicka;MagicAlchBeneficial,0x3EAF8,0x3EAF8,,5,0,1,1,12.646,,0.3,2099202,34,0x65A33;0xF8A4E,Fortify Magicka,,0.3,2099202,34,0x65A33;0xF8A4E,,
Blister Pod Cap,0xFE004D6A,Night Eye,0xFE004803,0.75,0,60,0,1,0,0,1,0,0,1,MagicNightEye,0xFE004803,0xFE004803,,0,60,0,2,5.38304,,0.75,138545408,1,0xAD7C6,Night Eye,,0.75,138545408,1,0xAD7C6,,
Blister Pod Cap,0xFE004D6A,Invisibility,0x3EB3D,100,0,6,0,1,1,0,1,0,0,1,MagicInvisibility;MagicAlchBeneficial;MagicAlchDurationBased,0x3EB3D,0x3EB3D,,0,6,0,3,57.012,,100,4201474,11,0x1EA6F;0xF8A4E;0xF8A4F,Invisibility,,100,4201474,11,0x1EA6F;0xF8A4E;0xF8A4F,,
Blisterwort,0x4DA25,Damage Stamina,0x3A2C6,1.8,3,0,1,0,0,0,0,1,1,0,MagicAlchHarmful,0x3A2C6,0x3A2C6,,3,0,0,0,6.02707,,1.8,2099205,0,0x42509,Damage Stamina,,1.8,2099205,0,0x42509,,
Blisterwort,0x4DA25,Frenzy,0x73F29,15,1,10,1,0,0,0,0,1,1,0,MagicAlchHarmful;MagicInfluence;MagicInfluenceFrenzy,0x73F29,0x73F29,,1,10,0,1,15,,15,2099463,8,0x42509;0x78098;0xC44B6,Frenzy,,15,2099463,8,0x42509;0x78098;0xC44B6,,
Blisterwort,0x4DA25,Restore Health,0x3EB15,0.5,3,0,1,0,0,1,1,0,0,0,MagicAlchRestoreHealth;MagicAlchBeneficial,0x3EB15,0x3EB15,,3,0,0,2,1.67418,,0.5,2099712,0,0x42503;0xF8A4E,Restore Health,,0.5,2099712,0,0x42503;0xF8A4E,,
Blisterwort,0x4DA25,Fortify Smithing,0x3EB1D,0.75,4,30,1,0,0,0,1,0,0,0,MagicAlchFortifySmithing;MagicAlchBeneficial,0x3EB1D,0x3EB1D,,4,0,1,3,11.5388,,0.75,2099202,34,0x65A22;0xF8A4E,Fortify Smithing,,0.75,2099202,34,0x65A22;0xF8A4E,,
Blue Butterfly Wing,0x727DE,Damage Stamina,0x3A2C6,1.8,3,0,1,0,0,0,0,1,1,0,MagicAlchHarmful,0x3A2C6,0x3A2C6,,3,0,0,0,6.02707,,1.8,2099205,0,0x42509,Damage Stamina,,1.8,2099205,0,0x42509,,
Blue Butterfly Wing,0x727DE,Fortify Conjuration,0x3EB25,0.25,5,60,1,0,0,0,1,0,0,0,MagicAlchFortifyConjuration;MagicAlchBeneficial,0x3EB25,0x3EB25,,5,0,1,1,10.5384,,0.25,2099202,34,0x65A2A;0xF8A4E,Fortify Conjuration,,0.25,2099202,34,0x65A2A;0xF8A4E,,
Blue Butterfly Wing,0x727DE,Damage Magicka Regen,0x73F2B,0.5,100,5,0,1,0,0,0,1,1,1,MagicAlchHarmful,0x73F2B,0x73F2B,,100,5,0,2,36.9689,,0.5,4196359,0,0x42509,Damage Magicka Regen,,0.5,4196359,0,0x42509,,
Blue Butterfly Wing,0x727DE,Fortify Enchanting,0x3EB29,0.6,1,30,1,0,0,0,1,0,0,0,MagicAlchFortifyEnchanting;MagicAlchBeneficial,0x3EB29,0x3EB29,,1,0,1,3,2.00902,,0.6,2099202,34,0x65A2E;0xF8A4E,Fortify Enchanting,,0.6,2099202,34,0x65A2E;0xF8A4E,,
Blue Dartwing,0xE4F0C,Resist Shock,0x3EAEC,0.5,3,60,1,0,0,0,1,0,0,0,MagicAlchResistShock;MagicAlchBeneficial,0x3EAEC,0x3EAEC,,3,0,1,0,12.0163,,0.5,2101250,34,0x65A39;0xF8A4E,Resist Shock,,0.5,2101250,34,0x65A39;0xF8A4E,,
Blue Dartwing,0xE4F0C,Fortify Pickpocket,0x3EB20,0.5,4,60,1,0,0,0,1,0,0,0,MagicAlchFortifyPickPocket;MagicAlchBeneficial,0x3EB20,0x3EB20,,4,0,1,1,16.4893,,0.5,2099202,34,0x65A25;0xF8A4E,Fortify Pickpocket,,0.5,2099202,34,0x65A25;0xF8A4E,,
Blue Dartwing,0xE4F0C,Restore Health,0x3EB15,0.5,5,0,1,0,0,1,1,0,0,0,MagicAlchRestoreHealth;MagicAlchBeneficial,0x3EB15,0x3EB15,,5,0,0,2,2.93655,,0.5,2099712,0,0x42503;0xF8A4E,Restore Health,,0.5,2099712,0,0x42503;0xF8A4E,,
Blue Dartwing,0xE4F0C,Fear,0x73F20,5,1,30,1,0,0,0,0,1,1,0,MagicInfluenceFear;MagicAlchHarmful;MagicInfluence,0x73F20,0x73F20,,1,30,0,3,16.7418,,5,2099463,7,0x424E0;0x42509;0x78098,Fear,,5,2099463,7,0x424E0;0x42509;0x78098,,
Blue Mountain Flower,0x77E1C,Restore Health,0x3EB15,0.5,5,0,1,0,0,1,1,0,0,0,MagicAlchRestoreHealth;MagicAlchBeneficial,0x3EB15,0x3EB15,,5,0,0,0,2.93655,,0.5,2099712,0,0x42503;0xF8A4E,Restore Health,,0.5,2099712,0,0x42503;0xF8A4E,,
Blue Mountain Flower,0x77E1C,Fortify Conjuration,0x3EB25,0.25,5,60,1,0,0,0,1,0,0,0,MagicAlchFortifyConjuration;MagicAlchBeneficial,0x3EB25,0x3EB25,,5,0,1,1,10.5384,,0.25,2099202,34,0x65A2A;0xF8A4E,Fortify Conjuration,,0.25,2099202,34,0x65A2A;0xF8A4E,,
Blue Mountain Flower,0x77E1C,Fortify Health,0x3EAF3,0.35,4,60,1,0,0,0,1,0,0,0,MagicAlchFortifyHealth;MagicAlchBeneficial,0x3EAF3,0x3EAF3,,4,0,1,2,11.5425,,0.35,2099202,34,0x65A31;0xF8A4E,Fortify Health,,0.35,2099202,34,0x65A31;0xF8A4E,,
Blue Mountain Flower,0x77E1C,Damage Magicka Regen,0x73F2B,0.5,100,5,0,1,0,0,0,1,1,1,MagicAlchHarmful,0x73F2B,0x73F2B,,100,5,0,3,36.9689,,0.5,4196359,0,0x42509,Damage Magicka Regen,,0.5,4196359,0,0x42509,,
Boar Tusk,0x401CD6F,Fortify Stamina,0x3EAF9,0.3,5,300,1,0,0,0,1,0,0,0,MagicAlchFortifyStamina;MagicAlchBeneficial,0x3EAF9,0x3EAF9,,5,0,1,0,74.2714,,0.3,2099202,34,0x65A32;0xF8A4E,Fortify Stamina,,0.3,2099202,34,0x65A32;0xF8A4E,,
Boar Tusk,0x401CD6F,Fortify Health,0x3EAF3,0.35,4,300,1,0,0,0,1,0,0,0,MagicAlchFortifyHealth;MagicAlchBeneficial,0x3EAF3,0x3EAF3,,4,0,1,1,67.7903,,0.35,2099202,34,0x65A31;0xF8A4E,Fortify Health,,0.35,2099202,34,0x65A31;0xF8A4E,,
Boar Tusk,0x401CD6F,Fortify Block,0x3EB1C,0.5,4,60,1,0,0,0,1,0,0,0,MagicAlchFortifyBlock;MagicAlchBeneficial,0x3EB1C,0x3EB1C,,4,0,1,2,16.4893,,0.5,2099202,34,0x65A1E;0xF8A4E,Fortify Block,,0.5,2099202,34,0x65A1E;0xF8A4E,,
Boar Tusk,0x401CD6F,Frenzy,0x73F29,15,1,10,1,0,0,0,0,1,1,0,MagicAlchHarmful;MagicInfluence;MagicInfluenceFrenzy,0x73F29,0x73F29,,1,10,0,3,15,,15,2099463,8,0x42509;0x78098;0xC44B6,Frenzy,,15,2099463,8,0x42509;0x78098;0xC44B6,,
Bog Beacon,0xFE004D6C,Restore Magicka,0x3EB17,0.6,6,0,1,0,0,1,1,0,0,0,MagicAlchRestoreMagicka;MagicAlchBeneficial,0x3EB17,0x3EB17,,6,0,0,0,4.30643,,0.6,2099712,0,0x42508;0xF8A4E,Restore Magicka,,0.6,2099712,0,0x42508;0xF8A4E,,
Bog Beacon,0xFE004D6C,Fortify Heavy Armor,0x3EB1E,0.5,3,60,1,0,0,0,1,0,0,0,MagicAlchFortifyHeavyArmor;MagicAlchBeneficial,0x3EB1E,0x3EB1E,,3,0,1,1,12.0163,,0.5,2099202,34,0x65A23;0xF8A4E,Fortify Heavy Armor,,0.5,2099202,34,0x65A23;0xF8A4E,,
Bog Beacon,0xFE004D6C,Fear,0x73F20,5,2,30,1,0,0,0,0,1,1,0,MagicInfluenceFear;MagicAlchHarmful;MagicInfluence,0x73F20,0x73F20,,2,30,0,2,35.8869,,5,2099463,7,0x424E0;0x42509;0x78098,Fear,,5,2099463,7,0x424E0;0x42509;0x78098,,
Bog Beacon,0xFE004D6C,Damage Stamina,0x3A2C6,1.8,4,0,1,0,0,0,0,1,1,0,MagicAlchHarmful,0x3A2C6,0x3A2C6,,4,0,0,3,8.27063,,1.8,2099205,0,0x42509,Damage Stamina,,1.8,2099205,0,0x42509,,
Bone Meal,0x34CDD,Damage Stamina,0x3A2C6,1.8,3,0,1,0,0,0,0,1,1,0,MagicAlchHarmful,0x3A2C6,0x3A2C6,,3,0,0,0,6.02707,,1.8,2099205,0,0x42509,Damage Stamina,,1.8,2099205,0,0x42509,,
Bone Meal,0x34CDD,Resist Fire,0x3EAEA,0.5,3,60,1,0,0,0,1,0,0,0,MagicAlchResistFire;MagicAlchBeneficial,0x3EAEA,0x3EAEA,,3,0,1,1,12.0163,,0.5,2101250,34,0x65A37;0xF8A4E,Resist Fire,,0.5,2101250,34,0x65A37;0xF8A4E,,
Bone Meal,0x34CDD,Fortify Conjuration,0x3EB25,0.25,5,60,1,0,0,0,1,0,0,0,MagicAlchFortifyConjuration;MagicAlchBeneficial,0x3EB25,0x3EB25,,5,0,1,2,10.5384,,0.25,2099202,34,0x65A2A;0xF8A4E,Fortify Conjuration,,0.25,2099202,34,0x65A2A;0xF8A4E,,
Bone Meal,0x34CDD,Ravage Stamina,0x73F23,1.6,2,10,1,0,0,0,0,1,1,0,MagicAlchHarmful,0x73F23,0x73F23,,2,10,0,3,3.42968,,1.6,2099207,0,0x42509,Ravage Stamina,,1.6,2099207,0,0x42509,,
Briar Heart,0x3AD61,Restore Magicka,0x3EB17,0.6,5,0,1,0,0,1,1,0,0,0,MagicAlchRestoreMagicka;MagicAlchBeneficial,0x3EB17,0x3EB17,,5,0,0,0,3.52386,,0.6,2099712,0,0x42508;0xF8A4E,Restore Magicka,,0.6,2099712,0,0x42508;0xF8A4E,,
Briar Heart,0x3AD61,Fortify Block,0x3EB1C,0.5,2,60,1,0,0,0,1,0,0,0,MagicAlchFortifyBlock;MagicAlchBeneficial,0x3EB1C,0x3EB1C,,2,0,1,1,7.69253,,0.5,2099202,34,0x65A1E;0xF8A4E,Fortify Block,,0.5,2099202,34,0x65A1E;0xF8A4E,,
Briar Heart,0x3AD61,Paralysis,0x73F30,500,0,1,0,1,1,0,0,1,1,1,MagicParalysis;MagicAlchHarmful,0x73F30,0x73F30,,0,1,0,2,39.7164,,500,4197379,21,0x1EA70;0x42509,Paralysis,,500,4197379,21,0x1EA70;0x42509,,
Briar Heart,0x3AD61,Fortify Magicka,0x3EAF8,0.3,4,60,1,0,0,0,1,0,0,0,MagicAlchFortifyMagicka;MagicAlchBeneficial,0x3EAF8,0x3EAF8,,4,0,1,3,9.89359,,0.3,2099202,34,0x65A33;0xF8A4E,Fortify Magicka,,0.3,2099202,34,0x65A33;0xF8A4E,,
Bungler's Bane,0xFE004802,Slow,0x73F25,1,50,10,0,1,0,0,0,1,1,1,MagicAlchHarmful;MagicSlow,0x73F25,0x73F25,,50,0,1,0,73.9379,,1,4200455,34,0x42509;0xB729E,Slow,,1,4200455,34,0x42509;0xB729E,,
Bungler's Bane,0xFE004802,Ravage Stamina,0x73F23,1.6,3,20,1,0,0,0,0,1,1,0,MagicAlchHarmful,0x73F23,0x73F23,,3,20,0,1,11.4838,,1.6,2099207,0,0x42509,Ravage Stamina,,1.6,2099207,0,0x42509,,
Bungler's Bane,0xFE004802,Damage Stamina Regen,0x73F2C,0.3,100,10,0,1,0,0,0,1,1,1,MagicAlchHarmful,0x73F2C,0x73F2C,,100,10,0,2,47.5468,,0.3,4196359,0,0x42509,Damage Stamina Regen,,0.3,4196359,0,0x42509,,
Bungler's Bane,0xFE004802,Resist Magic,0x39E51,1,2,60,1,0,0,0,1,0,0,0,MagicAlchResistMagic;MagicAlchBeneficial,0x39E51,0x39E51,,2,0,1,3,15.3851,,1,2103298,34,0x65A3A;0xF8A4E,Resist Magic,,1,2103298,34,0x65A3A;0xF8A4E,,
Burnt Spriggan Wood,0x401CD6E,Weakness to Fire,0x73F2D,0.6,3,30,1,0,0,0,0,1,1,0,MagicAlchHarmful;MagicAlchWeaknessFire,0x73F2D,0x73F2D,,3,0,1,0,6.72695,,0.6,2101255,34,0x42509;0x74F4E,Weakness to Fire,,0.6,2101255,34,0x42509;0x74F4E,,
Burnt Spriggan Wood,0x401CD6E,Fortify Alteration,0x3EB24,0.2,4,60,1,0,0,0,1,0,0,0,MagicAlchFortifyAlteration;MagicAlchBeneficial,0x3EB24,0x3EB24,,4,0,1,1,6.59572,,0.2,2099202,34,0x65A1D;0xF8A4E,Fortify Alteration,,0.2,2099202,34,0x65A1D;0xF8A4E,,
Burnt Spriggan Wood,0x401CD6E,Damage Magicka Regen,0x73F2B,0.5,100,5,0,1,0,0,0,1,1,1,MagicAlchHarmful,0x73F2B,0x73F2B,,100,5,0,2,36.9689,,0.5,4196359,0,0x42509,Damage Magicka Regen,,0.5,4196359,0,0x42509,,
Burnt Spriggan Wood,0x401CD6E,Slow,0x73F25,1,50,5,0,1,0,0,0,1,1,1,MagicAlchHarmful;MagicSlow,0x73F25,0x73F25,,50,0,1,3,34.4932,,1,4200455,34,0x42509;0xB729E,Slow,,1,4200455,34,0x42509;0xB729E,,
Butterfly Wing,0x727E0,Restore Health,0x3EB15,0.5,5,0,1,0,0,1,1,0,0,0,MagicAlchRestoreHealth;MagicAlchBeneficial,0x3EB15,0x3EB15,,5,0,0,0,2.93655,,0.5,2099712,0,0x42503;0xF8A4E,Restore Health,,0.5,2099712,0,0x42503;0xF8A4E,,
Butterfly Wing,0x727E0,Fortify Barter,0x3EB23,2,1,30,1,0,0,0,1,0,0,0,MagicAlchFortifySpeechcraft;MagicAlchBeneficial,0x3EB23,0x3EB23,,1,0,1,1,6.69674,,2,2099202,34,0x65A29;0xF8A4E,Fortify Barter,,2,2099202,34,0x65A29;0xF8A4E,,
Butterfly Wing,0x727E0,Lingering Damage Stamina,0x10DE5E,1.8,1,10,1,0,0,0,0,1,1,0,MagicAlchHarmful,0x10DE5E,0x10DE5E,,1,10,0,2,1.8,,1.8,2099205,0,0x42509,Lingering Damage Stamina,,1.8,2099205,0,0x42509,,
Butterfly Wing,0x727E0,Damage Magicka,0x3A2B6,2.2,3,0,1,0,0,0,0,1,1,0,MagicAlchHarmful,0x3A2B6,0x3A2B6,,3,0,0,3,7.36641,,2.2,2099205,0,0x42509,Damage Magicka,,2.2,2099205,0,0x42509,,
Canis Root,0x6ABCB,Damage Stamina,0x3A2C6,1.8,3,0,1,0,0,0,0,1,1,0,MagicAlchHarmful,0x3A2C6,0x3A2C6,,3,0,0,0,6.02707,,1.8,2099205,0,0x42509,Damage Stamina,,1.8,2099205,0,0x42509,,
Canis Root,0x6ABCB,Fortify One-handed,0x3EB19,0.5,4,60,1,0,0,0,1,0,0,0,MagicAlchFortifyOneHanded;MagicAlchBeneficial,0x3EB19,0x3EB19,,4,0,1,1,16.4893,,0.5,2099202,34,0x65A1F;0xF8A4E,Fortify One-handed,,0.5,2099202,34,0x65A1F;0xF8A4E,,
Canis Root,0x6ABCB,Fortify Archery,0x3EB1B,0.5,4,60,1,0,0,0,1,0,0,0,MagicAlchFortifyMarksman;MagicAlchBeneficial,0x3EB1B,0x3EB1B,,4,0,1,2,16.4893,,0.5,2099202,34,0x65A21;0xF8A4E,Fortify Archery,,0.5,2099202,34,0x65A21;0xF8A4E,,
Canis Root,0x6ABCB,Paralysis,0x73F30,500,0,1,0,1,1,0,0,1,1,1,MagicParalysis;MagicAlchHarmful,0x73F30,0x73F30,,0,1,0,3,39.7164,,500,4197379,21,0x1EA70;0x42509,Paralysis,,500,4197379,21,0x1EA70;0x42509,,
Charred Skeever Hide,0x52695,Restore Stamina,0x3EB16,0.6,5,0,1,0,0,1,1,0,0,0,MagicAlchRestoreStamina;MagicAlchBeneficial,0x3EB16,0x3EB16,,5,0,0,0,3.52386,,0.6,2099712,0,0x42504;0xF8A4E,Restore Stamina,,0.6,2099712,0,0x42504;0xF8A4E,,
Charred Skeever Hide,0x52695,Cure Disease,0xAE722,0.5,2,0,1,0,0,1,1,0,0,0,MagicAlchBeneficial,0xAE722,0xAE722,,2,0,0,1,1.07177,,0.5,2103808,3,0xF8A4E,Cure Disease,,0.5,2103808,3,0xF8A4E,,
Charred Skeever Hide,0x52695,Resist Poison,0x90041,0.5,4,60,1,0,0,0,1,0,0,0,MagicAlchResistPoison;MagicAlchBeneficial,0x90041,0x90041,,4,0,1,2,16.4893,,0.5,2101250,34,0x10EB5F;0xF8A4E,Resist Poison,,0.5,2101250,34,0x10EB5F;0xF8A4E,,
Charred Skeever Hide,0x52695,Restore Health,0x3EB15,0.5,5,0,1,0,0,1,1,0,0,0,MagicAlchRestoreHealth;MagicAlchBeneficial,0x3EB15,0x3EB15,,5,0,0,3,2.93655,,0.5,2099712,0,0x42503;0xF8A4E,Restore Health,,0.5,2099712,0,0x42503;0xF8A4E,,
Chaurus Eggs,0x3AD56,Weakness to Poison,0x90042,1,2,30,1,0,0,0,0,1,1,0,MagicAlchHarmful;USKPMagicAlchWeaknessPoison,0x90042,0x90042,,2,0,1,0,7.17739,,1,2101255,34,0x42509;0x706EE3A,Weakness to Poison,,1,2101255,34,0x42509;0x706EE3A,,
Chaurus Eggs,0x3AD56,Fortify Stamina,0x3EAF9,0.3,4,60,1,0,0,0,1,0,0,0,MagicAlchFortifyStamina;MagicAlchBeneficial,0x3EAF9,0x3EAF9,,4,0,1,1,9.89359,,0.3,2099202,34,0x65A32;0xF8A4E,Fortify Stamina,,0.3,2099202,34,0x65A32;0xF8A4E,,
Chaurus Eggs,0x3AD56,Damage Magicka,0x3A2B6,2.2,3,0,1,0,0,0,0,1,1,0,MagicAlchHarmful,0x3A2B6,0x3A2B6,,3,0,0,2,7.36641,,2.2,2099205,0,0x42509,Damage Magicka,,2.2,2099205,0,0x42509,,
Chaurus Eggs,0x3AD56,Invisibility,0x3EB3D,100,0,4,0,1,1,0,1,0,0,1,MagicInvisibility;MagicAlchBeneficial;MagicAlchDurationBased,0x3EB3D,0x3EB3D,,0,4,0,3,36.4977,,100,4201474,11,0x1EA6F;0xF8A4E;0xF8A4F,Invisibility,,100,4201474,11,0x1EA6F;0xF8A4E;0xF8A4F,,
Chaurus Hunter Antennae,0x20183B7,Damage Stamina,0x3A2C6,1.8,3,0,1,0,0,0,0,1,1,0,MagicAlchHarmful,0x3A2C6,0x3A2C6,,3,0,0,0,6.02707,,1.8,2099205,0,0x42509,Damage Stamina,,1.8,2099205,0,0x42509,,
Chaurus Hunter Antennae,0x20183B7,Fortify Conjuration,0x3EB25,0.25,5,60,1,0,0,0,1,0,0,0,MagicAlchFortifyConjuration;MagicAlchBeneficial,0x3EB25,0x3EB25,,5,0,1,1,10.5384,,0.25,2099202,34,0x65A2A;0xF8A4E,Fortify Conjuration,,0.25,2099202,34,0x65A2A;0xF8A4E,,
Chaurus Hunter Antennae,0x20183B7,Damage Magicka Regen,0x73F2B,0.5,100,5,0,1,0,0,0,1,1,1,MagicAlchHarmful,0x73F2B,0x73F2B,,100,5,0,2,36.9689,,0.5,4196359,0,0x42509,Damage Magicka Regen,,0.5,4196359,0,0x42509,,
Chaurus Hunter Antennae,0x20183B7,Fortify Enchanting,0x3EB29,0.6,1,30,1,0,0,0,1,0,0,0,MagicAlchFortifyEnchanting;MagicAlchBeneficial,0x3EB29,0x3EB29,,1,0,1,3,2.00902,,0.6,2099202,34,0x65A2E;0xF8A4E,Fortify Enchanting,,0.6,2099202,34,0x65A2E;0xF8A4E,,
Chicken's Egg,0x23D77,Resist Magic,0x39E51,1,1,60,1,0,0,0,1,0,0,0,MagicAlchResistMagic;MagicAlchBeneficial,0x39E51,0x39E51,,1,0,1,0,7.17739,,1,2103298,34,0x65A3A;0xF8A4E,Resist Magic,,1,2103298,34,0x65A3A;0xF8A4E,,
Chicken's Egg,0x23D77,Damage Magicka Regen,0x73F2B,0.5,100,5,0,1,0,0,0,1,1,1,MagicAlchHarmful,0x73F2B,0x73F2B,,100,5,0,1,36.9689,,0.5,4196359,0,0x42509,Damage Magicka Regen,,0.5,4196359,0,0x42509,,
Chicken's Egg,0x23D77,Waterbreathing,0x3AC2D,30,0,5,0,1,1,0,1,0,0,1,MagicAlchBeneficial;MagicAlchDurationBased,0x3AC2D,0x3AC2D,,0,0,1,2,13.9955,,30,4197378,34,0xF8A4E;0xF8A4F,Waterbreathing,,30,4197378,34,0xF8A4E;0xF8A4F,,
Chicken's Egg,0x23D77,Lingering Damage Stamina,0x10DE5E,1.8,1,10,1,0,0,0,0,1,1,0,MagicAlchHarmful,0x10DE5E,0x10DE5E,,1,10,0,3,1.8,,1.8,2099205,0,0x42509,Lingering Damage Stamina,,1.8,2099205,0,0x42509,,
Chokeberry,0xFE004838,Damage Health,0x3EB42,3,3,1,1,0,0,0,0,1,1,0,MagicAlchHarmful,0x3EB42,0x3EB42,,3,1,0,0,0.797911,,3,2099205,0,0x42509,Damage Health,,3,2099205,0,0x42509,,
Chokeberry,0xFE004838,Ravage Health,0x73F26,0.4,3,20,1,0,0,0,0,1,1,0,MagicAlchHarmful,0x73F26,0x73F26,,3,20,0,1,2.87096,,0.4,2099207,0,0x42509,Ravage Health,,0.4,2099207,0,0x42509,,
Chokeberry,0xFE004838,Lingering Damage Health,0x10AA4A,12,2,10,1,0,0,0,0,1,1,0,MagicAlchHarmful,0x10AA4A,0x10AA4A,,2,10,0,2,25.7226,,12,2099205,0,0x42509,Lingering Damage Health,,12,2099205,0,0x42509,,
Chokeberry,0xFE004838,Weakness to Poison,0x90042,1,3,30,1,0,0,0,0,1,1,0,MagicAlchHarmful;USKPMagicAlchWeaknessPoison,0x90042,0x90042,,3,0,1,3,11.2116,,1,2101255,34,0x42509;0x706EE3A,Weakness to Poison,,1,2101255,34,0x42509;0x706EE3A,,
Chokeweed,0xFE004804,Weakness to Frost,0x73F2E,0.5,4,30,1,0,0,0,0,1,1,0,MagicAlchHarmful;MagicAlchWeaknessFrost,0x73F2E,0x73F2E,,4,0,1,0,7.69253,,0.5,2101255,34,0x42509;0x74F4F,Weakness to Frost,,0.5,2101255,34,0x42509;0x74F4F,,
Chokeweed,0xFE004804,Restore Stamina,0x3EB16,0.6,6,0,1,0,0,1,1,0,0,0,MagicAlchRestoreStamina;MagicAlchBeneficial,0x3EB16,0x3EB16,,6,0,0,1,4.30643,,0.6,2099712,0,0x42504;0xF8A4E,Restore Stamina,,0.6,2099712,0,0x42504;0xF8A4E,,
Chokeweed,0xFE004804,Cure Disease,0xAE722,0.5,2,0,1,0,0,1,1,0,0,0,MagicAlchBeneficial,0xAE722,0xAE722,,2,0,0,2,1.07177,,0.5,2103808,3,0xF8A4E,Cure Disease,,0.5,2103808,3,0xF8A4E,,
Chokeweed,0xFE004804,Damage Magicka,0x3A2B6,2.2,4,0,1,0,0,0,0,1,1,0,MagicAlchHarmful,0x3A2B6,0x3A2B6,,4,0,0,3,10.1085,,2.2,2099205,0,0x42509,Damage Magicka,,2.2,2099205,0,0x42509,,
Coda Flower,0xFE004805,Damage Health,0x3EB42,3,3,1,1,0,0,0,0,1,1,0,MagicAlchHarmful,0x3EB42,0x3EB42,,3,1,0,0,0.797911,,3,2099205,0,0x42509,Damage Health,,3,2099205,0,0x42509,,
Coda Flower,0xFE004805,Lingering Damage Stamina,0x10DE5E,1.8,2,10,1,0,0,0,0,1,1,0,MagicAlchHarmful,0x10DE5E,0x10DE5E,,2,10,0,1,3.85838,,1.8,2099205,0,0x42509,Lingering Damage Stamina,,1.8,2099205,0,0x42509,,
Coda Flower,0xFE004805,Ravage Magicka,0x73F27,1,3,10,1,0,0,0,0,1,1,0,MagicAlchHarmful,0x73F27,0x73F27,,3,10,0,2,3.34837,,1,2099207,0,0x42509,Ravage Magicka,,1,2099207,0,0x42509,,
Coda Flower,0xFE004805,Fortify Carry Weight,0x3EB01,0.15,5,300,1,0,0,0,1,0,0,0,MagicAlchFortifyCarryWeight;MagicAlchBeneficial,0x3EB01,0x3EB01,,5,0,1,3,37.1357,,0.15,2099202,34,0x65A2F;0xF8A4E,Fortify Carry Weight,,0.15,2099202,34,0x65A2F;0xF8A4E,,
Comberry,0xFE004806,Damage Stamina,0x3A2C6,1.8,4,0,1,0,0,0,0,1,1,0,MagicAlchHarmful,0x3A2C6,0x3A2C6,,4,0,0,0,8.27063,,1.8,2099205,0,0x42509,Damage Stamina,,1.8,2099205,0,0x42509,,
Comberry,0xFE004806,Spell Absorption,0xFE004812,0.1,50,60,0,1,0,0,1,0,0,1,MagicAlchBeneficial,0xFE004812,0xFE004812,,50,0,1,1,53.0681,,0.1,4194306,34,0xF8A4E,Spell Absorption,,0.1,4194306,34,0xF8A4E,,
Comberry,0xFE004806,Restore Magicka,0x3EB17,0.6,6,0,1,0,0,1,1,0,0,0,MagicAlchRestoreMagicka;MagicAlchBeneficial,0x3EB17,0x3EB17,,6,0,0,2,4.30643,,0.6,2099712,0,0x42508;0xF8A4E,Restore Magicka,,0.6,2099712,0,0x42508;0xF8A4E,,
Comberry,0xFE004806,Fortify Destruction,0x3EB26,0.5,6,60,1,0,0,0,1,0,0,0,MagicAlchFortifyDestruction;MagicAlchBeneficial,0x3EB26,0x3EB26,,6,0,1,3,25.7574,,0.5,2099202,34,0x65A2B;0xF8A4E,Fortify Destruction,,0.5,2099202,34,0x65A2B;0xF8A4E,,
Congealed Putrescence,0xFE004807,Ravage Health,0x73F26,0.4,3,20,1,0,0,0,0,1,1,0,MagicAlchHarmful,0x73F26,0x73F26,,3,20,0,0,2.87096,,0.4,2099207,0,0x42509,Ravage Health,,0.4,2099207,0,0x42509,,
Congealed Putrescence,0xFE004807,Restore Magicka,0x3EB17,0.6,6,0,1,0,0,1,1,0,0,0,MagicAlchRestoreMagicka;MagicAlchBeneficial,0x3EB17,0x3EB17,,6,0,0,1,4.30643,,0.6,2099712,0,0x42508;0xF8A4E,Restore Magicka,,0.6,2099712,0,0x42508;0xF8A4E,,
Congealed Putrescence,0xFE004807,Weakness to Fire,0x73F2D,0.6,4,30,1,0,0,0,0,1,1,0,MagicAlchHarmful;MagicAlchWeaknessFire,0x73F2D,0x73F2D,,4,0,1,2,9.23104,,0.6,2101255,34,0x42509;0x74F4E,Weakness to Fire,,0.6,2101255,34,0x42509;0x74F4E,,
Congealed Putrescence,0xFE004807,Fortify Conjuration,0x3EB25,0.25,6,60,1,0,0,0,1,0,0,0,MagicAlchFortifyConjuration;MagicAlchBeneficial,0x3EB25,0x3EB25,,6,0,1,3,12.8787,,0.25,2099202,34,0x65A2A;0xF8A4E,Fortify Conjuration,,0.25,2099202,34,0x65A2A;0xF8A4E,,
Corkbulb Root,0xFE004809,Paralysis,0x73F30,500,0,2,0,1,1,0,0,1,1,1,MagicParalysis;MagicAlchHarmful,0x73F30,0x73F30,,0,2,0,0,85.134,,500,4197379,21,0x1EA70;0x42509,Paralysis,,500,4197379,21,0x1EA70;0x42509,,
Corkbulb Root,0xFE004809,Restore Health,0x3EB15,0.5,6,0,1,0,0,1,1,0,0,0,MagicAlchRestoreHealth;MagicAlchBeneficial,0x3EB15,0x3EB15,,6,0,0,1,3.58869,,0.5,2099712,0,0x42503;0xF8A4E,Restore Health,,0.5,2099712,0,0x42503;0xF8A4E,,
Corkbulb Root,0xFE004809,Resist Shock,0x3EAEC,0.5,4,60,1,0,0,0,1,0,0,0,MagicAlchResistShock;MagicAlchBeneficial,0x3EAEC,0x3EAEC,,4,0,1,2,16.4893,,0.5,2101250,34,0x65A39;0xF8A4E,Resist Shock,,0.5,2101250,34,0x65A39;0xF8A4E,,
Corkbulb Root,0xFE004809,Fortify Archery,0x3EB1B,0.5,5,60,1,0,0,0,1,0,0,0,MagicAlchFortifyMarksman;MagicAlchBeneficial,0x3EB1B,0x3EB1B,,5,0,1,3,21.0767,,0.5,2099202,34,0x65A21;0xF8A4E,Fortify Archery,,0.5,2099202,34,0x65A21;0xF8A4E,,
Creep Cluster,0xB2183,Restore Magicka,0x3EB17,0.6,5,0,1,0,0,1,1,0,0,0,MagicAlchRestoreMagicka;MagicAlchBeneficial,0x3EB17,0x3EB17,,5,0,0,0,3.52386,,0.6,2099712,0,0x42508;0xF8A4E,Restore Magicka,,0.6,2099712,0,0x42508;0xF8A4E,,
Creep Cluster,0xB2183,Damage Stamina Regen,0x73F2C,0.3,100,5,0,1,0,0,0,1,1,1,MagicAlchHarmful,0x73F2C,0x73F2C,,100,5,0,1,22.1814,,0.3,4196359,0,0x42509,Damage Stamina Regen,,0.3,4196359,0,0x42509,,
Creep Cluster,0xB2183,Fortify Carry Weight,0x3EB01,0.15,4,300,1,0,0,0,1,0,0,0,MagicAlchFortifyCarryWeight;MagicAlchBeneficial,0x3EB01,0x3EB01,,4,0,1,2,29.053,,0.15,2099202,34,0x65A2F;0xF8A4E,Fortify Carry Weight,,0.15,2099202,34,0x65A2F;0xF8A4E,,
Creep Cluster,0xB2183,Weakness to Magic,0x73F51,1,2,30,1,0,0,0,0,1,1,0,MagicAlchHarmful;MagicAlchWeaknessMagic,0x73F51,0x73F51,,2,0,1,3,7.17739,,1,2101255,34,0x42509;0x74F51,Weakness to Magic,,1,2101255,34,0x42509;0x74F51,,
Crimson Nirnroot,0xB701A,Damage Health,0x3EB42,3,6,1,1,0,0,0,0,1,1,0,MagicAlchHarmful,0x3EB42,0x3EB42,,6,1,0,0,1.71036,,3,2099205,0,0x42509,Damage Health,,3,2099205,0,0x42509,,
Crimson Nirnroot,0xB701A,Damage Stamina,0x3A2C6,1.8,9,0,1,0,0,0,0,1,1,0,MagicAlchHarmful,0x3A2C6,0x3A2C6,,9,0,0,1,20.1808,,1.8,2099205,0,0x42509,Damage Stamina,,1.8,2099205,0,0x42509,,
Crimson Nirnroot,0xB701A,Invisibility,0x3EB3D,100,0,4,0,1,1,0,1,0,0,1,MagicInvisibility;MagicAlchBeneficial;MagicAlchDurationBased,0x3EB3D,0x3EB3D,,0,4,0,2,36.4977,,100,4201474,11,0x1EA6F;0xF8A4E;0xF8A4F,Invisibility,,100,4201474,11,0x1EA6F;0xF8A4E;0xF8A4F,,
Crimson Nirnroot,0xB701A,Resist Magic,0x39E51,1,1,60,1,0,0,0,1,0,0,0,MagicAlchResistMagic;MagicAlchBeneficial,0x39E51,0x39E51,,1,0,1,3,7.17739,,1,2103298,34,0x65A3A;0xF8A4E,Resist Magic,,1,2103298,34,0x65A3A;0xF8A4E,,
Cyrodilic Spadetail,0x106E19,Damage Stamina,0x3A2C6,1.8,3,0,1,0,0,0,0,1,1,0,MagicAlchHarmful,0x3A2C6,0x3A2C6,,3,0,0,0,6.02707,,1.8,2099205,0,0x42509,Damage Stamina,,1.8,2099205,0,0x42509,,
Cyrodilic Spadetail,0x106E19,Fortify Restoration,0x3EB28,0.5,4,60,1,0,0,0,1,0,0,0,MagicAlchFortifyRestoration;MagicAlchBeneficial,0x3EB28,0x3EB28,,4,0,1,1,16.4893,,0.5,2099202,34,0x65A2D;0xF8A4E,Fortify Restoration,,0.5,2099202,34,0x65A2D;0xF8A4E,,
Cyrodilic Spadetail,0x106E19,Fear,0x73F20,5,1,30,1,0,0,0,0,1,1,0,MagicInfluenceFear;MagicAlchHarmful;MagicInfluence,0x73F20,0x73F20,,1,30,0,2,16.7418,,5,2099463,7,0x424E0;0x42509;0x78098,Fear,,5,2099463,7,0x424E0;0x42509;0x78098,,
Cyrodilic Spadetail,0x106E19,Ravage Health,0x73F26,0.4,2,10,1,0,0,0,0,1,1,0,MagicAlchHarmful,0x73F26,0x73F26,,2,10,0,3,0.857419,,0.4,2099207,0,0x42509,Ravage Health,,0.4,2099207,0,0x42509,,
Daedra Heart,0x3AD5B,Restore Health,0x3EB15,0.5,5,0,1,0,0,1,1,0,0,0,MagicAlchRestoreHealth;MagicAlchBeneficial,0x3EB15,0x3EB15,,5,0,0,0,2.93655,,0.5,2099712,0,0x42503;0xF8A4E,Restore Health,,0.5,2099712,0,0x42503;0xF8A4E,,
Daedra Heart,0x3AD5B,Damage Stamina Regen,0x73F2C,0.3,100,5,0,1,0,0,0,1,1,1,MagicAlchHarmful,0x73F2C,0x73F2C,,100,5,0,1,22.1814,,0.3,4196359,0,0x42509,Damage Stamina Regen,,0.3,4196359,0,0x42509,,
Daedra Heart,0x3AD5B,Damage Magicka,0x3A2B6,2.2,3,0,1,0,0,0,0,1,1,0,MagicAlchHarmful,0x3A2B6,0x3A2B6,,3,0,0,2,7.36641,,2.2,2099205,0,0x42509,Damage Magicka,,2.2,2099205,0,0x42509,,
Daedra Heart,0x3AD5B,Fear,0x73F20,5,1,30,1,0,0,0,0,1,1,0,MagicInfluenceFear;MagicAlchHarmful;MagicInfluence,0x73F20,0x73F20,,1,30,0,3,16.7418,,5,2099463,7,0x424E0;0x42509;0x78098,Fear,,5,2099463,7,0x424E0;0x42509;0x78098,,
Daedra Silk,0xFE00480A,Lingering Damage Stamina,0x10DE5E,1.8,2,10,1,0,0,0,0,1,1,0,MagicAlchHarmful,0x10DE5E,0x10DE5E,,2,10,0,0,3.85838,,1.8,2099205,0,0x42509,Lingering Damage Stamina,,1.8,2099205,0,0x42509,,
Daedra Silk,0xFE00480A,Paralysis,0x73F30,500,0,2,0,1,1,0,0,1,1,1,MagicParalysis;MagicAlchHarmful,0x73F30,0x73F30,,0,2,0,1,85.134,,500,4197379,21,0x1EA70;0x42509,Paralysis,,500,4197379,21,0x1EA70;0x42509,,
Daedra Silk,0xFE00480A,Night Eye,0xFE004803,0.75,0,60,0,1,0,0,1,0,0,1,MagicNightEye,0xFE004803,0xFE004803,,0,60,0,2,5.38304,,0.75,138545408,1,0xAD7C6,Night Eye,,0.75,138545408,1,0xAD7C6,,
Daedra Silk,0xFE00480A,Invisibility,0x3EB3D,100,0,6,0,1,1,0,1,0,0,1,MagicInvisibility;MagicAlchBeneficial;MagicAlchDurationBased,0x3EB3D,0x3EB3D,,0,6,0,3,57.012,,100,4201474,11,0x1EA6F;0xF8A4E;0xF8A4F,Invisibility,,100,4201474,11,0x1EA6F;0xF8A4E;0xF8A4F,,
Daedra Venin,0xFE00480B,Ravage Health,0x73F26,0.4,3,20,1,0,0,0,0,1,1,0,MagicAlchHarmful,0x73F26,0x73F26,,3,20,0,0,2.87096,,0.4,2099207,0,0x42509,Ravage Health,,0.4,2099207,0,0x42509,,
Daedra Venin,0xFE00480B,Paralysis,0x73F30,500,0,2,0,1,1,0,0,1,1,1,MagicParalysis;MagicAlchHarmful,0x73F30,0x73F30,,0,2,0,1,85.134,,500,4197379,21,0x1EA70;0x42509,Paralysis,,500,4197379,21,0x1EA70;0x42509,,
Daedra Venin,0xFE00480B,Fortify Destruction,0x3EB26,0.5,6,60,1,0,0,0,1,0,0,0,MagicAlchFortifyDestruction;MagicAlchBeneficial,0x3EB26,0x3EB26,,6,0,1,2,25.7574,,0.5,2099202,34,0x65A2B;0xF8A4E,Fortify Destruction,,0.5,2099202,34,0x65A2B;0xF8A4E,,
Daedra Venin,0xFE00480B,Spell Absorption,0xFE004812,0.1,50,60,0,1,0,0,1,0,0,1,MagicAlchBeneficial,0xFE004812,0xFE004812,,50,0,1,3,53.0681,,0.1,4194306,34,0xF8A4E,Spell Absorption,,0.1,4194306,34,0xF8A4E,,
Daedroth Teeth,0xFE004826,Resist Frost,0x3EAEB,0.5,4,60,1,0,0,0,1,0,0,0,MagicAlchResistFrost;MagicAlchBeneficial,0x3EAEB,0x3EAEB,,4,0,1,0,16.4893,,0.5,2101250,34,0x65A38;0xF8A4E,Resist Frost,,0.5,2101250,34,0x65A38;0xF8A4E,,
Daedroth Teeth,0xFE004826,Light,0xFE004846,0.5,0,60,0,1,0,0,1,0,0,1,WISpellColorful;MagicAlchBeneficial,0xFE004846,0xFE004846,,0,60,0,1,3.58869,,0.5,4198400,12,0xA9B1E;0xF8A4E,Light,,0.5,4198400,12,0xA9B1E;0xF8A4E,,
Daedroth Teeth,0xFE004826,Damage Magicka Regen,0x73F2B,0.5,100,10,0,1,0,0,0,1,1,1,MagicAlchHarmful,0x73F2B,0x73F2B,,100,10,0,2,79.2447,,0.5,4196359,0,0x42509,Damage Magicka Regen,,0.5,4196359,0,0x42509,,
Daedroth Teeth,0xFE004826,Regenerate Stamina,0x3EB08,0.1,6,300,1,0,0,0,1,0,0,0,MagicAlchFortifyStaminaRate;MagicAlchBeneficial,0x3EB08,0x3EB08,,6,0,1,3,30.2552,,0.1,2099202,34,0x65A35;0xF8A4E,Regenerate Stamina,,0.1,2099202,34,0x65A35;0xF8A4E,,
Deathbell,0x516C8,Damage Health,0x3EB42,3,3,1,1,0,0,0,0,1,1,0,MagicAlchHarmful,0x3EB42,0x3EB42,,3,1,0,0,0.797911,,3,2099205,0,0x42509,Damage Health,,3,2099205,0,0x42509,,
Deathbell,0x516C8,Ravage Stamina,0x73F23,1.6,2,20,1,0,0,0,0,1,1,0,MagicAlchHarmful,0x73F23,0x73F23,,2,20,0,1,7.35167,,1.6,2099207,0,0x42509,Ravage Stamina,,1.6,2099207,0,0x42509,,
Deathbell,0x516C8,Slow,0x73F25,1,50,5,0,1,0,0,0,1,1,1,MagicAlchHarmful;MagicSlow,0x73F25,0x73F25,,50,0,1,2,34.4932,,1,4200455,34,0x42509;0xB729E,Slow,,1,4200455,34,0x42509;0xB729E,,
Deathbell,0x516C8,Weakness to Poison,0x90042,1,2,30,1,0,0,0,0,1,1,0,MagicAlchHarmful;USKPMagicAlchWeaknessPoison,0x90042,0x90042,,2,0,1,3,7.17739,,1,2101255,34,0x42509;0x706EE3A,Weakness to Poison,,1,2101255,34,0x42509;0x706EE3A,,
Dragon's Tongue,0x889A2,Resist Fire,0x3EAEA,0.5,3,60,1,0,0,0,1,0,0,0,MagicAlchResistFire;MagicAlchBeneficial,0x3EAEA,0x3EAEA,,3,0,1,0,12.0163,,0.5,2101250,34,0x65A37;0xF8A4E,Resist Fire,,0.5,2101250,34,0x65A37;0xF8A4E,,
Dragon's Tongue,0x889A2,Fortify Barter,0x3EB23,2,1,30,1,0,0,0,1,0,0,0,MagicAlchFortifySpeechcraft;MagicAlchBeneficial,0x3EB23,0x3EB23,,1,0,1,1,6.69674,,2,2099202,34,0x65A29;0xF8A4E,Fortify Barter,,2,2099202,34,0x65A29;0xF8A4E,,
Dragon's Tongue,0x889A2,Fortify Illusion,0x3EB27,0.4,1,60,1,0,0,0,1,0,0,0,MagicAlchFortifyIllusion;MagicAlchBeneficial,0x3EB27,0x3EB27,,1,0,1,2,2.87096,,0.4,2099202,34,0x65A2C;0xF8A4E,Fortify Illusion,,0.4,2099202,34,0x65A2C;0xF8A4E,,
Dragon's Tongue,0x889A2,Fortify Two-handed,0x3EB1A,0.5,4,60,1,0,0,0,1,0,0,0,MagicAlchFortifyTwoHanded;MagicAlchBeneficial,0x3EB1A,0x3EB1A,,4,0,1,3,16.4893,,0.5,2099202,34,0x65A20;0xF8A4E,Fortify Two-handed,,0.5,2099202,34,0x65A20;0xF8A4E,,
Dreugh Wax,0xFE004827,Weakness to Magic,0x73F51,1,3,30,1,0,0,0,0,1,1,0,MagicAlchHarmful;MagicAlchWeaknessMagic,0x73F51,0x73F51,,3,0,1,0,11.2116,,1,2101255,34,0x42509;0x74F51,Weakness to Magic,,1,2101255,34,0x42509;0x74F51,,
Dreugh Wax,0xFE004827,Frenzy,0x73F29,15,1,20,1,0,0,0,0,1,1,0,MagicAlchHarmful;MagicInfluence;MagicInfluenceFrenzy,0x73F29,0x73F29,,1,20,0,1,32.1532,,15,2099463,8,0x42509;0x78098;0xC44B6,Frenzy,,15,2099463,8,0x42509;0x78098;0xC44B6,,
Dreugh Wax,0xFE004827,Fortify Enchanting,0x3EB29,0.6,2,30,1,0,0,0,1,0,0,0,MagicAlchFortifyEnchanting;MagicAlchBeneficial,0x3EB29,0x3EB29,,2,0,1,2,4.30643,,0.6,2099202,34,0x65A2E;0xF8A4E,Fortify Enchanting,,0.6,2099202,34,0x65A2E;0xF8A4E,,
Dreugh Wax,0xFE004827,Fortify Smithing,0x3EB1D,0.75,5,30,1,0,0,0,1,0,0,0,MagicAlchFortifySmithing;MagicAlchBeneficial,0x3EB1D,0x3EB1D,,5,0,1,3,14.749,,0.75,2099202,34,0x65A22;0xF8A4E,Fortify Smithing,,0.75,2099202,34,0x65A22;0xF8A4E,,
Dwarven Oil,0xF11C0,Weakness to Magic,0x73F51,1,2,30,1,0,0,0,0,1,1,0,MagicAlchHarmful;MagicAlchWeaknessMagic,0x73F51,0x73F51,,2,0,1,0,7.17739,,1,2101255,34,0x42509;0x74F51,Weakness to Magic,,1,2101255,34,0x42509;0x74F51,,
Dwarven Oil,0xF11C0,Fortify Illusion,0x3EB27,0.4,4,60,1,0,0,0,1,0,0,0,MagicAlchFortifyIllusion;MagicAlchBeneficial,0x3EB27,0x3EB27,,4,0,1,1,13.1914,,0.4,2099202,34,0x65A2C;0xF8A4E,Fortify Illusion,,0.4,2099202,34,0x65A2C;0xF8A4E,,
Dwarven Oil,0xF11C0,Regenerate Magicka,0x3EB07,0.1,5,300,1,0,0,0,1,0,0,0,MagicAlchFortifyMagickaRate;MagicAlchBeneficial,0x3EB07,0x3EB07,,5,0,1,2,24.7571,,0.1,2099202,34,0x65A34;0xF8A4E,Regenerate Magicka,,0.1,2099202,34,0x65A34;0xF8A4E,,
Dwarven Oil,0xF11C0,Restore Magicka,0x3EB17,0.6,5,0,1,0,0,1,1,0,0,0,MagicAlchRestoreMagicka;MagicAlchBeneficial,0x3EB17,0x3EB17,,5,0,0,3,3.52386,,0.6,2099712,0,0x42508;0xF8A4E,Restore Magicka,,0.6,2099712,0,0x42508;0xF8A4E,,
Ectoplasm,0x3AD63,Restore Magicka,0x3EB17,0.6,5,0,1,0,0,1,1,0,0,0,MagicAlchRestoreMagicka;MagicAlchBeneficial,0x3EB17,0x3EB17,,5,0,0,0,3.52386,,0.6,2099712,0,0x42508;0xF8A4E,Restore Magicka,,0.6,2099712,0,0x42508;0xF8A4E,,
Ectoplasm,0x3AD63,Fortify Destruction,0x3EB26,0.5,4,60,1,0,0,0,1,0,0,0,MagicAlchFortifyDestruction;MagicAlchBeneficial,0x3EB26,0x3EB26,,4,0,1,1,16.4893,,0.5,2099202,34,0x65A2B;0xF8A4E,Fortify Destruction,,0.5,2099202,34,0x65A2B;0xF8A4E,,
Ectoplasm,0x3AD63,Fortify Magicka,0x3EAF8,0.3,4,60,1,0,0,0,1,0,0,0,MagicAlchFortifyMagicka;MagicAlchBeneficial,0x3EAF8,0x3EAF8,,4,0,1,2,9.89359,,0.3,2099202,34,0x65A33;0xF8A4E,Fortify Magicka,,0.3,2099202,34,0x65A33;0xF8A4E,,
Ectoplasm,0x3AD63,Damage Health,0x3EB42,3,2,1,1,0,0,0,0,1,1,0,MagicAlchHarmful,0x3EB42,0x3EB42,,2,1,0,3,0.510804,,3,2099205,0,0x42509,Damage Health,,3,2099205,0,0x42509,,
Elves Ear,0x34D31,Restore Magicka,0x3EB17,0.6,5,0,1,0,0,1,1,0,0,0,MagicAlchRestoreMagicka;MagicAlchBeneficial,0x3EB17,0x3EB17,,5,0,0,0,3.52386,,0.6,2099712,0,0x42508;0xF8A4E,Restore Magicka,,0.6,2099712,0,0x42508;0xF8A4E,,
Elves Ear,0x34D31,Fortify Archery,0x3EB1B,0.5,4,60,1,0,0,0,1,0,0,0,MagicAlchFortifyMarksman;MagicAlchBeneficial,0x3EB1B,0x3EB1B,,4,0,1,1,16.4893,,0.5,2099202,34,0x65A21;0xF8A4E,Fortify Archery,,0.5,2099202,34,0x65A21;0xF8A4E,,
Elves Ear,0x34D31,Weakness to Frost,0x73F2E,0.5,2,30,1,0,0,0,0,1,1,0,MagicAlchHarmful;MagicAlchWeaknessFrost,0x73F2E,0x73F2E,,2,0,1,2,3.58869,,0.5,2101255,34,0x42509;0x74F4F,Weakness to Frost,,0.5,2101255,34,0x42509;0x74F4F,,
Elves Ear,0x34D31,Resist Fire,0x3EAEA,0.5,3,30,1,0,0,0,1,0,0,0,MagicAlchResistFire;MagicAlchBeneficial,0x3EAEA,0x3EAEA,,3,0,1,3,5.60579,,0.5,2101250,34,0x65A37;0xF8A4E,Resist Fire,,0.5,2101250,34,0x65A37;0xF8A4E,,
Elytra Ichor,0xFE004828,Restore Magicka,0x3EB17,0.6,6,0,1,0,0,1,1,0,0,0,MagicAlchRestoreMagicka;MagicAlchBeneficial,0x3EB17,0x3EB17,,6,0,0,0,4.30643,,0.6,2099712,0,0x42508;0xF8A4E,Restore Magicka,,0.6,2099712,0,0x42508;0xF8A4E,,
Elytra Ichor,0xFE004828,Invisibility,0x3EB3D,100,0,6,0,1,1,0,1,0,0,1,MagicInvisibility;MagicAlchBeneficial;MagicAlchDurationBased,0x3EB3D,0x3EB3D,,0,6,0,1,57.012,,100,4201474,11,0x1EA6F;0xF8A4E;0xF8A4F,Invisibility,,100,4201474,11,0x1EA6F;0xF8A4E;0xF8A4F,,
Elytra Ichor,0xFE004828,Slow,0x73F25,1,50,10,0,1,0,0,0,1,1,1,MagicAlchHarmful;MagicSlow,0x73F25,0x73F25,,50,0,1,2,73.9379,,1,4200455,34,0x42509;0xB729E,Slow,,1,4200455,34,0x42509;0xB729E,,
Elytra Ichor,0xFE004828,Fear,0x73F20,5,2,30,1,0,0,0,0,1,1,0,MagicInfluenceFear;MagicAlchHarmful;MagicInfluence,0x73F20,0x73F20,,2,30,0,3,35.8869,,5,2099463,7,0x424E0;0x42509;0x78098,Fear,,5,2099463,7,0x424E0;0x42509;0x78098,,
Emperor Parasol Moss,0x401FF75,Damage Health,0x3EB42,3,3,0,1,0,0,0,0,1,1,0,MagicAlchHarmful,0x3EB42,0x3EB42,,3,0,0,0,10.0451,,3,2099205,0,0x42509,Damage Health,,3,2099205,0,0x42509,,
Emperor Parasol Moss,0x401FF75,Fortify Magicka,0x3EAF8,0.3,4,60,1,0,0,0,1,0,0,0,MagicAlchFortifyMagicka;MagicAlchBeneficial,0x3EAF8,0x3EAF8,,4,0,1,1,9.89359,,0.3,2099202,34,0x65A33;0xF8A4E,Fortify Magicka,,0.3,2099202,34,0x65A33;0xF8A4E,,
Emperor Parasol Moss,0x401FF75,Regenerate Health,0x3EB06,0.1,5,300,1,0,0,0,1,0,0,0,MagicAlchFortifyHealRate;MagicAlchBeneficial,0x3EB06,0x3EB06,,5,0,1,2,24.7571,,0.1,2099202,34,0x65A30;0xF8A4E,Regenerate Health,,0.1,2099202,34,0x65A30;0xF8A4E,,
Emperor Parasol Moss,0x401FF75,Fortify Two-handed,0x3EB1A,0.5,4,60,1,0,0,0,1,0,0,0,MagicAlchFortifyTwoHanded;MagicAlchBeneficial,0x3EB1A,0x3EB1A,,4,0,1,3,16.4893,,0.5,2099202,34,0x65A20;0xF8A4E,Fortify Two-handed,,0.5,2099202,34,0x65A20;0xF8A4E,,
Eye of Sabre Cat,0x6BC07,Restore Stamina,0x3EB16,0.6,5,0,1,0,0,1,1,0,0,0,MagicAlchRestoreStamina;MagicAlchBeneficial,0x3EB16,0x3EB16,,5,0,0,0,3.52386,,0.6,2099712,0,0x42504;0xF8A4E,Restore Stamina,,0.6,2099712,0,0x42504;0xF8A4E,,
Eye of Sabre Cat,0x6BC07,Ravage Health,0x73F26,0.4,2,10,1,0,0,0,0,1,1,0,MagicAlchHarmful,0x73F26,0x73F26,,2,10,0,1,0.857419,,0.4,2099207,0,0x42509,Ravage Health,,0.4,2099207,0,0x42509,,
Eye of Sabre Cat,0x6BC07,Damage Magicka,0x3A2B6,2.2,3,0,1,0,0,0,0,1,1,0,MagicAlchHarmful,0x3A2B6,0x3A2B6,,3,0,0,2,7.36641,,2.2,2099205,0,0x42509,Damage Magicka,,2.2,2099205,0,0x42509,,
Eye of Sabre Cat,0x6BC07,Restore Health,0x3EB15,0.5,5,0,1,0,0,1,1,0,0,0,MagicAlchRestoreHealth;MagicAlchBeneficial,0x3EB15,0x3EB15,,5,0,0,3,2.93655,,0.5,2099712,0,0x42503;0xF8A4E,Restore Health,,0.5,2099712,0,0x42503;0xF8A4E,,
Falmer Ear,0x3AD5D,Damage Health,0x3EB42,3,2,1,1,0,0,0,0,1,1,0,MagicAlchHarmful,0x3EB42,0x3EB42,,2,1,0,0,0.510804,,3,2099205,0,0x42509,Damage Health,,3,2099205,0,0x42509,,
Falmer Ear,0x3AD5D,Frenzy,0x73F29,15,1,10,1,0,0,0,0,1,1,0,MagicAlchHarmful;MagicInfluence;MagicInfluenceFrenzy,0x73F29,0x73F29,,1,10,0,1,15,,15,2099463,8,0x42509;0x78098;0xC44B6,Frenzy,,15,2099463,8,0x42509;0x78098;0xC44B6,,
Falmer Ear,0x3AD5D,Resist Poison,0x90041,0.5,4,60,1,0,0,0,1,0,0,0,MagicAlchResistPoison;MagicAlchBeneficial,0x90041,0x90041,,4,0,1,2,16.4893,,0.5,2101250,34,0x10EB5F;0xF8A4E,Resist Poison,,0.5,2101250,34,0x10EB5F;0xF8A4E,,
Falmer Ear,0x3AD5D,Fortify Lockpicking,0x3EB21,0.5,2,30,1,0,0,0,1,0,0,0,MagicAlchFortifyLockpicking;MagicAlchBeneficial,0x3EB21,0x3EB21,,2,0,1,3,3.58869,,0.5,2099202,34,0x65A26;0xF8A4E,Fortify Lockpicking,,0.5,2099202,34,0x65A26;0xF8A4E,,
Felsaad Tern Feathers,0x403CD8E,Restore Health,0x3EB15,0.5,1,0,1,0,0,1,1,0,0,0,MagicAlchRestoreHealth;MagicAlchBeneficial,0x3EB15,0x3EB15,,1,0,0,0,0.5,,0.5,2099712,0,0x42503;0xF8A4E,Restore Health,,0.5,2099712,0,0x42503;0xF8A4E,,
Felsaad Tern Feathers,0x403CD8E,Fortify Light Armor,0x3EB1F,0.5,2,60,1,0,0,0,1,0,0,0,MagicAlchFortifyLightArmor;MagicAlchBeneficial,0x3EB1F,0x3EB1F,,2,0,1,1,7.69253,,0.5,2099202,34,0x65A24;0xF8A4E,Fortify Light Armor,,0.5,2099202,34,0x65A24;0xF8A4E,,
Felsaad Tern Feathers,0x403CD8E,Cure Disease,0xAE722,0.5,5,0,1,0,0,1,1,0,0,0,MagicAlchBeneficial,0xAE722,0xAE722,,5,0,0,2,2.93655,,0.5,2103808,3,0xF8A4E,Cure Disease,,0.5,2103808,3,0xF8A4E,,
Felsaad Tern Feathers,0x403CD8E,Resist Magic,0x39E51,1,1,60,1,0,0,0,1,0,0,0,MagicAlchResistMagic;MagicAlchBeneficial,0x39E51,0x39E51,,1,0,1,3,7.17739,,1,2103298,34,0x65A3A;0xF8A4E,Resist Magic,,1,2103298,34,0x65A3A;0xF8A4E,,
Fire Petal,0xFE004829,Damage Health,0x3EB42,3,3,1,1,0,0,0,0,1,1,0,MagicAlchHarmful,0x3EB42,0x3EB42,,3,1,0,0,0.797911,,3,2099205,0,0x42509,Damage Health,,3,2099205,0,0x42509,,
Fire Petal,0xFE004829,Resist Fire,0x3EAEA,0.5,4,60,1,0,0,0,1,0,0,0,MagicAlchResistFire;MagicAlchBeneficial,0x3EAEA,0x3EAEA,,4,0,1,1,16.4893,,0.5,2101250,34,0x65A37;0xF8A4E,Resist Fire,,0.5,2101250,34,0x65A37;0xF8A4E,,
Fire Petal,0xFE004829,Spell Absorption,0xFE004812,0.1,50,60,0,1,0,0,1,0,0,1,MagicAlchBeneficial,0xFE004812,0xFE004812,,50,0,1,2,53.0681,,0.1,4194306,34,0xF8A4E,Spell Absorption,,0.1,4194306,34,0xF8A4E,,
Fire Petal,0xFE004829,Paralysis,0x73F30,500,0,2,0,1,1,0,0,1,1,1,MagicParalysis;MagicAlchHarmful,0x73F30,0x73F30,,0,2,0,3,85.134,,500,4197379,21,0x1EA70;0x42509,Paralysis,,500,4197379,21,0x1EA70;0x42509,,
Fire Salts,0x3AD5E,Weakness to Frost,0x73F2E,0.5,3,30,1,0,0,0,0,1,1,0,MagicAlchHarmful;MagicAlchWeaknessFrost,0x73F2E,0x73F2E,,3,0,1,0,5.60579,,0.5,2101255,34,0x42509;0x74F4F,Weakness to Frost,,0.5,2101255,34,0x42509;0x74F4F,,
Fire Salts,0x3AD5E,Resist Fire,0x3EAEA,0.5,3,60,1,0,0,0,1,0,0,0,MagicAlchResistFire;MagicAlchBeneficial,0x3EAEA,0x3EAEA,,3,0,1,1,12.0163,,0.5,2101250,34,0x65A37;0xF8A4E,Resist Fire,,0.5,2101250,34,0x65A37;0xF8A4E,,
Fire Salts,0x3AD5E,Restore Magicka,0x3EB17,0.6,5,0,1,0,0,1,1,0,0,0,MagicAlchRestoreMagicka;MagicAlchBeneficial,0x3EB17,0x3EB17,,5,0,0,2,3.52386,,0.6,2099712,0,0x42508;0xF8A4E,Restore Magicka,,0.6,2099712,0,0x42508;0xF8A4E,,
Fire Salts,0x3AD5E,Regenerate Magicka,0x3EB07,0.1,5,300,1,0,0,0,1,0,0,0,MagicAlchFortifyMagickaRate;MagicAlchBeneficial,0x3EB07,0x3EB07,,5,0,1,3,24.7571,,0.1,2099202,34,0x65A34;0xF8A4E,Regenerate Magicka,,0.1,2099202,34,0x65A34;0xF8A4E,,
Flame Stalk,0xFE00482A,Restore Health,0x3EB15,0.5,6,0,1,0,0,1,1,0,0,0,MagicAlchRestoreHealth;MagicAlchBeneficial,0x3EB15,0x3EB15,,6,0,0,0,3.58869,,0.5,2099712,0,0x42503;0xF8A4E,Restore Health,,0.5,2099712,0,0x42503;0xF8A4E,,
Flame Stalk,0xFE00482A,Resist Frost,0x3EAEB,0.5,4,60,1,0,0,0,1,0,0,0,MagicAlchResistFrost;MagicAlchBeneficial,0x3EAEB,0x3EAEB,,4,0,1,1,16.4893,,0.5,2101250,34,0x65A38;0xF8A4E,Resist Frost,,0.5,2101250,34,0x65A38;0xF8A4E,,
Flame Stalk,0xFE00482A,Weakness to Fire,0x73F2D,0.6,4,30,1,0,0,0,0,1,1,0,MagicAlchHarmful;MagicAlchWeaknessFire,0x73F2D,0x73F2D,,4,0,1,2,9.23104,,0.6,2101255,34,0x42509;0x74F4E,Weakness to Fire,,0.6,2101255,34,0x42509;0x74F4E,,
Flame Stalk,0xFE00482A,Invisibility,0x3EB3D,100,0,6,0,1,1,0,1,0,0,1,MagicInvisibility;MagicAlchBeneficial;MagicAlchDurationBased,0x3EB3D,0x3EB3D,,0,6,0,3,57.012,,100,4201474,11,0x1EA6F;0xF8A4E;0xF8A4F,Invisibility,,100,4201474,11,0x1EA6F;0xF8A4E;0xF8A4F,,
Flame Stalk,0x6095E23,Restore Health,0x3EB15,0.5,6,0,1,0,0,1,1,0,0,0,MagicAlchRestoreHealth;MagicAlchBeneficial,0x3EB15,0x3EB15,,6,0,0,0,3.58869,,0.5,2099712,0,0x42503;0xF8A4E,Restore Health,,0.5,2099712,0,0x42503;0xF8A4E,,
Flame Stalk,0x6095E23,Resist Frost,0x3EAEB,0.5,4,60,1,0,0,0,1,0,0,0,MagicAlchResistFrost;MagicAlchBeneficial,0x3EAEB,0x3EAEB,,4,0,1,1,16.4893,,0.5,2101250,34,0x65A38;0xF8A4E,Resist Frost,,0.5,2101250,34,0x65A38;0xF8A4E,,
Flame Stalk,0x6095E23,Weakness to Fire,0x73F2D,0.6,4,30,1,0,0,0,0,1,1,0,MagicAlchHarmful;MagicAlchWeaknessFire,0x73F2D,0x73F2D,,4,0,1,2,9.23104,,0.6,2101255,34,0x42509;0x74F4E,Weakness to Fire,,0.6,2101255,34,0x42509;0x74F4E,,
Flame Stalk,0x6095E23,Invisibility,0x3EB3D,100,0,6,0,1,1,0,1,0,0,1,MagicInvisibility;MagicAlchBeneficial;MagicAlchDurationBased,0x3EB3D,0x3EB3D,,0,6,0,3,57.012,,100,4201474,11,0x1EA6F;0xF8A4E;0xF8A4F,Invisibility,,100,4201474,11,0x1EA6F;0xF8A4E;0xF8A4F,,
Fly Amanita,0x4DA00,Resist Fire,0x3EAEA,0.5,3,60,1,0,0,0,1,0,0,0,MagicAlchResistFire;MagicAlchBeneficial,0x3EAEA,0x3EAEA,,3,0,1,0,12.0163,,0.5,2101250,34,0x65A37;0xF8A4E,Resist Fire,,0.5,2101250,34,0x65A37;0xF8A4E,,
Fly Amanita,0x4DA00,Fortify Two-handed,0x3EB1A,0.5,4,60,1,0,0,0,1,0,0,0,MagicAlchFortifyTwoHanded;MagicAlchBeneficial,0x3EB1A,0x3EB1A,,4,0,1,1,16.4893,,0.5,2099202,34,0x65A20;0xF8A4E,Fortify Two-handed,,0.5,2099202,34,0x65A20;0xF8A4E,,
Fly Amanita,0x4DA00,Frenzy,0x73F29,15,1,10,1,0,0,0,0,1,1,0,MagicAlchHarmful;MagicInfluence;MagicInfluenceFrenzy,0x73F29,0x73F29,,1,10,0,2,15,,15,2099463,8,0x42509;0x78098;0xC44B6,Frenzy,,15,2099463,8,0x42509;0x78098;0xC44B6,,
Fly Amanita,0x4DA00,Regenerate Stamina,0x3EB08,0.1,5,300,1,0,0,0,1,0,0,0,MagicAlchFortifyStaminaRate;MagicAlchBeneficial,0x3EB08,0x3EB08,,5,0,1,3,24.7571,,0.1,2099202,34,0x65A35;0xF8A4E,Regenerate Stamina,,0.1,2099202,34,0x65A35;0xF8A4E,,
Frost Mirriam,0x34D32,Resist Frost,0x3EAEB,0.5,3,60,1,0,0,0,1,0,0,0,MagicAlchResistFrost;MagicAlchBeneficial,0x3EAEB,0x3EAEB,,3,0,1,0,12.0163,,0.5,2101250,34,0x65A38;0xF8A4E,Resist Frost,,0.5,2101250,34,0x65A38;0xF8A4E,,
Frost Mirriam,0x34D32,Fortify Sneak,0x3EB22,0.5,4,60,1,0,0,0,1,0,0,0,MagicAlchFortifySneak;MagicAlchBeneficial,0x3EB22,0x3EB22,,4,0,1,1,16.4893,,0.5,2099202,34,0x65A27;0xF8A4E,Fortify Sneak,,0.5,2099202,34,0x65A27;0xF8A4E,,
Frost Mirriam,0x34D32,Ravage Magicka,0x73F27,1,2,10,1,0,0,0,0,1,1,0,MagicAlchHarmful,0x73F27,0x73F27,,2,10,0,2,2.14355,,1,2099207,0,0x42509,Ravage Magicka,,1,2099207,0,0x42509,,
Frost Mirriam,0x34D32,Damage Stamina Regen,0x73F2C,0.3,100,5,0,1,0,0,0,1,1,1,MagicAlchHarmful,0x73F2C,0x73F2C,,100,5,0,3,22.1814,,0.3,4196359,0,0x42509,Damage Stamina Regen,,0.3,4196359,0,0x42509,,
Frost Salts,0x3AD5F,Weakness to Fire,0x73F2D,0.6,3,30,1,0,0,0,0,1,1,0,MagicAlchHarmful;MagicAlchWeaknessFire,0x73F2D,0x73F2D,,3,0,1,0,6.72695,,0.6,2101255,34,0x42509;0x74F4E,Weakness to Fire,,0.6,2101255,34,0x42509;0x74F4E,,
Frost Salts,0x3AD5F,Resist Frost,0x3EAEB,0.5,3,60,1,0,0,0,1,0,0,0,MagicAlchResistFrost;MagicAlchBeneficial,0x3EAEB,0x3EAEB,,3,0,1,1,12.0163,,0.5,2101250,34,0x65A38;0xF8A4E,Resist Frost,,0.5,2101250,34,0x65A38;0xF8A4E,,
Frost Salts,0x3AD5F,Restore Magicka,0x3EB17,0.6,5,0,1,0,0,1,1,0,0,0,MagicAlchRestoreMagicka;MagicAlchBeneficial,0x3EB17,0x3EB17,,5,0,0,2,3.52386,,0.6,2099712,0,0x42508;0xF8A4E,Restore Magicka,,0.6,2099712,0,0x42508;0xF8A4E,,
Frost Salts,0x3AD5F,Fortify Conjuration,0x3EB25,0.25,5,60,1,0,0,0,1,0,0,0,MagicAlchFortifyConjuration;MagicAlchBeneficial,0x3EB25,0x3EB25,,5,0,1,3,10.5384,,0.25,2099202,34,0x65A2A;0xF8A4E,Fortify Conjuration,,0.25,2099202,34,0x65A2A;0xF8A4E,,
Fungus Stalk,0xFE00482B,Restore Magicka,0x3EB17,0.6,6,0,1,0,0,1,1,0,0,0,MagicAlchRestoreMagicka;MagicAlchBeneficial,0x3EB17,0x3EB17,,6,0,0,0,4.30643,,0.6,2099712,0,0x42508;0xF8A4E,Restore Magicka,,0.6,2099712,0,0x42508;0xF8A4E,,
Fungus Stalk,0xFE00482B,Fortify Health,0x3EAF3,0.35,5,300,1,0,0,0,1,0,0,0,MagicAlchFortifyHealth;MagicAlchBeneficial,0x3EAF3,0x3EAF3,,5,0,1,1,86.65,,0.35,2099202,34,0x65A31;0xF8A4E,Fortify Health,,0.35,2099202,34,0x65A31;0xF8A4E,,
Fungus Stalk,0xFE00482B,Fortify Stamina,0x3EAF9,0.3,5,300,1,0,0,0,1,0,0,0,MagicAlchFortifyStamina;MagicAlchBeneficial,0x3EAF9,0x3EAF9,,5,0,1,2,74.2714,,0.3,2099202,34,0x65A32;0xF8A4E,Fortify Stamina,,0.3,2099202,34,0x65A32;0xF8A4E,,
Fungus Stalk,0xFE00482B,Waterbreathing,0x3AC2D,30,0,8,0,1,1,0,1,0,0,1,MagicAlchBeneficial;MagicAlchDurationBased,0x3AC2D,0x3AC2D,,0,0,1,3,23.4704,,30,4197378,34,0xF8A4E;0xF8A4F,Waterbreathing,,30,4197378,34,0xF8A4E;0xF8A4F,,
Garlic,0x34D22,Resist Poison,0x90041,0.5,4,60,1,0,0,0,1,0,0,0,MagicAlchResistPoison;MagicAlchBeneficial,0x90041,0x90041,,4,0,1,0,16.4893,,0.5,2101250,34,0x10EB5F;0xF8A4E,Resist Poison,,0.5,2101250,34,0x10EB5F;0xF8A4E,,
Garlic,0x34D22,Fortify Stamina,0x3EAF9,0.3,4,60,1,0,0,0,1,0,0,0,MagicAlchFortifyStamina;MagicAlchBeneficial,0x3EAF9,0x3EAF9,,4,0,1,1,9.89359,,0.3,2099202,34,0x65A32;0xF8A4E,Fortify Stamina,,0.3,2099202,34,0x65A32;0xF8A4E,,
Garlic,0x34D22,Regenerate Magicka,0x3EB07,0.1,5,300,1,0,0,0,1,0,0,0,MagicAlchFortifyMagickaRate;MagicAlchBeneficial,0x3EB07,0x3EB07,,5,0,1,2,24.7571,,0.1,2099202,34,0x65A34;0xF8A4E,Regenerate Magicka,,0.1,2099202,34,0x65A34;0xF8A4E,,
Garlic,0x34D22,Regenerate Health,0x3EB06,0.1,5,300,1,0,0,0,1,0,0,0,MagicAlchFortifyHealRate;MagicAlchBeneficial,0x3EB06,0x3EB06,,5,0,1,3,24.7571,,0.1,2099202,34,0x65A30;0xF8A4E,Regenerate Health,,0.1,2099202,34,0x65A30;0xF8A4E,,
Giant Lichen,0x7E8C1,Weakness to Shock,0x73F2F,0.7,3,30,1,0,0,0,0,1,1,0,MagicAlchHarmful;MagicAlchWeaknessShock,0x73F2F,0x73F2F,,3,0,1,0,7.84811,,0.7,2101255,34,0x42509;0x74F50,Weakness to Shock,,0.7,2101255,34,0x42509;0x74F50,,
Giant Lichen,0x7E8C1,Ravage Health,0x73F26,0.4,2,10,1,0,0,0,0,1,1,0,MagicAlchHarmful,0x73F26,0x73F26,,2,10,0,1,0.857419,,0.4,2099207,0,0x42509,Ravage Health,,0.4,2099207,0,0x42509,,
Giant Lichen,0x7E8C1,Weakness to Poison,0x90042,1,2,30,1,0,0,0,0,1,1,0,MagicAlchHarmful;USKPMagicAlchWeaknessPoison,0x90042,0x90042,,2,0,1,2,7.17739,,1,2101255,34,0x42509;0x706EE3A,Weakness to Poison,,1,2101255,34,0x42509;0x706EE3A,,
Giant Lichen,0x7E8C1,Restore Magicka,0x3EB17,0.6,5,0,1,0,0,1,1,0,0,0,MagicAlchRestoreMagicka;MagicAlchBeneficial,0x3EB17,0x3EB17,,5,0,0,3,3.52386,,0.6,2099712,0,0x42508;0xF8A4E,Restore Magicka,,0.6,2099712,0,0x42508;0xF8A4E,,
Giant's Toe,0x3AD64,Damage Stamina,0x3A2C6,1.8,3,0,1,0,0,0,0,1,1,0,MagicAlchHarmful,0x3A2C6,0x3A2C6,,3,0,0,0,6.02707,,1.8,2099205,0,0x42509,Damage Stamina,,1.8,2099205,0,0x42509,,
Giant's Toe,0x3AD64,Fortify Health,0x3EAF3,0.35,4,300,1,0,0,0,1,0,0,0,MagicAlchFortifyHealth;MagicAlchBeneficial,0x3EAF3,0x3EAF3,,4,0,1,1,67.7903,,0.35,2099202,34,0x65A31;0xF8A4E,Fortify Health,,0.35,2099202,34,0x65A31;0xF8A4E,,
Giant's Toe,0x3AD64,Fortify Carry Weight,0x3EB01,0.15,4,300,1,0,0,0,1,0,0,0,MagicAlchFortifyCarryWeight;MagicAlchBeneficial,0x3EB01,0x3EB01,,4,0,1,2,29.053,,0.15,2099202,34,0x65A2F;0xF8A4E,Fortify Carry Weight,,0.15,2099202,34,0x65A2F;0xF8A4E,,
Giant's Toe,0x3AD64,Damage Stamina Regen,0x73F2C,0.3,100,5,0,1,0,0,0,1,1,1,MagicAlchHarmful,0x73F2C,0x73F2C,,100,5,0,3,22.1814,,0.3,4196359,0,0x42509,Damage Stamina Regen,,0.3,4196359,0,0x42509,,
Glassfish,0x50008EE,Restore Magicka,0x3EB17,0.6,5,0,1,0,0,1,1,0,0,0,MagicAlchRestoreMagicka;MagicAlchBeneficial,0x3EB17,0x3EB17,,5,0,0,0,3.52386,,0.6,2099712,0,0x42508;0xF8A4E,Restore Magicka,,0.6,2099712,0,0x42508;0xF8A4E,,
Glassfish,0x50008EE,Invisibility,0x3EB3D,100,0,4,0,1,1,0,1,0,0,1,MagicInvisibility;MagicAlchBeneficial;MagicAlchDurationBased,0x3EB3D,0x3EB3D,,0,4,0,1,36.4977,,100,4201474,11,0x1EA6F;0xF8A4E;0xF8A4F,Invisibility,,100,4201474,11,0x1EA6F;0xF8A4E;0xF8A4F,,
Glassfish,0x50008EE,Fortify Illusion,0x3EB27,0.4,1,60,1,0,0,0,1,0,0,0,MagicAlchFortifyIllusion;MagicAlchBeneficial,0x3EB27,0x3EB27,,1,0,1,2,2.87096,,0.4,2099202,34,0x65A2C;0xF8A4E,Fortify Illusion,,0.4,2099202,34,0x65A2C;0xF8A4E,,
Glassfish,0x50008EE,Fortify Persuasion,0xD6947,0.5,1,30,1,0,0,0,1,0,0,0,MagicAlchFortifySpeechcraft;MagicAlchBeneficial,0xD6947,0xD6947,,1,0,1,3,1.67418,,0.5,2099202,34,0x65A29;0xF8A4E,Fortify Persuasion,,0.5,2099202,34,0x65A29;0xF8A4E,,
Gleamblossom,0x200B097,Resist Magic,0x39E51,1,1,60,1,0,0,0,1,0,0,0,MagicAlchResistMagic;MagicAlchBeneficial,0x39E51,0x39E51,,1,0,1,0,7.17739,,1,2103298,34,0x65A3A;0xF8A4E,Resist Magic,,1,2103298,34,0x65A3A;0xF8A4E,,
Gleamblossom,0x200B097,Fear,0x73F20,5,1,30,1,0,0,0,0,1,1,0,MagicInfluenceFear;MagicAlchHarmful;MagicInfluence,0x73F20,0x73F20,,1,30,0,1,16.7418,,5,2099463,7,0x424E0;0x42509;0x78098,Fear,,5,2099463,7,0x424E0;0x42509;0x78098,,
Gleamblossom,0x200B097,Regenerate Health,0x3EB06,0.1,5,300,1,0,0,0,1,0,0,0,MagicAlchFortifyHealRate;MagicAlchBeneficial,0x3EB06,0x3EB06,,5,0,1,2,24.7571,,0.1,2099202,34,0x65A30;0xF8A4E,Regenerate Health,,0.1,2099202,34,0x65A30;0xF8A4E,,
Gleamblossom,0x200B097,Paralysis,0x73F30,500,0,1,0,1,1,0,0,1,1,1,MagicParalysis;MagicAlchHarmful,0x73F30,0x73F30,,0,1,0,3,39.7164,,500,4197379,21,0x1EA70;0x42509,Paralysis,,500,4197379,21,0x1EA70;0x42509,,
Glow Dust,0x3AD73,Damage Magicka,0x3A2B6,2.2,3,0,1,0,0,0,0,1,1,0,MagicAlchHarmful,0x3A2B6,0x3A2B6,,3,0,0,0,7.36641,,2.2,2099205,0,0x42509,Damage Magicka,,2.2,2099205,0,0x42509,,
Glow Dust,0x3AD73,Damage Magicka Regen,0x73F2B,0.5,100,5,0,1,0,0,0,1,1,1,MagicAlchHarmful,0x73F2B,0x73F2B,,100,5,0,1,36.9689,,0.5,4196359,0,0x42509,Damage Magicka Regen,,0.5,4196359,0,0x42509,,
Glow Dust,0x3AD73,Fortify Destruction,0x3EB26,0.5,5,60,1,0,0,0,1,0,0,0,MagicAlchFortifyDestruction;MagicAlchBeneficial,0x3EB26,0x3EB26,,5,0,1,2,21.0767,,0.5,2099202,34,0x65A2B;0xF8A4E,Fortify Destruction,,0.5,2099202,34,0x65A2B;0xF8A4E,,
Glow Dust,0x3AD73,Resist Shock,0x3EAEC,0.5,3,60,1,0,0,0,1,0,0,0,MagicAlchResistShock;MagicAlchBeneficial,0x3EAEC,0x3EAEC,,3,0,1,3,12.0163,,0.5,2101250,34,0x65A39;0xF8A4E,Resist Shock,,0.5,2101250,34,0x65A39;0xF8A4E,,
Glowing Mushroom,0x7EE01,Resist Shock,0x3EAEC,0.5,3,60,1,0,0,0,1,0,0,0,MagicAlchResistShock;MagicAlchBeneficial,0x3EAEC,0x3EAEC,,3,0,1,0,12.0163,,0.5,2101250,34,0x65A39;0xF8A4E,Resist Shock,,0.5,2101250,34,0x65A39;0xF8A4E,,
Glowing Mushroom,0x7EE01,Fortify Destruction,0x3EB26,0.5,5,60,1,0,0,0,1,0,0,0,MagicAlchFortifyDestruction;MagicAlchBeneficial,0x3EB26,0x3EB26,,5,0,1,1,21.0767,,0.5,2099202,34,0x65A2B;0xF8A4E,Fortify Destruction,,0.5,2099202,34,0x65A2B;0xF8A4E,,
Glowing Mushroom,0x7EE01,Fortify Smithing,0x3EB1D,0.75,4,30,1,0,0,0,1,0,0,0,MagicAlchFortifySmithing;MagicAlchBeneficial,0x3EB1D,0x3EB1D,,4,0,1,2,11.5388,,0.75,2099202,34,0x65A22;0xF8A4E,Fortify Smithing,,0.75,2099202,34,0x65A22;0xF8A4E,,
Glowing Mushroom,0x7EE01,Fortify Health,0x3EAF3,0.35,4,60,1,0,0,0,1,0,0,0,MagicAlchFortifyHealth;MagicAlchBeneficial,0x3EAF3,0x3EAF3,,4,0,1,3,11.5425,,0.35,2099202,34,0x65A31;0xF8A4E,Fortify Health,,0.35,2099202,34,0x65A31;0xF8A4E,,
Gnarl Bark,0xFE00482C,Damage Health,0x3EB42,3,3,1,1,0,0,0,0,1,1,0,MagicAlchHarmful,0x3EB42,0x3EB42,,3,1,0,0,0.797911,,3,2099205,0,0x42509,Damage Health,,3,2099205,0,0x42509,,
Gnarl Bark,0xFE00482C,Regenerate Health,0x3EB06,0.1,6,300,1,0,0,0,1,0,0,0,MagicAlchFortifyHealRate;MagicAlchBeneficial,0x3EB06,0x3EB06,,6,0,1,1,30.2552,,0.1,2099202,34,0x65A30;0xF8A4E,Regenerate Health,,0.1,2099202,34,0x65A30;0xF8A4E,,
Gnarl Bark,0xFE00482C,Fortify Heavy Armor,0x3EB1E,0.5,3,60,1,0,0,0,1,0,0,0,MagicAlchFortifyHeavyArmor;MagicAlchBeneficial,0x3EB1E,0x3EB1E,,3,0,1,2,12.0163,,0.5,2099202,34,0x65A23;0xF8A4E,Fortify Heavy Armor,,0.5,2099202,34,0x65A23;0xF8A4E,,
Gnarl Bark,0xFE00482C,Resist Fire,0x3EAEA,0.5,4,60,1,0,0,0,1,0,0,0,MagicAlchResistFire;MagicAlchBeneficial,0x3EAEA,0x3EAEA,,4,0,1,3,16.4893,,0.5,2101250,34,0x65A37;0xF8A4E,Resist Fire,,0.5,2101250,34,0x65A37;0xF8A4E,,
Gold Kanet,0xFE00482D,Paralysis,0x73F30,500,0,2,0,1,1,0,0,1,1,1,MagicParalysis;MagicAlchHarmful,0x73F30,0x73F30,,0,2,0,0,85.134,,500,4197379,21,0x1EA70;0x42509,Paralysis,,500,4197379,21,0x1EA70;0x42509,,
Gold Kanet,0xFE00482D,Ravage Health,0x73F26,0.4,3,20,1,0,0,0,0,1,1,0,MagicAlchHarmful,0x73F26,0x73F26,,3,20,0,1,2.87096,,0.4,2099207,0,0x42509,Ravage Health,,0.4,2099207,0,0x42509,,
Gold Kanet,0xFE00482D,Weakness to Frost,0x73F2E,0.5,4,30,1,0,0,0,0,1,1,0,MagicAlchHarmful;MagicAlchWeaknessFrost,0x73F2E,0x73F2E,,4,0,1,2,7.69253,,0.5,2101255,34,0x42509;0x74F4F,Weakness to Frost,,0.5,2101255,34,0x42509;0x74F4F,,
Gold Kanet,0xFE00482D,Fortify Smithing,0x3EB1D,0.75,5,30,1,0,0,0,1,0,0,0,MagicAlchFortifySmithing;MagicAlchBeneficial,0x3EB1D,0x3EB1D,,5,0,1,3,14.749,,0.75,2099202,34,0x65A22;0xF8A4E,Fortify Smithing,,0.75,2099202,34,0x65A22;0xF8A4E,,
Goldfish,0x50008EF,Restore Stamina,0x3EB16,0.6,5,0,1,0,0,1,1,0,0,0,MagicAlchRestoreStamina;MagicAlchBeneficial,0x3EB16,0x3EB16,,5,0,0,0,3.52386,,0.6,2099712,0,0x42504;0xF8A4E,Restore Stamina,,0.6,2099712,0,0x42504;0xF8A4E,,
Goldfish,0x50008EF,Fortify Heavy Armor,0x3EB1E,0.5,2,60,1,0,0,0,1,0,0,0,MagicAlchFortifyHeavyArmor;MagicAlchBeneficial,0x3EB1E,0x3EB1E,,2,0,1,1,7.69253,,0.5,2099202,34,0x65A23;0xF8A4E,Fortify Heavy Armor,,0.5,2099202,34,0x65A23;0xF8A4E,,
Goldfish,0x50008EF,Waterbreathing,0x3AC2D,30,0,5,0,1,1,0,1,0,0,1,MagicAlchBeneficial;MagicAlchDurationBased,0x3AC2D,0x3AC2D,,0,0,1,2,13.9955,,30,4197378,34,0xF8A4E;0xF8A4F,Waterbreathing,,30,4197378,34,0xF8A4E;0xF8A4F,,
Goldfish,0x50008EF,Resist Frost,0x3EAEB,0.5,3,60,1,0,0,0,1,0,0,0,MagicAlchResistFrost;MagicAlchBeneficial,0x3EAEB,0x3EAEB,,3,0,1,3,12.0163,,0.5,2101250,34,0x65A38;0xF8A4E,Resist Frost,,0.5,2101250,34,0x65A38;0xF8A4E,,
Grass Pod,0x83E64,Resist Poison,0x90041,0.5,4,60,1,0,0,0,1,0,0,0,MagicAlchResistPoison;MagicAlchBeneficial,0x90041,0x90041,,4,0,1,0,16.4893,,0.5,2101250,34,0x10EB5F;0xF8A4E,Resist Poison,,0.5,2101250,34,0x10EB5F;0xF8A4E,,
Grass Pod,0x83E64,Ravage Magicka,0x73F27,1,2,10,1,0,0,0,0,1,1,0,MagicAlchHarmful,0x73F27,0x73F27,,2,10,0,1,2.14355,,1,2099207,0,0x42509,Ravage Magicka,,1,2099207,0,0x42509,,
Grass Pod,0x83E64,Fortify Alteration,0x3EB24,0.2,4,60,1,0,0,0,1,0,0,0,MagicAlchFortifyAlteration;MagicAlchBeneficial,0x3EB24,0x3EB24,,4,0,1,2,6.59572,,0.2,2099202,34,0x65A1D;0xF8A4E,Fortify Alteration,,0.2,2099202,34,0x65A1D;0xF8A4E,,
Grass Pod,0x83E64,Restore Magicka,0x3EB17,0.6,5,0,1,0,0,1,1,0,0,0,MagicAlchRestoreMagicka;MagicAlchBeneficial,0x3EB17,0x3EB17,,5,0,0,3,3.52386,,0.6,2099712,0,0x42508;0xF8A4E,Restore Magicka,,0.6,2099712,0,0x42508;0xF8A4E,,
Green Butterfly Wing,0x6059151,Restore Magicka,0x3EB17,0.6,5,0,1,0,0,1,1,0,0,0,MagicAlchRestoreMagicka;MagicAlchBeneficial,0x3EB17,0x3EB17,,5,0,0,0,3.52386,,0.6,2099712,0,0x42508;0xF8A4E,Restore Magicka,,0.6,2099712,0,0x42508;0xF8A4E,,
Green Butterfly Wing,0x6059151,Fear,0x73F20,5,1,30,1,0,0,0,0,1,1,0,MagicInfluenceFear;MagicAlchHarmful;MagicInfluence,0x73F20,0x73F20,,1,30,0,1,16.7418,,5,2099463,7,0x424E0;0x42509;0x78098,Fear,,5,2099463,7,0x424E0;0x42509;0x78098,,
Green Butterfly Wing,0x6059151,Slow,0x73F25,1,5,30,0,1,0,0,0,1,1,1,MagicAlchHarmful;MagicSlow,0x73F25,0x73F25,,5,0,1,2,19.6653,,1,4200455,34,0x42509;0xB729E,Slow,,1,4200455,34,0x42509;0xB729E,,
Green Butterfly Wing,0x6059151,Invisibility,0x3EB3D,100,0,4,0,1,1,0,1,0,0,1,MagicInvisibility;MagicAlchBeneficial;MagicAlchDurationBased,0x3EB3D,0x3EB3D,,0,4,0,3,36.4977,,100,4201474,11,0x1EA6F;0xF8A4E;0xF8A4F,Invisibility,,100,4201474,11,0x1EA6F;0xF8A4E;0xF8A4F,,
Hackle-Lo Leaf,0xFE00482E,Restore Stamina,0x3EB16,0.6,6,0,1,0,0,1,1,0,0,0,MagicAlchRestoreStamina;MagicAlchBeneficial,0x3EB16,0x3EB16,,6,0,0,0,4.30643,,0.6,2099712,0,0x42504;0xF8A4E,Restore Stamina,,0.6,2099712,0,0x42504;0xF8A4E,,
Hackle-Lo Leaf,0xFE00482E,Paralysis,0x73F30,500,0,2,0,1,1,0,0,1,1,1,MagicParalysis;MagicAlchHarmful,0x73F30,0x73F30,,0,2,0,1,85.134,,500,4197379,21,0x1EA70;0x42509,Paralysis,,500,4197379,21,0x1EA70;0x42509,,
Hackle-Lo Leaf,0xFE00482E,Waterbreathing,0x3AC2D,30,0,8,0,1,1,0,1,0,0,1,MagicAlchBeneficial;MagicAlchDurationBased,0x3AC2D,0x3AC2D,,0,0,1,2,23.4704,,30,4197378,34,0xF8A4E;0xF8A4F,Waterbreathing,,30,4197378,34,0xF8A4E;0xF8A4F,,
Hackle-Lo Leaf,0xFE00482E,Fortify Restoration,0x3EB28,0.5,5,60,1,0,0,0,1,0,0,0,MagicAlchFortifyRestoration;MagicAlchBeneficial,0x3EB28,0x3EB28,,5,0,1,3,21.0767,,0.5,2099202,34,0x65A2D;0xF8A4E,Fortify Restoration,,0.5,2099202,34,0x65A2D;0xF8A4E,,
Hagraven Claw,0x6B689,Resist Magic,0x39E51,1,1,60,1,0,0,0,1,0,0,0,MagicAlchResistMagic;MagicAlchBeneficial,0x39E51,0x39E51,,1,0,1,0,7.17739,,1,2103298,34,0x65A3A;0xF8A4E,Resist Magic,,1,2103298,34,0x65A3A;0xF8A4E,,
Hagraven Claw,0x6B689,Lingering Damage Magicka,0x10DE5F,10,1,10,1,0,0,0,0,1,1,0,MagicAlchHarmful,0x10DE5F,0x10DE5F,,1,10,0,1,10,,10,2099205,0,0x42509,Lingering Damage Magicka,,10,2099205,0,0x42509,,
Hagraven Claw,0x6B689,Fortify Enchanting,0x3EB29,0.6,1,30,1,0,0,0,1,0,0,0,MagicAlchFortifyEnchanting;MagicAlchBeneficial,0x3EB29,0x3EB29,,1,0,1,2,2.00902,,0.6,2099202,34,0x65A2E;0xF8A4E,Fortify Enchanting,,0.6,2099202,34,0x65A2E;0xF8A4E,,
Hagraven Claw,0x6B689,Fortify Barter,0x3EB23,2,1,30,1,0,0,0,1,0,0,0,MagicAlchFortifySpeechcraft;MagicAlchBeneficial,0x3EB23,0x3EB23,,1,0,1,3,6.69674,,2,2099202,34,0x65A29;0xF8A4E,Fortify Barter,,2,2099202,34,0x65A29;0xF8A4E,,
Hagraven Feathers,0x3AD66,Damage Magicka,0x3A2B6,2.2,3,0,1,0,0,0,0,1,1,0,MagicAlchHarmful,0x3A2B6,0x3A2B6,,3,0,0,0,7.36641,,2.2,2099205,0,0x42509,Damage Magicka,,2.2,2099205,0,0x42509,,
Hagraven Feathers,0x3AD66,Fortify Conjuration,0x3EB25,0.25,5,60,1,0,0,0,1,0,0,0,MagicAlchFortifyConjuration;MagicAlchBeneficial,0x3EB25,0x3EB25,,5,0,1,1,10.5384,,0.25,2099202,34,0x65A2A;0xF8A4E,Fortify Conjuration,,0.25,2099202,34,0x65A2A;0xF8A4E,,
Hagraven Feathers,0x3AD66,Frenzy,0x73F29,15,1,10,1,0,0,0,0,1,1,0,MagicAlchHarmful;MagicInfluence;MagicInfluenceFrenzy,0x73F29,0x73F29,,1,10,0,2,15,,15,2099463,8,0x42509;0x78098;0xC44B6,Frenzy,,15,2099463,8,0x42509;0x78098;0xC44B6,,
Hagraven Feathers,0x3AD66,Weakness to Shock,0x73F2F,0.7,3,30,1,0,0,0,0,1,1,0,MagicAlchHarmful;MagicAlchWeaknessShock,0x73F2F,0x73F2F,,3,0,1,3,7.84811,,0.7,2101255,34,0x42509;0x74F50,Weakness to Shock,,0.7,2101255,34,0x42509;0x74F50,,
Hanging Moss,0x57F91,Damage Magicka,0x3A2B6,2.2,3,0,1,0,0,0,0,1,1,0,MagicAlchHarmful,0x3A2B6,0x3A2B6,,3,0,0,0,7.36641,,2.2,2099205,0,0x42509,Damage Magicka,,2.2,2099205,0,0x42509,,
Hanging Moss,0x57F91,Fortify Health,0x3EAF3,0.35,4,60,1,0,0,0,1,0,0,0,MagicAlchFortifyHealth;MagicAlchBeneficial,0x3EAF3,0x3EAF3,,4,0,1,1,11.5425,,0.35,2099202,34,0x65A31;0xF8A4E,Fortify Health,,0.35,2099202,34,0x65A31;0xF8A4E,,
Hanging Moss,0x57F91,Damage Magicka Regen,0x73F2B,0.5,100,5,0,1,0,0,0,1,1,1,MagicAlchHarmful,0x73F2B,0x73F2B,,100,5,0,2,36.9689,,0.5,4196359,0,0x42509,Damage Magicka Regen,,0.5,4196359,0,0x42509,,
Hanging Moss,0x57F91,Fortify One-handed,0x3EB19,0.5,4,60,1,0,0,0,1,0,0,0,MagicAlchFortifyOneHanded;MagicAlchBeneficial,0x3EB19,0x3EB19,,4,0,1,3,16.4893,,0.5,2099202,34,0x65A1F;0xF8A4E,Fortify One-handed,,0.5,2099202,34,0x65A1F;0xF8A4E,,
Hawk Beak,0xE7EBC,Restore Stamina,0x3EB16,0.6,5,0,1,0,0,1,1,0,0,0,MagicAlchRestoreStamina;MagicAlchBeneficial,0x3EB16,0x3EB16,,5,0,0,0,3.52386,,0.6,2099712,0,0x42504;0xF8A4E,Restore Stamina,,0.6,2099712,0,0x42504;0xF8A4E,,
Hawk Beak,0xE7EBC,Resist Frost,0x3EAEB,0.5,3,60,1,0,0,0,1,0,0,0,MagicAlchResistFrost;MagicAlchBeneficial,0x3EAEB,0x3EAEB,,3,0,1,1,12.0163,,0.5,2101250,34,0x65A38;0xF8A4E,Resist Frost,,0.5,2101250,34,0x65A38;0xF8A4E,,
Hawk Beak,0xE7EBC,Fortify Carry Weight,0x3EB01,0.15,4,300,1,0,0,0,1,0,0,0,MagicAlchFortifyCarryWeight;MagicAlchBeneficial,0x3EB01,0x3EB01,,4,0,1,2,29.053,,0.15,2099202,34,0x65A2F;0xF8A4E,Fortify Carry Weight,,0.15,2099202,34,0x65A2F;0xF8A4E,,
Hawk Beak,0xE7EBC,Resist Shock,0x3EAEC,0.5,3,60,1,0,0,0,1,0,0,0,MagicAlchResistShock;MagicAlchBeneficial,0x3EAEC,0x3EAEC,,3,0,1,3,12.0163,,0.5,2101250,34,0x65A39;0xF8A4E,Resist Shock,,0.5,2101250,34,0x65A39;0xF8A4E,,
Hawk Feathers,0xE7ED0,Cure Disease,0xAE722,0.5,2,0,1,0,0,1,1,0,0,0,MagicAlchBeneficial,0xAE722,0xAE722,,2,0,0,0,1.07177,,0.5,2103808,3,0xF8A4E,Cure Disease,,0.5,2103808,3,0xF8A4E,,
Hawk Feathers,0xE7ED0,Fortify Light Armor,0x3EB1F,0.5,2,60,1,0,0,0,1,0,0,0,MagicAlchFortifyLightArmor;MagicAlchBeneficial,0x3EB1F,0x3EB1F,,2,0,1,1,7.69253,,0.5,2099202,34,0x65A24;0xF8A4E,Fortify Light Armor,,0.5,2099202,34,0x65A24;0xF8A4E,,
Hawk Feathers,0xE7ED0,Fortify One-handed,0x3EB19,0.5,4,60,1,0,0,0,1,0,0,0,MagicAlchFortifyOneHanded;MagicAlchBeneficial,0x3EB19,0x3EB19,,4,0,1,2,16.4893,,0.5,2099202,34,0x65A1F;0xF8A4E,Fortify One-handed,,0.5,2099202,34,0x65A1F;0xF8A4E,,
Hawk Feathers,0xE7ED0,Fortify Sneak,0x3EB22,0.5,4,60,1,0,0,0,1,0,0,0,MagicAlchFortifySneak;MagicAlchBeneficial,0x3EB22,0x3EB22,,4,0,1,3,16.4893,,0.5,2099202,34,0x65A27;0xF8A4E,Fortify Sneak,,0.5,2099202,34,0x65A27;0xF8A4E,,
Hawk's Egg,0x300F1CC,Resist Magic,0x39E51,1,1,60,1,0,0,0,1,0,0,0,MagicAlchResistMagic;MagicAlchBeneficial,0x39E51,0x39E51,,1,0,1,0,7.17739,,1,2103298,34,0x65A3A;0xF8A4E,Resist Magic,,1,2103298,34,0x65A3A;0xF8A4E,,
Hawk's Egg,0x300F1CC,Damage Magicka Regen,0x73F2B,0.5,100,5,0,1,0,0,0,1,1,1,MagicAlchHarmful,0x73F2B,0x73F2B,,100,5,0,1,36.9689,,0.5,4196359,0,0x42509,Damage Magicka Regen,,0.5,4196359,0,0x42509,,
Hawk's Egg,0x300F1CC,Waterbreathing,0x3AC2D,30,0,5,0,1,1,0,1,0,0,1,MagicAlchBeneficial;MagicAlchDurationBased,0x3AC2D,0x3AC2D,,0,0,1,2,13.9955,,30,4197378,34,0xF8A4E;0xF8A4F,Waterbreathing,,30,4197378,34,0xF8A4E;0xF8A4F,,
Hawk's Egg,0x300F1CC,Lingering Damage Stamina,0x10DE5E,1.8,1,10,1,0,0,0,0,1,1,0,MagicAlchHarmful,0x10DE5E,0x10DE5E,,1,10,0,3,1.8,,1.8,2099205,0,0x42509,Lingering Damage Stamina,,1.8,2099205,0,0x42509,,
Heart of Order,0xFE004851,Restore Health,0x3EB15,0.5,6,0,1,0,0,1,1,0,0,0,MagicAlchRestoreHealth;MagicAlchBeneficial,0x3EB15,0x3EB15,,6,0,0,0,3.58869,,0.5,2099712,0,0x42503;0xF8A4E,Restore Health,,0.5,2099712,0,0x42503;0xF8A4E,,
Heart of Order,0xFE004851,Fortify Health,0x3EAF3,0.35,5,300,1,0,0,0,1,0,0,0,MagicAlchFortifyHealth;MagicAlchBeneficial,0x3EAF3,0x3EAF3,,5,0,1,1,86.65,,0.35,2099202,34,0x65A31;0xF8A4E,Fortify Health,,0.35,2099202,34,0x65A31;0xF8A4E,,
Heart of Order,0xFE004851,Fortify One-handed,0x3EB19,0.5,5,60,1,0,0,0,1,0,0,0,MagicAlchFortifyOneHanded;MagicAlchBeneficial,0x3EB19,0x3EB19,,5,0,1,2,21.0767,,0.5,2099202,34,0x65A1F;0xF8A4E,Fortify One-handed,,0.5,2099202,34,0x65A1F;0xF8A4E,,
Heart of Order,0xFE004851,Fortify Two-handed,0x3EB1A,0.5,5,60,1,0,0,0,1,0,0,0,MagicAlchFortifyTwoHanded;MagicAlchBeneficial,0x3EB1A,0x3EB1A,,5,0,1,3,21.0767,,0.5,2099202,34,0x65A20;0xF8A4E,Fortify Two-handed,,0.5,2099202,34,0x65A20;0xF8A4E,,
Histcarp,0x106E18,Restore Stamina,0x3EB16,0.6,5,0,1,0,0,1,1,0,0,0,MagicAlchRestoreStamina;MagicAlchBeneficial,0x3EB16,0x3EB16,,5,0,0,0,3.52386,,0.6,2099712,0,0x42504;0xF8A4E,Restore Stamina,,0.6,2099712,0,0x42504;0xF8A4E,,
Histcarp,0x106E18,Fortify Magicka,0x3EAF8,0.3,4,60,1,0,0,0,1,0,0,0,MagicAlchFortifyMagicka;MagicAlchBeneficial,0x3EAF8,0x3EAF8,,4,0,1,1,9.89359,,0.3,2099202,34,0x65A33;0xF8A4E,Fortify Magicka,,0.3,2099202,34,0x65A33;0xF8A4E,,
Histcarp,0x106E18,Damage Stamina Regen,0x73F2C,0.3,100,5,0,1,0,0,0,1,1,1,MagicAlchHarmful,0x73F2C,0x73F2C,,100,5,0,2,22.1814,,0.3,4196359,0,0x42509,Damage Stamina Regen,,0.3,4196359,0,0x42509,,
Histcarp,0x106E18,Waterbreathing,0x3AC2D,30,0,5,0,1,1,0,1,0,0,1,MagicAlchBeneficial;MagicAlchDurationBased,0x3AC2D,0x3AC2D,,0,0,1,3,13.9955,,30,4197378,34,0xF8A4E;0xF8A4F,Waterbreathing,,30,4197378,34,0xF8A4E;0xF8A4F,,
Honeycomb,0xB08C5,Restore Stamina,0x3EB16,0.6,5,0,1,0,0,1,1,0,0,0,MagicAlchRestoreStamina;MagicAlchBeneficial,0x3EB16,0x3EB16,,5,0,0,0,3.52386,,0.6,2099712,0,0x42504;0xF8A4E,Restore Stamina,,0.6,2099712,0,0x42504;0xF8A4E,,
Honeycomb,0xB08C5,Fortify Block,0x3EB1C,0.5,2,60,1,0,0,0,1,0,0,0,MagicAlchFortifyBlock;MagicAlchBeneficial,0x3EB1C,0x3EB1C,,2,0,1,1,7.69253,,0.5,2099202,34,0x65A1E;0xF8A4E,Fortify Block,,0.5,2099202,34,0x65A1E;0xF8A4E,,
Honeycomb,0xB08C5,Fortify Light Armor,0x3EB1F,0.5,2,60,1,0,0,0,1,0,0,0,MagicAlchFortifyLightArmor;MagicAlchBeneficial,0x3EB1F,0x3EB1F,,2,0,1,2,7.69253,,0.5,2099202,34,0x65A24;0xF8A4E,Fortify Light Armor,,0.5,2099202,34,0x65A24;0xF8A4E,,
Honeycomb,0xB08C5,Ravage Stamina,0x73F23,1.6,2,10,1,0,0,0,0,1,1,0,MagicAlchHarmful,0x73F23,0x73F23,,2,10,0,3,3.42968,,1.6,2099207,0,0x42509,Ravage Stamina,,1.6,2099207,0,0x42509,,
Human Flesh,0x1016B3,Damage Health,0x3EB42,3,2,1,1,0,0,0,0,1,1,0,MagicAlchHarmful,0x3EB42,0x3EB42,,2,1,0,0,0.510804,,3,2099205,0,0x42509,Damage Health,,3,2099205,0,0x42509,,
Human Flesh,0x1016B3,Paralysis,0x73F30,500,0,1,0,1,1,0,0,1,1,1,MagicParalysis;MagicAlchHarmful,0x73F30,0x73F30,,0,1,0,1,39.7164,,500,4197379,21,0x1EA70;0x42509,Paralysis,,500,4197379,21,0x1EA70;0x42509,,
Human Flesh,0x1016B3,Restore Magicka,0x3EB17,0.6,5,0,1,0,0,1,1,0,0,0,MagicAlchRestoreMagicka;MagicAlchBeneficial,0x3EB17,0x3EB17,,5,0,0,2,3.52386,,0.6,2099712,0,0x42508;0xF8A4E,Restore Magicka,,0.6,2099712,0,0x42508;0xF8A4E,,
Human Flesh,0x1016B3,Fortify Sneak,0x3EB22,0.5,4,60,1,0,0,0,1,0,0,0,MagicAlchFortifySneak;MagicAlchBeneficial,0x3EB22,0x3EB22,,4,0,1,3,16.4893,,0.5,2099202,34,0x65A27;0xF8A4E,Fortify Sneak,,0.5,2099202,34,0x65A27;0xF8A4E,,
Human Heart,0xB18CD,Damage Health,0x3EB42,3,2,1,1,0,0,0,0,1,1,0,MagicAlchHarmful,0x3EB42,0x3EB42,,2,1,0,0,0.510804,,3,2099205,0,0x42509,Damage Health,,3,2099205,0,0x42509,,
Human Heart,0xB18CD,Damage Magicka,0x3A2B6,2.2,3,0,1,0,0,0,0,1,1,0,MagicAlchHarmful,0x3A2B6,0x3A2B6,,3,0,0,1,7.36641,,2.2,2099205,0,0x42509,Damage Magicka,,2.2,2099205,0,0x42509,,
Human Heart,0xB18CD,Damage Magicka Regen,0x73F2B,0.5,100,5,0,1,0,0,0,1,1,1,MagicAlchHarmful,0x73F2B,0x73F2B,,100,5,0,2,36.9689,,0.5,4196359,0,0x42509,Damage Magicka Regen,,0.5,4196359,0,0x42509,,
Human Heart,0xB18CD,Frenzy,0x73F29,15,1,10,1,0,0,0,0,1,1,0,MagicAlchHarmful;MagicInfluence;MagicInfluenceFrenzy,0x73F29,0x73F29,,1,10,0,3,15,,15,2099463,8,0x42509;0x78098;0xC44B6,Frenzy,,15,2099463,8,0x42509;0x78098;0xC44B6,,
Hunger Tongue,0xFE00480C,Weakness to Fire,0x73F2D,0.6,4,60,1,0,0,0,0,1,1,0,MagicAlchHarmful;MagicAlchWeaknessFire,0x73F2D,0x73F2D,,4,0,1,0,19.7872,,0.6,2101255,34,0x42509;0x74F4E,Weakness to Fire,,0.6,2101255,34,0x42509;0x74F4E,,
Hunger Tongue,0xFE00480C,Cure Disease,0xAE722,0.5,2,0,1,0,0,1,1,0,0,0,MagicAlchBeneficial,0xAE722,0xAE722,,2,0,0,1,1.07177,,0.5,2103808,3,0xF8A4E,Cure Disease,,0.5,2103808,3,0xF8A4E,,
Hunger Tongue,0xFE00480C,Cure Poison,0x109ADD,0.2,2,0,1,0,0,1,1,0,0,0,MagicAlchBeneficial,0x109ADD,0x109ADD,,2,0,0,2,0.428709,,0.2,2103808,29,0xF8A4E,Cure Poison,,0.2,2103808,29,0xF8A4E,,
Hunger Tongue,0xFE00480C,Fortify Magicka,0x3EAF8,0.3,5,60,1,0,0,0,1,0,0,0,MagicAlchFortifyMagicka;MagicAlchBeneficial,0x3EAF8,0x3EAF8,,5,0,1,3,12.646,,0.3,2099202,34,0x65A33;0xF8A4E,Fortify Magicka,,0.3,2099202,34,0x65A33;0xF8A4E,,
Hydnum Azure Giant Spore,0xFE00480D,Resist Frost,0x3EAEB,0.5,4,60,1,0,0,0,1,0,0,0,MagicAlchResistFrost;MagicAlchBeneficial,0x3EAEB,0x3EAEB,,4,0,1,0,16.4893,,0.5,2101250,34,0x65A38;0xF8A4E,Resist Frost,,0.5,2101250,34,0x65A38;0xF8A4E,,
Hydnum Azure Giant Spore,0xFE00480D,Fortify Health,0x3EAF3,0.35,5,300,1,0,0,0,1,0,0,0,MagicAlchFortifyHealth;MagicAlchBeneficial,0x3EAF3,0x3EAF3,,5,0,1,1,86.65,,0.35,2099202,34,0x65A31;0xF8A4E,Fortify Health,,0.35,2099202,34,0x65A31;0xF8A4E,,
Hydnum Azure Giant Spore,0xFE00480D,Regenerate Health,0x3EB06,0.1,6,300,1,0,0,0,1,0,0,0,MagicAlchFortifyHealRate;MagicAlchBeneficial,0x3EB06,0x3EB06,,6,0,1,2,30.2552,,0.1,2099202,34,0x65A30;0xF8A4E,Regenerate Health,,0.1,2099202,34,0x65A30;0xF8A4E,,
Hydnum Azure Giant Spore,0xFE00480D,Light,0xFE004846,0.5,0,60,0,1,0,0,1,0,0,1,WISpellColorful;MagicAlchBeneficial,0xFE004846,0xFE004846,,0,60,0,3,3.58869,,0.5,4198400,12,0xA9B1E;0xF8A4E,Light,,0.5,4198400,12,0xA9B1E;0xF8A4E,,
Hypha Facia,0xFE00480E,Weakness to Poison,0x90042,1,3,30,1,0,0,0,0,1,1,0,MagicAlchHarmful;USKPMagicAlchWeaknessPoison,0x90042,0x90042,,3,0,1,0,11.2116,,1,2101255,34,0x42509;0x706EE3A,Weakness to Poison,,1,2101255,34,0x42509;0x706EE3A,,
Hypha Facia,0xFE00480E,Frenzy,0x73F29,15,1,20,1,0,0,0,0,1,1,0,MagicAlchHarmful;MagicInfluence;MagicInfluenceFrenzy,0x73F29,0x73F29,,1,20,0,1,32.1532,,15,2099463,8,0x42509;0x78098;0xC44B6,Frenzy,,15,2099463,8,0x42509;0x78098;0xC44B6,,
Hypha Facia,0xFE00480E,Ravage Stamina,0x73F23,1.6,3,20,1,0,0,0,0,1,1,0,MagicAlchHarmful,0x73F23,0x73F23,,3,20,0,2,11.4838,,1.6,2099207,0,0x42509,Ravage Stamina,,1.6,2099207,0,0x42509,,
Hypha Facia,0xFE00480E,Resist Magic,0x39E51,1,2,60,1,0,0,0,1,0,0,0,MagicAlchResistMagic;MagicAlchBeneficial,0x39E51,0x39E51,,2,0,1,3,15.3851,,1,2103298,34,0x65A3A;0xF8A4E,Resist Magic,,1,2103298,34,0x65A3A;0xF8A4E,,
Ice Wraith Teeth,0x3AD6A,Weakness to Frost,0x73F2E,0.5,3,30,1,0,0,0,0,1,1,0,MagicAlchHarmful;MagicAlchWeaknessFrost,0x73F2E,0x73F2E,,3,0,1,0,5.60579,,0.5,2101255,34,0x42509;0x74F4F,Weakness to Frost,,0.5,2101255,34,0x42509;0x74F4F,,
Ice Wraith Teeth,0x3AD6A,Fortify Heavy Armor,0x3EB1E,0.5,2,60,1,0,0,0,1,0,0,0,MagicAlchFortifyHeavyArmor;MagicAlchBeneficial,0x3EB1E,0x3EB1E,,2,0,1,1,7.69253,,0.5,2099202,34,0x65A23;0xF8A4E,Fortify Heavy Armor,,0.5,2099202,34,0x65A23;0xF8A4E,,
Ice Wraith Teeth,0x3AD6A,Invisibility,0x3EB3D,100,0,4,0,1,1,0,1,0,0,1,MagicInvisibility;MagicAlchBeneficial;MagicAlchDurationBased,0x3EB3D,0x3EB3D,,0,4,0,2,36.4977,,100,4201474,11,0x1EA6F;0xF8A4E;0xF8A4F,Invisibility,,100,4201474,11,0x1EA6F;0xF8A4E;0xF8A4F,,
Ice Wraith Teeth,0x3AD6A,Weakness to Fire,0x73F2D,0.6,3,30,1,0,0,0,0,1,1,0,MagicAlchHarmful;MagicAlchWeaknessFire,0x73F2D,0x73F2D,,3,0,1,3,6.72695,,0.6,2101255,34,0x42509;0x74F4E,Weakness to Fire,,0.6,2101255,34,0x42509;0x74F4E,,
Imp Gall,0xFE00480F,Damage Health,0x3EB42,3,3,1,1,0,0,0,0,1,1,0,MagicAlchHarmful,0x3EB42,0x3EB42,,3,1,0,0,0.797911,,3,2099205,0,0x42509,Damage Health,,3,2099205,0,0x42509,,
Imp Gall,0xFE00480F,Weakness to Fire,0x73F2D,0.6,4,30,1,0,0,0,0,1,1,0,MagicAlchHarmful;MagicAlchWeaknessFire,0x73F2D,0x73F2D,,4,0,1,1,9.23104,,0.6,2101255,34,0x42509;0x74F4E,Weakness to Fire,,0.6,2101255,34,0x42509;0x74F4E,,
Imp Gall,0xFE00480F,Fortify Barter,0x3EB23,2,2,30,1,0,0,0,1,0,0,0,MagicAlchFortifySpeechcraft;MagicAlchBeneficial,0x3EB23,0x3EB23,,2,0,1,2,14.3548,,2,2099202,34,0x65A29;0xF8A4E,Fortify Barter,,2,2099202,34,0x65A29;0xF8A4E,,
Imp Gall,0xFE00480F,Cure Poison,0x109ADD,0.2,2,0,1,0,0,1,1,0,0,0,MagicAlchBeneficial,0x109ADD,0x109ADD,,2,0,0,3,0.428709,,0.2,2103808,29,0xF8A4E,Cure Poison,,0.2,2103808,29,0xF8A4E,,
Imp Stool,0x4DA23,Damage Health,0x3EB42,3,2,1,1,0,0,0,0,1,1,0,MagicAlchHarmful,0x3EB42,0x3EB42,,2,1,0,0,0.510804,,3,2099205,0,0x42509,Damage Health,,3,2099205,0,0x42509,,
Imp Stool,0x4DA23,Lingering Damage Health,0x10AA4A,12,1,10,1,0,0,0,0,1,1,0,MagicAlchHarmful,0x10AA4A,0x10AA4A,,1,10,0,1,12,,12,2099205,0,0x42509,Lingering Damage Health,,12,2099205,0,0x42509,,
Imp Stool,0x4DA23,Paralysis,0x73F30,500,0,1,0,1,1,0,0,1,1,1,MagicParalysis;MagicAlchHarmful,0x73F30,0x73F30,,0,1,0,2,39.7164,,500,4197379,21,0x1EA70;0x42509,Paralysis,,500,4197379,21,0x1EA70;0x42509,,
Imp Stool,0x4DA23,Restore Health,0x3EB15,0.5,3,0,1,0,0,1,1,0,0,0,MagicAlchRestoreHealth;MagicAlchBeneficial,0x3EB15,0x3EB15,,3,0,0,3,1.67418,,0.5,2099712,0,0x42503;0xF8A4E,Restore Health,,0.5,2099712,0,0x42503;0xF8A4E,,
Jarrin Root,0x1BCBC,Damage Health,0x3EB42,3,200,1,1,0,0,0,0,1,1,0,MagicAlchHarmful,0x3EB42,0x3EB42,,200,1,0,0,80.957,,3,2099205,0,0x42509,Damage Health,,3,2099205,0,0x42509,,
Jarrin Root,0x1BCBC,Damage Magicka,0x3A2B6,2.2,3,0,1,0,0,0,0,1,1,0,MagicAlchHarmful,0x3A2B6,0x3A2B6,,3,0,0,1,7.36641,,2.2,2099205,0,0x42509,Damage Magicka,,2.2,2099205,0,0x42509,,
Jarrin Root,0x1BCBC,Damage Stamina,0x3A2C6,1.8,3,0,1,0,0,0,0,1,1,0,MagicAlchHarmful,0x3A2C6,0x3A2C6,,3,0,0,2,6.02707,,1.8,2099205,0,0x42509,Damage Stamina,,1.8,2099205,0,0x42509,,
Jarrin Root,0x1BCBC,Damage Magicka Regen,0x73F2B,0.5,100,5,0,1,0,0,0,1,1,1,MagicAlchHarmful,0x73F2B,0x73F2B,,100,5,0,3,36.9689,,0.5,4196359,0,0x42509,Damage Magicka Regen,,0.5,4196359,0,0x42509,,
Jazbay Grapes,0x6AC4A,Weakness to Magic,0x73F51,1,2,30,1,0,0,0,0,1,1,0,MagicAlchHarmful;MagicAlchWeaknessMagic,0x73F51,0x73F51,,2,0,1,0,7.17739,,1,2101255,34,0x42509;0x74F51,Weakness to Magic,,1,2101255,34,0x42509;0x74F51,,
Jazbay Grapes,0x6AC4A,Fortify Magicka,0x3EAF8,0.3,4,60,1,0,0,0,1,0,0,0,MagicAlchFortifyMagicka;MagicAlchBeneficial,0x3EAF8,0x3EAF8,,4,0,1,1,9.89359,,0.3,2099202,34,0x65A33;0xF8A4E,Fortify Magicka,,0.3,2099202,34,0x65A33;0xF8A4E,,
Jazbay Grapes,0x6AC4A,Regenerate Magicka,0x3EB07,0.1,5,300,1,0,0,0,1,0,0,0,MagicAlchFortifyMagickaRate;MagicAlchBeneficial,0x3EB07,0x3EB07,,5,0,1,2,24.7571,,0.1,2099202,34,0x65A34;0xF8A4E,Regenerate Magicka,,0.1,2099202,34,0x65A34;0xF8A4E,,
Jazbay Grapes,0x6AC4A,Ravage Health,0x73F26,0.4,2,10,1,0,0,0,0,1,1,0,MagicAlchHarmful,0x73F26,0x73F26,,2,10,0,3,0.857419,,0.4,2099207,0,0x42509,Ravage Health,,0.4,2099207,0,0x42509,,
Juniper Berries,0x5076E,Weakness to Fire,0x73F2D,0.6,3,30,1,0,0,0,0,1,1,0,MagicAlchHarmful;MagicAlchWeaknessFire,0x73F2D,0x73F2D,,3,0,1,0,6.72695,,0.6,2101255,34,0x42509;0x74F4E,Weakness to Fire,,0.6,2101255,34,0x42509;0x74F4E,,
Juniper Berries,0x5076E,Fortify Archery,0x3EB1B,0.5,4,60,1,0,0,0,1,0,0,0,MagicAlchFortifyMarksman;MagicAlchBeneficial,0x3EB1B,0x3EB1B,,4,0,1,1,16.4893,,0.5,2099202,34,0x65A21;0xF8A4E,Fortify Archery,,0.5,2099202,34,0x65A21;0xF8A4E,,
Juniper Berries,0x5076E,Regenerate Health,0x3EB06,0.1,5,300,1,0,0,0,1,0,0,0,MagicAlchFortifyHealRate;MagicAlchBeneficial,0x3EB06,0x3EB06,,5,0,1,2,24.7571,,0.1,2099202,34,0x65A30;0xF8A4E,Regenerate Health,,0.1,2099202,34,0x65A30;0xF8A4E,,
Juniper Berries,0x5076E,Damage Stamina Regen,0x73F2C,0.3,100,5,0,1,0,0,0,1,1,1,MagicAlchHarmful,0x73F2C,0x73F2C,,100,5,0,3,22.1814,,0.3,4196359,0,0x42509,Damage Stamina Regen,,0.3,4196359,0,0x42509,,
Juvenile Mudcrab,0x50008F2,Regenerate Stamina,0x3EB08,0.1,5,300,1,0,0,0,1,0,0,0,MagicAlchFortifyStaminaRate;MagicAlchBeneficial,0x3EB08,0x3EB08,,5,0,1,0,24.7571,,0.1,2099202,34,0x65A35;0xF8A4E,Regenerate Stamina,,0.1,2099202,34,0x65A35;0xF8A4E,,
Juvenile Mudcrab,0x50008F2,Fortify Carry Weight,0x3EB01,0.15,4,300,1,0,0,0,1,0,0,0,MagicAlchFortifyCarryWeight;MagicAlchBeneficial,0x3EB01,0x3EB01,,4,0,1,1,29.053,,0.15,2099202,34,0x65A2F;0xF8A4E,Fortify Carry Weight,,0.15,2099202,34,0x65A2F;0xF8A4E,,
Juvenile Mudcrab,0x50008F2,Cure Disease,0xAE722,0.5,5,0,1,0,0,1,1,0,0,0,MagicAlchBeneficial,0xAE722,0xAE722,,5,0,0,2,2.93655,,0.5,2103808,3,0xF8A4E,Cure Disease,,0.5,2103808,3,0xF8A4E,,
Juvenile Mudcrab,0x50008F2,Fortify Two-handed,0x3EB1A,0.5,4,60,1,0,0,0,1,0,0,0,MagicAlchFortifyTwoHanded;MagicAlchBeneficial,0x3EB1A,0x3EB1A,,4,0,1,3,16.4893,,0.5,2099202,34,0x65A20;0xF8A4E,Fortify Two-handed,,0.5,2099202,34,0x65A20;0xF8A4E,,
Kagouti Hide,0xFE004810,Lingering Damage Stamina,0x10DE5E,1.8,2,10,1,0,0,0,0,1,1,0,MagicAlchHarmful,0x10DE5E,0x10DE5E,,2,10,0,0,3.85838,,1.8,2099205,0,0x42509,Lingering Damage Stamina,,1.8,2099205,0,0x42509,,
Kagouti Hide,0xFE004810,Night Eye,0xFE004803,0.75,0,60,0,1,0,0,1,0,0,1,MagicNightEye,0xFE004803,0xFE004803,,0,60,0,1,5.38304,,0.75,138545408,1,0xAD7C6,Night Eye,,0.75,138545408,1,0xAD7C6,,
Kagouti Hide,0xFE004810,Fortify Carry Weight,0x3EB01,0.15,5,300,1,0,0,0,1,0,0,0,MagicAlchFortifyCarryWeight;MagicAlchBeneficial,0x3EB01,0x3EB01,,5,0,1,2,37.1357,,0.15,2099202,34,0x65A2F;0xF8A4E,Fortify Carry Weight,,0.15,2099202,34,0x65A2F;0xF8A4E,,
Kagouti Hide,0xFE004810,Resist Shock,0x3EAEC,0.5,4,60,1,0,0,0,1,0,0,0,MagicAlchResistShock;MagicAlchBeneficial,0x3EAEC,0x3EAEC,,4,0,1,3,16.4893,,0.5,2101250,34,0x65A39;0xF8A4E,Resist Shock,,0.5,2101250,34,0x65A39;0xF8A4E,,
Kresh Fiber,0xFE004811,Weakness to Magic,0x73F51,1,3,30,1,0,0,0,0,1,1,0,MagicAlchHarmful;MagicAlchWeaknessMagic,0x73F51,0x73F51,,3,0,1,0,11.2116,,1,2101255,34,0x42509;0x74F51,Weakness to Magic,,1,2101255,34,0x42509;0x74F51,,
Kresh Fiber,0xFE004811,Slow,0x73F25,1,50,10,0,1,0,0,0,1,1,1,MagicAlchHarmful;MagicSlow,0x73F25,0x73F25,,50,0,1,1,73.9379,,1,4200455,34,0x42509;0xB729E,Slow,,1,4200455,34,0x42509;0xB729E,,
Kresh Fiber,0xFE004811,Fortify Sneak,0x3EB22,0.5,5,60,1,0,0,0,1,0,0,0,MagicAlchFortifySneak;MagicAlchBeneficial,0x3EB22,0x3EB22,,5,0,1,2,21.0767,,0.5,2099202,34,0x65A27;0xF8A4E,Fortify Sneak,,0.5,2099202,34,0x65A27;0xF8A4E,,
Kresh Fiber,0xFE004811,Fortify Pickpocket,0x3EB20,0.5,5,60,1,0,0,0,1,0,0,0,MagicAlchFortifyPickPocket;MagicAlchBeneficial,0x3EB20,0x3EB20,,5,0,1,3,21.0767,,0.5,2099202,34,0x65A25;0xF8A4E,Fortify Pickpocket,,0.5,2099202,34,0x65A25;0xF8A4E,,
Large Antlers,0x6BC0A,Restore Stamina,0x3EB16,0.6,5,0,1,0,0,1,1,0,0,0,MagicAlchRestoreStamina;MagicAlchBeneficial,0x3EB16,0x3EB16,,5,0,0,0,3.52386,,0.6,2099712,0,0x42504;0xF8A4E,Restore Stamina,,0.6,2099712,0,0x42504;0xF8A4E,,
Large Antlers,0x6BC0A,Fortify Stamina,0x3EAF9,0.3,4,60,1,0,0,0,1,0,0,0,MagicAlchFortifyStamina;MagicAlchBeneficial,0x3EAF9,0x3EAF9,,4,0,1,1,9.89359,,0.3,2099202,34,0x65A32;0xF8A4E,Fortify Stamina,,0.3,2099202,34,0x65A32;0xF8A4E,,
Large Antlers,0x6BC0A,Slow,0x73F25,1,50,5,0,1,0,0,0,1,1,1,MagicAlchHarmful;MagicSlow,0x73F25,0x73F25,,50,0,1,2,34.4932,,1,4200455,34,0x42509;0xB729E,Slow,,1,4200455,34,0x42509;0xB729E,,
Large Antlers,0x6BC0A,Damage Stamina Regen,0x73F2C,0.3,100,5,0,1,0,0,0,1,1,1,MagicAlchHarmful,0x73F2C,0x73F2C,,100,5,0,3,22.1814,,0.3,4196359,0,0x42509,Damage Stamina Regen,,0.3,4196359,0,0x42509,,
Lavender,0x45C28,Resist Magic,0x39E51,1,1,60,1,0,0,0,1,0,0,0,MagicAlchResistMagic;MagicAlchBeneficial,0x39E51,0x39E51,,1,0,1,0,7.17739,,1,2103298,34,0x65A3A;0xF8A4E,Resist Magic,,1,2103298,34,0x65A3A;0xF8A4E,,
Lavender,0x45C28,Fortify Stamina,0x3EAF9,0.3,4,60,1,0,0,0,1,0,0,0,MagicAlchFortifyStamina;MagicAlchBeneficial,0x3EAF9,0x3EAF9,,4,0,1,1,9.89359,,0.3,2099202,34,0x65A32;0xF8A4E,Fortify Stamina,,0.3,2099202,34,0x65A32;0xF8A4E,,
Lavender,0x45C28,Ravage Magicka,0x73F27,1,2,10,1,0,0,0,0,1,1,0,MagicAlchHarmful,0x73F27,0x73F27,,2,10,0,2,2.14355,,1,2099207,0,0x42509,Ravage Magicka,,1,2099207,0,0x42509,,
Lavender,0x45C28,Fortify Conjuration,0x3EB25,0.25,4,60,1,0,0,0,1,0,0,0,MagicAlchFortifyConjuration;MagicAlchBeneficial,0x3EB25,0x3EB25,,4,0,1,3,8.24465,,0.25,2099202,34,0x65A2A;0xF8A4E,Fortify Conjuration,,0.25,2099202,34,0x65A2A;0xF8A4E,,
Lichor,0xFE004837,Restore Magicka,0x3EB17,0.6,6,0,1,0,0,1,1,0,0,0,MagicAlchRestoreMagicka;MagicAlchBeneficial,0x3EB17,0x3EB17,,6,0,0,0,4.30643,,0.6,2099712,0,0x42508;0xF8A4E,Restore Magicka,,0.6,2099712,0,0x42508;0xF8A4E,,
Lichor,0xFE004837,Regenerate Magicka,0x3EB07,0.1,6,300,1,0,0,0,1,0,0,0,MagicAlchFortifyMagickaRate;MagicAlchBeneficial,0x3EB07,0x3EB07,,6,0,1,1,30.2552,,0.1,2099202,34,0x65A34;0xF8A4E,Regenerate Magicka,,0.1,2099202,34,0x65A34;0xF8A4E,,
Lichor,0xFE004837,Fortify Magicka,0x3EAF8,0.3,5,60,1,0,0,0,1,0,0,0,MagicAlchFortifyMagicka;MagicAlchBeneficial,0x3EAF8,0x3EAF8,,5,0,1,2,12.646,,0.3,2099202,34,0x65A33;0xF8A4E,Fortify Magicka,,0.3,2099202,34,0x65A33;0xF8A4E,,
Lichor,0xFE004837,Spell Absorption,0xFE004812,0.1,50,60,0,1,0,0,1,0,0,1,MagicAlchBeneficial,0xFE004812,0xFE004812,,50,0,1,3,53.0681,,0.1,4194306,34,0xF8A4E,Spell Absorption,,0.1,4194306,34,0xF8A4E,,
Luminous Russula,0xFE004813,Lingering Damage Stamina,0x10DE5E,1.8,2,10,1,0,0,0,0,1,1,0,MagicAlchHarmful,0x10DE5E,0x10DE5E,,2,10,0,0,3.85838,,1.8,2099205,0,0x42509,Lingering Damage Stamina,,1.8,2099205,0,0x42509,,
Luminous Russula,0xFE004813,Lingering Damage Health,0x10AA4A,12,2,10,1,0,0,0,0,1,1,0,MagicAlchHarmful,0x10AA4A,0x10AA4A,,2,10,0,1,25.7226,,12,2099205,0,0x42509,Lingering Damage Health,,12,2099205,0,0x42509,,
Luminous Russula,0xFE004813,Waterbreathing,0x3AC2D,30,0,8,0,1,1,0,1,0,0,1,MagicAlchBeneficial;MagicAlchDurationBased,0x3AC2D,0x3AC2D,,0,0,1,2,23.4704,,30,4197378,34,0xF8A4E;0xF8A4F,Waterbreathing,,30,4197378,34,0xF8A4E;0xF8A4F,,
Luminous Russula,0xFE004813,Fear,0x73F20,5,2,30,1,0,0,0,0,1,1,0,MagicInfluenceFear;MagicAlchHarmful;MagicInfluence,0x73F20,0x73F20,,2,30,0,3,35.8869,,5,2099463,7,0x424E0;0x42509;0x78098,Fear,,5,2099463,7,0x424E0;0x42509;0x78098,,
Luna Moth Wing,0x727DF,Damage Magicka,0x3A2B6,2.2,3,0,1,0,0,0,0,1,1,0,MagicAlchHarmful,0x3A2B6,0x3A2B6,,3,0,0,0,7.36641,,2.2,2099205,0,0x42509,Damage Magicka,,2.2,2099205,0,0x42509,,
Luna Moth Wing,0x727DF,Fortify Light Armor,0x3EB1F,0.5,2,60,1,0,0,0,1,0,0,0,MagicAlchFortifyLightArmor;MagicAlchBeneficial,0x3EB1F,0x3EB1F,,2,0,1,1,7.69253,,0.5,2099202,34,0x65A24;0xF8A4E,Fortify Light Armor,,0.5,2099202,34,0x65A24;0xF8A4E,,
Luna Moth Wing,0x727DF,Regenerate Health,0x3EB06,0.1,5,300,1,0,0,0,1,0,0,0,MagicAlchFortifyHealRate;MagicAlchBeneficial,0x3EB06,0x3EB06,,5,0,1,2,24.7571,,0.1,2099202,34,0x65A30;0xF8A4E,Regenerate Health,,0.1,2099202,34,0x65A30;0xF8A4E,,
Luna Moth Wing,0x727DF,Invisibility,0x3EB3D,100,0,4,0,1,1,0,1,0,0,1,MagicInvisibility;MagicAlchBeneficial;MagicAlchDurationBased,0x3EB3D,0x3EB3D,,0,4,0,3,36.4977,,100,4201474,11,0x1EA6F;0xF8A4E;0xF8A4F,Invisibility,,100,4201474,11,0x1EA6F;0xF8A4E;0xF8A4F,,
Lyretail Anthias,0x50008F1,Restore Magicka,0x3EB17,0.6,5,0,1,0,0,1,1,0,0,0,MagicAlchRestoreMagicka;MagicAlchBeneficial,0x3EB17,0x3EB17,,5,0,0,0,3.52386,,0.6,2099712,0,0x42508;0xF8A4E,Restore Magicka,,0.6,2099712,0,0x42508;0xF8A4E,,
Lyretail Anthias,0x50008F1,Fortify Alteration,0x3EB24,0.2,4,60,1,0,0,0,1,0,0,0,MagicAlchFortifyAlteration;MagicAlchBeneficial,0x3EB24,0x3EB24,,4,0,1,1,6.59572,,0.2,2099202,34,0x65A1D;0xF8A4E,Fortify Alteration,,0.2,2099202,34,0x65A1D;0xF8A4E,,
Lyretail Anthias,0x50008F1,Fortify Conjuration,0x3EB25,0.25,5,60,1,0,0,0,1,0,0,0,MagicAlchFortifyConjuration;MagicAlchBeneficial,0x3EB25,0x3EB25,,5,0,1,2,10.5384,,0.25,2099202,34,0x65A2A;0xF8A4E,Fortify Conjuration,,0.25,2099202,34,0x65A2A;0xF8A4E,,
Lyretail Anthias,0x50008F1,Fortify Carry Weight,0x3EB01,0.15,4,300,1,0,0,0,1,0,0,0,MagicAlchFortifyCarryWeight;MagicAlchBeneficial,0x3EB01,0x3EB01,,4,0,1,3,29.053,,0.15,2099202,34,0x65A2F;0xF8A4E,Fortify Carry Weight,,0.15,2099202,34,0x65A2F;0xF8A4E,,
Marshmerrow,0xFE004814,Restore Health,0x3EB15,0.5,6,0,1,0,0,1,1,0,0,0,MagicAlchRestoreHealth;MagicAlchBeneficial,0x3EB15,0x3EB15,,6,0,0,0,3.58869,,0.5,2099712,0,0x42503;0xF8A4E,Restore Health,,0.5,2099712,0,0x42503;0xF8A4E,,
Marshmerrow,0xFE004814,Fortify Carry Weight,0x3EB01,0.15,5,300,1,0,0,0,1,0,0,0,MagicAlchFortifyCarryWeight;MagicAlchBeneficial,0x3EB01,0x3EB01,,5,0,1,1,37.1357,,0.15,2099202,34,0x65A2F;0xF8A4E,Fortify Carry Weight,,0.15,2099202,34,0x65A2F;0xF8A4E,,
Marshmerrow,0xFE004814,Weakness to Magic,0x73F51,1,3,30,1,0,0,0,0,1,1,0,MagicAlchHarmful;MagicAlchWeaknessMagic,0x73F51,0x73F51,,3,0,1,2,11.2116,,1,2101255,34,0x42509;0x74F51,Weakness to Magic,,1,2101255,34,0x42509;0x74F51,,
Marshmerrow,0xFE004814,Damage Stamina,0x3A2C6,1.8,4,0,1,0,0,0,0,1,1,0,MagicAlchHarmful,0x3A2C6,0x3A2C6,,4,0,0,3,8.27063,,1.8,2099205,0,0x42509,Damage Stamina,,1.8,2099205,0,0x42509,,
Minotaur Horn,0xFE004815,Resist Poison,0x90041,0.5,5,60,1,0,0,0,1,0,0,0,MagicAlchResistPoison;MagicAlchBeneficial,0x90041,0x90041,,5,0,1,0,21.0767,,0.5,2101250,34,0x10EB5F;0xF8A4E,Resist Poison,,0.5,2101250,34,0x10EB5F;0xF8A4E,,
Minotaur Horn,0xFE004815,Damage Magicka Regen,0x73F2B,0.5,100,10,0,1,0,0,0,1,1,1,MagicAlchHarmful,0x73F2B,0x73F2B,,100,10,0,1,79.2447,,0.5,4196359,0,0x42509,Damage Magicka Regen,,0.5,4196359,0,0x42509,,
Minotaur Horn,0xFE004815,Regenerate Health,0x3EB06,0.1,6,300,1,0,0,0,1,0,0,0,MagicAlchFortifyHealRate;MagicAlchBeneficial,0x3EB06,0x3EB06,,6,0,1,2,30.2552,,0.1,2099202,34,0x65A30;0xF8A4E,Regenerate Health,,0.1,2099202,34,0x65A30;0xF8A4E,,
Minotaur Horn,0xFE004815,Regenerate Magicka,0x3EB07,0.1,6,300,1,0,0,0,1,0,0,0,MagicAlchFortifyMagickaRate;MagicAlchBeneficial,0x3EB07,0x3EB07,,6,0,1,3,30.2552,,0.1,2099202,34,0x65A34;0xF8A4E,Regenerate Magicka,,0.1,2099202,34,0x65A34;0xF8A4E,,
Moon Sugar,0xD8E3F,Weakness to Fire,0x73F2D,0.6,3,30,1,0,0,0,0,1,1,0,MagicAlchHarmful;MagicAlchWeaknessFire,0x73F2D,0x73F2D,,3,0,1,0,6.72695,,0.6,2101255,34,0x42509;0x74F4E,Weakness to Fire,,0.6,2101255,34,0x42509;0x74F4E,,
Moon Sugar,0xD8E3F,Resist Frost,0x3EAEB,0.5,3,60,1,0,0,0,1,0,0,0,MagicAlchResistFrost;MagicAlchBeneficial,0x3EAEB,0x3EAEB,,3,0,1,1,12.0163,,0.5,2101250,34,0x65A38;0xF8A4E,Resist Frost,,0.5,2101250,34,0x65A38;0xF8A4E,,
Moon Sugar,0xD8E3F,Restore Magicka,0x3EB17,0.6,5,0,1,0,0,1,1,0,0,0,MagicAlchRestoreMagicka;MagicAlchBeneficial,0x3EB17,0x3EB17,,5,0,0,2,3.52386,,0.6,2099712,0,0x42508;0xF8A4E,Restore Magicka,,0.6,2099712,0,0x42508;0xF8A4E,,
Moon Sugar,0xD8E3F,Regenerate Magicka,0x3EB07,0.1,5,300,1,0,0,0,1,0,0,0,MagicAlchFortifyMagickaRate;MagicAlchBeneficial,0x3EB07,0x3EB07,,5,0,1,3,24.7571,,0.1,2099202,34,0x65A34;0xF8A4E,Regenerate Magicka,,0.1,2099202,34,0x65A34;0xF8A4E,,
Mora Tapinella,0xEC870,Restore Magicka,0x3EB17,0.6,5,0,1,0,0,1,1,0,0,0,MagicAlchRestoreMagicka;MagicAlchBeneficial,0x3EB17,0x3EB17,,5,0,0,0,3.52386,,0.6,2099712,0,0x42508;0xF8A4E,Restore Magicka,,0.6,2099712,0,0x42508;0xF8A4E,,
Mora Tapinella,0xEC870,Lingering Damage Health,0x10AA4A,12,1,10,1,0,0,0,0,1,1,0,MagicAlchHarmful,0x10AA4A,0x10AA4A,,1,10,0,1,12,,12,2099205,0,0x42509,Lingering Damage Health,,12,2099205,0,0x42509,,
Mora Tapinella,0xEC870,Regenerate Stamina,0x3EB08,0.1,5,300,1,0,0,0,1,0,0,0,MagicAlchFortifyStaminaRate;MagicAlchBeneficial,0x3EB08,0x3EB08,,5,0,1,2,24.7571,,0.1,2099202,34,0x65A35;0xF8A4E,Regenerate Stamina,,0.1,2099202,34,0x65A35;0xF8A4E,,
Mora Tapinella,0xEC870,Fortify Illusion,0x3EB27,0.4,4,60,1,0,0,0,1,0,0,0,MagicAlchFortifyIllusion;MagicAlchBeneficial,0x3EB27,0x3EB27,,4,0,1,3,13.1914,,0.4,2099202,34,0x65A2C;0xF8A4E,Fortify Illusion,,0.4,2099202,34,0x65A2C;0xF8A4E,,
Mudcrab Chitin,0x6BC00,Restore Stamina,0x3EB16,0.6,5,0,1,0,0,1,1,0,0,0,MagicAlchRestoreStamina;MagicAlchBeneficial,0x3EB16,0x3EB16,,5,0,0,0,3.52386,,0.6,2099712,0,0x42504;0xF8A4E,Restore Stamina,,0.6,2099712,0,0x42504;0xF8A4E,,
Mudcrab Chitin,0x6BC00,Cure Disease,0xAE722,0.5,5,0,1,0,0,1,1,0,0,0,MagicAlchBeneficial,0xAE722,0xAE722,,5,0,0,1,2.93655,,0.5,2103808,3,0xF8A4E,Cure Disease,,0.5,2103808,3,0xF8A4E,,
Mudcrab Chitin,0x6BC00,Resist Poison,0x90041,0.5,4,60,1,0,0,0,1,0,0,0,MagicAlchResistPoison;MagicAlchBeneficial,0x90041,0x90041,,4,0,1,2,16.4893,,0.5,2101250,34,0x10EB5F;0xF8A4E,Resist Poison,,0.5,2101250,34,0x10EB5F;0xF8A4E,,
Mudcrab Chitin,0x6BC00,Resist Fire,0x3EAEA,0.5,3,60,1,0,0,0,1,0,0,0,MagicAlchResistFire;MagicAlchBeneficial,0x3EAEA,0x3EAEA,,3,0,1,3,12.0163,,0.5,2101250,34,0x65A37;0xF8A4E,Resist Fire,,0.5,2101250,34,0x65A37;0xF8A4E,,
Namira's Rot,0x4DA24,Damage Magicka,0x3A2B6,2.2,3,0,1,0,0,0,0,1,1,0,MagicAlchHarmful,0x3A2B6,0x3A2B6,,3,0,0,0,7.36641,,2.2,2099205,0,0x42509,Damage Magicka,,2.2,2099205,0,0x42509,,
Namira's Rot,0x4DA24,Fortify Lockpicking,0x3EB21,0.5,2,30,1,0,0,0,1,0,0,0,MagicAlchFortifyLockpicking;MagicAlchBeneficial,0x3EB21,0x3EB21,,2,0,1,1,3.58869,,0.5,2099202,34,0x65A26;0xF8A4E,Fortify Lockpicking,,0.5,2099202,34,0x65A26;0xF8A4E,,
Namira's Rot,0x4DA24,Fear,0x73F20,5,1,30,1,0,0,0,0,1,1,0,MagicInfluenceFear;MagicAlchHarmful;MagicInfluence,0x73F20,0x73F20,,1,30,0,2,16.7418,,5,2099463,7,0x424E0;0x42509;0x78098,Fear,,5,2099463,7,0x424E0;0x42509;0x78098,,
Namira's Rot,0x4DA24,Regenerate Health,0x3EB06,0.1,5,300,1,0,0,0,1,0,0,0,MagicAlchFortifyHealRate;MagicAlchBeneficial,0x3EB06,0x3EB06,,5,0,1,3,24.7571,,0.1,2099202,34,0x65A30;0xF8A4E,Regenerate Health,,0.1,2099202,34,0x65A30;0xF8A4E,,
Netch Jelly,0x401CD72,Paralysis,0x73F30,500,0,1,0,1,1,0,0,1,1,1,MagicParalysis;MagicAlchHarmful,0x73F30,0x73F30,,0,1,0,0,39.7164,,500,4197379,21,0x1EA70;0x42509,Paralysis,,500,4197379,21,0x1EA70;0x42509,,
Netch Jelly,0x401CD72,Fortify Carry Weight,0x3EB01,0.15,4,300,1,0,0,0,1,0,0,0,MagicAlchFortifyCarryWeight;MagicAlchBeneficial,0x3EB01,0x3EB01,,4,0,1,1,29.053,,0.15,2099202,34,0x65A2F;0xF8A4E,Fortify Carry Weight,,0.15,2099202,34,0x65A2F;0xF8A4E,,
Netch Jelly,0x401CD72,Restore Stamina,0x3EB16,0.6,10,0,1,0,0,1,1,0,0,0,MagicAlchRestoreStamina;MagicAlchBeneficial,0x3EB16,0x3EB16,,10,0,0,2,7.55355,,0.6,2099712,0,0x42504;0xF8A4E,Restore Stamina,,0.6,2099712,0,0x42504;0xF8A4E,,
Netch Jelly,0x401CD72,Fear,0x73F20,5,1,30,1,0,0,0,0,1,1,0,MagicInfluenceFear;MagicAlchHarmful;MagicInfluence,0x73F20,0x73F20,,1,30,0,3,16.7418,,5,2099463,7,0x424E0;0x42509;0x78098,Fear,,5,2099463,7,0x424E0;0x42509;0x78098,,
Nightshade,0x2F44C,Damage Health,0x3EB42,3,2,1,1,0,0,0,0,1,1,0,MagicAlchHarmful,0x3EB42,0x3EB42,,2,1,0,0,0.510804,,3,2099205,0,0x42509,Damage Health,,3,2099205,0,0x42509,,
Nightshade,0x2F44C,Damage Magicka Regen,0x73F2B,0.5,100,5,0,1,0,0,0,1,1,1,MagicAlchHarmful,0x73F2B,0x73F2B,,100,5,0,1,36.9689,,0.5,4196359,0,0x42509,Damage Magicka Regen,,0.5,4196359,0,0x42509,,
Nightshade,0x2F44C,Lingering Damage Stamina,0x10DE5E,1.8,1,10,1,0,0,0,0,1,1,0,MagicAlchHarmful,0x10DE5E,0x10DE5E,,1,10,0,2,1.8,,1.8,2099205,0,0x42509,Lingering Damage Stamina,,1.8,2099205,0,0x42509,,
Nightshade,0x2F44C,Fortify Destruction,0x3EB26,0.5,4,60,1,0,0,0,1,0,0,0,MagicAlchFortifyDestruction;MagicAlchBeneficial,0x3EB26,0x3EB26,,4,0,1,3,16.4893,,0.5,2099202,34,0x65A2B;0xF8A4E,Fortify Destruction,,0.5,2099202,34,0x65A2B;0xF8A4E,,
Nirnroot,0x59B86,Damage Health,0x3EB42,3,2,0,1,0,0,0,0,1,1,0,MagicAlchHarmful,0x3EB42,0x3EB42,,2,0,0,0,6.43064,,3,2099205,0,0x42509,Damage Health,,3,2099205,0,0x42509,,
Nirnroot,0x59B86,Damage Stamina,0x3A2C6,1.8,3,0,1,0,0,0,0,1,1,0,MagicAlchHarmful,0x3A2C6,0x3A2C6,,3,0,0,1,6.02707,,1.8,2099205,0,0x42509,Damage Stamina,,1.8,2099205,0,0x42509,,
Nirnroot,0x59B86,Invisibility,0x3EB3D,100,0,4,0,1,1,0,1,0,0,1,MagicInvisibility;MagicAlchBeneficial;MagicAlchDurationBased,0x3EB3D,0x3EB3D,,0,4,0,2,36.4977,,100,4201474,11,0x1EA6F;0xF8A4E;0xF8A4F,Invisibility,,100,4201474,11,0x1EA6F;0xF8A4E;0xF8A4F,,
Nirnroot,0x59B86,Resist Magic,0x39E51,1,1,60,1,0,0,0,1,0,0,0,MagicAlchResistMagic;MagicAlchBeneficial,0x39E51,0x39E51,,1,0,1,3,7.17739,,1,2103298,34,0x65A3A;0xF8A4E,Resist Magic,,1,2103298,34,0x65A3A;0xF8A4E,,
Nordic Barnacle,0x7EDF5,Damage Magicka,0x3A2B6,2.2,3,0,1,0,0,0,0,1,1,0,MagicAlchHarmful,0x3A2B6,0x3A2B6,,3,0,0,0,7.36641,,2.2,2099205,0,0x42509,Damage Magicka,,2.2,2099205,0,0x42509,,
Nordic Barnacle,0x7EDF5,Waterbreathing,0x3AC2D,30,0,5,0,1,1,0,1,0,0,1,MagicAlchBeneficial;MagicAlchDurationBased,0x3AC2D,0x3AC2D,,0,0,1,1,13.9955,,30,4197378,34,0xF8A4E;0xF8A4F,Waterbreathing,,30,4197378,34,0xF8A4E;0xF8A4F,,
Nordic Barnacle,0x7EDF5,Regenerate Health,0x3EB06,0.1,5,300,1,0,0,0,1,0,0,0,MagicAlchFortifyHealRate;MagicAlchBeneficial,0x3EB06,0x3EB06,,5,0,1,2,24.7571,,0.1,2099202,34,0x65A30;0xF8A4E,Regenerate Health,,0.1,2099202,34,0x65A30;0xF8A4E,,
Nordic Barnacle,0x7EDF5,Fortify Pickpocket,0x3EB20,0.5,4,60,1,0,0,0,1,0,0,0,MagicAlchFortifyPickPocket;MagicAlchBeneficial,0x3EB20,0x3EB20,,4,0,1,3,16.4893,,0.5,2099202,34,0x65A25;0xF8A4E,Fortify Pickpocket,,0.5,2099202,34,0x65A25;0xF8A4E,,
Ogre's Teeth,0xFE004816,Weakness to Shock,0x73F2F,0.7,4,30,1,0,0,0,0,1,1,0,MagicAlchHarmful;MagicAlchWeaknessShock,0x73F2F,0x73F2F,,4,0,1,0,10.7695,,0.7,2101255,34,0x42509;0x74F50,Weakness to Shock,,0.7,2101255,34,0x42509;0x74F50,,
Ogre's Teeth,0xFE004816,Resist Poison,0x90041,0.5,5,60,1,0,0,0,1,0,0,0,MagicAlchResistPoison;MagicAlchBeneficial,0x90041,0x90041,,5,0,1,1,21.0767,,0.5,2101250,34,0x10EB5F;0xF8A4E,Resist Poison,,0.5,2101250,34,0x10EB5F;0xF8A4E,,
Ogre's Teeth,0xFE004816,Lingering Damage Magicka,0x10DE5F,10,2,10,1,0,0,0,0,1,1,0,MagicAlchHarmful,0x10DE5F,0x10DE5F,,2,10,0,2,21.4355,,10,2099205,0,0x42509,Lingering Damage Magicka,,10,2099205,0,0x42509,,
Ogre's Teeth,0xFE004816,Regenerate Health,0x3EB06,0.1,6,300,1,0,0,0,1,0,0,0,MagicAlchFortifyHealRate;MagicAlchBeneficial,0x3EB06,0x3EB06,,6,0,1,3,30.2552,,0.1,2099202,34,0x65A30;0xF8A4E,Regenerate Health,,0.1,2099202,34,0x65A30;0xF8A4E,,
Orange Dartwing,0xBB956,Restore Stamina,0x3EB16,0.6,5,0,1,0,0,1,1,0,0,0,MagicAlchRestoreStamina;MagicAlchBeneficial,0x3EB16,0x3EB16,,5,0,0,0,3.52386,,0.6,2099712,0,0x42504;0xF8A4E,Restore Stamina,,0.6,2099712,0,0x42504;0xF8A4E,,
Orange Dartwing,0xBB956,Ravage Magicka,0x73F27,1,2,10,1,0,0,0,0,1,1,0,MagicAlchHarmful,0x73F27,0x73F27,,2,10,0,1,2.14355,,1,2099207,0,0x42509,Ravage Magicka,,1,2099207,0,0x42509,,
Orange Dartwing,0xBB956,Fortify Pickpocket,0x3EB20,0.5,4,60,1,0,0,0,1,0,0,0,MagicAlchFortifyPickPocket;MagicAlchBeneficial,0x3EB20,0x3EB20,,4,0,1,2,16.4893,,0.5,2099202,34,0x65A25;0xF8A4E,Fortify Pickpocket,,0.5,2099202,34,0x65A25;0xF8A4E,,
Orange Dartwing,0xBB956,Lingering Damage Health,0x10AA4A,12,1,10,1,0,0,0,0,1,1,0,MagicAlchHarmful,0x10AA4A,0x10AA4A,,1,10,0,3,12,,12,2099205,0,0x42509,Lingering Damage Health,,12,2099205,0,0x42509,,
Pearl,0x854FE,Restore Stamina,0x3EB16,0.6,5,0,1,0,0,1,1,0,0,0,MagicAlchRestoreStamina;MagicAlchBeneficial,0x3EB16,0x3EB16,,5,0,0,0,3.52386,,0.6,2099712,0,0x42504;0xF8A4E,Restore Stamina,,0.6,2099712,0,0x42504;0xF8A4E,,
Pearl,0x854FE,Fortify Block,0x3EB1C,0.5,4,60,1,0,0,0,1,0,0,0,MagicAlchFortifyBlock;MagicAlchBeneficial,0x3EB1C,0x3EB1C,,4,0,1,1,16.4893,,0.5,2099202,34,0x65A1E;0xF8A4E,Fortify Block,,0.5,2099202,34,0x65A1E;0xF8A4E,,
Pearl,0x854FE,Restore Magicka,0x3EB17,0.6,5,0,1,0,0,1,1,0,0,0,MagicAlchRestoreMagicka;MagicAlchBeneficial,0x3EB17,0x3EB17,,5,0,0,2,3.52386,,0.6,2099712,0,0x42508;0xF8A4E,Restore Magicka,,0.6,2099712,0,0x42508;0xF8A4E,,
Pearl,0x854FE,Resist Shock,0x3EAEC,0.5,3,60,1,0,0,0,1,0,0,0,MagicAlchResistShock;MagicAlchBeneficial,0x3EAEC,0x3EAEC,,3,0,1,3,12.0163,,0.5,2101250,34,0x65A39;0xF8A4E,Resist Shock,,0.5,2101250,34,0x65A39;0xF8A4E,,
Pearlfish,0x50008EC,Restore Stamina,0x3EB16,0.6,5,0,1,0,0,1,1,0,0,0,MagicAlchRestoreStamina;MagicAlchBeneficial,0x3EB16,0x3EB16,,5,0,0,0,3.52386,,0.6,2099712,0,0x42504;0xF8A4E,Restore Stamina,,0.6,2099712,0,0x42504;0xF8A4E,,
Pearlfish,0x50008EC,Resist Frost,0x3EAEB,0.5,3,60,1,0,0,0,1,0,0,0,MagicAlchResistFrost;MagicAlchBeneficial,0x3EAEB,0x3EAEB,,3,0,1,1,12.0163,,0.5,2101250,34,0x65A38;0xF8A4E,Resist Frost,,0.5,2101250,34,0x65A38;0xF8A4E,,
Pearlfish,0x50008EC,Fortify Smithing,0x3EB1D,0.75,4,30,1,0,0,0,1,0,0,0,MagicAlchFortifySmithing;MagicAlchBeneficial,0x3EB1D,0x3EB1D,,4,0,1,2,11.5388,,0.75,2099202,34,0x65A22;0xF8A4E,Fortify Smithing,,0.75,2099202,34,0x65A22;0xF8A4E,,
Pearlfish,0x50008EC,Fortify One-handed,0x3EB19,0.5,4,60,1,0,0,0,1,0,0,0,MagicAlchFortifyOneHanded;MagicAlchBeneficial,0x3EB19,0x3EB19,,4,0,1,3,16.4893,,0.5,2099202,34,0x65A1F;0xF8A4E,Fortify One-handed,,0.5,2099202,34,0x65A1F;0xF8A4E,,
Pine Thrush Egg,0x23D6F,Restore Stamina,0x3EB16,0.6,5,0,1,0,0,1,1,0,0,0,MagicAlchRestoreStamina;MagicAlchBeneficial,0x3EB16,0x3EB16,,5,0,0,0,3.52386,,0.6,2099712,0,0x42504;0xF8A4E,Restore Stamina,,0.6,2099712,0,0x42504;0xF8A4E,,
Pine Thrush Egg,0x23D6F,Fortify Lockpicking,0x3EB21,0.5,2,30,1,0,0,0,1,0,0,0,MagicAlchFortifyLockpicking;MagicAlchBeneficial,0x3EB21,0x3EB21,,2,0,1,1,3.58869,,0.5,2099202,34,0x65A26;0xF8A4E,Fortify Lockpicking,,0.5,2099202,34,0x65A26;0xF8A4E,,
Pine Thrush Egg,0x23D6F,Weakness to Poison,0x90042,1,2,30,1,0,0,0,0,1,1,0,MagicAlchHarmful;USKPMagicAlchWeaknessPoison,0x90042,0x90042,,2,0,1,2,7.17739,,1,2101255,34,0x42509;0x706EE3A,Weakness to Poison,,1,2101255,34,0x42509;0x706EE3A,,
Pine Thrush Egg,0x23D6F,Resist Shock,0x3EAEC,0.5,3,60,1,0,0,0,1,0,0,0,MagicAlchResistShock;MagicAlchBeneficial,0x3EAEC,0x3EAEC,,3,0,1,3,12.0163,,0.5,2101250,34,0x65A39;0xF8A4E,Resist Shock,,0.5,2101250,34,0x65A39;0xF8A4E,,
Poison Bloom,0x20185FB,Damage Health,0x3EB42,3,3,1,1,0,0,0,0,1,1,0,MagicAlchHarmful,0x3EB42,0x3EB42,,3,1,0,0,0.797911,,3,2099205,0,0x42509,Damage Health,,3,2099205,0,0x42509,,
Poison Bloom,0x20185FB,Slow,0x73F25,1,50,5,0,1,0,0,0,1,1,1,MagicAlchHarmful;MagicSlow,0x73F25,0x73F25,,50,0,1,1,34.4932,,1,4200455,34,0x42509;0xB729E,Slow,,1,4200455,34,0x42509;0xB729E,,
Poison Bloom,0x20185FB,Fortify Carry Weight,0x3EB01,0.15,4,300,1,0,0,0,1,0,0,0,MagicAlchFortifyCarryWeight;MagicAlchBeneficial,0x3EB01,0x3EB01,,4,0,1,2,29.053,,0.15,2099202,34,0x65A2F;0xF8A4E,Fortify Carry Weight,,0.15,2099202,34,0x65A2F;0xF8A4E,,
Poison Bloom,0x20185FB,Fear,0x73F20,5,1,30,1,0,0,0,0,1,1,0,MagicInfluenceFear;MagicAlchHarmful;MagicInfluence,0x73F20,0x73F20,,1,30,0,3,16.7418,,5,2099463,7,0x424E0;0x42509;0x78098,Fear,,5,2099463,7,0x424E0;0x42509;0x78098,,
Powdered Mammoth Tusk,0x6BC10,Restore Stamina,0x3EB16,0.6,5,0,1,0,0,1,1,0,0,0,MagicAlchRestoreStamina;MagicAlchBeneficial,0x3EB16,0x3EB16,,5,0,0,0,3.52386,,0.6,2099712,0,0x42504;0xF8A4E,Restore Stamina,,0.6,2099712,0,0x42504;0xF8A4E,,
Powdered Mammoth Tusk,0x6BC10,Fortify Sneak,0x3EB22,0.5,4,60,1,0,0,0,1,0,0,0,MagicAlchFortifySneak;MagicAlchBeneficial,0x3EB22,0x3EB22,,4,0,1,1,16.4893,,0.5,2099202,34,0x65A27;0xF8A4E,Fortify Sneak,,0.5,2099202,34,0x65A27;0xF8A4E,,
Powdered Mammoth Tusk,0x6BC10,Weakness to Fire,0x73F2D,0.6,3,30,1,0,0,0,0,1,1,0,MagicAlchHarmful;MagicAlchWeaknessFire,0x73F2D,0x73F2D,,3,0,1,2,6.72695,,0.6,2101255,34,0x42509;0x74F4E,Weakness to Fire,,0.6,2101255,34,0x42509;0x74F4E,,
Powdered Mammoth Tusk,0x6BC10,Fear,0x73F20,5,1,30,1,0,0,0,0,1,1,0,MagicInfluenceFear;MagicAlchHarmful;MagicInfluence,0x73F20,0x73F20,,1,30,0,3,16.7418,,5,2099463,7,0x424E0;0x42509;0x78098,Fear,,5,2099463,7,0x424E0;0x42509;0x78098,,
Purple Butterfly Wing,0x6059153,Regenerate Health,0x3EB06,0.1,5,300,1,0,0,0,1,0,0,0,MagicAlchFortifyHealRate;MagicAlchBeneficial,0x3EB06,0x3EB06,,5,0,1,0,24.7571,,0.1,2099202,34,0x65A30;0xF8A4E,Regenerate Health,,0.1,2099202,34,0x65A30;0xF8A4E,,
Purple Butterfly Wing,0x6059153,Regenerate Magicka,0x3EB07,0.1,5,300,1,0,0,0,1,0,0,0,MagicAlchFortifyMagickaRate;MagicAlchBeneficial,0x3EB07,0x3EB07,,5,0,1,1,24.7571,,0.1,2099202,34,0x65A34;0xF8A4E,Regenerate Magicka,,0.1,2099202,34,0x65A34;0xF8A4E,,
Purple Butterfly Wing,0x6059153,Regenerate Stamina,0x3EB08,0.1,5,300,1,0,0,0,1,0,0,0,MagicAlchFortifyStaminaRate;MagicAlchBeneficial,0x3EB08,0x3EB08,,5,0,1,2,24.7571,,0.1,2099202,34,0x65A35;0xF8A4E,Regenerate Stamina,,0.1,2099202,34,0x65A35;0xF8A4E,,
Purple Butterfly Wing,0x6059153,Paralysis,0x73F30,500,0,1,0,1,1,0,0,1,1,1,MagicParalysis;MagicAlchHarmful,0x73F30,0x73F30,,0,1,0,3,39.7164,,500,4197379,21,0x1EA70;0x42509,Paralysis,,500,4197379,21,0x1EA70;0x42509,,
Purple Mountain Flower,0x77E1E,Restore Stamina,0x3EB16,0.6,5,0,1,0,0,1,1,0,0,0,MagicAlchRestoreStamina;MagicAlchBeneficial,0x3EB16,0x3EB16,,5,0,0,0,3.52386,,0.6,2099712,0,0x42504;0xF8A4E,Restore Stamina,,0.6,2099712,0,0x42504;0xF8A4E,,
Purple Mountain Flower,0x77E1E,Fortify Sneak,0x3EB22,0.5,4,60,1,0,0,0,1,0,0,0,MagicAlchFortifySneak;MagicAlchBeneficial,0x3EB22,0x3EB22,,4,0,1,1,16.4893,,0.5,2099202,34,0x65A27;0xF8A4E,Fortify Sneak,,0.5,2099202,34,0x65A27;0xF8A4E,,
Purple Mountain Flower,0x77E1E,Lingering Damage Magicka,0x10DE5F,10,1,10,1,0,0,0,0,1,1,0,MagicAlchHarmful,0x10DE5F,0x10DE5F,,1,10,0,2,10,,10,2099205,0,0x42509,Lingering Damage Magicka,,10,2099205,0,0x42509,,
Purple Mountain Flower,0x77E1E,Resist Frost,0x3EAEB,0.5,3,60,1,0,0,0,1,0,0,0,MagicAlchResistFrost;MagicAlchBeneficial,0x3EAEB,0x3EAEB,,3,0,1,3,12.0163,,0.5,2101250,34,0x65A38;0xF8A4E,Resist Frost,,0.5,2101250,34,0x65A38;0xF8A4E,,
Pygmy Sunfish,0x50008ED,Restore Stamina,0x3EB16,0.6,5,0,1,0,0,1,1,0,0,0,MagicAlchRestoreStamina;MagicAlchBeneficial,0x3EB16,0x3EB16,,5,0,0,0,3.52386,,0.6,2099712,0,0x42504;0xF8A4E,Restore Stamina,,0.6,2099712,0,0x42504;0xF8A4E,,
Pygmy Sunfish,0x50008ED,Lingering Damage Magicka,0x10DE5F,10,1,10,1,0,0,0,0,1,1,0,MagicAlchHarmful,0x10DE5F,0x10DE5F,,1,10,0,1,10,,10,2099205,0,0x42509,Lingering Damage Magicka,,10,2099205,0,0x42509,,
Pygmy Sunfish,0x50008ED,Damage Magicka Regen,0x73F2B,0.5,100,5,0,1,0,0,0,1,1,1,MagicAlchHarmful,0x73F2B,0x73F2B,,100,5,0,2,36.9689,,0.5,4196359,0,0x42509,Damage Magicka Regen,,0.5,4196359,0,0x42509,,
Pygmy Sunfish,0x50008ED,Fortify Restoration,0x3EB28,0.5,4,60,1,0,0,0,1,0,0,0,MagicAlchFortifyRestoration;MagicAlchBeneficial,0x3EB28,0x3EB28,,4,0,1,3,16.4893,,0.5,2099202,34,0x65A2D;0xF8A4E,Fortify Restoration,,0.5,2099202,34,0x65A2D;0xF8A4E,,
Red Kelp Gas Bladder,0xFE004817,Regenerate Stamina,0x3EB08,0.1,6,300,1,0,0,0,1,0,0,0,MagicAlchFortifyStaminaRate;MagicAlchBeneficial,0x3EB08,0x3EB08,,6,0,1,0,30.2552,,0.1,2099202,34,0x65A35;0xF8A4E,Regenerate Stamina,,0.1,2099202,34,0x65A35;0xF8A4E,,
Red Kelp Gas Bladder,0xFE004817,Waterbreathing,0x3AC2D,30,0,8,0,1,1,0,1,0,0,1,MagicAlchBeneficial;MagicAlchDurationBased,0x3AC2D,0x3AC2D,,0,0,1,1,23.4704,,30,4197378,34,0xF8A4E;0xF8A4F,Waterbreathing,,30,4197378,34,0xF8A4E;0xF8A4F,,
Red Kelp Gas Bladder,0xFE004817,Cure Disease,0xAE722,0.5,2,0,1,0,0,1,1,0,0,0,MagicAlchBeneficial,0xAE722,0xAE722,,2,0,0,2,1.07177,,0.5,2103808,3,0xF8A4E,Cure Disease,,0.5,2103808,3,0xF8A4E,,
Red Kelp Gas Bladder,0xFE004817,Fortify Magicka,0x3EAF8,0.3,5,60,1,0,0,0,1,0,0,0,MagicAlchFortifyMagicka;MagicAlchBeneficial,0x3EAF8,0x3EAF8,,5,0,1,3,12.646,,0.3,2099202,34,0x65A33;0xF8A4E,Fortify Magicka,,0.3,2099202,34,0x65A33;0xF8A4E,,
Red Mountain Flower,0x77E1D,Restore Magicka,0x3EB17,0.6,5,0,1,0,0,1,1,0,0,0,MagicAlchRestoreMagicka;MagicAlchBeneficial,0x3EB17,0x3EB17,,5,0,0,0,3.52386,,0.6,2099712,0,0x42508;0xF8A4E,Restore Magicka,,0.6,2099712,0,0x42508;0xF8A4E,,
Red Mountain Flower,0x77E1D,Ravage Magicka,0x73F27,1,2,10,1,0,0,0,0,1,1,0,MagicAlchHarmful,0x73F27,0x73F27,,2,10,0,1,2.14355,,1,2099207,0,0x42509,Ravage Magicka,,1,2099207,0,0x42509,,
Red Mountain Flower,0x77E1D,Fortify Magicka,0x3EAF8,0.3,4,60,1,0,0,0,1,0,0,0,MagicAlchFortifyMagicka;MagicAlchBeneficial,0x3EAF8,0x3EAF8,,4,0,1,2,9.89359,,0.3,2099202,34,0x65A33;0xF8A4E,Fortify Magicka,,0.3,2099202,34,0x65A33;0xF8A4E,,
Red Mountain Flower,0x77E1D,Damage Health,0x3EB42,3,2,1,1,0,0,0,0,1,1,0,MagicAlchHarmful,0x3EB42,0x3EB42,,2,1,0,3,0.510804,,3,2099205,0,0x42509,Damage Health,,3,2099205,0,0x42509,,
Redwort Flower,0xFE004818,Resist Frost,0x3EAEB,0.5,4,60,1,0,0,0,1,0,0,0,MagicAlchResistFrost;MagicAlchBeneficial,0x3EAEB,0x3EAEB,,4,0,1,0,16.4893,,0.5,2101250,34,0x65A38;0xF8A4E,Resist Frost,,0.5,2101250,34,0x65A38;0xF8A4E,,
Redwort Flower,0xFE004818,Cure Poison,0x109ADD,0.2,2,0,1,0,0,1,1,0,0,0,MagicAlchBeneficial,0x109ADD,0x109ADD,,2,0,0,1,0.428709,,0.2,2103808,29,0xF8A4E,Cure Poison,,0.2,2103808,29,0xF8A4E,,
Redwort Flower,0xFE004818,Damage Health,0x3EB42,3,3,1,1,0,0,0,0,1,1,0,MagicAlchHarmful,0x3EB42,0x3EB42,,3,1,0,2,0.797911,,3,2099205,0,0x42509,Damage Health,,3,2099205,0,0x42509,,
Redwort Flower,0xFE004818,Invisibility,0x3EB3D,100,0,6,0,1,1,0,1,0,0,1,MagicInvisibility;MagicAlchBeneficial;MagicAlchDurationBased,0x3EB3D,0x3EB3D,,0,6,0,3,57.012,,100,4201474,11,0x1EA6F;0xF8A4E;0xF8A4F,Invisibility,,100,4201474,11,0x1EA6F;0xF8A4E;0xF8A4F,,
River Betty,0x106E1A,Damage Health,0x3EB42,3,5,0,1,0,0,0,0,1,1,0,MagicAlchHarmful,0x3EB42,0x3EB42,,5,0,0,0,17.6193,,3,2099205,0,0x42509,Damage Health,,3,2099205,0,0x42509,,
River Betty,0x106E1A,Fortify Alteration,0x3EB24,0.2,4,60,1,0,0,0,1,0,0,0,MagicAlchFortifyAlteration;MagicAlchBeneficial,0x3EB24,0x3EB24,,4,0,1,1,6.59572,,0.2,2099202,34,0x65A1D;0xF8A4E,Fortify Alteration,,0.2,2099202,34,0x65A1D;0xF8A4E,,
River Betty,0x106E1A,Slow,0x73F25,1,50,5,0,1,0,0,0,1,1,1,MagicAlchHarmful;MagicSlow,0x73F25,0x73F25,,50,0,1,2,34.4932,,1,4200455,34,0x42509;0xB729E,Slow,,1,4200455,34,0x42509;0xB729E,,
River Betty,0x106E1A,Fortify Carry Weight,0x3EB01,0.15,4,300,1,0,0,0,1,0,0,0,MagicAlchFortifyCarryWeight;MagicAlchBeneficial,0x3EB01,0x3EB01,,4,0,1,3,29.053,,0.15,2099202,34,0x65A2F;0xF8A4E,Fortify Carry Weight,,0.15,2099202,34,0x65A2F;0xF8A4E,,
Rock Warbler Egg,0x7E8C8,Restore Health,0x3EB15,0.5,5,0,1,0,0,1,1,0,0,0,MagicAlchRestoreHealth;MagicAlchBeneficial,0x3EB15,0x3EB15,,5,0,0,0,2.93655,,0.5,2099712,0,0x42503;0xF8A4E,Restore Health,,0.5,2099712,0,0x42503;0xF8A4E,,
Rock Warbler Egg,0x7E8C8,Fortify One-handed,0x3EB19,0.5,4,60,1,0,0,0,1,0,0,0,MagicAlchFortifyOneHanded;MagicAlchBeneficial,0x3EB19,0x3EB19,,4,0,1,1,16.4893,,0.5,2099202,34,0x65A1F;0xF8A4E,Fortify One-handed,,0.5,2099202,34,0x65A1F;0xF8A4E,,
Rock Warbler Egg,0x7E8C8,Damage Stamina,0x3A2C6,1.8,3,0,1,0,0,0,0,1,1,0,MagicAlchHarmful,0x3A2C6,0x3A2C6,,3,0,0,2,6.02707,,1.8,2099205,0,0x42509,Damage Stamina,,1.8,2099205,0,0x42509,,
Rock Warbler Egg,0x7E8C8,Weakness to Magic,0x73F51,1,2,30,1,0,0,0,0,1,1,0,MagicAlchHarmful;MagicAlchWeaknessMagic,0x73F51,0x73F51,,2,0,1,3,7.17739,,1,2101255,34,0x42509;0x74F51,Weakness to Magic,,1,2101255,34,0x42509;0x74F51,,
Roobrush,0xFE004819,Weakness to Magic,0x73F51,1,3,30,1,0,0,0,0,1,1,0,MagicAlchHarmful;MagicAlchWeaknessMagic,0x73F51,0x73F51,,3,0,1,0,11.2116,,1,2101255,34,0x42509;0x74F51,Weakness to Magic,,1,2101255,34,0x42509;0x74F51,,
Roobrush,0xFE004819,Fortify Sneak,0x3EB22,0.5,5,60,1,0,0,0,1,0,0,0,MagicAlchFortifySneak;MagicAlchBeneficial,0x3EB22,0x3EB22,,5,0,1,1,21.0767,,0.5,2099202,34,0x65A27;0xF8A4E,Fortify Sneak,,0.5,2099202,34,0x65A27;0xF8A4E,,
Roobrush,0xFE004819,Lingering Damage Health,0x10AA4A,12,2,10,1,0,0,0,0,1,1,0,MagicAlchHarmful,0x10AA4A,0x10AA4A,,2,10,0,2,25.7226,,12,2099205,0,0x42509,Lingering Damage Health,,12,2099205,0,0x42509,,
Roobrush,0xFE004819,Cure Poison,0x109ADD,0.2,2,0,1,0,0,1,1,0,0,0,MagicAlchBeneficial,0x109ADD,0x109ADD,,2,0,0,3,0.428709,,0.2,2103808,29,0xF8A4E,Cure Poison,,0.2,2103808,29,0xF8A4E,,
Rot Scale,0x100306D,Slow,0x73F25,1,5,30,0,1,0,0,0,1,1,1,MagicAlchHarmful;MagicSlow,0x73F25,0x73F25,,5,0,1,0,19.6653,,1,4200455,34,0x42509;0xB729E,Slow,,1,4200455,34,0x42509;0xB729E,,
Rot Scale,0x100306D,Lingering Damage Health,0x10AA4A,12,1,30,1,0,0,0,0,1,1,0,MagicAlchHarmful,0x10AA4A,0x10AA4A,,1,30,0,1,40.1804,,12,2099205,0,0x42509,Lingering Damage Health,,12,2099205,0,0x42509,,
Rot Scale,0x100306D,Fear,0x73F20,5,1,5,1,0,0,0,0,1,1,0,MagicInfluenceFear;MagicAlchHarmful;MagicInfluence,0x73F20,0x73F20,,1,5,0,2,2.33258,,5,2099463,7,0x424E0;0x42509;0x78098,Fear,,5,2099463,7,0x424E0;0x42509;0x78098,,
Rot Scale,0x100306D,Paralysis,0x73F30,500,0,1,0,1,1,0,0,1,1,1,MagicParalysis;MagicAlchHarmful,0x73F30,0x73F30,,0,1,0,3,39.7164,,500,4197379,21,0x1EA70;0x42509,Paralysis,,500,4197379,21,0x1EA70;0x42509,,
Sabre Cat Tooth,0x6BC04,Restore Stamina,0x3EB16,0.6,5,0,1,0,0,1,1,0,0,0,MagicAlchRestoreStamina;MagicAlchBeneficial,0x3EB16,0x3EB16,,5,0,0,0,3.52386,,0.6,2099712,0,0x42504;0xF8A4E,Restore Stamina,,0.6,2099712,0,0x42504;0xF8A4E,,
Sabre Cat Tooth,0x6BC04,Fortify Heavy Armor,0x3EB1E,0.5,2,60,1,0,0,0,1,0,0,0,MagicAlchFortifyHeavyArmor;MagicAlchBeneficial,0x3EB1E,0x3EB1E,,2,0,1,1,7.69253,,0.5,2099202,34,0x65A23;0xF8A4E,Fortify Heavy Armor,,0.5,2099202,34,0x65A23;0xF8A4E,,
Sabre Cat Tooth,0x6BC04,Fortify Smithing,0x3EB1D,0.75,4,30,1,0,0,0,1,0,0,0,MagicAlchFortifySmithing;MagicAlchBeneficial,0x3EB1D,0x3EB1D,,4,0,1,2,11.5388,,0.75,2099202,34,0x65A22;0xF8A4E,Fortify Smithing,,0.75,2099202,34,0x65A22;0xF8A4E,,
Sabre Cat Tooth,0x6BC04,Weakness to Poison,0x90042,1,2,30,1,0,0,0,0,1,1,0,MagicAlchHarmful;USKPMagicAlchWeaknessPoison,0x90042,0x90042,,2,0,1,3,7.17739,,1,2101255,34,0x42509;0x706EE3A,Weakness to Poison,,1,2101255,34,0x42509;0x706EE3A,,
Salmon Roe,0x3003545,Restore Stamina,0x3EB16,0.6,2,0,1,0,0,1,1,0,0,0,MagicAlchRestoreStamina;MagicAlchBeneficial,0x3EB16,0x3EB16,,2,0,0,0,1.28613,,0.6,2099712,0,0x42504;0xF8A4E,Restore Stamina,,0.6,2099712,0,0x42504;0xF8A4E,,
Salmon Roe,0x3003545,Waterbreathing,0x3AC2D,30,0,60,0,1,1,0,1,0,0,1,MagicAlchBeneficial;MagicAlchDurationBased,0x3AC2D,0x3AC2D,,0,0,1,1,215.322,,30,4197378,34,0xF8A4E;0xF8A4F,Waterbreathing,,30,4197378,34,0xF8A4E;0xF8A4F,,
Salmon Roe,0x3003545,Fortify Magicka,0x3EAF8,0.3,50,5,1,0,0,0,1,0,0,0,MagicAlchFortifyMagicka;MagicAlchBeneficial,0x3EAF8,0x3EAF8,,50,0,1,2,10.348,,0.3,2099202,34,0x65A33;0xF8A4E,Fortify Magicka,,0.3,2099202,34,0x65A33;0xF8A4E,,
Salmon Roe,0x3003545,Regenerate Magicka,0x3EB07,0.1,5,300,1,0,0,0,1,0,0,0,MagicAlchFortifyMagickaRate;MagicAlchBeneficial,0x3EB07,0x3EB07,,5,0,1,3,24.7571,,0.1,2099202,34,0x65A34;0xF8A4E,Regenerate Magicka,,0.1,2099202,34,0x65A34;0xF8A4E,,
Salt Pile,0x74A19,Weakness to Magic,0x73F51,1,2,30,1,0,0,0,0,1,1,0,MagicAlchHarmful;MagicAlchWeaknessMagic,0x73F51,0x73F51,,2,0,1,0,7.17739,,1,2101255,34,0x42509;0x74F51,Weakness to Magic,,1,2101255,34,0x42509;0x74F51,,
Salt Pile,0x74A19,Fortify Restoration,0x3EB28,0.5,4,60,1,0,0,0,1,0,0,0,MagicAlchFortifyRestoration;MagicAlchBeneficial,0x3EB28,0x3EB28,,4,0,1,1,16.4893,,0.5,2099202,34,0x65A2D;0xF8A4E,Fortify Restoration,,0.5,2099202,34,0x65A2D;0xF8A4E,,
Salt Pile,0x74A19,Slow,0x73F25,1,50,5,0,1,0,0,0,1,1,1,MagicAlchHarmful;MagicSlow,0x73F25,0x73F25,,50,0,1,2,34.4932,,1,4200455,34,0x42509;0xB729E,Slow,,1,4200455,34,0x42509;0xB729E,,
Salt Pile,0x74A19,Regenerate Magicka,0x3EB07,0.1,5,300,1,0,0,0,1,0,0,0,MagicAlchFortifyMagickaRate;MagicAlchBeneficial,0x3EB07,0x3EB07,,5,0,1,3,24.7571,,0.1,2099202,34,0x65A34;0xF8A4E,Regenerate Magicka,,0.1,2099202,34,0x65A34;0xF8A4E,,
Salt Pile,0x34CDF,Weakness to Magic,0x73F51,1,2,30,1,0,0,0,0,1,1,0,MagicAlchHarmful;MagicAlchWeaknessMagic,0x73F51,0x73F51,,2,0,1,0,7.17739,,1,2101255,34,0x42509;0x74F51,Weakness to Magic,,1,2101255,34,0x42509;0x74F51,,
Salt Pile,0x34CDF,Fortify Restoration,0x3EB28,0.5,4,60,1,0,0,0,1,0,0,0,MagicAlchFortifyRestoration;MagicAlchBeneficial,0x3EB28,0x3EB28,,4,0,1,1,16.4893,,0.5,2099202,34,0x65A2D;0xF8A4E,Fortify Restoration,,0.5,2099202,34,0x65A2D;0xF8A4E,,
Salt Pile,0x34CDF,Slow,0x73F25,1,50,5,0,1,0,0,0,1,1,1,MagicAlchHarmful;MagicSlow,0x73F25,0x73F25,,50,0,1,2,34.4932,,1,4200455,34,0x42509;0xB729E,Slow,,1,4200455,34,0x42509;0xB729E,,
Salt Pile,0x34CDF,Regenerate Magicka,0x3EB07,0.1,5,300,1,0,0,0,1,0,0,0,MagicAlchFortifyMagickaRate;MagicAlchBeneficial,0x3EB07,0x3EB07,,5,0,1,3,24.7571,,0.1,2099202,34,0x65A34;0xF8A4E,Regenerate Magicka,,0.1,2099202,34,0x65A34;0xF8A4E,,
Saltrice,0xFE00481A,Restore Stamina,0x3EB16,0.6,6,0,1,0,0,1,1,0,0,0,MagicAlchRestoreStamina;MagicAlchBeneficial,0x3EB16,0x3EB16,,6,0,0,0,4.30643,,0.6,2099712,0,0x42504;0xF8A4E,Restore Stamina,,0.6,2099712,0,0x42504;0xF8A4E,,
Saltrice,0xFE00481A,Fortify Magicka,0x3EAF8,0.3,5,60,1,0,0,0,1,0,0,0,MagicAlchFortifyMagicka;MagicAlchBeneficial,0x3EAF8,0x3EAF8,,5,0,1,1,12.646,,0.3,2099202,34,0x65A33;0xF8A4E,Fortify Magicka,,0.3,2099202,34,0x65A33;0xF8A4E,,
Saltrice,0xFE00481A,Damage Stamina Regen,0x73F2C,0.3,100,10,0,1,0,0,0,1,1,1,MagicAlchHarmful,0x73F2C,0x73F2C,,100,10,0,2,47.5468,,0.3,4196359,0,0x42509,Damage Stamina Regen,,0.3,4196359,0,0x42509,,
Saltrice,0xFE00481A,Restore Health,0x3EB15,0.5,6,0,1,0,0,1,1,0,0,0,MagicAlchRestoreHealth;MagicAlchBeneficial,0x3EB15,0x3EB15,,6,0,0,3,3.58869,,0.5,2099712,0,0x42503;0xF8A4E,Restore Health,,0.5,2099712,0,0x42503;0xF8A4E,,
Scalon Fin,0xFE00481B,Waterbreathing,0x3AC2D,30,0,8,0,1,1,0,1,0,0,1,MagicAlchBeneficial;MagicAlchDurationBased,0x3AC2D,0x3AC2D,,0,0,1,0,23.4704,,30,4197378,34,0xF8A4E;0xF8A4F,Waterbreathing,,30,4197378,34,0xF8A4E;0xF8A4F,,
Scalon Fin,0xFE00481B,Damage Health,0x3EB42,3,3,1,1,0,0,0,0,1,1,0,MagicAlchHarmful,0x3EB42,0x3EB42,,3,1,0,1,0.797911,,3,2099205,0,0x42509,Damage Health,,3,2099205,0,0x42509,,
Scalon Fin,0xFE00481B,Lingering Damage Magicka,0x10DE5F,10,2,10,1,0,0,0,0,1,1,0,MagicAlchHarmful,0x10DE5F,0x10DE5F,,2,10,0,2,21.4355,,10,2099205,0,0x42509,Lingering Damage Magicka,,10,2099205,0,0x42509,,
Scalon Fin,0xFE00481B,Damage Magicka Regen,0x73F2B,0.5,100,10,0,1,0,0,0,1,1,1,MagicAlchHarmful,0x73F2B,0x73F2B,,100,10,0,3,79.2447,,0.5,4196359,0,0x42509,Damage Magicka Regen,,0.5,4196359,0,0x42509,,
Scaly Pholiota,0x6F950,Weakness to Magic,0x73F51,1,2,30,1,0,0,0,0,1,1,0,MagicAlchHarmful;MagicAlchWeaknessMagic,0x73F51,0x73F51,,2,0,1,0,7.17739,,1,2101255,34,0x42509;0x74F51,Weakness to Magic,,1,2101255,34,0x42509;0x74F51,,
Scaly Pholiota,0x6F950,Fortify Illusion,0x3EB27,0.4,4,60,1,0,0,0,1,0,0,0,MagicAlchFortifyIllusion;MagicAlchBeneficial,0x3EB27,0x3EB27,,4,0,1,1,13.1914,,0.4,2099202,34,0x65A2C;0xF8A4E,Fortify Illusion,,0.4,2099202,34,0x65A2C;0xF8A4E,,
Scaly Pholiota,0x6F950,Regenerate Stamina,0x3EB08,0.1,5,300,1,0,0,0,1,0,0,0,MagicAlchFortifyStaminaRate;MagicAlchBeneficial,0x3EB08,0x3EB08,,5,0,1,2,24.7571,,0.1,2099202,34,0x65A35;0xF8A4E,Regenerate Stamina,,0.1,2099202,34,0x65A35;0xF8A4E,,
Scaly Pholiota,0x6F950,Fortify Carry Weight,0x3EB01,0.15,4,300,1,0,0,0,1,0,0,0,MagicAlchFortifyCarryWeight;MagicAlchBeneficial,0x3EB01,0x3EB01,,4,0,1,3,29.053,,0.15,2099202,34,0x65A2F;0xF8A4E,Fortify Carry Weight,,0.15,2099202,34,0x65A2F;0xF8A4E,,
Scathecraw,0x4017E97,Ravage Health,0x73F26,0.4,2,10,1,0,0,0,0,1,1,0,MagicAlchHarmful,0x73F26,0x73F26,,2,10,0,0,0.857419,,0.4,2099207,0,0x42509,Ravage Health,,0.4,2099207,0,0x42509,,
Scathecraw,0x4017E97,Ravage Stamina,0x73F23,1.6,2,10,1,0,0,0,0,1,1,0,MagicAlchHarmful,0x73F23,0x73F23,,2,10,0,1,3.42968,,1.6,2099207,0,0x42509,Ravage Stamina,,1.6,2099207,0,0x42509,,
Scathecraw,0x4017E97,Ravage Magicka,0x73F27,1,2,10,1,0,0,0,0,1,1,0,MagicAlchHarmful,0x73F27,0x73F27,,2,10,0,2,2.14355,,1,2099207,0,0x42509,Ravage Magicka,,1,2099207,0,0x42509,,
Scathecraw,0x4017E97,Lingering Damage Health,0x10AA4A,12,1,10,1,0,0,0,0,1,1,0,MagicAlchHarmful,0x10AA4A,0x10AA4A,,1,10,0,3,12,,12,2099205,0,0x42509,Lingering Damage Health,,12,2099205,0,0x42509,,
Screaming Maw,0x100306E,Regenerate Magicka,0x3EB07,0.1,20,60,1,0,0,0,1,0,0,0,MagicAlchFortifyMagickaRate;MagicAlchBeneficial,0x3EB07,0x3EB07,,20,0,1,0,19.3687,,0.1,2099202,34,0x65A34;0xF8A4E,Regenerate Magicka,,0.1,2099202,34,0x65A34;0xF8A4E,,
Screaming Maw,0x100306E,Fortify Alteration,0x3EB24,0.2,5,60,1,0,0,0,1,0,0,0,MagicAlchFortifyAlteration;MagicAlchBeneficial,0x3EB24,0x3EB24,,5,0,1,1,8.4307,,0.2,2099202,34,0x65A1D;0xF8A4E,Fortify Alteration,,0.2,2099202,34,0x65A1D;0xF8A4E,,
Screaming Maw,0x100306E,Invisibility,0x3EB3D,100,0,1,0,1,1,0,1,0,0,1,MagicInvisibility;MagicAlchBeneficial;MagicAlchDurationBased,0x3EB3D,0x3EB3D,,0,1,0,2,7.94328,,100,4201474,11,0x1EA6F;0xF8A4E;0xF8A4F,Invisibility,,100,4201474,11,0x1EA6F;0xF8A4E;0xF8A4F,,
Screaming Maw,0x100306E,Regenerate Health,0x3EB06,0.1,20,10,1,0,0,0,1,0,0,0,MagicAlchFortifyHealRate;MagicAlchBeneficial,0x3EB06,0x3EB06,,20,0,1,3,2.69857,,0.1,2099202,34,0x65A30;0xF8A4E,Regenerate Health,,0.1,2099202,34,0x65A30;0xF8A4E,,
Scrib Jelly,0xFE00481C,Regenerate Magicka,0x3EB07,0.1,6,300,1,0,0,0,1,0,0,0,MagicAlchFortifyMagickaRate;MagicAlchBeneficial,0x3EB07,0x3EB07,,6,0,1,0,30.2552,,0.1,2099202,34,0x65A34;0xF8A4E,Regenerate Magicka,,0.1,2099202,34,0x65A34;0xF8A4E,,
Scrib Jelly,0xFE00481C,Cure Poison,0x109ADD,0.2,2,0,1,0,0,1,1,0,0,0,MagicAlchBeneficial,0x109ADD,0x109ADD,,2,0,0,1,0.428709,,0.2,2103808,29,0xF8A4E,Cure Poison,,0.2,2103808,29,0xF8A4E,,
Scrib Jelly,0xFE00481C,Cure Disease,0xAE722,0.5,2,0,1,0,0,1,1,0,0,0,MagicAlchBeneficial,0xAE722,0xAE722,,2,0,0,2,1.07177,,0.5,2103808,3,0xF8A4E,Cure Disease,,0.5,2103808,3,0xF8A4E,,
Scrib Jelly,0xFE00481C,Regenerate Stamina,0x3EB08,0.1,6,300,1,0,0,0,1,0,0,0,MagicAlchFortifyStaminaRate;MagicAlchBeneficial,0x3EB08,0x3EB08,,6,0,1,3,30.2552,,0.1,2099202,34,0x65A35;0xF8A4E,Regenerate Stamina,,0.1,2099202,34,0x65A35;0xF8A4E,,
Scrib Jerky,0xFE00481D,Restore Stamina,0x3EB16,0.6,6,0,1,0,0,1,1,0,0,0,MagicAlchRestoreStamina;MagicAlchBeneficial,0x3EB16,0x3EB16,,6,0,0,0,4.30643,,0.6,2099712,0,0x42504;0xF8A4E,Restore Stamina,,0.6,2099712,0,0x42504;0xF8A4E,,
Scrib Jerky,0xFE00481D,Fortify Stamina,0x3EAF9,0.3,5,300,1,0,0,0,1,0,0,0,MagicAlchFortifyStamina;MagicAlchBeneficial,0x3EAF9,0x3EAF9,,5,0,1,1,74.2714,,0.3,2099202,34,0x65A32;0xF8A4E,Fortify Stamina,,0.3,2099202,34,0x65A32;0xF8A4E,,
Scrib Jerky,0xFE00481D,Paralysis,0x73F30,500,0,2,0,1,1,0,0,1,1,1,MagicParalysis;MagicAlchHarmful,0x73F30,0x73F30,,0,2,0,2,85.134,,500,4197379,21,0x1EA70;0x42509,Paralysis,,500,4197379,21,0x1EA70;0x42509,,
Scrib Jerky,0xFE00481D,Waterbreathing,0x3AC2D,30,0,8,0,1,1,0,1,0,0,1,MagicAlchBeneficial;MagicAlchDurationBased,0x3AC2D,0x3AC2D,,0,0,1,3,23.4704,,30,4197378,34,0xF8A4E;0xF8A4F,Waterbreathing,,30,4197378,34,0xF8A4E;0xF8A4F,,
Silverside Perch,0x106E1C,Restore Stamina,0x3EB16,0.6,5,0,1,0,0,1,1,0,0,0,MagicAlchRestoreStamina;MagicAlchBeneficial,0x3EB16,0x3EB16,,5,0,0,0,3.52386,,0.6,2099712,0,0x42504;0xF8A4E,Restore Stamina,,0.6,2099712,0,0x42504;0xF8A4E,,
Silverside Perch,0x106E1C,Damage Stamina Regen,0x73F2C,0.3,100,5,0,1,0,0,0,1,1,1,MagicAlchHarmful,0x73F2C,0x73F2C,,100,5,0,1,22.1814,,0.3,4196359,0,0x42509,Damage Stamina Regen,,0.3,4196359,0,0x42509,,
Silverside Perch,0x106E1C,Ravage Health,0x73F26,0.4,2,10,1,0,0,0,0,1,1,0,MagicAlchHarmful,0x73F26,0x73F26,,2,10,0,2,0.857419,,0.4,2099207,0,0x42509,Ravage Health,,0.4,2099207,0,0x42509,,
Silverside Perch,0x106E1C,Resist Frost,0x3EAEB,0.5,3,60,1,0,0,0,1,0,0,0,MagicAlchResistFrost;MagicAlchBeneficial,0x3EAEB,0x3EAEB,,3,0,1,3,12.0163,,0.5,2101250,34,0x65A38;0xF8A4E,Resist Frost,,0.5,2101250,34,0x65A38;0xF8A4E,,
Skeever Tail,0x3AD6F,Damage Stamina Regen,0x73F2C,0.3,100,5,0,1,0,0,0,1,1,1,MagicAlchHarmful,0x73F2C,0x73F2C,,100,5,0,0,22.1814,,0.3,4196359,0,0x42509,Damage Stamina Regen,,0.3,4196359,0,0x42509,,
Skeever Tail,0x3AD6F,Ravage Health,0x73F26,0.4,2,10,1,0,0,0,0,1,1,0,MagicAlchHarmful,0x73F26,0x73F26,,2,10,0,1,0.857419,,0.4,2099207,0,0x42509,Ravage Health,,0.4,2099207,0,0x42509,,
Skeever Tail,0x3AD6F,Damage Health,0x3EB42,3,2,1,1,0,0,0,0,1,1,0,MagicAlchHarmful,0x3EB42,0x3EB42,,2,1,0,2,0.510804,,3,2099205,0,0x42509,Damage Health,,3,2099205,0,0x42509,,
Skeever Tail,0x3AD6F,Fortify Light Armor,0x3EB1F,0.5,2,60,1,0,0,0,1,0,0,0,MagicAlchFortifyLightArmor;MagicAlchBeneficial,0x3EB1F,0x3EB1F,,2,0,1,3,7.69253,,0.5,2099202,34,0x65A24;0xF8A4E,Fortify Light Armor,,0.5,2099202,34,0x65A24;0xF8A4E,,
Slaughterfish Egg,0x7E8C5,Resist Poison,0x90041,0.5,4,60,1,0,0,0,1,0,0,0,MagicAlchResistPoison;MagicAlchBeneficial,0x90041,0x90041,,4,0,1,0,16.4893,,0.5,2101250,34,0x10EB5F;0xF8A4E,Resist Poison,,0.5,2101250,34,0x10EB5F;0xF8A4E,,
Slaughterfish Egg,0x7E8C5,Fortify Pickpocket,0x3EB20,0.5,4,60,1,0,0,0,1,0,0,0,MagicAlchFortifyPickPocket;MagicAlchBeneficial,0x3EB20,0x3EB20,,4,0,1,1,16.4893,,0.5,2099202,34,0x65A25;0xF8A4E,Fortify Pickpocket,,0.5,2099202,34,0x65A25;0xF8A4E,,
Slaughterfish Egg,0x7E8C5,Lingering Damage Health,0x10AA4A,12,1,10,1,0,0,0,0,1,1,0,MagicAlchHarmful,0x10AA4A,0x10AA4A,,1,10,0,2,12,,12,2099205,0,0x42509,Lingering Damage Health,,12,2099205,0,0x42509,,
Slaughterfish Egg,0x7E8C5,Fortify Stamina,0x3EAF9,0.3,4,60,1,0,0,0,1,0,0,0,MagicAlchFortifyStamina;MagicAlchBeneficial,0x3EAF9,0x3EAF9,,4,0,1,3,9.89359,,0.3,2099202,34,0x65A32;0xF8A4E,Fortify Stamina,,0.3,2099202,34,0x65A32;0xF8A4E,,
Slaughterfish Scales,0x3AD70,Resist Frost,0x3EAEB,0.5,3,60,1,0,0,0,1,0,0,0,MagicAlchResistFrost;MagicAlchBeneficial,0x3EAEB,0x3EAEB,,3,0,1,0,12.0163,,0.5,2101250,34,0x65A38;0xF8A4E,Resist Frost,,0.5,2101250,34,0x65A38;0xF8A4E,,
Slaughterfish Scales,0x3AD70,Lingering Damage Health,0x10AA4A,12,1,10,1,0,0,0,0,1,1,0,MagicAlchHarmful,0x10AA4A,0x10AA4A,,1,10,0,1,12,,12,2099205,0,0x42509,Lingering Damage Health,,12,2099205,0,0x42509,,
Slaughterfish Scales,0x3AD70,Fortify Heavy Armor,0x3EB1E,0.5,2,60,1,0,0,0,1,0,0,0,MagicAlchFortifyHeavyArmor;MagicAlchBeneficial,0x3EB1E,0x3EB1E,,2,0,1,2,7.69253,,0.5,2099202,34,0x65A23;0xF8A4E,Fortify Heavy Armor,,0.5,2099202,34,0x65A23;0xF8A4E,,
Slaughterfish Scales,0x3AD70,Fortify Block,0x3EB1C,0.5,4,60,1,0,0,0,1,0,0,0,MagicAlchFortifyBlock;MagicAlchBeneficial,0x3EB1C,0x3EB1C,,4,0,1,3,16.4893,,0.5,2099202,34,0x65A1E;0xF8A4E,Fortify Block,,0.5,2099202,34,0x65A1E;0xF8A4E,,
Sload Soap,0xFE00481E,Resist Fire,0x3EAEA,0.5,4,60,1,0,0,0,1,0,0,0,MagicAlchResistFire;MagicAlchBeneficial,0x3EAEA,0x3EAEA,,4,0,1,0,16.4893,,0.5,2101250,34,0x65A37;0xF8A4E,Resist Fire,,0.5,2101250,34,0x65A37;0xF8A4E,,
Sload Soap,0xFE00481E,Fear,0x73F20,5,2,30,1,0,0,0,0,1,1,0,MagicInfluenceFear;MagicAlchHarmful;MagicInfluence,0x73F20,0x73F20,,2,30,0,1,35.8869,,5,2099463,7,0x424E0;0x42509;0x78098,Fear,,5,2099463,7,0x424E0;0x42509;0x78098,,
Sload Soap,0xFE00481E,Fortify Conjuration,0x3EB25,0.25,6,60,1,0,0,0,1,0,0,0,MagicAlchFortifyConjuration;MagicAlchBeneficial,0x3EB25,0x3EB25,,6,0,1,2,12.8787,,0.25,2099202,34,0x65A2A;0xF8A4E,Fortify Conjuration,,0.25,2099202,34,0x65A2A;0xF8A4E,,
Sload Soap,0xFE00481E,Fortify Alteration,0x3EB24,0.2,5,60,1,0,0,0,1,0,0,0,MagicAlchFortifyAlteration;MagicAlchBeneficial,0x3EB24,0x3EB24,,5,0,1,3,8.4307,,0.2,2099202,34,0x65A1D;0xF8A4E,Fortify Alteration,,0.2,2099202,34,0x65A1D;0xF8A4E,,
Small Antlers,0x6BC0B,Weakness to Poison,0x90042,1,2,30,1,0,0,0,0,1,1,0,MagicAlchHarmful;USKPMagicAlchWeaknessPoison,0x90042,0x90042,,2,0,1,0,7.17739,,1,2101255,34,0x42509;0x706EE3A,Weakness to Poison,,1,2101255,34,0x42509;0x706EE3A,,
Small Antlers,0x6BC0B,Fortify Restoration,0x3EB28,0.5,4,60,1,0,0,0,1,0,0,0,MagicAlchFortifyRestoration;MagicAlchBeneficial,0x3EB28,0x3EB28,,4,0,1,1,16.4893,,0.5,2099202,34,0x65A2D;0xF8A4E,Fortify Restoration,,0.5,2099202,34,0x65A2D;0xF8A4E,,
Small Antlers,0x6BC0B,Lingering Damage Stamina,0x10DE5E,1.8,1,10,1,0,0,0,0,1,1,0,MagicAlchHarmful,0x10DE5E,0x10DE5E,,1,10,0,2,1.8,,1.8,2099205,0,0x42509,Lingering Damage Stamina,,1.8,2099205,0,0x42509,,
Small Antlers,0x6BC0B,Damage Health,0x3EB42,3,2,1,1,0,0,0,0,1,1,0,MagicAlchHarmful,0x3EB42,0x3EB42,,2,1,0,3,0.510804,,3,2099205,0,0x42509,Damage Health,,3,2099205,0,0x42509,,
Small Pearl,0x85500,Restore Stamina,0x3EB16,0.6,5,0,1,0,0,1,1,0,0,0,MagicAlchRestoreStamina;MagicAlchBeneficial,0x3EB16,0x3EB16,,5,0,0,0,3.52386,,0.6,2099712,0,0x42504;0xF8A4E,Restore Stamina,,0.6,2099712,0,0x42504;0xF8A4E,,
Small Pearl,0x85500,Fortify One-handed,0x3EB19,0.5,4,60,1,0,0,0,1,0,0,0,MagicAlchFortifyOneHanded;MagicAlchBeneficial,0x3EB19,0x3EB19,,4,0,1,1,16.4893,,0.5,2099202,34,0x65A1F;0xF8A4E,Fortify One-handed,,0.5,2099202,34,0x65A1F;0xF8A4E,,
Small Pearl,0x85500,Fortify Restoration,0x3EB28,0.5,4,60,1,0,0,0,1,0,0,0,MagicAlchFortifyRestoration;MagicAlchBeneficial,0x3EB28,0x3EB28,,4,0,1,2,16.4893,,0.5,2099202,34,0x65A2D;0xF8A4E,Fortify Restoration,,0.5,2099202,34,0x65A2D;0xF8A4E,,
Small Pearl,0x85500,Resist Frost,0x3EAEB,0.5,3,60,1,0,0,0,1,0,0,0,MagicAlchResistFrost;MagicAlchBeneficial,0x3EAEB,0x3EAEB,,3,0,1,3,12.0163,,0.5,2101250,34,0x65A38;0xF8A4E,Resist Frost,,0.5,2101250,34,0x65A38;0xF8A4E,,
Snowberries,0x1B3BD,Resist Fire,0x3EAEA,0.5,3,60,1,0,0,0,1,0,0,0,MagicAlchResistFire;MagicAlchBeneficial,0x3EAEA,0x3EAEA,,3,0,1,0,12.0163,,0.5,2101250,34,0x65A37;0xF8A4E,Resist Fire,,0.5,2101250,34,0x65A37;0xF8A4E,,
Snowberries,0x1B3BD,Fortify Enchanting,0x3EB29,0.6,1,30,1,0,0,0,1,0,0,0,MagicAlchFortifyEnchanting;MagicAlchBeneficial,0x3EB29,0x3EB29,,1,0,1,1,2.00902,,0.6,2099202,34,0x65A2E;0xF8A4E,Fortify Enchanting,,0.6,2099202,34,0x65A2E;0xF8A4E,,
Snowberries,0x1B3BD,Resist Frost,0x3EAEB,0.5,3,60,1,0,0,0,1,0,0,0,MagicAlchResistFrost;MagicAlchBeneficial,0x3EAEB,0x3EAEB,,3,0,1,2,12.0163,,0.5,2101250,34,0x65A38;0xF8A4E,Resist Frost,,0.5,2101250,34,0x65A38;0xF8A4E,,
Snowberries,0x1B3BD,Resist Shock,0x3EAEC,0.5,3,60,1,0,0,0,1,0,0,0,MagicAlchResistShock;MagicAlchBeneficial,0x3EAEC,0x3EAEC,,3,0,1,3,12.0163,,0.5,2101250,34,0x65A39;0xF8A4E,Resist Shock,,0.5,2101250,34,0x65A39;0xF8A4E,,
Spadefish,0x50008F3,Restore Health,0x3EB15,0.5,5,0,1,0,0,1,1,0,0,0,MagicAlchRestoreHealth;MagicAlchBeneficial,0x3EB15,0x3EB15,,5,0,0,0,2.93655,,0.5,2099712,0,0x42503;0xF8A4E,Restore Health,,0.5,2099712,0,0x42503;0xF8A4E,,
Spadefish,0x50008F3,Fortify Lockpicking,0x3EB21,0.5,2,30,1,0,0,0,1,0,0,0,MagicAlchFortifyLockpicking;MagicAlchBeneficial,0x3EB21,0x3EB21,,2,0,1,1,3.58869,,0.5,2099202,34,0x65A26;0xF8A4E,Fortify Lockpicking,,0.5,2099202,34,0x65A26;0xF8A4E,,
Spadefish,0x50008F3,Fortify Pickpocket,0x3EB20,0.5,4,60,1,0,0,0,1,0,0,0,MagicAlchFortifyPickPocket;MagicAlchBeneficial,0x3EB20,0x3EB20,,4,0,1,2,16.4893,,0.5,2099202,34,0x65A25;0xF8A4E,Fortify Pickpocket,,0.5,2099202,34,0x65A25;0xF8A4E,,
Spadefish,0x50008F3,Cure Disease,0xAE722,0.5,5,0,1,0,0,1,1,0,0,0,MagicAlchBeneficial,0xAE722,0xAE722,,5,0,0,3,2.93655,,0.5,2103808,3,0xF8A4E,Cure Disease,,0.5,2103808,3,0xF8A4E,,
Spawn Ash,0x401CD6D,Ravage Stamina,0x73F23,1.6,2,10,1,0,0,0,0,1,1,0,MagicAlchHarmful,0x73F23,0x73F23,,2,10,0,0,3.42968,,1.6,2099207,0,0x42509,Ravage Stamina,,1.6,2099207,0,0x42509,,
Spawn Ash,0x401CD6D,Resist Fire,0x3EAEA,0.5,3,60,1,0,0,0,1,0,0,0,MagicAlchResistFire;MagicAlchBeneficial,0x3EAEA,0x3EAEA,,3,0,1,1,12.0163,,0.5,2101250,34,0x65A37;0xF8A4E,Resist Fire,,0.5,2101250,34,0x65A37;0xF8A4E,,
Spawn Ash,0x401CD6D,Fortify Enchanting,0x3EB29,0.6,1,30,1,0,0,0,1,0,0,0,MagicAlchFortifyEnchanting;MagicAlchBeneficial,0x3EB29,0x3EB29,,1,0,1,2,2.00902,,0.6,2099202,34,0x65A2E;0xF8A4E,Fortify Enchanting,,0.6,2099202,34,0x65A2E;0xF8A4E,,
Spawn Ash,0x401CD6D,Ravage Magicka,0x73F27,1,2,10,1,0,0,0,0,1,1,0,MagicAlchHarmful,0x73F27,0x73F27,,2,10,0,3,2.14355,,1,2099207,0,0x42509,Ravage Magicka,,1,2099207,0,0x42509,,
Spider Egg,0x9151B,Damage Stamina,0x3A2C6,1.8,3,0,1,0,0,0,0,1,1,0,MagicAlchHarmful,0x3A2C6,0x3A2C6,,3,0,0,0,6.02707,,1.8,2099205,0,0x42509,Damage Stamina,,1.8,2099205,0,0x42509,,
Spider Egg,0x9151B,Damage Magicka Regen,0x73F2B,0.5,100,5,0,1,0,0,0,1,1,1,MagicAlchHarmful,0x73F2B,0x73F2B,,100,5,0,1,36.9689,,0.5,4196359,0,0x42509,Damage Magicka Regen,,0.5,4196359,0,0x42509,,
Spider Egg,0x9151B,Fortify Lockpicking,0x3EB21,0.5,2,30,1,0,0,0,1,0,0,0,MagicAlchFortifyLockpicking;MagicAlchBeneficial,0x3EB21,0x3EB21,,2,0,1,2,3.58869,,0.5,2099202,34,0x65A26;0xF8A4E,Fortify Lockpicking,,0.5,2099202,34,0x65A26;0xF8A4E,,
Spider Egg,0x9151B,Fortify Archery,0x3EB1B,0.5,4,60,1,0,0,0,1,0,0,0,MagicAlchFortifyMarksman;MagicAlchBeneficial,0x3EB1B,0x3EB1B,,4,0,1,3,16.4893,,0.5,2099202,34,0x65A21;0xF8A4E,Fortify Archery,,0.5,2099202,34,0x65A21;0xF8A4E,,
Spriggan Sap,0x63B5F,Damage Magicka Regen,0x73F2B,0.5,100,5,0,1,0,0,0,1,1,1,MagicAlchHarmful,0x73F2B,0x73F2B,,100,5,0,0,36.9689,,0.5,4196359,0,0x42509,Damage Magicka Regen,,0.5,4196359,0,0x42509,,
Spriggan Sap,0x63B5F,Fortify Enchanting,0x3EB29,0.6,1,30,1,0,0,0,1,0,0,0,MagicAlchFortifyEnchanting;MagicAlchBeneficial,0x3EB29,0x3EB29,,1,0,1,1,2.00902,,0.6,2099202,34,0x65A2E;0xF8A4E,Fortify Enchanting,,0.6,2099202,34,0x65A2E;0xF8A4E,,
Spriggan Sap,0x63B5F,Fortify Smithing,0x3EB1D,0.75,4,30,1,0,0,0,1,0,0,0,MagicAlchFortifySmithing;MagicAlchBeneficial,0x3EB1D,0x3EB1D,,4,0,1,2,11.5388,,0.75,2099202,34,0x65A22;0xF8A4E,Fortify Smithing,,0.75,2099202,34,0x65A22;0xF8A4E,,
Spriggan Sap,0x63B5F,Fortify Alteration,0x3EB24,0.2,4,60,1,0,0,0,1,0,0,0,MagicAlchFortifyAlteration;MagicAlchBeneficial,0x3EB24,0x3EB24,,4,0,1,3,6.59572,,0.2,2099202,34,0x65A1D;0xF8A4E,Fortify Alteration,,0.2,2099202,34,0x65A1D;0xF8A4E,,
Stoneflower Petals,0xFE00481F,Weakness to Shock,0x73F2F,0.7,4,30,1,0,0,0,0,1,1,0,MagicAlchHarmful;MagicAlchWeaknessShock,0x73F2F,0x73F2F,,4,0,1,0,10.7695,,0.7,2101255,34,0x42509;0x74F50,Weakness to Shock,,0.7,2101255,34,0x42509;0x74F50,,
Stoneflower Petals,0xFE00481F,Fortify One-handed,0x3EB19,0.5,5,60,1,0,0,0,1,0,0,0,MagicAlchFortifyOneHanded;MagicAlchBeneficial,0x3EB19,0x3EB19,,5,0,1,1,21.0767,,0.5,2099202,34,0x65A1F;0xF8A4E,Fortify One-handed,,0.5,2099202,34,0x65A1F;0xF8A4E,,
Stoneflower Petals,0xFE00481F,Fortify Magicka,0x3EAF8,0.3,5,60,1,0,0,0,1,0,0,0,MagicAlchFortifyMagicka;MagicAlchBeneficial,0x3EAF8,0x3EAF8,,5,0,1,2,12.646,,0.3,2099202,34,0x65A33;0xF8A4E,Fortify Magicka,,0.3,2099202,34,0x65A33;0xF8A4E,,
Stoneflower Petals,0xFE00481F,Fortify Enchanting,0x3EB29,0.6,2,30,1,0,0,0,1,0,0,0,MagicAlchFortifyEnchanting;MagicAlchBeneficial,0x3EB29,0x3EB29,,2,0,1,3,4.30643,,0.6,2099202,34,0x65A2E;0xF8A4E,Fortify Enchanting,,0.6,2099202,34,0x65A2E;0xF8A4E,,
Swamp Fungal Pod,0x7E8B7,Resist Shock,0x3EAEC,0.5,3,60,1,0,0,0,1,0,0,0,MagicAlchResistShock;MagicAlchBeneficial,0x3EAEC,0x3EAEC,,3,0,1,0,12.0163,,0.5,2101250,34,0x65A39;0xF8A4E,Resist Shock,,0.5,2101250,34,0x65A39;0xF8A4E,,
Swamp Fungal Pod,0x7E8B7,Lingering Damage Magicka,0x10DE5F,10,1,10,1,0,0,0,0,1,1,0,MagicAlchHarmful,0x10DE5F,0x10DE5F,,1,10,0,1,10,,10,2099205,0,0x42509,Lingering Damage Magicka,,10,2099205,0,0x42509,,
Swamp Fungal Pod,0x7E8B7,Paralysis,0x73F30,500,0,1,0,1,1,0,0,1,1,1,MagicParalysis;MagicAlchHarmful,0x73F30,0x73F30,,0,1,0,2,39.7164,,500,4197379,21,0x1EA70;0x42509,Paralysis,,500,4197379,21,0x1EA70;0x42509,,
Swamp Fungal Pod,0x7E8B7,Restore Health,0x3EB15,0.5,5,0,1,0,0,1,1,0,0,0,MagicAlchRestoreHealth;MagicAlchBeneficial,0x3EB15,0x3EB15,,5,0,0,3,2.93655,,0.5,2099712,0,0x42503;0xF8A4E,Restore Health,,0.5,2099712,0,0x42503;0xF8A4E,,
Taproot,0x3AD71,Weakness to Magic,0x73F51,1,2,30,1,0,0,0,0,1,1,0,MagicAlchHarmful;MagicAlchWeaknessMagic,0x73F51,0x73F51,,2,0,1,0,7.17739,,1,2101255,34,0x42509;0x74F51,Weakness to Magic,,1,2101255,34,0x42509;0x74F51,,
Taproot,0x3AD71,Fortify Illusion,0x3EB27,0.4,4,60,1,0,0,0,1,0,0,0,MagicAlchFortifyIllusion;MagicAlchBeneficial,0x3EB27,0x3EB27,,4,0,1,1,13.1914,,0.4,2099202,34,0x65A2C;0xF8A4E,Fortify Illusion,,0.4,2099202,34,0x65A2C;0xF8A4E,,
Taproot,0x3AD71,Regenerate Magicka,0x3EB07,0.1,5,300,1,0,0,0,1,0,0,0,MagicAlchFortifyMagickaRate;MagicAlchBeneficial,0x3EB07,0x3EB07,,5,0,1,2,24.7571,,0.1,2099202,34,0x65A34;0xF8A4E,Regenerate Magicka,,0.1,2099202,34,0x65A34;0xF8A4E,,
Taproot,0x3AD71,Restore Magicka,0x3EB17,0.6,5,0,1,0,0,1,1,0,0,0,MagicAlchRestoreMagicka;MagicAlchBeneficial,0x3EB17,0x3EB17,,5,0,0,3,3.52386,,0.6,2099712,0,0x42508;0xF8A4E,Restore Magicka,,0.6,2099712,0,0x42508;0xF8A4E,,
Thistle Branch,0x134AA,Resist Frost,0x3EAEB,0.5,3,60,1,0,0,0,1,0,0,0,MagicAlchResistFrost;MagicAlchBeneficial,0x3EAEB,0x3EAEB,,3,0,1,0,12.0163,,0.5,2101250,34,0x65A38;0xF8A4E,Resist Frost,,0.5,2101250,34,0x65A38;0xF8A4E,,
Thistle Branch,0x134AA,Ravage Stamina,0x73F23,1.6,2,10,1,0,0,0,0,1,1,0,MagicAlchHarmful,0x73F23,0x73F23,,2,10,0,1,3.42968,,1.6,2099207,0,0x42509,Ravage Stamina,,1.6,2099207,0,0x42509,,
Thistle Branch,0x134AA,Resist Poison,0x90041,0.5,3,0,1,0,0,0,1,0,0,0,MagicAlchResistPoison;MagicAlchBeneficial,0x90041,0x90041,,3,0,1,2,1.67418,,0.5,2101250,34,0x10EB5F;0xF8A4E,Resist Poison,,0.5,2101250,34,0x10EB5F;0xF8A4E,,
Thistle Branch,0x134AA,Fortify Heavy Armor,0x3EB1E,0.5,2,60,1,0,0,0,1,0,0,0,MagicAlchFortifyHeavyArmor;MagicAlchBeneficial,0x3EB1E,0x3EB1E,,2,0,1,3,7.69253,,0.5,2099202,34,0x65A23;0xF8A4E,Fortify Heavy Armor,,0.5,2099202,34,0x65A23;0xF8A4E,,
Thorn Hook,0x100306F,Lingering Damage Health,0x10AA4A,12,1,10,1,0,0,0,0,1,1,0,MagicAlchHarmful,0x10AA4A,0x10AA4A,,1,10,0,0,12,,12,2099205,0,0x42509,Lingering Damage Health,,12,2099205,0,0x42509,,
Thorn Hook,0x100306F,Paralysis,0x73F30,500,0,1,0,1,1,0,0,1,1,1,MagicParalysis;MagicAlchHarmful,0x73F30,0x73F30,,0,1,0,1,39.7164,,500,4197379,21,0x1EA70;0x42509,Paralysis,,500,4197379,21,0x1EA70;0x42509,,
Thorn Hook,0x100306F,Regenerate Magicka,0x3EB07,0.1,3,180,1,0,0,0,1,0,0,0,MagicAlchFortifyMagickaRate;MagicAlchBeneficial,0x3EB07,0x3EB07,,3,0,1,2,8.04698,,0.1,2099202,34,0x65A34;0xF8A4E,Regenerate Magicka,,0.1,2099202,34,0x65A34;0xF8A4E,,
Thorn Hook,0x100306F,Regenerate Health,0x3EB06,0.1,3,180,1,0,0,0,1,0,0,0,MagicAlchFortifyHealRate;MagicAlchBeneficial,0x3EB06,0x3EB06,,3,0,1,3,8.04698,,0.1,2099202,34,0x65A30;0xF8A4E,Regenerate Health,,0.1,2099202,34,0x65A30;0xF8A4E,,
Torchbug Thorax,0x4DA73,Restore Stamina,0x3EB16,0.6,5,0,1,0,0,1,1,0,0,0,MagicAlchRestoreStamina;MagicAlchBeneficial,0x3EB16,0x3EB16,,5,0,0,0,3.52386,,0.6,2099712,0,0x42504;0xF8A4E,Restore Stamina,,0.6,2099712,0,0x42504;0xF8A4E,,
Torchbug Thorax,0x4DA73,Lingering Damage Magicka,0x10DE5F,10,1,10,1,0,0,0,0,1,1,0,MagicAlchHarmful,0x10DE5F,0x10DE5F,,1,10,0,1,10,,10,2099205,0,0x42509,Lingering Damage Magicka,,10,2099205,0,0x42509,,
Torchbug Thorax,0x4DA73,Weakness to Magic,0x73F51,1,2,30,1,0,0,0,0,1,1,0,MagicAlchHarmful;MagicAlchWeaknessMagic,0x73F51,0x73F51,,2,0,1,2,7.17739,,1,2101255,34,0x42509;0x74F51,Weakness to Magic,,1,2101255,34,0x42509;0x74F51,,
Torchbug Thorax,0x4DA73,Fortify Stamina,0x3EAF9,0.3,4,60,1,0,0,0,1,0,0,0,MagicAlchFortifyStamina;MagicAlchBeneficial,0x3EAF9,0x3EAF9,,4,0,1,3,9.89359,,0.3,2099202,34,0x65A32;0xF8A4E,Fortify Stamina,,0.3,2099202,34,0x65A32;0xF8A4E,,
Trama Root,0x4017008,Weakness to Shock,0x73F2F,0.7,3,30,1,0,0,0,0,1,1,0,MagicAlchHarmful;MagicAlchWeaknessShock,0x73F2F,0x73F2F,,3,0,1,0,7.84811,,0.7,2101255,34,0x42509;0x74F50,Weakness to Shock,,0.7,2101255,34,0x42509;0x74F50,,
Trama Root,0x4017008,Fortify Carry Weight,0x3EB01,0.15,4,300,1,0,0,0,1,0,0,0,MagicAlchFortifyCarryWeight;MagicAlchBeneficial,0x3EB01,0x3EB01,,4,0,1,1,29.053,,0.15,2099202,34,0x65A2F;0xF8A4E,Fortify Carry Weight,,0.15,2099202,34,0x65A2F;0xF8A4E,,
Trama Root,0x4017008,Damage Magicka,0x3A2B6,2.2,3,0,1,0,0,0,0,1,1,0,MagicAlchHarmful,0x3A2B6,0x3A2B6,,3,0,0,2,7.36641,,2.2,2099205,0,0x42509,Damage Magicka,,2.2,2099205,0,0x42509,,
Trama Root,0x4017008,Slow,0x73F25,1,50,5,0,1,0,0,0,1,1,1,MagicAlchHarmful;MagicSlow,0x73F25,0x73F25,,50,0,1,3,34.4932,,1,4200455,34,0x42509;0xB729E,Slow,,1,4200455,34,0x42509;0xB729E,,
Troll Fat,0x3AD72,Resist Poison,0x90041,0.5,4,60,1,0,0,0,1,0,0,0,MagicAlchResistPoison;MagicAlchBeneficial,0x90041,0x90041,,4,0,1,0,16.4893,,0.5,2101250,34,0x10EB5F;0xF8A4E,Resist Poison,,0.5,2101250,34,0x10EB5F;0xF8A4E,,
Troll Fat,0x3AD72,Fortify Two-handed,0x3EB1A,0.5,4,60,1,0,0,0,1,0,0,0,MagicAlchFortifyTwoHanded;MagicAlchBeneficial,0x3EB1A,0x3EB1A,,4,0,1,1,16.4893,,0.5,2099202,34,0x65A20;0xF8A4E,Fortify Two-handed,,0.5,2099202,34,0x65A20;0xF8A4E,,
Troll Fat,0x3AD72,Frenzy,0x73F29,15,1,10,1,0,0,0,0,1,1,0,MagicAlchHarmful;MagicInfluence;MagicInfluenceFrenzy,0x73F29,0x73F29,,1,10,0,2,15,,15,2099463,8,0x42509;0x78098;0xC44B6,Frenzy,,15,2099463,8,0x42509;0x78098;0xC44B6,,
Troll Fat,0x3AD72,Damage Health,0x3EB42,3,2,1,1,0,0,0,0,1,1,0,MagicAlchHarmful,0x3EB42,0x3EB42,,2,1,0,3,0.510804,,3,2099205,0,0x42509,Damage Health,,3,2099205,0,0x42509,,
Tundra Cotton,0x3F7F8,Resist Magic,0x39E51,1,1,60,1,0,0,0,1,0,0,0,MagicAlchResistMagic;MagicAlchBeneficial,0x39E51,0x39E51,,1,0,1,0,7.17739,,1,2103298,34,0x65A3A;0xF8A4E,Resist Magic,,1,2103298,34,0x65A3A;0xF8A4E,,
Tundra Cotton,0x3F7F8,Fortify Magicka,0x3EAF8,0.3,4,60,1,0,0,0,1,0,0,0,MagicAlchFortifyMagicka;MagicAlchBeneficial,0x3EAF8,0x3EAF8,,4,0,1,1,9.89359,,0.3,2099202,34,0x65A33;0xF8A4E,Fortify Magicka,,0.3,2099202,34,0x65A33;0xF8A4E,,
Tundra Cotton,0x3F7F8,Fortify Block,0x3EB1C,0.5,4,60,1,0,0,0,1,0,0,0,MagicAlchFortifyBlock;MagicAlchBeneficial,0x3EB1C,0x3EB1C,,4,0,1,2,16.4893,,0.5,2099202,34,0x65A1E;0xF8A4E,Fortify Block,,0.5,2099202,34,0x65A1E;0xF8A4E,,
Tundra Cotton,0x3F7F8,Fortify Barter,0x3EB23,2,1,30,1,0,0,0,1,0,0,0,MagicAlchFortifySpeechcraft;MagicAlchBeneficial,0x3EB23,0x3EB23,,1,0,1,3,6.69674,,2,2099202,34,0x65A29;0xF8A4E,Fortify Barter,,2,2099202,34,0x65A29;0xF8A4E,,
Vampire Dust,0x3AD76,Invisibility,0x3EB3D,100,0,4,0,1,1,0,1,0,0,1,MagicInvisibility;MagicAlchBeneficial;MagicAlchDurationBased,0x3EB3D,0x3EB3D,,0,4,0,0,36.4977,,100,4201474,11,0x1EA6F;0xF8A4E;0xF8A4F,Invisibility,,100,4201474,11,0x1EA6F;0xF8A4E;0xF8A4F,,
Vampire Dust,0x3AD76,Restore Magicka,0x3EB17,0.6,5,0,1,0,0,1,1,0,0,0,MagicAlchRestoreMagicka;MagicAlchBeneficial,0x3EB17,0x3EB17,,5,0,0,1,3.52386,,0.6,2099712,0,0x42508;0xF8A4E,Restore Magicka,,0.6,2099712,0,0x42508;0xF8A4E,,
Vampire Dust,0x3AD76,Regenerate Health,0x3EB06,0.1,5,300,1,0,0,0,1,0,0,0,MagicAlchFortifyHealRate;MagicAlchBeneficial,0x3EB06,0x3EB06,,5,0,1,2,24.7571,,0.1,2099202,34,0x65A30;0xF8A4E,Regenerate Health,,0.1,2099202,34,0x65A30;0xF8A4E,,
Vampire Dust,0x3AD76,Cure Disease,0xAE722,0.5,5,0,1,0,0,1,1,0,0,0,MagicAlchBeneficial,0xAE722,0xAE722,,5,0,0,3,2.93655,,0.5,2103808,3,0xF8A4E,Cure Disease,,0.5,2103808,3,0xF8A4E,,
Void Essence,0xFE004820,Restore Health,0x3EB15,0.5,6,0,1,0,0,1,1,0,0,0,MagicAlchRestoreHealth;MagicAlchBeneficial,0x3EB15,0x3EB15,,6,0,0,0,3.58869,,0.5,2099712,0,0x42503;0xF8A4E,Restore Health,,0.5,2099712,0,0x42503;0xF8A4E,,
Void Essence,0xFE004820,Fortify Health,0x3EAF3,0.35,5,300,1,0,0,0,1,0,0,0,MagicAlchFortifyHealth;MagicAlchBeneficial,0x3EAF3,0x3EAF3,,5,0,1,1,86.65,,0.35,2099202,34,0x65A31;0xF8A4E,Fortify Health,,0.35,2099202,34,0x65A31;0xF8A4E,,
Void Essence,0xFE004820,Fortify Stamina,0x3EAF9,0.3,5,300,1,0,0,0,1,0,0,0,MagicAlchFortifyStamina;MagicAlchBeneficial,0x3EAF9,0x3EAF9,,5,0,1,2,74.2714,,0.3,2099202,34,0x65A32;0xF8A4E,Fortify Stamina,,0.3,2099202,34,0x65A32;0xF8A4E,,
Void Essence,0xFE004820,Regenerate Health,0x3EB06,0.1,6,300,1,0,0,0,1,0,0,0,MagicAlchFortifyHealRate;MagicAlchBeneficial,0x3EB06,0x3EB06,,6,0,1,3,30.2552,,0.1,2099202,34,0x65A30;0xF8A4E,Regenerate Health,,0.1,2099202,34,0x65A30;0xF8A4E,,
Void Salts,0x3AD60,Weakness to Shock,0x73F2F,0.7,3,30,1,0,0,0,0,1,1,0,MagicAlchHarmful;MagicAlchWeaknessShock,0x73F2F,0x73F2F,,3,0,1,0,7.84811,,0.7,2101255,34,0x42509;0x74F50,Weakness to Shock,,0.7,2101255,34,0x42509;0x74F50,,
Void Salts,0x3AD60,Resist Magic,0x39E51,1,1,60,1,0,0,0,1,0,0,0,MagicAlchResistMagic;MagicAlchBeneficial,0x39E51,0x39E51,,1,0,1,1,7.17739,,1,2103298,34,0x65A3A;0xF8A4E,Resist Magic,,1,2103298,34,0x65A3A;0xF8A4E,,
Void Salts,0x3AD60,Damage Health,0x3EB42,3,2,1,1,0,0,0,0,1,1,0,MagicAlchHarmful,0x3EB42,0x3EB42,,2,1,0,2,0.510804,,3,2099205,0,0x42509,Damage Health,,3,2099205,0,0x42509,,
Void Salts,0x3AD60,Fortify Magicka,0x3EAF8,0.3,4,60,1,0,0,0,1,0,0,0,MagicAlchFortifyMagicka;MagicAlchBeneficial,0x3EAF8,0x3EAF8,,4,0,1,3,9.89359,,0.3,2099202,34,0x65A33;0xF8A4E,Fortify Magicka,,0.3,2099202,34,0x65A33;0xF8A4E,,
Watcher's Eye,0xFE004821,Night Eye,0xFE004803,0.75,0,60,0,1,0,0,1,0,0,1,MagicNightEye,0xFE004803,0xFE004803,,0,60,0,0,5.38304,,0.75,138545408,1,0xAD7C6,Night Eye,,0.75,138545408,1,0xAD7C6,,
Watcher's Eye,0xFE004821,Fortify Magicka,0x3EAF8,0.3,5,60,1,0,0,0,1,0,0,0,MagicAlchFortifyMagicka;MagicAlchBeneficial,0x3EAF8,0x3EAF8,,5,0,1,1,12.646,,0.3,2099202,34,0x65A33;0xF8A4E,Fortify Magicka,,0.3,2099202,34,0x65A33;0xF8A4E,,
Watcher's Eye,0xFE004821,Fortify Illusion,0x3EB27,0.4,5,60,1,0,0,0,1,0,0,0,MagicAlchFortifyIllusion;MagicAlchBeneficial,0x3EB27,0x3EB27,,5,0,1,2,16.8614,,0.4,2099202,34,0x65A2C;0xF8A4E,Fortify Illusion,,0.4,2099202,34,0x65A2C;0xF8A4E,,
Watcher's Eye,0xFE004821,Spell Absorption,0xFE004812,0.1,50,60,0,1,0,0,1,0,0,1,MagicAlchBeneficial,0xFE004812,0xFE004812,,50,0,1,3,53.0681,,0.1,4194306,34,0xF8A4E,Spell Absorption,,0.1,4194306,34,0xF8A4E,,
Wheat,0x4B0BA,Restore Health,0x3EB15,0.5,5,0,1,0,0,1,1,0,0,0,MagicAlchRestoreHealth;MagicAlchBeneficial,0x3EB15,0x3EB15,,5,0,0,0,2.93655,,0.5,2099712,0,0x42503;0xF8A4E,Restore Health,,0.5,2099712,0,0x42503;0xF8A4E,,
Wheat,0x4B0BA,Fortify Health,0x3EAF3,0.35,4,60,1,0,0,0,1,0,0,0,MagicAlchFortifyHealth;MagicAlchBeneficial,0x3EAF3,0x3EAF3,,4,0,1,1,11.5425,,0.35,2099202,34,0x65A31;0xF8A4E,Fortify Health,,0.35,2099202,34,0x65A31;0xF8A4E,,
Wheat,0x4B0BA,Damage Stamina Regen,0x73F2C,0.3,100,5,0,1,0,0,0,1,1,1,MagicAlchHarmful,0x73F2C,0x73F2C,,100,5,0,2,22.1814,,0.3,4196359,0,0x42509,Damage Stamina Regen,,0.3,4196359,0,0x42509,,
Wheat,0x4B0BA,Lingering Damage Magicka,0x10DE5F,10,1,10,1,0,0,0,0,1,1,0,MagicAlchHarmful,0x10DE5F,0x10DE5F,,1,10,0,3,10,,10,2099205,0,0x42509,Lingering Damage Magicka,,10,2099205,0,0x42509,,
White Cap,0x4DA22,Weakness to Frost,0x73F2E,0.5,3,30,1,0,0,0,0,1,1,0,MagicAlchHarmful;MagicAlchWeaknessFrost,0x73F2E,0x73F2E,,3,0,1,0,5.60579,,0.5,2101255,34,0x42509;0x74F4F,Weakness to Frost,,0.5,2101255,34,0x42509;0x74F4F,,
White Cap,0x4DA22,Fortify Heavy Armor,0x3EB1E,0.5,2,60,1,0,0,0,1,0,0,0,MagicAlchFortifyHeavyArmor;MagicAlchBeneficial,0x3EB1E,0x3EB1E,,2,0,1,1,7.69253,,0.5,2099202,34,0x65A23;0xF8A4E,Fortify Heavy Armor,,0.5,2099202,34,0x65A23;0xF8A4E,,
White Cap,0x4DA22,Restore Magicka,0x3EB17,0.6,5,0,1,0,0,1,1,0,0,0,MagicAlchRestoreMagicka;MagicAlchBeneficial,0x3EB17,0x3EB17,,5,0,0,2,3.52386,,0.6,2099712,0,0x42508;0xF8A4E,Restore Magicka,,0.6,2099712,0,0x42508;0xF8A4E,,
White Cap,0x4DA22,Ravage Magicka,0x73F27,1,2,10,1,0,0,0,0,1,1,0,MagicAlchHarmful,0x73F27,0x73F27,,2,10,0,3,2.14355,,1,2099207,0,0x42509,Ravage Magicka,,1,2099207,0,0x42509,,
Wisp Stalk Caps,0xFE004823,Damage Health,0x3EB42,3,3,1,1,0,0,0,0,1,1,0,MagicAlchHarmful,0x3EB42,0x3EB42,,3,1,0,0,0.797911,,3,2099205,0,0x42509,Damage Health,,3,2099205,0,0x42509,,
Wisp Stalk Caps,0xFE004823,Weakness to Poison,0x90042,1,3,30,1,0,0,0,0,1,1,0,MagicAlchHarmful;USKPMagicAlchWeaknessPoison,0x90042,0x90042,,3,0,1,1,11.2116,,1,2101255,34,0x42509;0x706EE3A,Weakness to Poison,,1,2101255,34,0x42509;0x706EE3A,,
Wisp Stalk Caps,0xFE004823,Frenzy,0x73F29,15,1,20,1,0,0,0,0,1,1,0,MagicAlchHarmful;MagicInfluence;MagicInfluenceFrenzy,0x73F29,0x73F29,,1,20,0,2,32.1532,,15,2099463,8,0x42509;0x78098;0xC44B6,Frenzy,,15,2099463,8,0x42509;0x78098;0xC44B6,,
Wisp Stalk Caps,0xFE004823,Regenerate Stamina,0x3EB08,0.1,6,300,1,0,0,0,1,0,0,0,MagicAlchFortifyStaminaRate;MagicAlchBeneficial,0x3EB08,0x3EB08,,6,0,1,3,30.2552,,0.1,2099202,34,0x65A35;0xF8A4E,Regenerate Stamina,,0.1,2099202,34,0x65A35;0xF8A4E,,
Wisp Wrappings,0x6BC0E,Restore Stamina,0x3EB16,0.6,5,0,1,0,0,1,1,0,0,0,MagicAlchRestoreStamina;MagicAlchBeneficial,0x3EB16,0x3EB16,,5,0,0,0,3.52386,,0.6,2099712,0,0x42504;0xF8A4E,Restore Stamina,,0.6,2099712,0,0x42504;0xF8A4E,,
Wisp Wrappings,0x6BC0E,Fortify Destruction,0x3EB26,0.5,5,60,1,0,0,0,1,0,0,0,MagicAlchFortifyDestruction;MagicAlchBeneficial,0x3EB26,0x3EB26,,5,0,1,1,21.0767,,0.5,2099202,34,0x65A2B;0xF8A4E,Fortify Destruction,,0.5,2099202,34,0x65A2B;0xF8A4E,,
Wisp Wrappings,0x6BC0E,Fortify Carry Weight,0x3EB01,0.15,4,300,1,0,0,0,1,0,0,0,MagicAlchFortifyCarryWeight;MagicAlchBeneficial,0x3EB01,0x3EB01,,4,0,1,2,29.053,,0.15,2099202,34,0x65A2F;0xF8A4E,Fortify Carry Weight,,0.15,2099202,34,0x65A2F;0xF8A4E,,
Wisp Wrappings,0x6BC0E,Resist Magic,0x39E51,1,1,60,1,0,0,0,1,0,0,0,MagicAlchResistMagic;MagicAlchBeneficial,0x39E51,0x39E51,,1,0,1,3,7.17739,,1,2103298,34,0x65A3A;0xF8A4E,Resist Magic,,1,2103298,34,0x65A3A;0xF8A4E,,
Withering Moon,0xFE004824,Restore Magicka,0x3EB17,0.6,6,0,1,0,0,1,1,0,0,0,MagicAlchRestoreMagicka;MagicAlchBeneficial,0x3EB17,0x3EB17,,6,0,0,0,4.30643,,0.6,2099712,0,0x42508;0xF8A4E,Restore Magicka,,0.6,2099712,0,0x42508;0xF8A4E,,
Withering Moon,0xFE004824,Spell Absorption,0xFE004812,0.1,50,60,0,1,0,0,1,0,0,1,MagicAlchBeneficial,0xFE004812,0xFE004812,,50,0,1,1,53.0681,,0.1,4194306,34,0xF8A4E,Spell Absorption,,0.1,4194306,34,0xF8A4E,,
Withering Moon,0xFE004824,Fortify Light Armor,0x3EB1F,0.5,3,60,1,0,0,0,1,0,0,0,MagicAlchFortifyLightArmor;MagicAlchBeneficial,0x3EB1F,0x3EB1F,,3,0,1,2,12.0163,,0.5,2099202,34,0x65A24;0xF8A4E,Fortify Light Armor,,0.5,2099202,34,0x65A24;0xF8A4E,,
Withering Moon,0xFE004824,Cure Disease,0xAE722,0.5,2,0,1,0,0,1,1,0,0,0,MagicAlchBeneficial,0xAE722,0xAE722,,2,0,0,3,1.07177,,0.5,2103808,3,0xF8A4E,Cure Disease,,0.5,2103808,3,0xF8A4E,,
Worm's Head Cap,0xFE004825,Fortify Lockpicking,0x3EB21,0.5,3,30,1,0,0,0,1,0,0,0,MagicAlchFortifyLockpicking;MagicAlchBeneficial,0x3EB21,0x3EB21,,3,0,1,0,5.60579,,0.5,2099202,34,0x65A26;0xF8A4E,Fortify Lockpicking,,0.5,2099202,34,0x65A26;0xF8A4E,,
Worm's Head Cap,0xFE004825,Night Eye,0xFE004803,0.75,0,60,0,1,0,0,1,0,0,1,MagicNightEye,0xFE004803,0xFE004803,,0,60,0,1,5.38304,,0.75,138545408,1,0xAD7C6,Night Eye,,0.75,138545408,1,0xAD7C6,,
Worm's Head Cap,0xFE004825,Fortify Carry Weight,0x3EB01,0.15,5,300,1,0,0,0,1,0,0,0,MagicAlchFortifyCarryWeight;MagicAlchBeneficial,0x3EB01,0x3EB01,,5,0,1,2,37.1357,,0.15,2099202,34,0x65A2F;0xF8A4E,Fortify Carry Weight,,0.15,2099202,34,0x65A2F;0xF8A4E,,
Worm's Head Cap,0xFE004825,Slow,0x73F25,1,50,10,0,1,0,0,0,1,1,1,MagicAlchHarmful;MagicSlow,0x73F25,0x73F25,,50,0,1,3,73.9379,,1,4200455,34,0x42509;0xB729E,Slow,,1,4200455,34,0x42509;0xB729E,,
Yellow Mountain Flower,0x2002A78,Resist Poison,0x90041,0.5,4,60,1,0,0,0,1,0,0,0,MagicAlchResistPoison;MagicAlchBeneficial,0x90041,0x90041,,4,0,1,0,16.4893,,0.5,2101250,34,0x10EB5F;0xF8A4E,Resist Poison,,0.5,2101250,34,0x10EB5F;0xF8A4E,,
Yellow Mountain Flower,0x2002A78,Fortify Restoration,0x3EB28,0.5,5,60,1,0,0,0,1,0,0,0,MagicAlchFortifyRestoration;MagicAlchBeneficial,0x3EB28,0x3EB28,,5,0,1,1,21.0767,,0.5,2099202,34,0x65A2D;0xF8A4E,Fortify Restoration,,0.5,2099202,34,0x65A2D;0xF8A4E,,
Yellow Mountain Flower,0x2002A78,Fortify Health,0x3EAF3,0.35,4,60,1,0,0,0,1,0,0,0,MagicAlchFortifyHealth;MagicAlchBeneficial,0x3EAF3,0x3EAF3,,4,0,1,2,11.5425,,0.35,2099202,34,0x65A31;0xF8A4E,Fortify Health,,0.35,2099202,34,0x65A31;0xF8A4E,,
Yellow Mountain Flower,0x2002A78,Damage Stamina Regen,0x73F2C,0.3,100,5,0,1,0,0,0,1,1,1,MagicAlchHarmful,0x73F2C,0x73F2C,,100,5,0,3,22.1814,,0.3,4196359,0,0x42509,Damage Stamina Regen,,0.3,4196359,0,0x42509,,
