ingredient_name,form_id,effect_name,effect_form_id,base_cost,magnitude,duration,power_affects_magnitude,power_affects_duration,no_magnitude,no_duration,beneficial,harmful,hostile,duration_based,keyword_editor_ids,source_effect_form_id,resolved_effect_form_id,caco_duration_index,resolved_magnitude,resolved_duration,resolved_peak_value_modifier,effect_index,effect_cost,source_effect_editor_id,source_base_cost,source_flags,source_archetype,source_keyword_form_ids,resolved_effect_name,resolved_effect_editor_id,resolved_base_cost,resolved_flags,resolved_archetype,resolved_keyword_form_ids
Abecean Longfin,0x106E1B,Frost Aversion,0x73F2E,0.319999993,4.9000001,30,1,0,0,0,0,1,1,0,MagicAlchHarmful;MagicAlchWeaknessFrost,0x73F2E,0x73F2E,,4.9000001,30,1,0,6.15458965,,0.319999993,2101255,34,0x42509;0x74F4F,Frost Aversion,,0.319999993,2101255,34,0x42509;0x74F4F
Abecean Longfin,0x106E1B,Fortify Light Armor,0x3EB1F,0.50999999,1.63,60,1,0,0,0,1,0,0,0,MagicAlchFortifyLightArmor;MagicAlchBeneficial,0x3EB1F,0x3EB1F,,1.63,60,1,1,6.26531506,,0.50999999,2099202,34,0x65A24;0xF8A4E,Fortify Light Armor,,0.50999999,2099202,34,0x65A24;0xF8A4E
Abecean Longfin,0x106E1B,Fortify Restoration,0x3EB28,0.234999999,3.0999999,60,1,0,0,0,1,0,0,0,MagicAlchFortifyRestoration;MagicAlchBeneficial,0x3EB28,0x3EB28,,3.0999999,60,1,2,5.85507011,,0.234999999,2099202,34,0x65A2D;0xF8A4E,Fortify Restoration,,0.234999999,2099202,34,0x65A2D;0xF8A4E
Abecean Longfin,0x106E1B,Poison Aversion,0x90042,0.389999986,2.68000007,30,1,0,0,0,0,1,1,0,MagicAlchHarmful;USKPMagicAlchWeaknessPoison,0x90042,0x90042,,2.68000007,30,1,3,3.8623023,,0.389999986,2101255,34,0x42509;0x706EE3A,Poison Aversion,,0.389999986,2101255,34,0x42509;0x706EE3A
Akatosh Butterfly,0x833F5DE,Fortify Restoration,0x3EB28,0.234999999,3.0999999,60,1,0,0,0,1,0,0,0,MagicAlchFortifyRestoration;MagicAlchBeneficial,0x3EB28,0x3EB28,,3.0999999,60,1,0,5.85507011,,0.234999999,2099202,34,0x65A2D;0xF8A4E,Fortify Restoration,,0.234999999,2099202,34,0x65A2D;0xF8A4E
Akatosh Butterfly,0x833F5DE,Fortify One-handed,0x3EB19,0.324999988,2.79999995,60,1,0,0,0,1,0,0,0,MagicAlchFortifyOneHanded;MagicAlchBeneficial,0x3EB19,0x3EB19,,2.79999995,60,1,1,7.23974943,,0.324999988,2099202,34,0x65A1F;0xF8A4E,Fortify One-handed,,0.324999988,2099202,34,0x65A1F;0xF8A4E
Akatosh Butterfly,0x833F5DE,Frost Aversion,0x73F2E,0.319999993,3.55999994,30,1,0,0,0,0,1,1,0,MagicAlchHarmful;MagicAlchWeaknessFrost,0x73F2E,0x73F2E,,3.55999994,30,1,2,4.3309021,,0.319999993,2101255,34,0x42509;0x74F4F,Frost Aversion,,0.319999993,2101255,34,0x42509;0x74F4F
Akatosh Butterfly,0x833F5DE,Fortify Destruction,0x3EB26,0.324999988,2.24000001,60,1,0,0,0,1,0,0,0,MagicAlchFortifyDestruction;MagicAlchBeneficial,0x3EB26,0x3EB26,,2.24000001,60,1,3,5.66399097,,0.324999988,2099202,34,0x65A2B;0xF8A4E,Fortify Destruction,,0.324999988,2099202,34,0x65A2B;0xF8A4E
Alkanet Flower,0x8316D7D,Resist Poison,0x90041,0.157000005,3.80999994,60,1,0,0,0,1,0,0,0,MagicAlchResistPoison;MagicAlchBeneficial,0x90041,0x90041,,3.80999994,60,1,0,4.90776253,,0.157000005,2101250,34,0x10EB5F;0xF8A4E,Resist Poison,,0.157000005,2101250,34,0x10EB5F;0xF8A4E
Alkanet Flower,0x8316D7D,Magicka,0x3EB17,4.69999981,10.1800003,1,1,0,0,0,1,0,0,0,MagicAlchRestoreMagicka;MagicAlchBeneficial,0x3EB17,0x3EB17,,10.1800003,1,1,1,4.79314327,,4.69999981,2099200,34,0x42508;0xF8A4E,Magicka,,4.69999981,2099200,34,0x42508;0xF8A4E
Alkanet Flower,0x8316D7D,Detect Life,0x804C7FF,18.6000004,0,333,0,1,1,0,1,0,0,1,MagicAlchBeneficial;MagicAlchDurationBased;MagicAlchDetectLife_CACO,0x804C7FF,0x804C7FF,,0,333,0,2,879.430725,,18.6000004,205528082,1,0xF8A4E;0xF8A4F;0x8084356,Detect Life,,18.6000004,205528082,1,0xF8A4E;0xF8A4F;0x8084356
Alkanet Flower,0x8316D7D,Damage Stamina,0x3A2C6,4.5999999,11.1000004,1,1,0,0,0,0,1,1,0,MagicAlchHarmful;MagicAlchDamageStamina,0x3A2C6,0x3A2C6,,11.1000004,1,0,3,5.15956497,,4.5999999,2099205,0,0x42509;0x10F9DC,Damage Stamina,,4.5999999,2099205,0,0x42509;0x10F9DC
Alocasia Fruit,0xFE004D62,Stamina Fortification,0x3EAF9,0.129999995,6.07999992,60,1,0,0,0,1,0,0,0,MagicAlchFortifyStamina;MagicAlchBeneficial,0x3EAF9,0x3EAF9,,6.07999992,60,1,0,6.79522228,,0.129999995,2099202,34,0x65A32;0xF8A4E,Stamina Fortification,,0.129999995,2099202,34,0x65A32;0xF8A4E
Alocasia Fruit,0xFE004D62,Light,0xFE004846,0.5,0,60,0,1,0,0,1,0,0,0,WISpellColorful;MagicAlchBeneficial,0xFE004846,0xFE004846,,0,60,0,1,3.58869386,,0.5,4198400,12,0xA9B1E;0xF8A4E,Light,,0.5,4198400,12,0xA9B1E;0xF8A4E
Alocasia Fruit,0xFE004D62,Silence,0x73F27,113,0,85,0,1,1,0,0,1,1,1,MagicAlchHarmful;MagicAlchDurationBased;MagicAlchSilence_CACO,0x73F27,0x73F27,,0,85,1,2,1189.70508,,113,4197383,34,0x42509;0xF8A4F;0x807A150,Silence,,113,4197383,34,0x42509;0xF8A4F;0x807A150
Alocasia Fruit,0xFE004D62,Health Regeneration,0x3EB06,0.0252,4.98000002,240,1,0,0,0,1,0,0,0,MagicAlchFortifyHealRate;MagicAlchBeneficial,0x3EB06,0x3EB06,,4.98000002,240,1,3,4.85942888,,0.0252,2099202,34,0x65A30;0xF8A4E,Health Regeneration,,0.0252,2099202,34,0x65A30;0xF8A4E
Aloe Vera,0x8A100AD,Health,0x3EB15,5.30000019,11.5600004,1,1,0,0,0,1,0,0,0,MagicAlchRestoreHealth;MagicAlchBeneficial,0x3EB15,0x3EB15,,11.5600004,1,1,0,6.2162652,,5.30000019,2099200,34,0x42503;0xF8A4E,Health,,5.30000019,2099200,34,0x42503;0xF8A4E
Aloe Vera,0x8A100AD,Stamina,0x3EB16,4.69999981,11.1000004,1,1,0,0,0,1,0,0,0,MagicAlchRestoreStamina;MagicAlchBeneficial,0x3EB16,0x3EB16,,11.1000004,1,1,1,5.27172947,,4.69999981,2099200,34,0x42504;0xF8A4E,Stamina,,4.69999981,2099200,34,0x42504;0xF8A4E
Aloe Vera,0x8A100AD,Lingering Damage Undead,0x10DE5E,12.8000002,0.400000006,10,1,0,0,0,0,1,1,0,MagicAlchHarmful,0x10DE5E,0x10DE5E,,0.400000006,10,0,2,12.8000002,,12.8000002,2099205,0,0x42509,Lingering Damage Undead,,12.8000002,2099205,0,0x42509
Aloe Vera,0x8A100AD,Etherealize,0x80425EF,174,0,40,0,1,1,0,1,0,0,1,MagicAlchDurationBased;MagicAlchBeneficial;MagicAlchEtherealize_CACO,0x80425EF,0x80425EF,,0,40,0,3,799.494141,,174,4201472,41,0xF8A4F;0xF8A4E;0x807A151,Etherealize,,174,4201472,41,0xF8A4F;0xF8A4E;0x807A151
Aloe Vera Leaves,0xFE0060D0,Health,0x3EB15,5.30000019,5,0,1,0,0,0,1,0,0,0,MagicAlchRestoreHealth;MagicAlchBeneficial,0x3EB15,0x3EB15,,5,0,1,0,2.93654752,,5.30000019,2099200,34,0x42503;0xF8A4E,Health,,5.30000019,2099200,34,0x42503;0xF8A4E
Aloe Vera Leaves,0xFE0060D0,Stamina,0x3EB16,4.69999981,5,0,1,0,0,0,1,0,0,0,MagicAlchRestoreStamina;MagicAlchBeneficial,0x3EB16,0x3EB16,,5,0,1,1,3.52385712,,4.69999981,2099200,34,0x42504;0xF8A4E,Stamina,,4.69999981,2099200,34,0x42504;0xF8A4E
Aloe Vera Leaves,0xFE0060D0,Damage Magicka,0x3A2B6,4.5999999,5,0,1,0,0,0,0,1,1,0,MagicAlchHarmful;MagicAlchDamageMagicka,0x3A2B6,0x3A2B6,,5,0,0,2,12.9208097,,4.5999999,2099205,0,0x42509;0x10F9DE,Damage Magicka,,4.5999999,2099205,0,0x42509;0x10F9DE
Aloe Vera Leaves,0xFE0060D0,Invisibility,0x3EB3D,27,0,2,0,1,1,0,1,0,0,1,MagicInvisibility;MagicAlchBeneficial;MagicAlchDurationBased,0x3EB3D,0x3EB3D,,0,2,0,3,17.0267982,,27,4201474,11,0x1EA6F;0xF8A4E;0xF8A4F,Invisibility,,27,4201474,11,0x1EA6F;0xF8A4E;0xF8A4F
Ambrosia,0xFE004836,Health,0x3EB15,5.30000019,10.1800003,1,1,0,0,0,1,0,0,0,MagicAlchRestoreHealth;MagicAlchBeneficial,0x3EB15,0x3EB15,,10.1800003,1,1,0,5.40503407,,5.30000019,2099200,34,0x42503;0xF8A4E,Health,,5.30000019,2099200,34,0x42503;0xF8A4E
Ambrosia,0xFE004836,Health Regeneration,0x3EB06,0.0252,5.53000021,240,1,0,0,0,1,0,0,0,MagicAlchFortifyHealRate;MagicAlchBeneficial,0x3EB06,0x3EB06,,5.53000021,240,1,1,5.45293856,,0.0252,2099202,34,0x65A30;0xF8A4E,Health Regeneration,,0.0252,2099202,34,0x65A30;0xF8A4E
Ambrosia,0xFE004836,Health Fortification,0x3EAF3,0.129999995,5.55000019,60,1,0,0,0,1,0,0,0,MagicAlchFortifyHealth;MagicAlchBeneficial,0x3EAF3,0x3EAF3,,5.55000019,60,1,2,6.14655924,,0.129999995,2099202,34,0x65A31;0xF8A4E,Health Fortification,,0.129999995,2099202,34,0x65A31;0xF8A4E
Ambrosia,0xFE004836,Cure Poison,0x109ADD,35,1,0,0,0,0,1,1,0,0,0,MagicAlchBeneficial;MagicAlchCurePoison_CACO,0x109ADD,0x109ADD,,1,0,0,3,35,,35,6656,29,0xF8A4E;0x890B903,Cure Poison,,35,6656,29,0xF8A4E;0x890B903
Ancestor Moth,0x20059BA,Damage Magicka Regen,0x73F2B,0.360000014,4.86000013,30,1,0,0,0,0,1,1,0,MagicAlchHarmful;MagicAlchDamageMagickaRegen_CACO,0x73F2B,0x73F2B,,4.86000013,30,0,0,6.86176491,,0.360000014,2099207,5,0x42509;0x807A152,Damage Magicka Regen,,0.360000014,2099207,5,0x42509;0x807A152
Ancestor Moth,0x20059BA,Detect Life,0x804C7FF,18.6000004,0,466,0,1,1,0,1,0,0,1,MagicAlchBeneficial;MagicAlchDurationBased;MagicAlchDetectLife_CACO,0x804C7FF,0x804C7FF,,0,466,0,1,1272.73364,,18.6000004,205528082,1,0xF8A4E;0xF8A4F;0x8084356,Detect Life,,18.6000004,205528082,1,0xF8A4E;0xF8A4F;0x8084356
Ancestor Moth,0x20059BA,Fortify Conjuration,0x3EB25,0.172000006,5.80999994,60,1,0,0,0,1,0,0,0,MagicAlchFortifyConjuration;MagicAlchBeneficial,0x3EB25,0x3EB25,,5.80999994,60,1,2,8.55241203,,0.172000006,2099202,34,0x65A2A;0xF8A4E,Fortify Conjuration,,0.172000006,2099202,34,0x65A2A;0xF8A4E
Ancestor Moth,0x20059BA,Fortify Enchanting,0x3EB29,0.709999979,1.75,60,1,0,0,0,1,0,0,0,MagicAlchFortifyEnchanting;MagicAlchBeneficial,0x3EB29,0x3EB29,,1.75,60,1,3,9.43119144,,0.709999979,2099202,34,0x65A2E;0xF8A4E,Fortify Enchanting,,0.709999979,2099202,34,0x65A2E;0xF8A4E
Angelfish,0x50008EB,Health Regeneration,0x3EB06,0.0252,5.53000021,300,1,0,0,0,1,0,0,0,MagicAlchFortifyHealRate;MagicAlchBeneficial,0x3EB06,0x3EB06,,5.53000021,300,1,0,6.96998167,,0.0252,2099202,34,0x65A30;0xF8A4E,Health Regeneration,,0.0252,2099202,34,0x65A30;0xF8A4E
Angelfish,0x50008EB,Resist Fire,0x3EAEA,0.36500001,2.20000005,60,1,0,0,0,1,0,0,0,MagicAlchResistFire;MagicAlchBeneficial,0x3EAEA,0x3EAEA,,2.20000005,60,1,1,6.23626089,,0.36500001,2101250,34,0x65A37;0xF8A4E,Resist Fire,,0.36500001,2101250,34,0x65A37;0xF8A4E
Angelfish,0x50008EB,Fortify Archery,0x3EB1B,0.324999988,2.51999998,60,1,0,0,0,1,0,0,0,MagicAlchFortifyMarksman;MagicAlchBeneficial,0x3EB1B,0x3EB1B,,2.51999998,60,1,2,6.44748449,,0.324999988,2099202,34,0x65A21;0xF8A4E,Fortify Archery,,0.324999988,2099202,34,0x65A21;0xF8A4E
Angelfish,0x50008EB,Waterbreathing,0x3AC2D,7.69999981,0,233,0,1,1,0,1,0,0,1,MagicAlchBeneficial;MagicAlchDurationBased,0x3AC2D,0x3AC2D,,0,233,1,3,245.800217,,7.69999981,4197378,34,0xF8A4E;0xF8A4F,Waterbreathing,,7.69999981,4197378,34,0xF8A4E;0xF8A4F
Angler Larvae,0x50008F0,Lingering Damage Health,0x10AA4A,12.3999996,0.519999981,10,1,0,0,0,0,1,1,0,MagicAlchHarmful,0x10AA4A,0x10AA4A,,0.519999981,10,0,0,12.3999996,,12.3999996,2099205,0,0x42509,Lingering Damage Health,,12.3999996,2099205,0,0x42509
Angler Larvae,0x50008F0,Stamina Regeneration,0x3EB08,0.0252,5.53000021,240,1,0,0,0,1,0,0,0,MagicAlchFortifyStaminaRate;MagicAlchBeneficial,0x3EB08,0x3EB08,,5.53000021,240,1,1,5.45293856,,0.0252,2099202,34,0x65A35;0xF8A4E,Stamina Regeneration,,0.0252,2099202,34,0x65A35;0xF8A4E
Angler Larvae,0x50008F0,Waterbreathing,0x3AC2D,7.69999981,0,299,0,1,1,0,1,0,0,1,MagicAlchBeneficial;MagicAlchDurationBased,0x3AC2D,0x3AC2D,,0,299,1,2,323.391815,,7.69999981,4197378,34,0xF8A4E;0xF8A4F,Waterbreathing,,7.69999981,4197378,34,0xF8A4E;0xF8A4F
Angler Larvae,0x50008F0,Fortify Two-handed,0x3EB1A,0.324999988,1.67999995,60,1,0,0,0,1,0,0,0,MagicAlchFortifyTwoHanded;MagicAlchBeneficial,0x3EB1A,0x3EB1A,,1.67999995,60,1,3,4.12752724,,0.324999988,2099202,34,0x65A20;0xF8A4E,Fortify Two-handed,,0.324999988,2099202,34,0x65A20;0xF8A4E
Argonian Scales,0x1CCA135,Resist Poison,0x90041,0.157000005,6.61999989,60,1,0,0,0,1,0,0,0,MagicAlchResistPoison;MagicAlchBeneficial,0x90041,0x90041,,6.61999989,60,1,0,9.01176548,,0.157000005,2101250,34,0x10EB5F;0xF8A4E,Resist Poison,,0.157000005,2101250,34,0x10EB5F;0xF8A4E
Argonian Scales,0x1CCA135,Resist Disease,0x806AE45,0.0149999997,100,3164,0,1,0,0,1,0,0,1,MagicAlchResistDisease_CACO;MagicAlchBeneficial;MagicAlchDurationBased,0x806AE45,0x806AE45,,100,3164,1,1,1337.67773,,0.0149999997,4198402,34,0x806AE46;0xF8A4E;0xF8A4F,Resist Disease,,0.0149999997,4198402,34,0x806AE46;0xF8A4E;0xF8A4F
Argonian Scales,0x1CCA135,Fortify Light Armor,0x3EB1F,0.50999999,2.32999992,60,1,0,0,0,1,0,0,0,MagicAlchFortifyLightArmor;MagicAlchBeneficial,0x3EB1F,0x3EB1F,,2.32999992,60,1,2,9.28171158,,0.50999999,2099202,34,0x65A24;0xF8A4E,Fortify Light Armor,,0.50999999,2099202,34,0x65A24;0xF8A4E
Argonian Scales,0x1CCA135,Fortify Lockpicking,0x3EB21,0.579999983,3.92000008,30,1,0,0,0,1,0,0,0,MagicAlchFortifyLockpicking;MagicAlchBeneficial,0x3EB21,0x3EB21,,3.92000008,30,1,3,8.7272234,,0.579999983,2099202,34,0x65A26;0xF8A4E,Fortify Lockpicking,,0.579999983,2099202,34,0x65A26;0xF8A4E
Arrowroot,0x8102EA7,Slow,0x73F25,0.300000012,50,369,0,1,0,0,0,1,1,1,MagicAlchHarmful;MagicSlow;MagicAlchDurationBased,0x73F25,0x73F25,,50,369,1,0,1174.1333,,0.300000012,4200455,34,0x42509;0xB729E;0xF8A4F,Slow,,0.300000012,4200455,34,0x42509;0xB729E;0xF8A4F
Arrowroot,0x8102EA7,Fortify Archery,0x3EB1B,0.324999988,2.79999995,60,1,0,0,0,1,0,0,0,MagicAlchFortifyMarksman;MagicAlchBeneficial,0x3EB1B,0x3EB1B,,2.79999995,60,1,1,7.23974943,,0.324999988,2099202,34,0x65A21;0xF8A4E,Fortify Archery,,0.324999988,2099202,34,0x65A21;0xF8A4E
Arrowroot,0x8102EA7,Fortify Unarmed,0x804C7FE,1.42999995,0.400000006,60,1,0,0,0,1,0,0,0,MagicAlchBeneficial;MagicAlchFortifyUnarmed_CACO,0x804C7FE,0x804C7FE,,0.400000006,60,1,2,10.2636642,,1.42999995,2099202,34,0xF8A4E;0x806AE47,Fortify Unarmed,,1.42999995,2099202,34,0xF8A4E;0x806AE47
Arrowroot,0x8102EA7,Speed,0x80425F1,0.0979999974,6,60,1,0,0,0,1,0,0,0,MagicAlchBeneficial;MagicAlchFortifySpeed_CACO,0x80425F1,0x80425F1,,6,60,1,3,5.04845953,,0.0979999974,2101250,34,0xF8A4E;0x806AE48,Speed,,0.0979999974,2101250,34,0xF8A4E;0x806AE48
Ash Creep Cluster,0x401CD74,Resist Fire,0x3EAEA,0.36500001,2.52999997,60,1,0,0,0,1,0,0,0,MagicAlchResistFire;MagicAlchBeneficial,0x3EAEA,0x3EAEA,,2.52999997,60,1,0,7.27263594,,0.36500001,2101250,34,0x65A37;0xF8A4E,Resist Fire,,0.36500001,2101250,34,0x65A37;0xF8A4E
Ash Creep Cluster,0x401CD74,Damage Stamina,0x3A2C6,4.5999999,12.21,1,1,0,0,0,0,1,1,0,MagicAlchHarmful;MagicAlchDamageStamina,0x3A2C6,0x3A2C6,,12.21,1,0,1,5.72987461,,4.5999999,2099205,0,0x42509;0x10F9DC,Damage Stamina,,4.5999999,2099205,0,0x42509;0x10F9DC
Ash Creep Cluster,0x401CD74,Invisibility,0x3EB3D,27,0,331,0,1,1,0,1,0,0,1,MagicInvisibility;MagicAlchBeneficial;MagicAlchDurationBased,0x3EB3D,0x3EB3D,,0,331,0,2,1268.16174,,27,4201474,11,0x1EA6F;0xF8A4E;0xF8A4F,Invisibility,,27,4201474,11,0x1EA6F;0xF8A4E;0xF8A4F
Ash Creep Cluster,0x401CD74,Fortify Destruction,0x3EB26,0.324999988,1.96000004,60,1,0,0,0,1,0,0,0,MagicAlchFortifyDestruction;MagicAlchBeneficial,0x3EB26,0x3EB26,,1.96000004,60,1,3,4.8902545,,0.324999988,2099202,34,0x65A2B;0xF8A4E,Fortify Destruction,,0.324999988,2099202,34,0x65A2B;0xF8A4E
Ash Hopper Jelly,0x401CD71,Health,0x3EB15,5.30000019,11.1000004,1,1,0,0,0,1,0,0,0,MagicAlchRestoreHealth;MagicAlchBeneficial,0x3EB15,0x3EB15,,11.1000004,1,1,0,5.94471645,,5.30000019,2099200,34,0x42503;0xF8A4E,Health,,5.30000019,2099200,34,0x42503;0xF8A4E
Ash Hopper Jelly,0x401CD71,Frost Aversion,0x73F2E,0.319999993,5.34000015,30,1,0,0,0,0,1,1,0,MagicAlchHarmful;MagicAlchWeaknessFrost,0x73F2E,0x73F2E,,5.34000015,30,1,1,6.76517057,,0.319999993,2101255,34,0x42509;0x74F4F,Frost Aversion,,0.319999993,2101255,34,0x42509;0x74F4F
Ash Hopper Jelly,0x401CD71,Fortify Illusion,0x3EB27,0.172000006,4.1500001,60,1,0,0,0,1,0,0,0,MagicAlchFortifyIllusion;MagicAlchBeneficial,0x3EB27,0x3EB27,,4.1500001,60,1,2,5.90673923,,0.172000006,2099202,34,0x65A2C;0xF8A4E,Fortify Illusion,,0.172000006,2099202,34,0x65A2C;0xF8A4E
Ash Hopper Jelly,0x401CD71,Fortify Light Armor,0x3EB1F,0.50999999,1.24000001,60,1,0,0,0,1,0,0,0,MagicAlchFortifyLightArmor;MagicAlchBeneficial,0x3EB1F,0x3EB1F,,1.24000001,60,1,3,4.63767624,,0.50999999,2099202,34,0x65A24;0xF8A4E,Fortify Light Armor,,0.50999999,2099202,34,0x65A24;0xF8A4E
Ash Salts,0x401CD6D,Drain Strength,0x80476F6,0.670000017,3.8499999,30,1,0,0,0,0,1,1,0,MagicAlchHarmful,0x80476F6,0x80476F6,,3.8499999,30,0,0,9.88359642,,0.670000017,2103303,5,0x42509,Drain Strength,,0.670000017,2103303,5,0x42509
Ash Salts,0x401CD6D,Fortify Enchanting,0x3EB29,0.709999979,1.67999995,60,1,0,0,0,1,0,0,0,MagicAlchFortifyEnchanting;MagicAlchBeneficial,0x3EB29,0x3EB29,,1.67999995,60,1,1,9.01706028,,0.709999979,2099202,34,0x65A2E;0xF8A4E,Fortify Enchanting,,0.709999979,2099202,34,0x65A2E;0xF8A4E
Ash Salts,0x401CD6D,Fatigue,0x73F23,23.6000004,0,383,0,1,1,0,0,1,1,1,MagicAlchHarmful;MagicAlchDurationBased;MagicAlchFatigue_CACO,0x73F23,0x73F23,,0,383,1,2,1301.45959,,23.6000004,4197383,34,0x42509;0xF8A4F;0x807A153,Fatigue,,23.6000004,4197383,34,0x42509;0xF8A4F;0x807A153
Ash Salts,0x401CD6D,Resist Magic,0x39E51,1.24000001,0.949999988,60,1,0,0,0,1,0,0,0,MagicAlchResistMagic;MagicAlchBeneficial,0x39E51,0x39E51,,0.949999988,60,1,3,8.89996052,,1.24000001,2103298,34,0x65A3A;0xF8A4E,Resist Magic,,1.24000001,2103298,34,0x65A3A;0xF8A4E
Ashen Grass Pod,0x4016E26,Resist Fire,0x3EAEA,0.36500001,2.42000008,60,1,0,0,0,1,0,0,0,MagicAlchResistFire;MagicAlchBeneficial,0x3EAEA,0x3EAEA,,2.42000008,60,1,0,6.92558098,,0.36500001,2101250,34,0x65A37;0xF8A4E,Resist Fire,,0.36500001,2101250,34,0x65A37;0xF8A4E
Ashen Grass Pod,0x4016E26,Fortify Sneak,0x3EB22,0.889999986,1.10000002,60,1,0,0,0,1,0,0,0,MagicAlchFortifySneak;MagicAlchBeneficial,0x3EB22,0x3EB22,,1.10000002,60,1,1,7.09395409,,0.889999986,2099202,34,0x65A27;0xF8A4E,Fortify Sneak,,0.889999986,2099202,34,0x65A27;0xF8A4E
Ashen Grass Pod,0x4016E26,Fortify Lockpicking,0x3EB21,0.579999983,1.96000004,30,1,0,0,0,1,0,0,0,MagicAlchFortifyLockpicking;MagicAlchBeneficial,0x3EB21,0x3EB21,,1.96000004,30,1,2,4.07139349,,0.579999983,2099202,34,0x65A26;0xF8A4E,Fortify Lockpicking,,0.579999983,2099202,34,0x65A26;0xF8A4E
Ashen Grass Pod,0x4016E26,Shock Aversion,0x73F2F,0.319999993,3.11999989,30,1,0,0,0,0,1,1,0,MagicAlchHarmful;MagicAlchWeaknessShock,0x73F2F,0x73F2F,,3.11999989,30,1,3,3.74587607,,0.319999993,2101255,34,0x42509;0x74F50,Shock Aversion,,0.319999993,2101255,34,0x42509;0x74F50
Aster Bloom Core,0xFE004D66,Stamina Regeneration,0x3EB08,0.0252,6.07999992,240,1,0,0,0,1,0,0,0,MagicAlchFortifyStaminaRate;MagicAlchBeneficial,0x3EB08,0x3EB08,,6.07999992,240,1,0,6.05238962,,0.0252,2099202,34,0x65A35;0xF8A4E,Stamina Regeneration,,0.0252,2099202,34,0x65A35;0xF8A4E
Aster Bloom Core,0xFE004D66,Fortify Light Armor,0x3EB1F,0.50999999,1.54999995,60,1,0,0,0,1,0,0,0,MagicAlchFortifyLightArmor;MagicAlchBeneficial,0x3EB1F,0x3EB1F,,1.54999995,60,1,1,5.92790699,,0.50999999,2099202,34,0x65A24;0xF8A4E,Fortify Light Armor,,0.50999999,2099202,34,0x65A24;0xF8A4E
Aster Bloom Core,0xFE004D66,Fortify Block,0x3EB1C,0.49000001,1.50999999,60,1,0,0,0,1,0,0,0,MagicAlchFortifyBlock;MagicAlchBeneficial,0x3EB1C,0x3EB1C,,1.50999999,60,1,2,5.53397417,,0.49000001,2099202,34,0x65A1E;0xF8A4E,Fortify Block,,0.49000001,2099202,34,0x65A1E;0xF8A4E
Aster Bloom Core,0xFE004D66,Slow,0x73F25,0.300000012,50,335,0,1,0,0,0,1,1,1,MagicAlchHarmful;MagicSlow;MagicAlchDurationBased,0x73F25,0x73F25,,50,335,1,3,1055.69299,,0.300000012,4200455,34,0x42509;0xB729E;0xF8A4F,Slow,,0.300000012,4200455,34,0x42509;0xB729E;0xF8A4F
Atlas Moth,0x83353B8,Damage Stamina Regen,0x73F2C,0.344999999,3.8499999,30,1,0,0,0,0,1,1,0,MagicAlchHarmful,0x73F2C,0x73F2C,,3.8499999,30,0,0,5.08931446,,0.344999999,2099207,5,0x42509,Damage Stamina Regen,,0.344999999,2099207,5,0x42509
Atlas Moth,0x83353B8,Detect Life,0x804C7FF,18.6000004,0,366,0,1,1,0,1,0,0,1,MagicAlchBeneficial;MagicAlchDurationBased;MagicAlchDetectLife_CACO,0x804C7FF,0x804C7FF,,0,366,0,1,975.758179,,18.6000004,205528082,1,0xF8A4E;0xF8A4F;0x8084356,Detect Life,,18.6000004,205528082,1,0xF8A4E;0xF8A4F;0x8084356
Atlas Moth,0x83353B8,Magic Aversion,0x73F51,0.430000007,4.1500001,30,1,0,0,0,0,1,1,0,MagicAlchHarmful;MagicAlchWeaknessMagic,0x73F51,0x73F51,,4.1500001,30,1,2,6.88897848,,0.430000007,2101255,34,0x42509;0x74F51,Magic Aversion,,0.430000007,2101255,34,0x42509;0x74F51
Atlas Moth,0x83353B8,Night Eye,0x804C7FD,10.5,0,599,0,1,1,0,1,0,0,1,MagicNightEye;MagicAlchBeneficial;MagicAlchDurationBased,0x804C7FD,0x804C7FD,,0,599,1,3,947.019409,,10.5,138546178,34,0xAD7C6;0xF8A4E;0xF8A4F,Night Eye,,10.5,138546178,34,0xAD7C6;0xF8A4E;0xF8A4F
Ayleid Moon Moth,0x832B1A3,Drain Intelligence,0x804C7FB,0.670000017,3.16000009,30,1,0,0,0,0,1,1,0,MagicAlchHarmful;MagicAlchDrainIntelligence_CACO,0x804C7FB,0x804C7FB,,3.16000009,30,0,0,7.95360565,,0.670000017,2103303,0,0x42509;0x825B701,Drain Intelligence,,0.670000017,2103303,0,0x42509;0x825B701
Ayleid Moon Moth,0x832B1A3,Fortify Alteration,0x3EB24,0.172000006,4.57000017,60,1,0,0,0,1,0,0,0,MagicAlchFortifyAlteration;MagicAlchBeneficial,0x3EB24,0x3EB24,,4.57000017,60,1,1,6.56754017,,0.172000006,2099202,34,0x65A1D;0xF8A4E,Fortify Alteration,,0.172000006,2099202,34,0x65A1D;0xF8A4E
Ayleid Moon Moth,0x832B1A3,Fortify Restoration,0x3EB28,0.234999999,3.41000009,60,1,0,0,0,1,0,0,0,MagicAlchFortifyRestoration;MagicAlchBeneficial,0x3EB28,0x3EB28,,3.41000009,60,1,2,6.50225687,,0.234999999,2099202,34,0x65A2D;0xF8A4E,Fortify Restoration,,0.234999999,2099202,34,0x65A2D;0xF8A4E
Ayleid Moon Moth,0x832B1A3,Shock Aversion,0x73F2F,0.319999993,2.67000008,30,1,0,0,0,0,1,1,0,MagicAlchHarmful;MagicAlchWeaknessShock,0x73F2F,0x73F2F,,2.67000008,30,1,3,3.1560638,,0.319999993,2101255,34,0x42509;0x74F50,Shock Aversion,,0.319999993,2101255,34,0x42509;0x74F50
Banded Pennant,0x8660004,Lingering Damage Undead,0x10DE5E,12.8000002,0.560000002,10,1,0,0,0,0,1,1,0,MagicAlchHarmful,0x10DE5E,0x10DE5E,,0.560000002,10,0,0,12.8000002,,12.8000002,2099205,0,0x42509,Lingering Damage Undead,,12.8000002,2099205,0,0x42509
Banded Pennant,0x8660004,Stamina Regeneration,0x3EB08,0.0252,4.1500001,240,1,0,0,0,1,0,0,0,MagicAlchFortifyStaminaRate;MagicAlchBeneficial,0x3EB08,0x3EB08,,4.1500001,240,1,1,3.97636175,,0.0252,2099202,34,0x65A35;0xF8A4E,Stamina Regeneration,,0.0252,2099202,34,0x65A35;0xF8A4E
Banded Pennant,0x8660004,Magicka Regeneration,0x3EB07,0.0252,5.53000021,180,1,0,0,0,1,0,0,0,MagicAlchFortifyMagickaRate;MagicAlchBeneficial,0x3EB07,0x3EB07,,5.53000021,180,1,2,3.97372651,,0.0252,2099202,34,0x65A34;0xF8A4E,Magicka Regeneration,,0.0252,2099202,34,0x65A34;0xF8A4E
Banded Pennant,0x8660004,Waterwalking,0x40390E1,9.39999962,0,266,0,1,1,0,1,0,0,1,MagicAlchBeneficial;MagicAlchDurationBased,0x40390E1,0x40390E1,,0,266,1,3,347.13443,,9.39999962,4197378,34,0xF8A4E;0xF8A4F,Waterwalking,,9.39999962,4197378,34,0xF8A4E;0xF8A4F
Barley,0x897B010,Magicka,0x3EB17,4.69999981,3.70000005,1,1,0,0,0,1,0,0,0,MagicAlchRestoreMagicka;MagicAlchBeneficial,0x3EB17,0x3EB17,,3.70000005,1,1,0,1.57441688,,4.69999981,2099200,34,0x42508;0xF8A4E,Magicka,,4.69999981,2099200,34,0x42508;0xF8A4E
Barley,0x897B010,Magicka Fortification,0x3EAF8,0.129999995,2.22000003,60,1,0,0,0,1,0,0,0,MagicAlchFortifyMagicka;MagicAlchBeneficial,0x3EAF8,0x3EAF8,,2.22000003,60,1,1,2.2433548,,0.129999995,2099202,34,0x65A33;0xF8A4E,Magicka Fortification,,0.129999995,2099202,34,0x65A33;0xF8A4E
Barley,0x897B010,Fortify Heavy Armor,0x3EB1E,0.50999999,0.779999971,60,1,0,0,0,1,0,0,0,MagicAlchFortifyHeavyArmor;MagicAlchBeneficial,0x3EB1E,0x3EB1E,,0.779999971,60,1,2,3.66046762,,0.50999999,2099202,34,0x65A23;0xF8A4E,Fortify Heavy Armor,,0.50999999,2099202,34,0x65A23;0xF8A4E
Barley,0x897B010,Damage Stamina Regen,0x73F2C,0.344999999,1.00999999,30,1,0,0,0,0,1,1,0,MagicAlchHarmful,0x73F2C,0x73F2C,,1.00999999,30,0,3,1.16790092,,0.344999999,2099207,5,0x42509,Damage Stamina Regen,,0.344999999,2099207,5,0x42509
Barley Extract,0x89EA788,Magicka,0x3EB17,4.69999981,9.25,1,1,0,0,0,1,0,0,0,MagicAlchRestoreMagicka;MagicAlchBeneficial,0x3EB17,0x3EB17,,9.25,1,1,0,4.31373787,,4.69999981,2099200,34,0x42508;0xF8A4E,Magicka,,4.69999981,2099200,34,0x42508;0xF8A4E
Barley Extract,0x89EA788,Magicka Fortification,0x3EAF8,0.129999995,5.55000019,60,1,0,0,0,1,0,0,0,MagicAlchFortifyMagicka;MagicAlchBeneficial,0x3EAF8,0x3EAF8,,5.55000019,60,1,1,6.14655924,,0.129999995,2099202,34,0x65A33;0xF8A4E,Magicka Fortification,,0.129999995,2099202,34,0x65A33;0xF8A4E
Barley Extract,0x89EA788,Fortify Heavy Armor,0x3EB1E,0.50999999,1.54999995,60,1,0,0,0,1,0,0,0,MagicAlchFortifyHeavyArmor;MagicAlchBeneficial,0x3EB1E,0x3EB1E,,1.54999995,60,1,2,5.92790699,,0.50999999,2099202,34,0x65A23;0xF8A4E,Fortify Heavy Armor,,0.50999999,2099202,34,0x65A23;0xF8A4E
Barley Extract,0x89EA788,Damage Stamina Regen,0x73F2C,0.344999999,3.3499999,30,1,0,0,0,0,1,1,0,MagicAlchHarmful,0x73F2C,0x73F2C,,3.3499999,30,0,3,4.36718655,,0.344999999,2099207,5,0x42509,Damage Stamina Regen,,0.344999999,2099207,5,0x42509
Bear Bile,0x8326085,Fortify Heavy Armor,0x3EB1E,0.50999999,1.86000001,60,1,0,0,0,1,0,0,0,MagicAlchFortifyHeavyArmor;MagicAlchBeneficial,0x3EB1E,0x3EB1E,,1.86000001,60,1,0,7.24437284,,0.50999999,2099202,34,0x65A23;0xF8A4E,Fortify Heavy Armor,,0.50999999,2099202,34,0x65A23;0xF8A4E
Bear Bile,0x8326085,Fortify Speech,0xD6947,0.270000011,3.02999997,60,1,0,0,0,1,0,0,0,MagicAlchFortifySpeechcraft;MagicAlchBeneficial,0xD6947,0xD6947,,3.02999997,60,1,1,6.56020021,,0.270000011,2099202,34,0x65A29;0xF8A4E,Fortify Speech,,0.270000011,2099202,34,0x65A29;0xF8A4E
Bear Bile,0x8326085,Fortify Light Armor,0x3EB1F,0.50999999,1.54999995,60,1,0,0,0,1,0,0,0,MagicAlchFortifyLightArmor;MagicAlchBeneficial,0x3EB1F,0x3EB1F,,1.54999995,60,1,2,5.92790699,,0.50999999,2099202,34,0x65A24;0xF8A4E,Fortify Light Armor,,0.50999999,2099202,34,0x65A24;0xF8A4E
Bear Bile,0x8326085,Frenzy,0x73F29,0.620000005,2.79999995,30,1,0,0,0,0,1,1,0,MagicAlchHarmful;MagicInfluence;MagicInfluenceFrenzy,0x73F29,0x73F29,,2.79999995,30,0,3,6.44315958,,0.620000005,2099463,8,0x42509;0x78098;0xC44B6,Frenzy,,0.620000005,2099463,8,0x42509;0x78098;0xC44B6
Bear Claws,0x6BC02,Health Fortification,0x3EAF3,0.129999995,6.38000011,60,1,0,0,0,1,0,0,0,MagicAlchFortifyHealth;MagicAlchBeneficial,0x3EAF3,0x3EAF3,,6.38000011,60,1,0,7.16493845,,0.129999995,2099202,34,0x65A31;0xF8A4E,Health Fortification,,0.129999995,2099202,34,0x65A31;0xF8A4E
Bear Claws,0x6BC02,Stamina,0x3EB16,4.69999981,10.1800003,1,1,0,0,0,1,0,0,0,MagicAlchRestoreStamina;MagicAlchBeneficial,0x3EB16,0x3EB16,,10.1800003,1,1,1,4.79314327,,4.69999981,2099200,34,0x42504;0xF8A4E,Stamina,,4.69999981,2099200,34,0x42504;0xF8A4E
Bear Claws,0x6BC02,Fortify One-handed,0x3EB19,0.324999988,3.07999992,60,1,0,0,0,1,0,0,0,MagicAlchFortifyOneHanded;MagicAlchBeneficial,0x3EB19,0x3EB19,,3.07999992,60,1,2,8.03999043,,0.324999988,2099202,34,0x65A1F;0xF8A4E,Fortify One-handed,,0.324999988,2099202,34,0x65A1F;0xF8A4E
Bear Claws,0x6BC02,Fortify Block,0x3EB1C,0.49000001,1.54999995,60,1,0,0,0,1,0,0,0,MagicAlchFortifyBlock;MagicAlchBeneficial,0x3EB1C,0x3EB1C,,1.54999995,60,1,3,5.69544029,,0.49000001,2099202,34,0x65A1E;0xF8A4E,Fortify Block,,0.49000001,2099202,34,0x65A1E;0xF8A4E
Bear Fat,0x1CCA143,Resist Poison,0x90041,0.157000005,4.30000019,60,1,0,0,0,1,0,0,0,MagicAlchResistPoison;MagicAlchBeneficial,0x90041,0x90041,,4.30000019,60,1,0,5.6063652,,0.157000005,2101250,34,0x10EB5F;0xF8A4E,Resist Poison,,0.157000005,2101250,34,0x10EB5F;0xF8A4E
Bear Fat,0x1CCA143,Stamina,0x3EB16,4.69999981,11.1000004,1,1,0,0,0,1,0,0,0,MagicAlchRestoreStamina;MagicAlchBeneficial,0x3EB16,0x3EB16,,11.1000004,1,1,1,5.27172947,,4.69999981,2099200,34,0x42504;0xF8A4E,Stamina,,4.69999981,2099200,34,0x42504;0xF8A4E
Bear Fat,0x1CCA143,Health,0x3EB15,5.30000019,10.1800003,1,1,0,0,0,1,0,0,0,MagicAlchRestoreHealth;MagicAlchBeneficial,0x3EB15,0x3EB15,,10.1800003,1,1,2,5.40503407,,5.30000019,2099200,34,0x42503;0xF8A4E,Health,,5.30000019,2099200,34,0x42503;0xF8A4E
Bear Fat,0x1CCA143,Cure Disease,0xAE722,45,1,0,0,0,0,1,1,0,0,0,MagicAlchBeneficial;MagicAlchCureDisease_CACO,0xAE722,0xAE722,,1,0,0,3,45,,45,6656,3,0xF8A4E;0x890B902,Cure Disease,,45,6656,3,0xF8A4E;0x890B902
Bee,0xA9195,Stamina,0x3EB16,4.69999981,11.5600004,1,1,0,0,0,1,0,0,0,MagicAlchRestoreStamina;MagicAlchBeneficial,0x3EB16,0x3EB16,,11.5600004,1,1,0,5.51253653,,4.69999981,2099200,34,0x42504;0xF8A4E,Stamina,,4.69999981,2099200,34,0x42504;0xF8A4E
Bee,0xA9195,Stamina Regeneration,0x3EB08,0.0252,6.90999985,240,1,0,0,0,1,0,0,0,MagicAlchFortifyStaminaRate;MagicAlchBeneficial,0x3EB08,0x3EB08,,6.90999985,240,1,1,6.96720839,,0.0252,2099202,34,0x65A35;0xF8A4E,Stamina Regeneration,,0.0252,2099202,34,0x65A35;0xF8A4E
Bee,0xA9195,Fatigue,0x73F23,23.6000004,0,333,0,1,1,0,0,1,1,1,MagicAlchHarmful;MagicAlchDurationBased;MagicAlchFatigue_CACO,0x73F23,0x73F23,,0,333,1,2,1115.83679,,23.6000004,4197383,34,0x42509;0xF8A4F;0x807A153,Fatigue,,23.6000004,4197383,34,0x42509;0xF8A4F;0x807A153
Bee,0xA9195,Shock Aversion,0x73F2F,0.319999993,3.55999994,30,1,0,0,0,0,1,1,0,MagicAlchHarmful;MagicAlchWeaknessShock,0x73F2F,0x73F2F,,3.55999994,30,1,3,4.3309021,,0.319999993,2101255,34,0x42509;0x74F50,Shock Aversion,,0.319999993,2101255,34,0x42509;0x74F50
Beehive Husk,0xA9191,Fortify Light Armor,0x3EB1F,0.50999999,1.24000001,60,1,0,0,0,1,0,0,0,MagicAlchFortifyLightArmor;MagicAlchBeneficial,0x3EB1F,0x3EB1F,,1.24000001,60,1,0,4.63767624,,0.50999999,2099202,34,0x65A24;0xF8A4E,Fortify Light Armor,,0.50999999,2099202,34,0x65A24;0xF8A4E
Beehive Husk,0xA9191,Cure Poison,0x109ADD,35,1,0,0,0,0,1,1,0,0,0,MagicAlchBeneficial;MagicAlchCurePoison_CACO,0x109ADD,0x109ADD,,1,0,0,1,35,,35,6656,29,0xF8A4E;0x890B903,Cure Poison,,35,6656,29,0xF8A4E;0x890B903
Beehive Husk,0xA9191,Fortify Sneak,0x3EB22,0.889999986,0.829999983,60,1,0,0,0,1,0,0,0,MagicAlchFortifySneak;MagicAlchBeneficial,0x3EB22,0x3EB22,,0.829999983,60,1,2,6.38787508,,0.889999986,2099202,34,0x65A27;0xF8A4E,Fortify Sneak,,0.889999986,2099202,34,0x65A27;0xF8A4E
Beehive Husk,0xA9191,Fortify Destruction,0x3EB26,0.324999988,1.67999995,60,1,0,0,0,1,0,0,0,MagicAlchFortifyDestruction;MagicAlchBeneficial,0x3EB26,0x3EB26,,1.67999995,60,1,3,4.12752724,,0.324999988,2099202,34,0x65A2B;0xF8A4E,Fortify Destruction,,0.324999988,2099202,34,0x65A2B;0xF8A4E
Bergamot Seeds,0x80CB2B6,Resist Paralysis,0x806AE49,19,0,348,0,1,1,0,1,0,0,1,MagicAlchResistParalysis_CACO;MagicAlchDurationBased;MagicAlchBeneficial,0x806AE49,0x806AE49,,0,348,1,0,942.954651,,19,4201474,34,0x806AE4A;0xF8A4F;0xF8A4E,Resist Paralysis,,19,4201474,34,0x806AE4A;0xF8A4F;0xF8A4E
Bergamot Seeds,0x80CB2B6,Lingering Damage Undead,0x10DE5E,12.8000002,0.319999993,10,1,0,0,0,0,1,1,0,MagicAlchHarmful,0x10DE5E,0x10DE5E,,0.319999993,10,0,1,12.8000002,,12.8000002,2099205,0,0x42509,Lingering Damage Undead,,12.8000002,2099205,0,0x42509
Bergamot Seeds,0x80CB2B6,Resist Disease,0x806AE45,0.0149999997,100,1332,0,1,0,0,1,0,0,1,MagicAlchResistDisease_CACO;MagicAlchBeneficial;MagicAlchDurationBased,0x806AE45,0x806AE45,,100,1332,1,2,516.471069,,0.0149999997,4198402,34,0x806AE46;0xF8A4E;0xF8A4F,Resist Disease,,0.0149999997,4198402,34,0x806AE46;0xF8A4E;0xF8A4F
Bergamot Seeds,0x80CB2B6,Silence,0x73F27,113,0,43,0,1,1,0,0,1,1,1,MagicAlchHarmful;MagicAlchDurationBased;MagicAlchSilence_CACO,0x73F27,0x73F27,,0,43,1,3,562.203796,,113,4197383,34,0x42509;0xF8A4F;0x807A150,Silence,,113,4197383,34,0x42509;0xF8A4F;0x807A150
Berit's Ashes,0x705B7,Damage Stamina,0x3A2C6,4.5999999,12.21,1,1,0,0,0,0,1,1,0,MagicAlchHarmful;MagicAlchDamageStamina,0x3A2C6,0x3A2C6,,12.21,1,0,0,5.72987461,,4.5999999,2099205,0,0x42509;0x10F9DC,Damage Stamina,,4.5999999,2099205,0,0x42509;0x10F9DC
Berit's Ashes,0x705B7,Fortify Conjuration,0x3EB25,0.172000006,4.1500001,60,1,0,0,0,1,0,0,0,MagicAlchFortifyConjuration;MagicAlchBeneficial,0x3EB25,0x3EB25,,4.1500001,60,1,1,5.90673923,,0.172000006,2099202,34,0x65A2A;0xF8A4E,Fortify Conjuration,,0.172000006,2099202,34,0x65A2A;0xF8A4E
Berit's Ashes,0x705B7,Resist Fire,0x3EAEA,0.36500001,1.98000002,60,1,0,0,0,1,0,0,0,MagicAlchResistFire;MagicAlchBeneficial,0x3EAEA,0x3EAEA,,1.98000002,60,1,2,5.55380964,,0.36500001,2101250,34,0x65A37;0xF8A4E,Resist Fire,,0.36500001,2101250,34,0x65A37;0xF8A4E
Berit's Ashes,0x705B7,Night Eye,0x804C7FD,10.5,0,399,0,1,1,0,1,0,0,1,MagicNightEye;MagicAlchBeneficial;MagicAlchDurationBased,0x804C7FD,0x804C7FD,,0,399,1,3,605.702759,,10.5,138546178,34,0xAD7C6;0xF8A4E;0xF8A4F,Night Eye,,10.5,138546178,34,0xAD7C6;0xF8A4E;0xF8A4F
Bittergreen Petals,0xFE004D68,Drain Strength,0x80476F6,0.670000017,2.79999995,30,1,0,0,0,0,1,1,0,MagicAlchHarmful,0x80476F6,0x80476F6,,2.79999995,30,0,0,6.96276951,,0.670000017,2103303,5,0x42509,Drain Strength,,0.670000017,2103303,5,0x42509
Bittergreen Petals,0xFE004D68,Invisibility,0x3EB3D,27,0,331,0,1,1,0,1,0,0,1,MagicInvisibility;MagicAlchBeneficial;MagicAlchDurationBased,0x3EB3D,0x3EB3D,,0,331,0,1,1268.16174,,27,4201474,11,0x1EA6F;0xF8A4E;0xF8A4F,Invisibility,,27,4201474,11,0x1EA6F;0xF8A4E;0xF8A4F
Bittergreen Petals,0xFE004D68,Magicka,0x3EB17,4.69999981,9.25,1,1,0,0,0,1,0,0,0,MagicAlchRestoreMagicka;MagicAlchBeneficial,0x3EB17,0x3EB17,,9.25,1,1,2,4.31373787,,4.69999981,2099200,34,0x42508;0xF8A4E,Magicka,,4.69999981,2099200,34,0x42508;0xF8A4E
Bittergreen Petals,0xFE004D68,Drain Intelligence,0x804C7FB,0.670000017,3.0999999,30,1,0,0,0,0,1,1,0,MagicAlchHarmful;MagicAlchDrainIntelligence_CACO,0x804C7FB,0x804C7FB,,3.0999999,30,0,3,7.78764296,,0.670000017,2103303,0,0x42509;0x825B701,Drain Intelligence,,0.670000017,2103303,0,0x42509;0x825B701
Bitterling,0x833F5DC,Waterbreathing,0x3AC2D,7.69999981,0,665,0,1,1,0,1,0,0,1,MagicAlchBeneficial;MagicAlchDurationBased,0x3AC2D,0x3AC2D,,0,665,1,0,779.102417,,7.69999981,4197378,34,0xF8A4E;0xF8A4F,Waterbreathing,,7.69999981,4197378,34,0xF8A4E;0xF8A4F
Bitterling,0x833F5DC,Frost Aversion,0x73F2E,0.319999993,4.44999981,30,1,0,0,0,0,1,1,0,MagicAlchHarmful;MagicAlchWeaknessFrost,0x73F2E,0x73F2E,,4.44999981,30,1,1,5.53578711,,0.319999993,2101255,34,0x42509;0x74F4F,Frost Aversion,,0.319999993,2101255,34,0x42509;0x74F4F
Bitterling,0x833F5DC,Cure Disease,0xAE722,45,1,0,0,0,0,1,1,0,0,0,MagicAlchBeneficial;MagicAlchCureDisease_CACO,0xAE722,0xAE722,,1,0,0,2,45,,45,6656,3,0xF8A4E;0x890B902,Cure Disease,,45,6656,3,0xF8A4E;0x890B902
Bitterling,0x833F5DC,Health,0x3EB15,5.30000019,6.94000006,1,1,0,0,0,1,0,0,0,MagicAlchRestoreHealth;MagicAlchBeneficial,0x3EB15,0x3EB15,,6.94000006,1,1,3,3.54626608,,5.30000019,2099200,34,0x42503;0xF8A4E,Health,,5.30000019,2099200,34,0x42503;0xF8A4E
Black Lichen,0x8A10056,Slow,0x73F25,0.300000012,50,335,0,1,0,0,0,1,1,1,MagicAlchHarmful;MagicSlow;MagicAlchDurationBased,0x73F25,0x73F25,,50,335,1,0,1055.69299,,0.300000012,4200455,34,0x42509;0xB729E;0xF8A4F,Slow,,0.300000012,4200455,34,0x42509;0xB729E;0xF8A4F
Black Lichen,0x8A10056,Cure Poison,0x109ADD,35,1,0,0,0,0,1,1,0,0,0,MagicAlchBeneficial;MagicAlchCurePoison_CACO,0x109ADD,0x109ADD,,1,0,0,1,35,,35,6656,29,0xF8A4E;0x890B903,Cure Poison,,35,6656,29,0xF8A4E;0x890B903
Black Lichen,0x8A10056,Resist Frost,0x3EAEB,0.36500001,1.98000002,60,1,0,0,0,1,0,0,0,MagicAlchResistFrost;MagicAlchBeneficial,0x3EAEB,0x3EAEB,,1.98000002,60,1,2,5.55380964,,0.36500001,2101250,34,0x65A38;0xF8A4E,Resist Frost,,0.36500001,2101250,34,0x65A38;0xF8A4E
Black Lichen,0x8A10056,Drain Strength,0x80476F6,0.670000017,1.92999995,30,1,0,0,0,0,1,1,0,MagicAlchHarmful,0x80476F6,0x80476F6,,1.92999995,30,0,3,4.62403679,,0.670000017,2103303,5,0x42509,Drain Strength,,0.670000017,2103303,5,0x42509
Black Pearl,0x1CC0635,Damage Undead,0x10DE5F,8.30000019,9.03999996,1,1,0,0,0,0,1,1,0,MagicAlchHarmful;MagicAlchDamageHealth,0x10DE5F,0x10DE5F,,9.03999996,1,0,0,7.42785406,,8.30000019,2099205,0,0x42509;0x10F9DD,Damage Undead,,8.30000019,2099205,0,0x42509;0x10F9DD
Black Pearl,0x1CC0635,Resist Paralysis,0x806AE49,19,0,364,0,1,1,0,1,0,0,1,MagicAlchResistParalysis_CACO;MagicAlchDurationBased;MagicAlchBeneficial,0x806AE49,0x806AE49,,0,364,1,1,990.752441,,19,4201474,34,0x806AE4A;0xF8A4F;0xF8A4E,Resist Paralysis,,19,4201474,34,0x806AE4A;0xF8A4F;0xF8A4E
Black Pearl,0x1CC0635,Cure Poison,0x109ADD,35,1,0,0,0,0,1,1,0,0,0,MagicAlchBeneficial;MagicAlchCurePoison_CACO,0x109ADD,0x109ADD,,1,0,0,2,35,,35,6656,29,0xF8A4E;0x890B903,Cure Poison,,35,6656,29,0xF8A4E;0x890B903
Black Pearl,0x1CC0635,Night Eye,0x804C7FD,10.5,0,333,0,1,1,0,1,0,0,1,MagicNightEye;MagicAlchBeneficial;MagicAlchDurationBased,0x804C7FD,0x804C7FD,,0,333,1,3,496.45282,,10.5,138546178,34,0xAD7C6;0xF8A4E;0xF8A4F,Night Eye,,10.5,138546178,34,0xAD7C6;0xF8A4E;0xF8A4F
Blackbrow Bleak,0x8326087,Frost Aversion,0x73F2E,0.319999993,2.67000008,30,1,0,0,0,0,1,1,0,MagicAlchHarmful;MagicAlchWeaknessFrost,0x73F2E,0x73F2E,,2.67000008,30,1,0,3.1560638,,0.319999993,2101255,34,0x42509;0x74F4F,Frost Aversion,,0.319999993,2101255,34,0x42509;0x74F4F
Blackbrow Bleak,0x8326087,Cure Poison,0x109ADD,35,1,0,0,0,0,1,1,0,0,0,MagicAlchBeneficial;MagicAlchCurePoison_CACO,0x109ADD,0x109ADD,,1,0,0,1,35,,35,6656,29,0xF8A4E;0x890B903,Cure Poison,,35,6656,29,0xF8A4E;0x890B903
Blackbrow Bleak,0x8326087,Fire Aversion,0x73F2D,0.319999993,2.23000002,30,1,0,0,0,0,1,1,0,MagicAlchHarmful;MagicAlchWeaknessFire,0x73F2D,0x73F2D,,2.23000002,30,1,2,2.58892059,,0.319999993,2101255,34,0x42509;0x74F4E,Fire Aversion,,0.319999993,2101255,34,0x42509;0x74F4E
Blackbrow Bleak,0x8326087,Shock Aversion,0x73F2F,0.319999993,2.23000002,30,1,0,0,0,0,1,1,0,MagicAlchHarmful;MagicAlchWeaknessShock,0x73F2F,0x73F2F,,2.23000002,30,1,3,2.58892059,,0.319999993,2101255,34,0x42509;0x74F50,Shock Aversion,,0.319999993,2101255,34,0x42509;0x74F50
Bleeding Crown,0x4DA20,Fire Aversion,0x73F2D,0.319999993,4.44999981,30,1,0,0,0,0,1,1,0,MagicAlchHarmful;MagicAlchWeaknessFire,0x73F2D,0x73F2D,,4.44999981,30,1,0,5.53578711,,0.319999993,2101255,34,0x42509;0x74F4E,Fire Aversion,,0.319999993,2101255,34,0x42509;0x74F4E
Bleeding Crown,0x4DA20,Poison Aversion,0x90042,0.389999986,3.01999998,30,1,0,0,0,0,1,1,0,MagicAlchHarmful;USKPMagicAlchWeaknessPoison,0x90042,0x90042,,3.01999998,30,1,1,4.40459108,,0.389999986,2101255,34,0x42509;0x706EE3A,Poison Aversion,,0.389999986,2101255,34,0x42509;0x706EE3A
Bleeding Crown,0x4DA20,Fortify Light Armor,0x3EB1F,0.50999999,0.930000007,60,1,0,0,0,1,0,0,0,MagicAlchFortifyLightArmor;MagicAlchBeneficial,0x3EB1F,0x3EB1F,,0.930000007,60,1,2,3.66046762,,0.50999999,2099202,34,0x65A24;0xF8A4E,Fortify Light Armor,,0.50999999,2099202,34,0x65A24;0xF8A4E
Bleeding Crown,0x4DA20,Fortify Block,0x3EB1C,0.49000001,0.930000007,60,1,0,0,0,1,0,0,0,MagicAlchFortifyBlock;MagicAlchBeneficial,0x3EB1C,0x3EB1C,,0.930000007,60,1,3,3.51692009,,0.49000001,2099202,34,0x65A1E;0xF8A4E,Fortify Block,,0.49000001,2099202,34,0x65A1E;0xF8A4E
Blind Betty,0x8326088,Lingering Damage Undead,0x10DE5E,12.8000002,0.600000024,10,1,0,0,0,0,1,1,0,MagicAlchHarmful,0x10DE5E,0x10DE5E,,0.600000024,10,0,0,12.8000002,,12.8000002,2099205,0,0x42509,Lingering Damage Undead,,12.8000002,2099205,0,0x42509
Blind Betty,0x8326088,Damage Magicka Regen,0x73F2B,0.360000014,4.51999998,30,1,0,0,0,0,1,1,0,MagicAlchHarmful;MagicAlchDamageMagickaRegen_CACO,0x73F2B,0x73F2B,,4.51999998,30,0,1,6.3356061,,0.360000014,2099207,5,0x42509;0x807A152,Damage Magicka Regen,,0.360000014,2099207,5,0x42509;0x807A152
Blind Betty,0x8326088,Fortify Unarmed,0x804C7FE,1.42999995,0.529999971,60,1,0,0,0,1,0,0,0,MagicAlchBeneficial;MagicAlchFortifyUnarmed_CACO,0x804C7FE,0x804C7FE,,0.529999971,60,1,2,10.2636642,,1.42999995,2099202,34,0xF8A4E;0x806AE47,Fortify Unarmed,,1.42999995,2099202,34,0xF8A4E;0x806AE47
Blind Betty,0x8326088,Cure Poison,0x109ADD,35,1,0,0,0,0,1,1,0,0,0,MagicAlchBeneficial;MagicAlchCurePoison_CACO,0x109ADD,0x109ADD,,1,0,0,3,35,,35,6656,29,0xF8A4E;0x890B903,Cure Poison,,35,6656,29,0xF8A4E;0x890B903
Blind Watcher's Eye,0xFE004822,Light,0xFE004846,0.5,0,60,0,1,0,0,1,0,0,0,WISpellColorful;MagicAlchBeneficial,0xFE004846,0xFE004846,,0,60,0,0,3.58869386,,0.5,4198400,12,0xA9B1E;0xF8A4E,Light,,0.5,4198400,12,0xA9B1E;0xF8A4E
Blind Watcher's Eye,0xFE004822,Magicka Fortification,0x3EAF8,0.129999995,5.55000019,60,1,0,0,0,1,0,0,0,MagicAlchFortifyMagicka;MagicAlchBeneficial,0x3EAF8,0x3EAF8,,5.55000019,60,1,1,6.14655924,,0.129999995,2099202,34,0x65A33;0xF8A4E,Magicka Fortification,,0.129999995,2099202,34,0x65A33;0xF8A4E
Blind Watcher's Eye,0xFE004822,Fortify Alteration,0x3EB24,0.172000006,3.79999995,60,1,0,0,0,1,0,0,0,MagicAlchFortifyAlteration;MagicAlchBeneficial,0x3EB24,0x3EB24,,3.79999995,60,1,2,5.36113596,,0.172000006,2099202,34,0x65A1D;0xF8A4E,Fortify Alteration,,0.172000006,2099202,34,0x65A1D;0xF8A4E
Blind Watcher's Eye,0xFE004822,Spell Absorption,0xFE004812,0.100000001,50,60,0,1,0,0,1,0,0,0,MagicAlchBeneficial,0xFE004812,0xFE004812,,50,60,1,3,53.0680923,,0.100000001,4194306,34,0xF8A4E,Spell Absorption,,0.100000001,4194306,34,0xF8A4E
Bliss Bug Thorax,0x6059155,Fire Aversion,0x73F2D,0.319999993,5.78999996,30,1,0,0,0,0,1,1,0,MagicAlchHarmful;MagicAlchWeaknessFire,0x73F2D,0x73F2D,,5.78999996,30,1,0,7.39485693,,0.319999993,2101255,34,0x42509;0x74F4E,Fire Aversion,,0.319999993,2101255,34,0x42509;0x74F4E
Bliss Bug Thorax,0x6059155,Resist Fire,0x3EAEA,0.36500001,2.30999994,60,1,0,0,0,1,0,0,0,MagicAlchResistFire;MagicAlchBeneficial,0x3EAEA,0x3EAEA,,2.30999994,60,1,1,6.58009911,,0.36500001,2101250,34,0x65A37;0xF8A4E,Resist Fire,,0.36500001,2101250,34,0x65A37;0xF8A4E
Bliss Bug Thorax,0x6059155,Fortify Heavy Armor,0x3EB1E,0.50999999,1.54999995,60,1,0,0,0,1,0,0,0,MagicAlchFortifyHeavyArmor;MagicAlchBeneficial,0x3EB1E,0x3EB1E,,1.54999995,60,1,2,5.92790699,,0.50999999,2099202,34,0x65A23;0xF8A4E,Fortify Heavy Armor,,0.50999999,2099202,34,0x65A23;0xF8A4E
Bliss Bug Thorax,0x6059155,Fortify Illusion,0x3EB27,0.172000006,2.49000001,60,1,0,0,0,1,0,0,0,MagicAlchFortifyIllusion;MagicAlchBeneficial,0x3EB27,0x3EB27,,2.49000001,60,1,3,3.36755085,,0.172000006,2099202,34,0x65A2C;0xF8A4E,Fortify Illusion,,0.172000006,2099202,34,0x65A2C;0xF8A4E
Blister Pod,0xFE004D6A,Magicka,0x3EB17,4.69999981,11.1000004,1,1,0,0,0,1,0,0,0,MagicAlchRestoreMagicka;MagicAlchBeneficial,0x3EB17,0x3EB17,,11.1000004,1,1,0,5.27172947,,4.69999981,2099200,34,0x42508;0xF8A4E,Magicka,,4.69999981,2099200,34,0x42508;0xF8A4E
Blister Pod,0xFE004D6A,Magicka Fortification,0x3EAF8,0.129999995,6.38000011,60,1,0,0,0,1,0,0,0,MagicAlchFortifyMagicka;MagicAlchBeneficial,0x3EAF8,0x3EAF8,,6.38000011,60,1,1,7.16493845,,0.129999995,2099202,34,0x65A33;0xF8A4E,Magicka Fortification,,0.129999995,2099202,34,0x65A33;0xF8A4E
Blister Pod,0xFE004D6A,Night Eye,0x804C7FD,10.5,0,765,0,1,1,0,1,0,0,1,MagicNightEye;MagicAlchBeneficial;MagicAlchDurationBased,0x804C7FD,0x804C7FD,,0,765,1,2,1239.41553,,10.5,138546178,34,0xAD7C6;0xF8A4E;0xF8A4F,Night Eye,,10.5,138546178,34,0xAD7C6;0xF8A4E;0xF8A4F
Blister Pod,0xFE004D6A,Invisibility,0x3EB3D,27,0,331,0,1,1,0,1,0,0,1,MagicInvisibility;MagicAlchBeneficial;MagicAlchDurationBased,0x3EB3D,0x3EB3D,,0,331,0,3,1268.16174,,27,4201474,11,0x1EA6F;0xF8A4E;0xF8A4F,Invisibility,,27,4201474,11,0x1EA6F;0xF8A4E;0xF8A4F
Blister Pod,0x8A10057,Magicka,0x3EB17,4.69999981,11.1000004,1,1,0,0,0,1,0,0,0,MagicAlchRestoreMagicka;MagicAlchBeneficial,0x3EB17,0x3EB17,,11.1000004,1,1,0,5.27172947,,4.69999981,2099200,34,0x42508;0xF8A4E,Magicka,,4.69999981,2099200,34,0x42508;0xF8A4E
Blister Pod,0x8A10057,Magicka Fortification,0x3EAF8,0.129999995,6.38000011,60,1,0,0,0,1,0,0,0,MagicAlchFortifyMagicka;MagicAlchBeneficial,0x3EAF8,0x3EAF8,,6.38000011,60,1,1,7.16493845,,0.129999995,2099202,34,0x65A33;0xF8A4E,Magicka Fortification,,0.129999995,2099202,34,0x65A33;0xF8A4E
Blister Pod,0x8A10057,Night Eye,0x804C7FD,10.5,0,765,0,1,1,0,1,0,0,1,MagicNightEye;MagicAlchBeneficial;MagicAlchDurationBased,0x804C7FD,0x804C7FD,,0,765,1,2,1239.41553,,10.5,138546178,34,0xAD7C6;0xF8A4E;0xF8A4F,Night Eye,,10.5,138546178,34,0xAD7C6;0xF8A4E;0xF8A4F
Blister Pod,0x8A10057,Invisibility,0x3EB3D,27,0,331,0,1,1,0,1,0,0,1,MagicInvisibility;MagicAlchBeneficial;MagicAlchDurationBased,0x3EB3D,0x3EB3D,,0,331,0,3,1268.16174,,27,4201474,11,0x1EA6F;0xF8A4E;0xF8A4F,Invisibility,,27,4201474,11,0x1EA6F;0xF8A4E;0xF8A4F
Blisterwort,0x4DA25,Damage Stamina,0x3A2C6,4.5999999,9.98999977,1,1,0,0,0,0,1,1,0,MagicAlchHarmful;MagicAlchDamageStamina,0x3A2C6,0x3A2C6,,9.98999977,1,0,0,4.59494019,,4.5999999,2099205,0,0x42509;0x10F9DC,Damage Stamina,,4.5999999,2099205,0,0x42509;0x10F9DC
Blisterwort,0x4DA25,Frenzy,0x73F29,0.620000005,2.24000001,30,1,0,0,0,0,1,1,0,MagicAlchHarmful;MagicInfluence;MagicInfluenceFrenzy,0x73F29,0x73F29,,2.24000001,30,0,1,5.04078245,,0.620000005,2099463,8,0x42509;0x78098;0xC44B6,Frenzy,,0.620000005,2099463,8,0x42509;0x78098;0xC44B6
Blisterwort,0x4DA25,Fortify Smithing,0x3EB1D,1.51999998,0.980000019,30,1,0,0,0,1,0,0,0,MagicAlchFortifySmithing;MagicAlchBeneficial,0x3EB1D,0x3EB1D,,0.980000019,30,1,2,5.08952188,,1.51999998,2099202,34,0x65A22;0xF8A4E,Fortify Smithing,,1.51999998,2099202,34,0x65A22;0xF8A4E
Blisterwort,0x4DA25,Health,0x3EB15,5.30000019,4.63000011,1,1,0,0,0,1,0,0,0,MagicAlchRestoreHealth;MagicAlchBeneficial,0x3EB15,0x3EB15,,4.63000011,1,1,3,2.27203488,,5.30000019,2099200,34,0x42503;0xF8A4E,Health,,5.30000019,2099200,34,0x42503;0xF8A4E
Bloatspore,0x8A1007F,Drain Intelligence,0x804C7FB,0.670000017,3.29999995,30,1,0,0,0,0,1,1,0,MagicAlchHarmful;MagicAlchDrainIntelligence_CACO,0x804C7FB,0x804C7FB,,3.29999995,30,0,0,8.3420639,,0.670000017,2103303,0,0x42509;0x825B701,Drain Intelligence,,0.670000017,2103303,0,0x42509;0x825B701
Bloatspore,0x8A1007F,Fortify Alteration,0x3EB24,0.172000006,3.74000001,60,1,0,0,0,1,0,0,0,MagicAlchFortifyAlteration;MagicAlchBeneficial,0x3EB24,0x3EB24,,3.74000001,60,1,1,5.26809549,,0.172000006,2099202,34,0x65A1D;0xF8A4E,Fortify Alteration,,0.172000006,2099202,34,0x65A1D;0xF8A4E
Bloatspore,0x8A1007F,Detect Life,0x804C7FF,18.6000004,0,200,0,1,1,0,1,0,0,1,MagicAlchBeneficial;MagicAlchDurationBased;MagicAlchDetectLife_CACO,0x804C7FF,0x804C7FF,,0,200,0,2,501.933258,,18.6000004,205528082,1,0xF8A4E;0xF8A4F;0x8084356,Detect Life,,18.6000004,205528082,1,0xF8A4E;0xF8A4F;0x8084356
Bloatspore,0x8A1007F,Fortify Conjuration,0x3EB25,0.172000006,2.49000001,60,1,0,0,0,1,0,0,0,MagicAlchFortifyConjuration;MagicAlchBeneficial,0x3EB25,0x3EB25,,2.49000001,60,1,3,3.36755085,,0.172000006,2099202,34,0x65A2A;0xF8A4E,Fortify Conjuration,,0.172000006,2099202,34,0x65A2A;0xF8A4E
Blood of a Bosmer,0x80EEA6F,Blood,0x80E4857,5.30000019,9.25,1,1,0,0,0,1,0,0,0,MagicAlchRestoreHealth;MagicAlchBeneficial;MagicAlchBloodEffect_CACO,0x80E4857,0x80E4857,,9.25,1,1,0,4.86442804,,5.30000019,2099200,34,0x42503;0xF8A4E;0x890B904,Blood,,5.30000019,2099200,34,0x42503;0xF8A4E;0x890B904
Blood of a Bosmer,0x80EEA6F,Resist Disease,0x806AE45,0.0149999997,100,3330,0,1,0,0,1,0,0,1,MagicAlchResistDisease_CACO;MagicAlchBeneficial;MagicAlchDurationBased,0x806AE45,0x806AE45,,100,3330,1,1,1415.07678,,0.0149999997,4198402,34,0x806AE46;0xF8A4E;0xF8A4F,Resist Disease,,0.0149999997,4198402,34,0x806AE46;0xF8A4E;0xF8A4F
Blood of a Bosmer,0x80EEA6F,Fortify Archery,0x3EB1B,0.324999988,3.5,60,1,0,0,0,1,0,0,0,MagicAlchFortifyMarksman;MagicAlchBeneficial,0x3EB1B,0x3EB1B,,3.5,60,1,2,9.25389576,,0.324999988,2099202,34,0x65A21;0xF8A4E,Fortify Archery,,0.324999988,2099202,34,0x65A21;0xF8A4E
Blood of a Bosmer,0x80EEA6F,Resist Poison,0x90041,0.157000005,3.97000003,60,1,0,0,0,1,0,0,0,MagicAlchResistPoison;MagicAlchBeneficial,0x90041,0x90041,,3.97000003,60,1,3,5.13494301,,0.157000005,2101250,34,0x10EB5F;0xF8A4E,Resist Poison,,0.157000005,2101250,34,0x10EB5F;0xF8A4E
Blood of a Breton,0x80EEA5C,Blood,0x80E4857,5.30000019,9.25,1,1,0,0,0,1,0,0,0,MagicAlchRestoreHealth;MagicAlchBeneficial;MagicAlchBloodEffect_CACO,0x80E4857,0x80E4857,,9.25,1,1,0,4.86442804,,5.30000019,2099200,34,0x42503;0xF8A4E;0x890B904,Blood,,5.30000019,2099200,34,0x42503;0xF8A4E;0x890B904
Blood of a Breton,0x80EEA5C,Resist Magic,0x39E51,1.24000001,1.08000004,60,1,0,0,0,1,0,0,0,MagicAlchResistMagic;MagicAlchBeneficial,0x39E51,0x39E51,,1.08000004,60,1,1,9.68621826,,1.24000001,2103298,34,0x65A3A;0xF8A4E,Resist Magic,,1.24000001,2103298,34,0x65A3A;0xF8A4E
Blood of a Breton,0x80EEA5C,Fortify Restoration,0x3EB28,0.234999999,4.5,60,1,0,0,0,1,0,0,0,MagicAlchFortifyRestoration;MagicAlchBeneficial,0x3EB28,0x3EB28,,4.5,60,1,2,8.82202053,,0.234999999,2099202,34,0x65A2D;0xF8A4E,Fortify Restoration,,0.234999999,2099202,34,0x65A2D;0xF8A4E
Blood of a Breton,0x80EEA5C,Fortify Conjuration,0x3EB25,0.172000006,4.98000002,60,1,0,0,0,1,0,0,0,MagicAlchFortifyConjuration;MagicAlchBeneficial,0x3EB25,0x3EB25,,4.98000002,60,1,3,7.218503,,0.172000006,2099202,34,0x65A2A;0xF8A4E,Fortify Conjuration,,0.172000006,2099202,34,0x65A2A;0xF8A4E
Blood of a Dunmer,0x80EEA69,Blood,0x80E4857,5.30000019,9.25,1,1,0,0,0,1,0,0,0,MagicAlchRestoreHealth;MagicAlchBeneficial;MagicAlchBloodEffect_CACO,0x80E4857,0x80E4857,,9.25,1,1,0,4.86442804,,5.30000019,2099200,34,0x42503;0xF8A4E;0x890B904,Blood,,5.30000019,2099200,34,0x42503;0xF8A4E;0x890B904
Blood of a Dunmer,0x80EEA69,Resist Fire,0x3EAEA,0.36500001,2.6400001,60,1,0,0,0,1,0,0,0,MagicAlchResistFire;MagicAlchBeneficial,0x3EAEA,0x3EAEA,,2.6400001,60,1,1,7.6212039,,0.36500001,2101250,34,0x65A37;0xF8A4E,Resist Fire,,0.36500001,2101250,34,0x65A37;0xF8A4E
Blood of a Dunmer,0x80EEA69,Fortify Destruction,0x3EB26,0.324999988,3.5,60,1,0,0,0,1,0,0,0,MagicAlchFortifyDestruction;MagicAlchBeneficial,0x3EB26,0x3EB26,,3.5,60,1,2,9.25389576,,0.324999988,2099202,34,0x65A2B;0xF8A4E,Fortify Destruction,,0.324999988,2099202,34,0x65A2B;0xF8A4E
Blood of a Dunmer,0x80EEA69,Fortify Enchanting,0x3EB29,0.709999979,1.53999996,60,1,0,0,0,1,0,0,0,MagicAlchFortifyEnchanting;MagicAlchBeneficial,0x3EB29,0x3EB29,,1.53999996,60,1,3,8.19402981,,0.709999979,2099202,34,0x65A2E;0xF8A4E,Fortify Enchanting,,0.709999979,2099202,34,0x65A2E;0xF8A4E
Blood of a Khajiit,0x80EEA74,Blood,0x80E4857,5.30000019,9.25,1,1,0,0,0,1,0,0,0,MagicAlchRestoreHealth;MagicAlchBeneficial;MagicAlchBloodEffect_CACO,0x80E4857,0x80E4857,,9.25,1,1,0,4.86442804,,5.30000019,2099200,34,0x42503;0xF8A4E;0x890B904,Blood,,5.30000019,2099200,34,0x42503;0xF8A4E;0x890B904
Blood of a Khajiit,0x80EEA74,Speed,0x80425F1,0.0979999974,1,300,1,0,0,0,1,0,0,0,MagicAlchBeneficial;MagicAlchFortifySpeed_CACO,0x80425F1,0x80425F1,,1,300,1,1,4.13104057,,0.0979999974,2101250,34,0xF8A4E;0x806AE48,Speed,,0.0979999974,2101250,34,0xF8A4E;0x806AE48
Blood of a Khajiit,0x80EEA74,Fortify Sneak,0x3EB22,0.889999986,1.38,60,1,0,0,0,1,0,0,0,MagicAlchFortifySneak;MagicAlchBeneficial,0x3EB22,0x3EB22,,1.38,60,1,2,9.10381413,,0.889999986,2099202,34,0x65A27;0xF8A4E,Fortify Sneak,,0.889999986,2099202,34,0x65A27;0xF8A4E
Blood of a Khajiit,0x80EEA74,Night Eye,0x804C7FD,10.5,0,665,0,1,1,0,1,0,0,1,MagicNightEye;MagicAlchBeneficial;MagicAlchDurationBased,0x804C7FD,0x804C7FD,,0,665,1,3,1062.41248,,10.5,138546178,34,0xAD7C6;0xF8A4E;0xF8A4F,Night Eye,,10.5,138546178,34,0xAD7C6;0xF8A4E;0xF8A4F
Blood of a Nord,0x80EEA5B,Blood,0x80E4857,5.30000019,9.25,1,1,0,0,0,1,0,0,0,MagicAlchRestoreHealth;MagicAlchBeneficial;MagicAlchBloodEffect_CACO,0x80E4857,0x80E4857,,9.25,1,1,0,4.86442804,,5.30000019,2099200,34,0x42503;0xF8A4E;0x890B904,Blood,,5.30000019,2099200,34,0x42503;0xF8A4E;0x890B904
Blood of a Nord,0x80EEA5B,Resist Frost,0x3EAEB,0.36500001,2.6400001,60,1,0,0,0,1,0,0,0,MagicAlchResistFrost;MagicAlchBeneficial,0x3EAEB,0x3EAEB,,2.6400001,60,1,1,7.6212039,,0.36500001,2101250,34,0x65A38;0xF8A4E,Resist Frost,,0.36500001,2101250,34,0x65A38;0xF8A4E
Blood of a Nord,0x80EEA5B,Fortify Two-handed,0x3EB1A,0.324999988,3.5,60,1,0,0,0,1,0,0,0,MagicAlchFortifyTwoHanded;MagicAlchBeneficial,0x3EB1A,0x3EB1A,,3.5,60,1,2,9.25389576,,0.324999988,2099202,34,0x65A20;0xF8A4E,Fortify Two-handed,,0.324999988,2099202,34,0x65A20;0xF8A4E
Blood of a Nord,0x80EEA5B,Stamina Fortification,0x3EAF9,0.129999995,6.65999985,60,1,0,0,0,1,0,0,0,MagicAlchFortifyStamina;MagicAlchBeneficial,0x3EAF9,0x3EAF9,,6.65999985,60,1,3,7.51158142,,0.129999995,2099202,34,0x65A32;0xF8A4E,Stamina Fortification,,0.129999995,2099202,34,0x65A32;0xF8A4E
Blood of a Redguard,0x80EEA5F,Blood,0x80E4857,5.30000019,9.25,1,1,0,0,0,1,0,0,0,MagicAlchRestoreHealth;MagicAlchBeneficial;MagicAlchBloodEffect_CACO,0x80E4857,0x80E4857,,9.25,1,1,0,4.86442804,,5.30000019,2099200,34,0x42503;0xF8A4E;0x890B904,Blood,,5.30000019,2099200,34,0x42503;0xF8A4E;0x890B904
Blood of a Redguard,0x80EEA5F,Resist Poison,0x90041,0.157000005,5.30000019,60,1,0,0,0,1,0,0,0,MagicAlchResistPoison;MagicAlchBeneficial,0x90041,0x90041,,5.30000019,60,1,1,7.05617809,,0.157000005,2101250,34,0x10EB5F;0xF8A4E,Resist Poison,,0.157000005,2101250,34,0x10EB5F;0xF8A4E
Blood of a Redguard,0x80EEA5F,Stamina Regeneration,0x3EB08,0.0252,8.30000019,240,1,0,0,0,1,0,0,0,MagicAlchFortifyStaminaRate;MagicAlchBeneficial,0x3EB08,0x3EB08,,8.30000019,240,1,2,8.52351856,,0.0252,2099202,34,0x65A35;0xF8A4E,Stamina Regeneration,,0.0252,2099202,34,0x65A35;0xF8A4E
Blood of a Redguard,0x80EEA5F,Fortify One-handed,0x3EB19,0.324999988,3.5,60,1,0,0,0,1,0,0,0,MagicAlchFortifyOneHanded;MagicAlchBeneficial,0x3EB19,0x3EB19,,3.5,60,1,3,9.25389576,,0.324999988,2099202,34,0x65A1F;0xF8A4E,Fortify One-handed,,0.324999988,2099202,34,0x65A1F;0xF8A4E
Blood of an Altmer,0x80EEA67,Blood,0x80E4857,5.30000019,9.25,1,1,0,0,0,1,0,0,0,MagicAlchRestoreHealth;MagicAlchBeneficial;MagicAlchBloodEffect_CACO,0x80E4857,0x80E4857,,9.25,1,1,0,4.86442804,,5.30000019,2099200,34,0x42503;0xF8A4E;0x890B904,Blood,,5.30000019,2099200,34,0x42503;0xF8A4E;0x890B904
Blood of an Altmer,0x80EEA67,Magicka Regeneration,0x3EB07,0.0252,6.90999985,300,1,0,0,0,1,0,0,0,MagicAlchFortifyMagickaRate;MagicAlchBeneficial,0x3EB07,0x3EB07,,6.90999985,300,1,1,8.90553093,,0.0252,2099202,34,0x65A34;0xF8A4E,Magicka Regeneration,,0.0252,2099202,34,0x65A34;0xF8A4E
Blood of an Altmer,0x80EEA67,Magicka Fortification,0x3EAF8,0.129999995,7.76999998,60,1,0,0,0,1,0,0,0,MagicAlchFortifyMagicka;MagicAlchBeneficial,0x3EAF8,0x3EAF8,,7.76999998,60,1,2,8.89964867,,0.129999995,2099202,34,0x65A33;0xF8A4E,Magicka Fortification,,0.129999995,2099202,34,0x65A33;0xF8A4E
Blood of an Altmer,0x80EEA67,Magic Aversion,0x73F51,0.430000007,5.80999994,30,1,0,0,0,0,1,1,0,MagicAlchHarmful;MagicAlchWeaknessMagic,0x73F51,0x73F51,,5.80999994,30,1,3,9.9746027,,0.430000007,2101255,34,0x42509;0x74F51,Magic Aversion,,0.430000007,2101255,34,0x42509;0x74F51
Blood of an Argonian,0x80EEA72,Blood,0x80E4857,5.30000019,9.25,1,1,0,0,0,1,0,0,0,MagicAlchRestoreHealth;MagicAlchBeneficial;MagicAlchBloodEffect_CACO,0x80E4857,0x80E4857,,9.25,1,1,0,4.86442804,,5.30000019,2099200,34,0x42503;0xF8A4E;0x890B904,Blood,,5.30000019,2099200,34,0x42503;0xF8A4E;0x890B904
Blood of an Argonian,0x80EEA72,Resist Disease,0x806AE45,0.0149999997,100,4163,0,1,0,0,1,0,0,1,MagicAlchResistDisease_CACO;MagicAlchBeneficial;MagicAlchDurationBased,0x806AE45,0x806AE45,,100,4163,1,1,1808.99939,,0.0149999997,4198402,34,0x806AE46;0xF8A4E;0xF8A4F,Resist Disease,,0.0149999997,4198402,34,0x806AE46;0xF8A4E;0xF8A4F
Blood of an Argonian,0x80EEA72,Waterbreathing,0x3AC2D,7.69999981,0,798,0,1,1,0,1,0,0,1,MagicAlchBeneficial;MagicAlchDurationBased,0x3AC2D,0x3AC2D,,0,798,1,2,952.124939,,7.69999981,4197378,34,0xF8A4E;0xF8A4F,Waterbreathing,,7.69999981,4197378,34,0xF8A4E;0xF8A4F
Blood of an Argonian,0x80EEA72,Health Regeneration,0x3EB06,0.0252,5.53000021,300,1,0,0,0,1,0,0,0,MagicAlchFortifyHealRate;MagicAlchBeneficial,0x3EB06,0x3EB06,,5.53000021,300,1,3,6.96998167,,0.0252,2099202,34,0x65A30;0xF8A4E,Health Regeneration,,0.0252,2099202,34,0x65A30;0xF8A4E
Blood of an Imperial,0x80EEA66,Blood,0x80E4857,5.30000019,9.25,1,1,0,0,0,1,0,0,0,MagicAlchRestoreHealth;MagicAlchBeneficial;MagicAlchBloodEffect_CACO,0x80E4857,0x80E4857,,9.25,1,1,0,4.86442804,,5.30000019,2099200,34,0x42503;0xF8A4E;0x890B904,Blood,,5.30000019,2099200,34,0x42503;0xF8A4E;0x890B904
Blood of an Imperial,0x80EEA66,Fortify Speech,0xD6947,0.270000011,4.13000011,60,1,0,0,0,1,0,0,0,MagicAlchFortifySpeechcraft;MagicAlchBeneficial,0xD6947,0xD6947,,4.13000011,60,1,1,9.22306442,,0.270000011,2099202,34,0x65A29;0xF8A4E,Fortify Speech,,0.270000011,2099202,34,0x65A29;0xF8A4E
Blood of an Imperial,0x80EEA66,Fortify Heavy Armor,0x3EB1E,0.50999999,2.08999991,60,1,0,0,0,1,0,0,0,MagicAlchFortifyHeavyArmor;MagicAlchBeneficial,0x3EB1E,0x3EB1E,,2.08999991,60,1,2,8.23564148,,0.50999999,2099202,34,0x65A23;0xF8A4E,Fortify Heavy Armor,,0.50999999,2099202,34,0x65A23;0xF8A4E
Blood of an Imperial,0x80EEA66,Fortify Block,0x3EB1C,0.49000001,1.71000004,60,1,0,0,0,1,0,0,0,MagicAlchFortifyBlock;MagicAlchBeneficial,0x3EB1C,0x3EB1C,,1.71000004,60,1,3,6.34538841,,0.49000001,2099202,34,0x65A1E;0xF8A4E,Fortify Block,,0.49000001,2099202,34,0x65A1E;0xF8A4E
Blood of an Orc,0x80EEA70,Blood,0x80E4857,5.30000019,9.25,1,1,0,0,0,1,0,0,0,MagicAlchRestoreHealth;MagicAlchBeneficial;MagicAlchBloodEffect_CACO,0x80E4857,0x80E4857,,9.25,1,1,0,4.86442804,,5.30000019,2099200,34,0x42503;0xF8A4E;0x890B904,Blood,,5.30000019,2099200,34,0x42503;0xF8A4E;0x890B904
Blood of an Orc,0x80EEA70,Fortify Heavy Armor,0x3EB1E,0.50999999,2.17000008,60,1,0,0,0,1,0,0,0,MagicAlchFortifyHeavyArmor;MagicAlchBeneficial,0x3EB1E,0x3EB1E,,2.17000008,60,1,1,8.58306217,,0.50999999,2099202,34,0x65A23;0xF8A4E,Fortify Heavy Armor,,0.50999999,2099202,34,0x65A23;0xF8A4E
Blood of an Orc,0x80EEA70,Fortify One-handed,0x3EB19,0.324999988,3.3599999,60,1,0,0,0,1,0,0,0,MagicAlchFortifyOneHanded;MagicAlchBeneficial,0x3EB19,0x3EB19,,3.3599999,60,1,2,8.84754848,,0.324999988,2099202,34,0x65A1F;0xF8A4E,Fortify One-handed,,0.324999988,2099202,34,0x65A1F;0xF8A4E
Blood of an Orc,0x80EEA70,Frenzy,0x73F29,0.620000005,3.22000003,30,1,0,0,0,0,1,1,0,MagicAlchHarmful;MagicInfluence;MagicInfluenceFrenzy,0x73F29,0x73F29,,3.22000003,30,0,3,7.51391983,,0.620000005,2099463,8,0x42509;0x78098;0xC44B6,Frenzy,,0.620000005,2099463,8,0x42509;0x78098;0xC44B6
Blue Clipper Butterfly,0x833F5E0,Fortify Alteration,0x3EB24,0.172000006,4.1500001,60,1,0,0,0,1,0,0,0,MagicAlchFortifyAlteration;MagicAlchBeneficial,0x3EB24,0x3EB24,,4.1500001,60,1,0,5.90673923,,0.172000006,2099202,34,0x65A1D;0xF8A4E,Fortify Alteration,,0.172000006,2099202,34,0x65A1D;0xF8A4E
Blue Clipper Butterfly,0x833F5E0,Damage Undead,0x10DE5F,8.30000019,6.94999981,1,1,0,0,0,0,1,1,0,MagicAlchHarmful;MagicAlchDamageHealth,0x10DE5F,0x10DE5F,,6.94999981,1,0,1,5.56238937,,8.30000019,2099205,0,0x42509;0x10F9DD,Damage Undead,,8.30000019,2099205,0,0x42509;0x10F9DD
Blue Clipper Butterfly,0x833F5E0,Fortify Illusion,0x3EB27,0.172000006,3.31999993,60,1,0,0,0,1,0,0,0,MagicAlchFortifyIllusion;MagicAlchBeneficial,0x3EB27,0x3EB27,,3.31999993,60,1,2,4.62111473,,0.172000006,2099202,34,0x65A2C;0xF8A4E,Fortify Illusion,,0.172000006,2099202,34,0x65A2C;0xF8A4E
Blue Clipper Butterfly,0x833F5E0,Fortify Speech,0xD6947,0.270000011,1.92999995,60,1,0,0,0,1,0,0,0,MagicAlchFortifySpeechcraft;MagicAlchBeneficial,0xD6947,0xD6947,,1.92999995,60,1,3,3.99432349,,0.270000011,2099202,34,0x65A29;0xF8A4E,Fortify Speech,,0.270000011,2099202,34,0x65A29;0xF8A4E
Blue Dartwing,0xE4F0C,Fortify Pickpocket,0x3EB20,0.270000011,3.07999992,60,1,0,0,0,1,0,0,0,MagicAlchFortifyPickPocket;MagicAlchBeneficial,0x3EB20,0x3EB20,,3.07999992,60,1,0,6.67937708,,0.270000011,2099202,34,0x65A25;0xF8A4E,Fortify Pickpocket,,0.270000011,2099202,34,0x65A25;0xF8A4E
Blue Dartwing,0xE4F0C,Resist Shock,0x3EAEC,0.36500001,1.75999999,60,1,0,0,0,1,0,0,0,MagicAlchResistShock;MagicAlchBeneficial,0x3EAEC,0x3EAEC,,1.75999999,60,1,1,4.87891436,,0.36500001,2101250,34,0x65A39;0xF8A4E,Resist Shock,,0.36500001,2101250,34,0x65A39;0xF8A4E
Blue Dartwing,0xE4F0C,Health,0x3EB15,5.30000019,5.55000019,1,1,0,0,0,1,0,0,0,MagicAlchRestoreHealth;MagicAlchBeneficial,0x3EB15,0x3EB15,,5.55000019,1,1,2,2.77330852,,5.30000019,2099200,34,0x42503;0xF8A4E,Health,,5.30000019,2099200,34,0x42503;0xF8A4E
Blue Dartwing,0xE4F0C,Fear,0x73F20,0.620000005,1.67999995,30,1,0,0,0,0,1,1,0,MagicAlchHarmful;MagicInfluence;MagicInfluenceFear,0x73F20,0x73F20,,1.67999995,30,0,3,3.67337537,,0.620000005,2099463,7,0x42509;0x78098;0x424E0,Fear,,0.620000005,2099463,7,0x42509;0x78098;0x424E0
Blue Mountain Flower,0x77E1C,Fortify Conjuration,0x3EB25,0.172000006,2.49000001,60,1,0,0,0,1,0,0,0,MagicAlchFortifyConjuration;MagicAlchBeneficial,0x3EB25,0x3EB25,,2.49000001,60,1,0,3.36755085,,0.172000006,2099202,34,0x65A2A;0xF8A4E,Fortify Conjuration,,0.172000006,2099202,34,0x65A2A;0xF8A4E
Blue Mountain Flower,0x77E1C,Magicka Fortification,0x3EAF8,0.129999995,2.22000003,60,1,0,0,0,1,0,0,0,MagicAlchFortifyMagicka;MagicAlchBeneficial,0x3EAF8,0x3EAF8,,2.22000003,60,1,1,2.2433548,,0.129999995,2099202,34,0x65A33;0xF8A4E,Magicka Fortification,,0.129999995,2099202,34,0x65A33;0xF8A4E
Blue Mountain Flower,0x77E1C,Damage Health,0x3EB42,7.9000001,2.08999991,1,1,0,0,0,0,1,1,0,MagicAlchHarmful;MagicAlchDamageHealth,0x3EB42,0x3EB42,,2.08999991,1,0,2,1.41184807,,7.9000001,2099205,0,0x42509;0x10F9DD,Damage Health,,7.9000001,2099205,0,0x42509;0x10F9DD
Blue Mountain Flower,0x77E1C,Magicka,0x3EB17,4.69999981,2.77999997,1,1,0,0,0,1,0,0,0,MagicAlchRestoreMagicka;MagicAlchBeneficial,0x3EB17,0x3EB17,,2.77999997,1,1,3,1.14960086,,4.69999981,2099200,34,0x42508;0xF8A4E,Magicka,,4.69999981,2099200,34,0x42508;0xF8A4E
Blue Mountain Flower Extract,0x85A97EA,Fortify Conjuration,0x3EB25,0.172000006,4.1500001,60,1,0,0,0,1,0,0,0,MagicAlchFortifyConjuration;MagicAlchBeneficial,0x3EB25,0x3EB25,,4.1500001,60,1,0,5.90673923,,0.172000006,2099202,34,0x65A2A;0xF8A4E,Fortify Conjuration,,0.172000006,2099202,34,0x65A2A;0xF8A4E
Blue Mountain Flower Extract,0x85A97EA,Magicka Fortification,0x3EAF8,0.129999995,5.55000019,60,1,0,0,0,1,0,0,0,MagicAlchFortifyMagicka;MagicAlchBeneficial,0x3EAF8,0x3EAF8,,5.55000019,60,1,1,6.14655924,,0.129999995,2099202,34,0x65A33;0xF8A4E,Magicka Fortification,,0.129999995,2099202,34,0x65A33;0xF8A4E
Blue Mountain Flower Extract,0x85A97EA,Damage Health,0x3EB42,7.9000001,6.94999981,1,1,0,0,0,0,1,1,0,MagicAlchHarmful;MagicAlchDamageHealth,0x3EB42,0x3EB42,,6.94999981,1,0,2,5.29432249,,7.9000001,2099205,0,0x42509;0x10F9DD,Damage Health,,7.9000001,2099205,0,0x42509;0x10F9DD
Blue Mountain Flower Extract,0x85A97EA,Magicka,0x3EB17,4.69999981,9.25,1,1,0,0,0,1,0,0,0,MagicAlchRestoreMagicka;MagicAlchBeneficial,0x3EB17,0x3EB17,,9.25,1,1,3,4.31373787,,4.69999981,2099200,34,0x42508;0xF8A4E,Magicka,,4.69999981,2099200,34,0x42508;0xF8A4E
Blue Orfe,0x832608F,Health,0x3EB15,5.30000019,9.25,1,1,0,0,0,1,0,0,0,MagicAlchRestoreHealth;MagicAlchBeneficial,0x3EB15,0x3EB15,,9.25,1,1,0,4.86442804,,5.30000019,2099200,34,0x42503;0xF8A4E,Health,,5.30000019,2099200,34,0x42503;0xF8A4E
Blue Orfe,0x832608F,Cure Disease,0xAE722,45,1,0,0,0,0,1,1,0,0,0,MagicAlchBeneficial;MagicAlchCureDisease_CACO,0xAE722,0xAE722,,1,0,0,1,45,,45,6656,3,0xF8A4E;0x890B902,Cure Disease,,45,6656,3,0xF8A4E;0x890B902
Blue Orfe,0x832608F,Fatigue,0x73F23,23.6000004,0,300,0,1,1,0,0,1,1,1,MagicAlchHarmful;MagicAlchDurationBased;MagicAlchFatigue_CACO,0x73F23,0x73F23,,0,300,1,2,994.822083,,23.6000004,4197383,34,0x42509;0xF8A4F;0x807A153,Fatigue,,23.6000004,4197383,34,0x42509;0xF8A4F;0x807A153
Blue Orfe,0x832608F,Drain Intelligence,0x804C7FB,0.670000017,2.20000005,30,1,0,0,0,0,1,1,0,MagicAlchHarmful;MagicAlchDrainIntelligence_CACO,0x804C7FB,0x804C7FB,,2.20000005,30,0,3,5.34039259,,0.670000017,2103303,0,0x42509;0x825B701,Drain Intelligence,,0.670000017,2103303,0,0x42509;0x825B701
Blue Swallowtail,0x727DE,Fortify Conjuration,0x3EB25,0.172000006,3.31999993,60,1,0,0,0,1,0,0,0,MagicAlchFortifyConjuration;MagicAlchBeneficial,0x3EB25,0x3EB25,,3.31999993,60,1,0,4.62111473,,0.172000006,2099202,34,0x65A2A;0xF8A4E,Fortify Conjuration,,0.172000006,2099202,34,0x65A2A;0xF8A4E
Blue Swallowtail,0x727DE,Fortify Smithing,0x3EB1D,1.51999998,0.980000019,30,1,0,0,0,1,0,0,0,MagicAlchFortifySmithing;MagicAlchBeneficial,0x3EB1D,0x3EB1D,,0.980000019,30,1,1,5.08952188,,1.51999998,2099202,34,0x65A22;0xF8A4E,Fortify Smithing,,1.51999998,2099202,34,0x65A22;0xF8A4E
Blue Swallowtail,0x727DE,Fortify Enchanting,0x3EB29,0.709999979,0.980000019,60,1,0,0,0,1,0,0,0,MagicAlchFortifyEnchanting;MagicAlchBeneficial,0x3EB29,0x3EB29,,0.980000019,60,1,2,5.09594536,,0.709999979,2099202,34,0x65A2E;0xF8A4E,Fortify Enchanting,,0.709999979,2099202,34,0x65A2E;0xF8A4E
Blue Swallowtail,0x727DE,Damage Stamina,0x3A2C6,4.5999999,3.8900001,1,1,0,0,0,0,1,1,0,MagicAlchHarmful;MagicAlchDamageStamina,0x3A2C6,0x3A2C6,,3.8900001,1,0,3,1.62817991,,4.5999999,2099205,0,0x42509;0x10F9DC,Damage Stamina,,4.5999999,2099205,0,0x42509;0x10F9DC
Boar Tusk,0x401CD6F,Fortify Block,0x3EB1C,0.49000001,1.86000001,60,1,0,0,0,1,0,0,0,MagicAlchFortifyBlock;MagicAlchBeneficial,0x3EB1C,0x3EB1C,,1.86000001,60,1,0,6.96027994,,0.49000001,2099202,34,0x65A1E;0xF8A4E,Fortify Block,,0.49000001,2099202,34,0x65A1E;0xF8A4E
Boar Tusk,0x401CD6F,Stamina Fortification,0x3EAF9,0.129999995,5.82999992,60,1,0,0,0,1,0,0,0,MagicAlchFortifyStamina;MagicAlchBeneficial,0x3EAF9,0x3EAF9,,5.82999992,60,1,1,6.48851252,,0.129999995,2099202,34,0x65A32;0xF8A4E,Stamina Fortification,,0.129999995,2099202,34,0x65A32;0xF8A4E
Boar Tusk,0x401CD6F,Health Fortification,0x3EAF3,0.129999995,5.55000019,60,1,0,0,0,1,0,0,0,MagicAlchFortifyHealth;MagicAlchBeneficial,0x3EAF3,0x3EAF3,,5.55000019,60,1,2,6.14655924,,0.129999995,2099202,34,0x65A31;0xF8A4E,Health Fortification,,0.129999995,2099202,34,0x65A31;0xF8A4E
Boar Tusk,0x401CD6F,Frenzy,0x73F29,0.620000005,2.79999995,30,1,0,0,0,0,1,1,0,MagicAlchHarmful;MagicInfluence;MagicInfluenceFrenzy,0x73F29,0x73F29,,2.79999995,30,0,3,6.44315958,,0.620000005,2099463,8,0x42509;0x78098;0xC44B6,Frenzy,,0.620000005,2099463,8,0x42509;0x78098;0xC44B6
Bog Beacon,0xFE004D6C,Magicka,0x3EB17,4.69999981,10.5,1,1,0,0,0,1,0,0,0,MagicAlchRestoreMagicka;MagicAlchBeneficial,0x3EB17,0x3EB17,,10.5,1,1,0,4.95913696,,4.69999981,2099200,34,0x42508;0xF8A4E,Magicka,,4.69999981,2099200,34,0x42508;0xF8A4E
Bog Beacon,0xFE004D6C,Fortify Heavy Armor,0x3EB1E,0.50999999,1.54999995,60,1,0,0,0,1,0,0,0,MagicAlchFortifyHeavyArmor;MagicAlchBeneficial,0x3EB1E,0x3EB1E,,1.54999995,60,1,1,5.92790699,,0.50999999,2099202,34,0x65A23;0xF8A4E,Fortify Heavy Armor,,0.50999999,2099202,34,0x65A23;0xF8A4E
Bog Beacon,0xFE004D6C,Fear,0x73F20,0.620000005,2.79999995,30,1,0,0,0,0,1,1,0,MagicAlchHarmful;MagicInfluence;MagicInfluenceFear,0x73F20,0x73F20,,2.79999995,30,0,2,6.44315958,,0.620000005,2099463,7,0x42509;0x78098;0x424E0,Fear,,0.620000005,2099463,7,0x42509;0x78098;0x424E0
Bog Beacon,0xFE004D6C,Damage Stamina,0x3A2C6,4.5999999,9.98999977,1,1,0,0,0,0,1,1,0,MagicAlchHarmful;MagicAlchDamageStamina,0x3A2C6,0x3A2C6,,9.98999977,1,0,3,4.59494019,,4.5999999,2099205,0,0x42509;0x10F9DC,Damage Stamina,,4.5999999,2099205,0,0x42509;0x10F9DC
Bone Hawk Claw,0x1CCA133,Damage Stamina Regen,0x73F2C,0.344999999,4.69000006,30,1,0,0,0,0,1,1,0,MagicAlchHarmful,0x73F2C,0x73F2C,,4.69000006,30,0,0,6.32328272,,0.344999999,2099207,5,0x42509,Damage Stamina Regen,,0.344999999,2099207,5,0x42509
Bone Hawk Claw,0x1CCA133,Fortify Archery,0x3EB1B,0.324999988,3.6400001,60,1,0,0,0,1,0,0,0,MagicAlchFortifyMarksman;MagicAlchBeneficial,0x3EB1B,0x3EB1B,,3.6400001,60,1,1,9.66187191,,0.324999988,2099202,34,0x65A21;0xF8A4E,Fortify Archery,,0.324999988,2099202,34,0x65A21;0xF8A4E
Bone Hawk Claw,0x1CCA133,Fortify Conjuration,0x3EB25,0.172000006,4.55999994,60,1,0,0,0,1,0,0,0,MagicAlchFortifyConjuration;MagicAlchBeneficial,0x3EB25,0x3EB25,,4.55999994,60,1,2,6.55173349,,0.172000006,2099202,34,0x65A2A;0xF8A4E,Fortify Conjuration,,0.172000006,2099202,34,0x65A2A;0xF8A4E
Bone Hawk Claw,0x1CCA133,Drain Strength,0x80476F6,0.670000017,2.20000005,30,1,0,0,0,0,1,1,0,MagicAlchHarmful,0x80476F6,0x80476F6,,2.20000005,30,0,3,5.34039259,,0.670000017,2103303,5,0x42509,Drain Strength,,0.670000017,2103303,5,0x42509
Bone Hawk Feathers,0x1CCA134,Poison Aversion,0x90042,0.389999986,4.69000006,30,1,0,0,0,0,1,1,0,MagicAlchHarmful;USKPMagicAlchWeaknessPoison,0x90042,0x90042,,4.69000006,30,1,0,7.14805841,,0.389999986,2101255,34,0x42509;0x706EE3A,Poison Aversion,,0.389999986,2101255,34,0x42509;0x706EE3A
Bone Hawk Feathers,0x1CCA134,Ravage Health,0x73F26,0.550000012,9.03999996,10,1,0,0,0,0,1,1,0,MagicAlchHarmful,0x73F26,0x73F26,,9.03999996,10,0,1,6.19652176,,0.550000012,2099207,0,0x42509,Ravage Health,,0.550000012,2099207,0,0x42509
Bone Hawk Feathers,0x1CCA134,Fortify Pickpocket,0x3EB20,0.270000011,3.92000008,60,1,0,0,0,1,0,0,0,MagicAlchFortifyPickPocket;MagicAlchBeneficial,0x3EB20,0x3EB20,,3.92000008,60,1,2,8.70853043,,0.270000011,2099202,34,0x65A25;0xF8A4E,Fortify Pickpocket,,0.270000011,2099202,34,0x65A25;0xF8A4E
Bone Hawk Feathers,0x1CCA134,Fortify Enchanting,0x3EB29,0.709999979,1.25999999,60,1,0,0,0,1,0,0,0,MagicAlchFortifyEnchanting;MagicAlchBeneficial,0x3EB29,0x3EB29,,1.25999999,60,1,3,6.57101345,,0.709999979,2099202,34,0x65A2E;0xF8A4E,Fortify Enchanting,,0.709999979,2099202,34,0x65A2E;0xF8A4E
Bone Meal,0x34CDD,Damage Stamina,0x3A2C6,4.5999999,12.21,1,1,0,0,0,0,1,1,0,MagicAlchHarmful;MagicAlchDamageStamina,0x3A2C6,0x3A2C6,,12.21,1,0,0,5.72987461,,4.5999999,2099205,0,0x42509;0x10F9DC,Damage Stamina,,4.5999999,2099205,0,0x42509;0x10F9DC
Bone Meal,0x34CDD,Fortify Conjuration,0x3EB25,0.172000006,4.1500001,60,1,0,0,0,1,0,0,0,MagicAlchFortifyConjuration;MagicAlchBeneficial,0x3EB25,0x3EB25,,4.1500001,60,1,1,5.90673923,,0.172000006,2099202,34,0x65A2A;0xF8A4E,Fortify Conjuration,,0.172000006,2099202,34,0x65A2A;0xF8A4E
Bone Meal,0x34CDD,Resist Fire,0x3EAEA,0.36500001,1.98000002,60,1,0,0,0,1,0,0,0,MagicAlchResistFire;MagicAlchBeneficial,0x3EAEA,0x3EAEA,,1.98000002,60,1,2,5.55380964,,0.36500001,2101250,34,0x65A37;0xF8A4E,Resist Fire,,0.36500001,2101250,34,0x65A37;0xF8A4E
Bone Meal,0x34CDD,Night Eye,0x804C7FD,10.5,0,399,0,1,1,0,1,0,0,1,MagicNightEye;MagicAlchBeneficial;MagicAlchDurationBased,0x804C7FD,0x804C7FD,,0,399,1,3,605.702759,,10.5,138546178,34,0xAD7C6;0xF8A4E;0xF8A4F,Night Eye,,10.5,138546178,34,0xAD7C6;0xF8A4E;0xF8A4F
Briar Heart,0x3AD61,Health Fortification,0x3EAF3,0.129999995,7.76999998,60,1,0,0,0,1,0,0,0,MagicAlchFortifyHealth;MagicAlchBeneficial,0x3EAF3,0x3EAF3,,7.76999998,60,1,0,8.89964867,,0.129999995,2099202,34,0x65A31;0xF8A4E,Health Fortification,,0.129999995,2099202,34,0x65A31;0xF8A4E
Briar Heart,0x3AD61,Fortify Destruction,0x3EB26,0.324999988,3.6400001,60,1,0,0,0,1,0,0,0,MagicAlchFortifyDestruction;MagicAlchBeneficial,0x3EB26,0x3EB26,,3.6400001,60,1,1,9.66187191,,0.324999988,2099202,34,0x65A2B;0xF8A4E,Fortify Destruction,,0.324999988,2099202,34,0x65A2B;0xF8A4E
Briar Heart,0x3AD61,Magicka Fortification,0x3EAF8,0.129999995,6.65999985,60,1,0,0,0,1,0,0,0,MagicAlchFortifyMagicka;MagicAlchBeneficial,0x3EAF8,0x3EAF8,,6.65999985,60,1,2,7.51158142,,0.129999995,2099202,34,0x65A33;0xF8A4E,Magicka Fortification,,0.129999995,2099202,34,0x65A33;0xF8A4E
Briar Heart,0x3AD61,Paralysis,0x73F30,204,0,61,0,1,1,0,0,1,1,1,MagicParalysis;MagicAlchHarmful;MagicAlchDurationBased,0x73F30,0x73F30,,0,61,0,3,1491.05273,,204,4197379,1,0x1EA70;0x42509;0xF8A4F,Paralysis,,204,4197379,1,0x1EA70;0x42509;0xF8A4F
Bungler's Bane,0xFE004802,Slow,0x73F25,0.300000012,50,335,0,1,0,0,0,1,1,1,MagicAlchHarmful;MagicSlow;MagicAlchDurationBased,0x73F25,0x73F25,,50,335,1,0,1055.69299,,0.300000012,4200455,34,0x42509;0xB729E;0xF8A4F,Slow,,0.300000012,4200455,34,0x42509;0xB729E;0xF8A4F
Bungler's Bane,0xFE004802,Fatigue,0x73F23,23.6000004,0,333,0,1,1,0,0,1,1,1,MagicAlchHarmful;MagicAlchDurationBased;MagicAlchFatigue_CACO,0x73F23,0x73F23,,0,333,1,1,1115.83679,,23.6000004,4197383,34,0x42509;0xF8A4F;0x807A153,Fatigue,,23.6000004,4197383,34,0x42509;0xF8A4F;0x807A153
Bungler's Bane,0xFE004802,Drain Strength,0x80476F6,0.670000017,2.79999995,30,1,0,0,0,0,1,1,0,MagicAlchHarmful,0x80476F6,0x80476F6,,2.79999995,30,0,2,6.96276951,,0.670000017,2103303,5,0x42509,Drain Strength,,0.670000017,2103303,5,0x42509
Bungler's Bane,0xFE004802,Resist Magic,0x39E51,1.24000001,0.810000002,60,1,0,0,0,1,0,0,0,MagicAlchResistMagic;MagicAlchBeneficial,0x39E51,0x39E51,,0.810000002,60,1,3,8.89996052,,1.24000001,2103298,34,0x65A3A;0xF8A4E,Resist Magic,,1.24000001,2103298,34,0x65A3A;0xF8A4E
Burnt Spriggan Wood,0x401CD6E,Damage Magicka Regen,0x73F2B,0.360000014,5.03000021,30,1,0,0,0,0,1,1,0,MagicAlchHarmful;MagicAlchDamageMagickaRegen_CACO,0x73F2B,0x73F2B,,5.03000021,30,0,0,7.12624407,,0.360000014,2099207,5,0x42509;0x807A152,Damage Magicka Regen,,0.360000014,2099207,5,0x42509;0x807A152
Burnt Spriggan Wood,0x401CD6E,Fire Aversion,0x73F2D,0.319999993,5.78999996,30,1,0,0,0,0,1,1,0,MagicAlchHarmful;MagicAlchWeaknessFire,0x73F2D,0x73F2D,,5.78999996,30,1,1,7.39485693,,0.319999993,2101255,34,0x42509;0x74F4E,Fire Aversion,,0.319999993,2101255,34,0x42509;0x74F4E
Burnt Spriggan Wood,0x401CD6E,Fortify Alteration,0x3EB24,0.172000006,5.80999994,60,1,0,0,0,1,0,0,0,MagicAlchFortifyAlteration;MagicAlchBeneficial,0x3EB24,0x3EB24,,5.80999994,60,1,2,8.55241203,,0.172000006,2099202,34,0x65A1D;0xF8A4E,Fortify Alteration,,0.172000006,2099202,34,0x65A1D;0xF8A4E
Burnt Spriggan Wood,0x401CD6E,Slow,0x73F25,0.300000012,50,385,0,1,0,0,0,1,1,1,MagicAlchHarmful;MagicSlow;MagicAlchDurationBased,0x73F25,0x73F25,,50,385,1,3,1230.25513,,0.300000012,4200455,34,0x42509;0xB729E;0xF8A4F,Slow,,0.300000012,4200455,34,0x42509;0xB729E;0xF8A4F
Canis Root,0x6ABCB,Damage Stamina,0x3A2C6,4.5999999,9.98999977,1,1,0,0,0,0,1,1,0,MagicAlchHarmful;MagicAlchDamageStamina,0x3A2C6,0x3A2C6,,9.98999977,1,0,0,4.59494019,,4.5999999,2099205,0,0x42509;0x10F9DC,Damage Stamina,,4.5999999,2099205,0,0x42509;0x10F9DC
Canis Root,0x6ABCB,Fortify Archery,0x3EB1B,0.324999988,2.51999998,60,1,0,0,0,1,0,0,0,MagicAlchFortifyMarksman;MagicAlchBeneficial,0x3EB1B,0x3EB1B,,2.51999998,60,1,1,6.44748449,,0.324999988,2099202,34,0x65A21;0xF8A4E,Fortify Archery,,0.324999988,2099202,34,0x65A21;0xF8A4E
Canis Root,0x6ABCB,Silence,0x73F27,113,0,43,0,1,1,0,0,1,1,1,MagicAlchHarmful;MagicAlchDurationBased;MagicAlchSilence_CACO,0x73F27,0x73F27,,0,43,1,2,562.203796,,113,4197383,34,0x42509;0xF8A4F;0x807A150,Silence,,113,4197383,34,0x42509;0xF8A4F;0x807A150
Canis Root,0x6ABCB,Fortify Light Armor,0x3EB1F,0.50999999,0.779999971,60,1,0,0,0,1,0,0,0,MagicAlchFortifyLightArmor;MagicAlchBeneficial,0x3EB1F,0x3EB1F,,0.779999971,60,1,3,3.66046762,,0.50999999,2099202,34,0x65A24;0xF8A4E,Fortify Light Armor,,0.50999999,2099202,34,0x65A24;0xF8A4E
Canis Root Extract,0x85A97E8,Damage Stamina,0x3A2C6,4.5999999,11.1000004,1,1,0,0,0,0,1,1,0,MagicAlchHarmful;MagicAlchDamageStamina,0x3A2C6,0x3A2C6,,11.1000004,1,0,0,5.15956497,,4.5999999,2099205,0,0x42509;0x10F9DC,Damage Stamina,,4.5999999,2099205,0,0x42509;0x10F9DC
Canis Root Extract,0x85A97E8,Fortify Archery,0x3EB1B,0.324999988,2.79999995,60,1,0,0,0,1,0,0,0,MagicAlchFortifyMarksman;MagicAlchBeneficial,0x3EB1B,0x3EB1B,,2.79999995,60,1,1,7.23974943,,0.324999988,2099202,34,0x65A21;0xF8A4E,Fortify Archery,,0.324999988,2099202,34,0x65A21;0xF8A4E
Canis Root Extract,0x85A97E8,Silence,0x73F27,113,0,85,0,1,1,0,0,1,1,1,MagicAlchHarmful;MagicAlchDurationBased;MagicAlchSilence_CACO,0x73F27,0x73F27,,0,85,1,2,1189.70508,,113,4197383,34,0x42509;0xF8A4F;0x807A150,Silence,,113,4197383,34,0x42509;0xF8A4F;0x807A150
Canis Root Extract,0x85A97E8,Fortify Light Armor,0x3EB1F,0.50999999,1.54999995,60,1,0,0,0,1,0,0,0,MagicAlchFortifyLightArmor;MagicAlchBeneficial,0x3EB1F,0x3EB1F,,1.54999995,60,1,3,5.92790699,,0.50999999,2099202,34,0x65A24;0xF8A4E,Fortify Light Armor,,0.50999999,2099202,34,0x65A24;0xF8A4E
Cavefish,0x8326092,Damage Undead,0x10DE5F,8.30000019,10.4300003,1,1,0,0,0,0,1,1,0,MagicAlchHarmful;MagicAlchDamageHealth,0x10DE5F,0x10DE5F,,10.4300003,1,0,0,8.69342422,,8.30000019,2099205,0,0x42509;0x10F9DD,Damage Undead,,8.30000019,2099205,0,0x42509;0x10F9DD
Cavefish,0x8326092,Detect Life,0x804C7FF,18.6000004,0,450,0,1,1,0,1,0,0,1,MagicAlchBeneficial;MagicAlchDurationBased;MagicAlchDetectLife_CACO,0x804C7FF,0x804C7FF,,0,450,0,1,1224.74792,,18.6000004,205528082,1,0xF8A4E;0xF8A4F;0x8084356,Detect Life,,18.6000004,205528082,1,0xF8A4E;0xF8A4F;0x8084356
Cavefish,0x8326092,Resist Disease,0x806AE45,0.0149999997,100,2914,0,1,0,0,1,0,0,1,MagicAlchResistDisease_CACO;MagicAlchBeneficial;MagicAlchDurationBased,0x806AE45,0x806AE45,,100,2914,1,2,1221.88367,,0.0149999997,4198402,34,0x806AE46;0xF8A4E;0xF8A4F,Resist Disease,,0.0149999997,4198402,34,0x806AE46;0xF8A4E;0xF8A4F
Cavefish,0x8326092,Waterbreathing,0x3AC2D,7.69999981,0,765,0,1,1,0,1,0,0,1,MagicAlchBeneficial;MagicAlchDurationBased,0x3AC2D,0x3AC2D,,0,765,1,3,908.904724,,7.69999981,4197378,34,0xF8A4E;0xF8A4F,Waterbreathing,,7.69999981,4197378,34,0xF8A4E;0xF8A4F
Ceanothus Moth,0x8326094,Fortify Pickpocket,0x3EB20,0.270000011,3.22000003,60,1,0,0,0,1,0,0,0,MagicAlchFortifyPickPocket;MagicAlchBeneficial,0x3EB20,0x3EB20,,3.22000003,60,1,0,7.01409483,,0.270000011,2099202,34,0x65A25;0xF8A4E,Fortify Pickpocket,,0.270000011,2099202,34,0x65A25;0xF8A4E
Ceanothus Moth,0x8326094,Fortify Lockpicking,0x3EB21,0.579999983,2.79999995,30,1,0,0,0,1,0,0,0,MagicAlchFortifyLockpicking;MagicAlchBeneficial,0x3EB21,0x3EB21,,2.79999995,30,1,1,6.02747154,,0.579999983,2099202,34,0x65A26;0xF8A4E,Fortify Lockpicking,,0.579999983,2099202,34,0x65A26;0xF8A4E
Ceanothus Moth,0x8326094,Cure Poison,0x109ADD,35,1,0,0,0,0,1,1,0,0,0,MagicAlchBeneficial;MagicAlchCurePoison_CACO,0x109ADD,0x109ADD,,1,0,0,2,35,,35,6656,29,0xF8A4E;0x890B903,Cure Poison,,35,6656,29,0xF8A4E;0x890B903
Ceanothus Moth,0x8326094,Lingering Damage Undead,0x10DE5E,12.8000002,0.280000001,10,1,0,0,0,0,1,1,0,MagicAlchHarmful,0x10DE5E,0x10DE5E,,0.280000001,10,0,3,12.8000002,,12.8000002,2099205,0,0x42509,Lingering Damage Undead,,12.8000002,2099205,0,0x42509
Cecropia Moth,0x8326096,Ravage Health,0x73F26,0.550000012,6.94999981,10,1,0,0,0,0,1,1,0,MagicAlchHarmful,0x73F26,0x73F26,,6.94999981,10,0,0,4.64029932,,0.550000012,2099207,0,0x42509,Ravage Health,,0.550000012,2099207,0,0x42509
Cecropia Moth,0x8326096,Damage Health,0x3EB42,7.9000001,6.26000023,1,1,0,0,0,0,1,1,0,MagicAlchHarmful;MagicAlchDamageHealth,0x3EB42,0x3EB42,,6.26000023,1,0,1,4.71909714,,7.9000001,2099205,0,0x42509;0x10F9DD,Damage Health,,7.9000001,2099205,0,0x42509;0x10F9DD
Cecropia Moth,0x8326096,Fear,0x73F20,0.620000005,2.24000001,30,1,0,0,0,0,1,1,0,MagicAlchHarmful;MagicInfluence;MagicInfluenceFear,0x73F20,0x73F20,,2.24000001,30,0,2,5.04078245,,0.620000005,2099463,7,0x42509;0x78098;0x424E0,Fear,,0.620000005,2099463,7,0x42509;0x78098;0x424E0
Cecropia Moth,0x8326096,Resist Poison,0x90041,0.157000005,1.65999997,60,1,0,0,0,1,0,0,0,MagicAlchResistPoison;MagicAlchBeneficial,0x90041,0x90041,,1.65999997,60,1,3,1.96781826,,0.157000005,2101250,34,0x10EB5F;0xF8A4E,Resist Poison,,0.157000005,2101250,34,0x10EB5F;0xF8A4E
Charred Skeever Meat,0x52695,Resist Poison,0x90041,0.157000005,4.30000019,60,1,0,0,0,1,0,0,0,MagicAlchResistPoison;MagicAlchBeneficial,0x90041,0x90041,,4.30000019,60,1,0,5.6063652,,0.157000005,2101250,34,0x10EB5F;0xF8A4E,Resist Poison,,0.157000005,2101250,34,0x10EB5F;0xF8A4E
Charred Skeever Meat,0x52695,Stamina,0x3EB16,4.69999981,11.1000004,1,1,0,0,0,1,0,0,0,MagicAlchRestoreStamina;MagicAlchBeneficial,0x3EB16,0x3EB16,,11.1000004,1,1,1,5.27172947,,4.69999981,2099200,34,0x42504;0xF8A4E,Stamina,,4.69999981,2099200,34,0x42504;0xF8A4E
Charred Skeever Meat,0x52695,Health,0x3EB15,5.30000019,10.1800003,1,1,0,0,0,1,0,0,0,MagicAlchRestoreHealth;MagicAlchBeneficial,0x3EB15,0x3EB15,,10.1800003,1,1,2,5.40503407,,5.30000019,2099200,34,0x42503;0xF8A4E,Health,,5.30000019,2099200,34,0x42503;0xF8A4E
Charred Skeever Meat,0x52695,Cure Disease,0xAE722,45,1,0,0,0,0,1,1,0,0,0,MagicAlchBeneficial;MagicAlchCureDisease_CACO,0xAE722,0xAE722,,1,0,0,3,45,,45,6656,3,0xF8A4E;0x890B902,Cure Disease,,45,6656,3,0xF8A4E;0x890B902
Chaurus Eggs,0x3AD56,Poison Aversion,0x90042,0.389999986,3.8499999,30,1,0,0,0,0,1,1,0,MagicAlchHarmful;USKPMagicAlchWeaknessPoison,0x90042,0x90042,,3.8499999,30,1,0,5.75313759,,0.389999986,2101255,34,0x42509;0x706EE3A,Poison Aversion,,0.389999986,2101255,34,0x42509;0x706EE3A
Chaurus Eggs,0x3AD56,Night Eye,0x804C7FD,10.5,0,665,0,1,1,0,1,0,0,1,MagicNightEye;MagicAlchBeneficial;MagicAlchDurationBased,0x804C7FD,0x804C7FD,,0,665,1,1,1062.41248,,10.5,138546178,34,0xAD7C6;0xF8A4E;0xF8A4F,Night Eye,,10.5,138546178,34,0xAD7C6;0xF8A4E;0xF8A4F
Chaurus Eggs,0x3AD56,Invisibility,0x3EB3D,27,0,281,0,1,1,0,1,0,0,1,MagicInvisibility;MagicAlchBeneficial;MagicAlchDurationBased,0x3EB3D,0x3EB3D,,0,281,0,2,1059.10925,,27,4201474,11,0x1EA6F;0xF8A4E;0xF8A4F,Invisibility,,27,4201474,11,0x1EA6F;0xF8A4E;0xF8A4F
Chaurus Eggs,0x3AD56,Damage Magicka,0x3A2B6,4.5999999,7.21999979,1,1,0,0,0,0,1,1,0,MagicAlchHarmful;MagicAlchDamageMagicka,0x3A2B6,0x3A2B6,,7.21999979,1,0,3,3.21476126,,4.5999999,2099205,0,0x42509;0x10F9DE,Damage Magicka,,4.5999999,2099205,0,0x42509;0x10F9DE
Chaurus Hunter Antennae,0x20183B7,Fortify Conjuration,0x3EB25,0.172000006,6.23000002,60,1,0,0,0,1,0,0,0,MagicAlchFortifyConjuration;MagicAlchBeneficial,0x3EB25,0x3EB25,,6.23000002,60,1,0,9.23488998,,0.172000006,2099202,34,0x65A2A;0xF8A4E,Fortify Conjuration,,0.172000006,2099202,34,0x65A2A;0xF8A4E
Chaurus Hunter Antennae,0x20183B7,Damage Stamina,0x3A2C6,4.5999999,19.4300003,1,1,0,0,0,0,1,1,0,MagicAlchHarmful;MagicAlchDamageStamina,0x3A2C6,0x3A2C6,,19.4300003,1,0,1,9.55163956,,4.5999999,2099205,0,0x42509;0x10F9DC,Damage Stamina,,4.5999999,2099205,0,0x42509;0x10F9DC
Chaurus Hunter Antennae,0x20183B7,Damage Magicka Regen,0x73F2B,0.360000014,4.36000013,30,1,0,0,0,0,1,1,0,MagicAlchHarmful;MagicAlchDamageMagickaRegen_CACO,0x73F2B,0x73F2B,,4.36000013,30,0,2,6.08935165,,0.360000014,2099207,5,0x42509;0x807A152,Damage Magicka Regen,,0.360000014,2099207,5,0x42509;0x807A152
Chaurus Hunter Antennae,0x20183B7,Fortify Enchanting,0x3EB29,0.709999979,1.39999998,60,1,0,0,0,1,0,0,0,MagicAlchFortifyEnchanting;MagicAlchBeneficial,0x3EB29,0x3EB29,,1.39999998,60,1,3,7.37845659,,0.709999979,2099202,34,0x65A2E;0xF8A4E,Fortify Enchanting,,0.709999979,2099202,34,0x65A2E;0xF8A4E
Chicken Egg,0x23D77,Fortify Alteration,0x3EB24,0.172000006,2.91000009,60,1,0,0,0,1,0,0,0,MagicAlchFortifyAlteration;MagicAlchBeneficial,0x3EB24,0x3EB24,,2.91000009,60,1,0,3.99739623,,0.172000006,2099202,34,0x65A1D;0xF8A4E,Fortify Alteration,,0.172000006,2099202,34,0x65A1D;0xF8A4E
Chicken Egg,0x23D77,Resist Paralysis,0x806AE49,19,0,166,0,1,1,0,1,0,0,1,MagicAlchResistParalysis_CACO;MagicAlchDurationBased;MagicAlchBeneficial,0x806AE49,0x806AE49,,0,166,1,1,417.707764,,19,4201474,34,0x806AE4A;0xF8A4F;0xF8A4E,Resist Paralysis,,19,4201474,34,0x806AE4A;0xF8A4F;0xF8A4E
Chicken Egg,0x23D77,Resist Poison,0x90041,0.157000005,0.99000001,60,1,0,0,0,1,0,0,0,MagicAlchResistPoison;MagicAlchBeneficial,0x90041,0x90041,,0.99000001,60,1,2,1.12684989,,0.157000005,2101250,34,0x10EB5F;0xF8A4E,Resist Poison,,0.157000005,2101250,34,0x10EB5F;0xF8A4E
Chicken Egg,0x23D77,Damage Magicka Regen,0x73F2B,0.360000014,1.00999999,30,1,0,0,0,0,1,1,0,MagicAlchHarmful;MagicAlchDamageMagickaRegen_CACO,0x73F2B,0x73F2B,,1.00999999,30,0,3,1.21867931,,0.360000014,2099207,5,0x42509;0x807A152,Damage Magicka Regen,,0.360000014,2099207,5,0x42509;0x807A152
Chicken Feathers,0x1CC0640,Fortify Unarmed,0x804C7FE,1.42999995,0.270000011,60,1,0,0,0,1,0,0,0,MagicAlchBeneficial;MagicAlchFortifyUnarmed_CACO,0x804C7FE,0x804C7FE,,0.270000011,60,1,0,10.2636642,,1.42999995,2099202,34,0xF8A4E;0x806AE47,Fortify Unarmed,,1.42999995,2099202,34,0xF8A4E;0x806AE47
Chicken Feathers,0x1CC0640,Fortify Pickpocket,0x3EB20,0.270000011,1.39999998,60,1,0,0,0,1,0,0,0,MagicAlchFortifyPickPocket;MagicAlchBeneficial,0x3EB20,0x3EB20,,1.39999998,60,1,1,2.80589223,,0.270000011,2099202,34,0x65A25;0xF8A4E,Fortify Pickpocket,,0.270000011,2099202,34,0x65A25;0xF8A4E
Chicken Feathers,0x1CC0640,Cure Poison,0x109ADD,35,1,0,0,0,0,1,1,0,0,0,MagicAlchBeneficial;MagicAlchCurePoison_CACO,0x109ADD,0x109ADD,,1,0,0,2,35,,35,6656,29,0xF8A4E;0x890B903,Cure Poison,,35,6656,29,0xF8A4E;0x890B903
Chicken Feathers,0x1CC0640,Shock Aversion,0x73F2F,0.319999993,2.23000002,30,1,0,0,0,0,1,1,0,MagicAlchHarmful;MagicAlchWeaknessShock,0x73F2F,0x73F2F,,2.23000002,30,1,3,2.58892059,,0.319999993,2101255,34,0x42509;0x74F50,Shock Aversion,,0.319999993,2101255,34,0x42509;0x74F50
Chokeberries,0xFE004838,Poison Aversion,0x90042,0.389999986,5.03000021,45,1,0,0,0,0,1,1,0,MagicAlchHarmful;USKPMagicAlchWeaknessPoison,0x90042,0x90042,,5.03000021,45,1,0,12.05933,,0.389999986,2101255,34,0x42509;0x706EE3A,Poison Aversion,,0.389999986,2101255,34,0x42509;0x706EE3A
Chokeberries,0xFE004838,Damage Health,0x3EB42,7.9000001,13.8999996,1,1,0,0,0,0,1,1,0,MagicAlchHarmful;MagicAlchDamageHealth,0x3EB42,0x3EB42,,13.8999996,1,0,1,11.348629,,7.9000001,2099205,0,0x42509;0x10F9DD,Damage Health,,7.9000001,2099205,0,0x42509;0x10F9DD
Chokeberries,0xFE004838,Silence,0x73F27,113,0,85,0,1,1,0,0,1,1,1,MagicAlchHarmful;MagicAlchDurationBased;MagicAlchSilence_CACO,0x73F27,0x73F27,,0,85,1,2,1189.70508,,113,4197383,34,0x42509;0xF8A4F;0x807A150,Silence,,113,4197383,34,0x42509;0xF8A4F;0x807A150
Chokeberries,0xFE004838,Frenzy,0x73F29,0.620000005,1.39999998,30,1,0,0,0,0,1,1,0,MagicAlchHarmful;MagicInfluence;MagicInfluenceFrenzy,0x73F29,0x73F29,,1.39999998,30,0,3,3.00584006,,0.620000005,2099463,8,0x42509;0x78098;0xC44B6,Frenzy,,0.620000005,2099463,8,0x42509;0x78098;0xC44B6
Chokeberries,0x8181825,Poison Aversion,0x90042,0.389999986,5.03000021,45,1,0,0,0,0,1,1,0,MagicAlchHarmful;USKPMagicAlchWeaknessPoison,0x90042,0x90042,,5.03000021,45,1,0,12.05933,,0.389999986,2101255,34,0x42509;0x706EE3A,Poison Aversion,,0.389999986,2101255,34,0x42509;0x706EE3A
Chokeberries,0x8181825,Damage Health,0x3EB42,7.9000001,13.8999996,1,1,0,0,0,0,1,1,0,MagicAlchHarmful;MagicAlchDamageHealth,0x3EB42,0x3EB42,,13.8999996,1,0,1,11.348629,,7.9000001,2099205,0,0x42509;0x10F9DD,Damage Health,,7.9000001,2099205,0,0x42509;0x10F9DD
Chokeberries,0x8181825,Silence,0x73F27,113,0,85,0,1,1,0,0,1,1,1,MagicAlchHarmful;MagicAlchDurationBased;MagicAlchSilence_CACO,0x73F27,0x73F27,,0,85,1,2,1189.70508,,113,4197383,34,0x42509;0xF8A4F;0x807A150,Silence,,113,4197383,34,0x42509;0xF8A4F;0x807A150
Chokeberries,0x8181825,Frenzy,0x73F29,0.620000005,1.39999998,30,1,0,0,0,0,1,1,0,MagicAlchHarmful;MagicInfluence;MagicInfluenceFrenzy,0x73F29,0x73F29,,1.39999998,30,0,3,3.00584006,,0.620000005,2099463,8,0x42509;0x78098;0xC44B6,Frenzy,,0.620000005,2099463,8,0x42509;0x78098;0xC44B6
Chokeweed,0xFE004804,Frost Aversion,0x73F2E,0.319999993,5,30,1,0,0,0,0,1,1,0,MagicAlchHarmful;MagicAlchWeaknessFrost,0x73F2E,0x73F2E,,5,30,1,0,6.29289341,,0.319999993,2101255,34,0x42509;0x74F4F,Frost Aversion,,0.319999993,2101255,34,0x42509;0x74F4F
Chokeweed,0xFE004804,Stamina,0x3EB16,4.69999981,9.30000019,1,1,0,0,0,1,0,0,0,MagicAlchRestoreStamina;MagicAlchBeneficial,0x3EB16,0x3EB16,,9.30000019,1,1,1,4.33939409,,4.69999981,2099200,34,0x42504;0xF8A4E,Stamina,,4.69999981,2099200,34,0x42504;0xF8A4E
Chokeweed,0xFE004804,Resist Disease,0x806AE45,0.0149999997,100,30,0,1,0,0,1,0,0,1,MagicAlchResistDisease_CACO;MagicAlchBeneficial;MagicAlchDurationBased,0x806AE45,0x806AE45,,100,30,1,2,7.96021366,,0.0149999997,4198402,34,0x806AE46;0xF8A4E;0xF8A4F,Resist Disease,,0.0149999997,4198402,34,0x806AE46;0xF8A4E;0xF8A4F
Chokeweed,0xFE004804,Drain Intelligence,0x804C7FB,0.670000017,2.5,30,1,0,0,0,0,1,1,0,MagicAlchHarmful;MagicAlchDrainIntelligence_CACO,0x804C7FB,0x804C7FB,,2.5,30,0,3,6.14670277,,0.670000017,2103303,0,0x42509;0x825B701,Drain Intelligence,,0.670000017,2103303,0,0x42509;0x825B701
Clouded Funnel Cap,0x8A10059,Damage Magicka,0x3A2B6,4.5999999,8.32999992,1,1,0,0,0,0,1,1,0,MagicAlchHarmful;MagicAlchDamageMagicka,0x3A2B6,0x3A2B6,,8.32999992,1,0,0,3.76242065,,4.5999999,2099205,0,0x42509;0x10F9DE,Damage Magicka,,4.5999999,2099205,0,0x42509;0x10F9DE
Clouded Funnel Cap,0x8A10059,Magicka,0x3EB17,4.69999981,6.94000006,1,1,0,0,0,1,0,0,0,MagicAlchRestoreMagicka;MagicAlchBeneficial,0x3EB17,0x3EB17,,6.94000006,1,1,1,3.14480186,,4.69999981,2099200,34,0x42508;0xF8A4E,Magicka,,4.69999981,2099200,34,0x42508;0xF8A4E
Clouded Funnel Cap,0x8A10059,Damage Stamina,0x3A2C6,4.5999999,7.21999979,1,1,0,0,0,0,1,1,0,MagicAlchHarmful;MagicAlchDamageStamina,0x3A2C6,0x3A2C6,,7.21999979,1,0,2,3.21476126,,4.5999999,2099205,0,0x42509;0x10F9DC,Damage Stamina,,4.5999999,2099205,0,0x42509;0x10F9DC
Clouded Funnel Cap,0x8A10059,Fortify Conjuration,0x3EB25,0.172000006,2.07999992,60,1,0,0,0,1,0,0,0,MagicAlchFortifyConjuration;MagicAlchBeneficial,0x3EB25,0x3EB25,,2.07999992,60,1,3,2.76289582,,0.172000006,2099202,34,0x65A2A;0xF8A4E,Fortify Conjuration,,0.172000006,2099202,34,0x65A2A;0xF8A4E
Coda Flower,0xFE004805,Lingering Damage Health,0x10AA4A,12.3999996,0.5,10,1,0,0,0,0,1,1,0,MagicAlchHarmful,0x10AA4A,0x10AA4A,,0.5,10,0,0,12.3999996,,12.3999996,2099205,0,0x42509,Lingering Damage Health,,12.3999996,2099205,0,0x42509
Coda Flower,0xFE004805,Drain Intelligence,0x804C7FB,0.670000017,2.75,30,1,0,0,0,0,1,1,0,MagicAlchHarmful;MagicAlchDrainIntelligence_CACO,0x804C7FB,0x804C7FB,,2.75,30,0,1,6.82612419,,0.670000017,2103303,0,0x42509;0x825B701,Drain Intelligence,,0.670000017,2103303,0,0x42509;0x825B701
Coda Flower,0xFE004805,Silence,0x73F27,113,0,85,0,1,1,0,0,1,1,1,MagicAlchHarmful;MagicAlchDurationBased;MagicAlchSilence_CACO,0x73F27,0x73F27,,0,85,1,2,1189.70508,,113,4197383,34,0x42509;0xF8A4F;0x807A150,Silence,,113,4197383,34,0x42509;0xF8A4F;0x807A150
Coda Flower,0xFE004805,Waterwalking,0x40390E1,9.39999962,0,665,0,1,1,0,1,0,0,1,MagicAlchBeneficial;MagicAlchDurationBased,0x40390E1,0x40390E1,,0,665,1,3,951.112061,,9.39999962,4197378,34,0xF8A4E;0xF8A4F,Waterwalking,,9.39999962,4197378,34,0xF8A4E;0xF8A4F
Columbine Root Extract,0x85A97E6,Fortify Speech,0xD6947,0.270000011,2.75,60,1,0,0,0,1,0,0,0,MagicAlchFortifySpeechcraft;MagicAlchBeneficial,0xD6947,0xD6947,,2.75,60,1,0,5.89652538,,0.270000011,2099202,34,0x65A29;0xF8A4E,Fortify Speech,,0.270000011,2099202,34,0x65A29;0xF8A4E
Columbine Root Extract,0x85A97E6,Magicka Fortification,0x3EAF8,0.129999995,5.55000019,60,1,0,0,0,1,0,0,0,MagicAlchFortifyMagicka;MagicAlchBeneficial,0x3EAF8,0x3EAF8,,5.55000019,60,1,1,6.14655924,,0.129999995,2099202,34,0x65A33;0xF8A4E,Magicka Fortification,,0.129999995,2099202,34,0x65A33;0xF8A4E
Columbine Root Extract,0x85A97E6,Resist Frost,0x3EAEB,0.36500001,2.20000005,60,1,0,0,0,1,0,0,0,MagicAlchResistFrost;MagicAlchBeneficial,0x3EAEB,0x3EAEB,,2.20000005,60,1,2,6.23626089,,0.36500001,2101250,34,0x65A38;0xF8A4E,Resist Frost,,0.36500001,2101250,34,0x65A38;0xF8A4E
Columbine Root Extract,0x85A97E6,Etherealize,0x80425EF,174,0,53,0,1,1,0,1,0,0,1,MagicAlchDurationBased;MagicAlchBeneficial;MagicAlchEtherealize_CACO,0x80425EF,0x80425EF,,0,53,0,3,1089.56396,,174,4201472,41,0xF8A4F;0xF8A4E;0x807A151,Etherealize,,174,4201472,41,0xF8A4F;0xF8A4E;0x807A151
Columbine Root Pulp,0x8102EC0,Fortify Speech,0xD6947,0.270000011,2.75,60,1,0,0,0,1,0,0,0,MagicAlchFortifySpeechcraft;MagicAlchBeneficial,0xD6947,0xD6947,,2.75,60,1,0,5.89652538,,0.270000011,2099202,34,0x65A29;0xF8A4E,Fortify Speech,,0.270000011,2099202,34,0x65A29;0xF8A4E
Columbine Root Pulp,0x8102EC0,Magicka Fortification,0x3EAF8,0.129999995,4.71999979,60,1,0,0,0,1,0,0,0,MagicAlchFortifyMagicka;MagicAlchBeneficial,0x3EAF8,0x3EAF8,,4.71999979,60,1,1,5.14334869,,0.129999995,2099202,34,0x65A33;0xF8A4E,Magicka Fortification,,0.129999995,2099202,34,0x65A33;0xF8A4E
Columbine Root Pulp,0x8102EC0,Resist Frost,0x3EAEB,0.36500001,0.99000001,60,1,0,0,0,1,0,0,0,MagicAlchResistFrost;MagicAlchBeneficial,0x3EAEB,0x3EAEB,,0.99000001,60,1,2,2.61974669,,0.36500001,2101250,34,0x65A38;0xF8A4E,Resist Frost,,0.36500001,2101250,34,0x65A38;0xF8A4E
Columbine Root Pulp,0x8102EC0,Etherealize,0x80425EF,174,0,27,0,1,1,0,1,0,0,1,MagicAlchDurationBased;MagicAlchBeneficial;MagicAlchEtherealize_CACO,0x80425EF,0x80425EF,,0,27,0,3,518.85907,,174,4201472,41,0xF8A4F;0xF8A4E;0x807A151,Etherealize,,174,4201472,41,0xF8A4F;0xF8A4E;0x807A151
Comberry,0xFE004806,Drain Strength,0x80476F6,0.670000017,3.0999999,30,1,0,0,0,0,1,1,0,MagicAlchHarmful,0x80476F6,0x80476F6,,3.0999999,30,0,0,7.78764296,,0.670000017,2103303,5,0x42509,Drain Strength,,0.670000017,2103303,5,0x42509
Comberry,0xFE004806,Spell Absorption,0xFE004812,0.100000001,50,60,0,1,0,0,1,0,0,0,MagicAlchBeneficial,0xFE004812,0xFE004812,,50,60,1,1,53.0680923,,0.100000001,4194306,34,0xF8A4E,Spell Absorption,,0.100000001,4194306,34,0xF8A4E
Comberry,0xFE004806,Magicka,0x3EB17,4.69999981,9.19999981,1,1,0,0,0,1,0,0,0,MagicAlchRestoreMagicka;MagicAlchBeneficial,0x3EB17,0x3EB17,,9.19999981,1,1,2,4.28809547,,4.69999981,2099200,34,0x42508;0xF8A4E,Magicka,,4.69999981,2099200,34,0x42508;0xF8A4E
Comberry,0xFE004806,Fortify Destruction,0x3EB26,0.324999988,2.20000005,60,1,0,0,0,1,0,0,0,MagicAlchFortifyDestruction;MagicAlchBeneficial,0x3EB26,0x3EB26,,2.20000005,60,1,3,5.55283451,,0.324999988,2099202,34,0x65A2B;0xF8A4E,Fortify Destruction,,0.324999988,2099202,34,0x65A2B;0xF8A4E
Comet Moth,0x832609C,Damage Stamina Regen,0x73F2C,0.344999999,2.68000007,30,1,0,0,0,0,1,1,0,MagicAlchHarmful,0x73F2C,0x73F2C,,2.68000007,30,0,0,3.41665196,,0.344999999,2099207,5,0x42509,Damage Stamina Regen,,0.344999999,2099207,5,0x42509
Comet Moth,0x832609C,Fortify Alteration,0x3EB24,0.172000006,3.31999993,60,1,0,0,0,1,0,0,0,MagicAlchFortifyAlteration;MagicAlchBeneficial,0x3EB24,0x3EB24,,3.31999993,60,1,1,4.62111473,,0.172000006,2099202,34,0x65A1D;0xF8A4E,Fortify Alteration,,0.172000006,2099202,34,0x65A1D;0xF8A4E
Comet Moth,0x832609C,Fortify Block,0x3EB1C,0.49000001,1.09000003,60,1,0,0,0,1,0,0,0,MagicAlchFortifyBlock;MagicAlchBeneficial,0x3EB1C,0x3EB1C,,1.09000003,60,1,2,3.86662126,,0.49000001,2099202,34,0x65A1E;0xF8A4E,Fortify Block,,0.49000001,2099202,34,0x65A1E;0xF8A4E
Comet Moth,0x832609C,Fortify Heavy Armor,0x3EB1E,0.50999999,0.930000007,60,1,0,0,0,1,0,0,0,MagicAlchFortifyHeavyArmor;MagicAlchBeneficial,0x3EB1E,0x3EB1E,,0.930000007,60,1,3,3.66046762,,0.50999999,2099202,34,0x65A23;0xF8A4E,Fortify Heavy Armor,,0.50999999,2099202,34,0x65A23;0xF8A4E
Common Blue Butterfly,0x832609A,Frost Aversion,0x73F2E,0.319999993,4.44999981,30,1,0,0,0,0,1,1,0,MagicAlchHarmful;MagicAlchWeaknessFrost,0x73F2E,0x73F2E,,4.44999981,30,1,0,5.53578711,,0.319999993,2101255,34,0x42509;0x74F4F,Frost Aversion,,0.319999993,2101255,34,0x42509;0x74F4F
Common Blue Butterfly,0x832609A,Cure Disease,0xAE722,45,1,0,0,0,0,1,1,0,0,0,MagicAlchBeneficial;MagicAlchCureDisease_CACO,0xAE722,0xAE722,,1,0,0,1,45,,45,6656,3,0xF8A4E;0x890B902,Cure Disease,,45,6656,3,0xF8A4E;0x890B902
Common Blue Butterfly,0x832609A,Health Regeneration,0x3EB06,0.0252,4.1500001,300,1,0,0,0,1,0,0,0,MagicAlchFortifyHealRate;MagicAlchBeneficial,0x3EB06,0x3EB06,,4.1500001,300,1,2,5.08261108,,0.0252,2099202,34,0x65A30;0xF8A4E,Health Regeneration,,0.0252,2099202,34,0x65A30;0xF8A4E
Common Blue Butterfly,0x832609A,Magicka Regeneration,0x3EB07,0.0252,4.1500001,180,1,0,0,0,1,0,0,0,MagicAlchFortifyMagickaRate;MagicAlchBeneficial,0x3EB07,0x3EB07,,4.1500001,180,1,3,2.89769912,,0.0252,2099202,34,0x65A34;0xF8A4E,Magicka Regeneration,,0.0252,2099202,34,0x65A34;0xF8A4E
Common Shiner,0x832609E,Resist Disease,0x806AE45,0.0149999997,100,1998,0,1,0,0,1,0,0,1,MagicAlchResistDisease_CACO;MagicAlchBeneficial;MagicAlchDurationBased,0x806AE45,0x806AE45,,100,1998,1,0,806.763794,,0.0149999997,4198402,34,0x806AE46;0xF8A4E;0xF8A4F,Resist Disease,,0.0149999997,4198402,34,0x806AE46;0xF8A4E;0xF8A4F
Common Shiner,0x832609E,Fortify Smithing,0x3EB1D,1.51999998,1.12,30,1,0,0,0,1,0,0,0,MagicAlchFortifySmithing;MagicAlchBeneficial,0x3EB1D,0x3EB1D,,1.12,30,1,1,5.76523256,,1.51999998,2099202,34,0x65A22;0xF8A4E,Fortify Smithing,,1.51999998,2099202,34,0x65A22;0xF8A4E
Common Shiner,0x832609E,Fortify Unarmed,0x804C7FE,1.42999995,0.319999993,60,1,0,0,0,1,0,0,0,MagicAlchBeneficial;MagicAlchFortifyUnarmed_CACO,0x804C7FE,0x804C7FE,,0.319999993,60,1,2,10.2636642,,1.42999995,2099202,34,0xF8A4E;0x806AE47,Fortify Unarmed,,1.42999995,2099202,34,0xF8A4E;0x806AE47
Common Shiner,0x832609E,Waterbreathing,0x3AC2D,7.69999981,0,233,0,1,1,0,1,0,0,1,MagicAlchBeneficial;MagicAlchDurationBased,0x3AC2D,0x3AC2D,,0,233,1,3,245.800217,,7.69999981,4197378,34,0xF8A4E;0xF8A4F,Waterbreathing,,7.69999981,4197378,34,0xF8A4E;0xF8A4F
Congealed Putrescence,0xFE004807,Ravage Health,0x73F26,0.550000012,8,10,1,0,0,0,0,1,1,0,MagicAlchHarmful,0x73F26,0x73F26,,8,10,0,0,5.41703558,,0.550000012,2099207,0,0x42509,Ravage Health,,0.550000012,2099207,0,0x42509
Congealed Putrescence,0xFE004807,Magicka,0x3EB17,4.69999981,9.19999981,1,1,0,0,0,1,0,0,0,MagicAlchRestoreMagicka;MagicAlchBeneficial,0x3EB17,0x3EB17,,9.19999981,1,1,1,4.28809547,,4.69999981,2099200,34,0x42508;0xF8A4E,Magicka,,4.69999981,2099200,34,0x42508;0xF8A4E
Congealed Putrescence,0xFE004807,Fire Aversion,0x73F2D,0.319999993,4.44999981,30,1,0,0,0,0,1,1,0,MagicAlchHarmful;MagicAlchWeaknessFire,0x73F2D,0x73F2D,,4.44999981,30,1,2,5.53578711,,0.319999993,2101255,34,0x42509;0x74F4E,Fire Aversion,,0.319999993,2101255,34,0x42509;0x74F4E
Congealed Putrescence,0xFE004807,Fortify Conjuration,0x3EB25,0.172000006,3.0999999,60,1,0,0,0,1,0,0,0,MagicAlchFortifyConjuration;MagicAlchBeneficial,0x3EB25,0x3EB25,,3.0999999,60,1,3,4.28541327,,0.172000006,2099202,34,0x65A2A;0xF8A4E,Fortify Conjuration,,0.172000006,2099202,34,0x65A2A;0xF8A4E
Corkbulb Root,0xFE004809,Resist Paralysis,0x806AE49,19,0,331,0,1,1,0,1,0,0,1,MagicAlchResistParalysis_CACO;MagicAlchDurationBased;MagicAlchBeneficial,0x806AE49,0x806AE49,,0,331,1,0,892.410095,,19,4201474,34,0x806AE4A;0xF8A4F;0xF8A4E,Resist Paralysis,,19,4201474,34,0x806AE4A;0xF8A4F;0xF8A4E
Corkbulb Root,0xFE004809,Health,0x3EB15,5.30000019,9.25,1,1,0,0,0,1,0,0,0,MagicAlchRestoreHealth;MagicAlchBeneficial,0x3EB15,0x3EB15,,9.25,1,1,1,4.86442804,,5.30000019,2099200,34,0x42503;0xF8A4E,Health,,5.30000019,2099200,34,0x42503;0xF8A4E
Corkbulb Root,0xFE004809,Resist Shock,0x3EAEC,0.36500001,2.0999999,60,1,0,0,0,1,0,0,0,MagicAlchResistShock;MagicAlchBeneficial,0x3EAEC,0x3EAEC,,2.0999999,60,1,2,5.92516565,,0.36500001,2101250,34,0x65A39;0xF8A4E,Resist Shock,,0.36500001,2101250,34,0x65A39;0xF8A4E
Corkbulb Root,0xFE004809,Fortify Archery,0x3EB1B,0.324999988,2.0999999,60,1,0,0,0,1,0,0,0,MagicAlchFortifyMarksman;MagicAlchBeneficial,0x3EB1B,0x3EB1B,,2.0999999,60,1,3,5.27583218,,0.324999988,2099202,34,0x65A21;0xF8A4E,Fortify Archery,,0.324999988,2099202,34,0x65A21;0xF8A4E
Creep Cluster,0xB2183,Feather,0x3EB01,0.0469999984,2.98000002,300,1,0,0,0,1,0,0,0,MagicAlchFortifyCarryWeight;MagicAlchBeneficial,0x3EB01,0x3EB01,,2.98000002,300,1,0,6.58520269,,0.0469999984,2099202,34,0x65A2F;0xF8A4E,Feather,,0.0469999984,2099202,34,0x65A2F;0xF8A4E
Creep Cluster,0xB2183,Damage Stamina Regen,0x73F2C,0.344999999,3.01999998,30,1,0,0,0,0,1,1,0,MagicAlchHarmful,0x73F2C,0x73F2C,,3.01999998,30,0,1,3.89636922,,0.344999999,2099207,5,0x42509,Damage Stamina Regen,,0.344999999,2099207,5,0x42509
Creep Cluster,0xB2183,Magic Aversion,0x73F51,0.430000007,2.70000005,30,1,0,0,0,0,1,1,0,MagicAlchHarmful;MagicAlchWeaknessMagic,0x73F51,0x73F51,,2.70000005,30,1,2,4.29340696,,0.430000007,2101255,34,0x42509;0x74F51,Magic Aversion,,0.430000007,2101255,34,0x42509;0x74F51
Creep Cluster,0xB2183,Magicka,0x3EB17,4.69999981,6.48000002,1,1,0,0,0,1,0,0,0,MagicAlchRestoreMagicka;MagicAlchBeneficial,0x3EB17,0x3EB17,,6.48000002,1,1,3,2.91628766,,4.69999981,2099200,34,0x42508;0xF8A4E,Magicka,,4.69999981,2099200,34,0x42508;0xF8A4E
Creep Cluster Extract,0x85A97E4,Feather,0x3EB01,0.0469999984,3.30999994,300,1,0,0,0,1,0,0,0,MagicAlchFortifyCarryWeight;MagicAlchBeneficial,0x3EB01,0x3EB01,,3.30999994,300,1,0,7.39166117,,0.0469999984,2099202,34,0x65A2F;0xF8A4E,Feather,,0.0469999984,2099202,34,0x65A2F;0xF8A4E
Creep Cluster Extract,0x85A97E4,Damage Stamina Regen,0x73F2C,0.344999999,3.3499999,30,1,0,0,0,0,1,1,0,MagicAlchHarmful,0x73F2C,0x73F2C,,3.3499999,30,0,1,4.36718655,,0.344999999,2099207,5,0x42509,Damage Stamina Regen,,0.344999999,2099207,5,0x42509
Creep Cluster Extract,0x85A97E4,Magic Aversion,0x73F51,0.430000007,4.1500001,30,1,0,0,0,0,1,1,0,MagicAlchHarmful;MagicAlchWeaknessMagic,0x73F51,0x73F51,,4.1500001,30,1,2,6.88897848,,0.430000007,2101255,34,0x42509;0x74F51,Magic Aversion,,0.430000007,2101255,34,0x42509;0x74F51
Creep Cluster Extract,0x85A97E4,Magicka,0x3EB17,4.69999981,9.25,1,1,0,0,0,1,0,0,0,MagicAlchRestoreMagicka;MagicAlchBeneficial,0x3EB17,0x3EB17,,9.25,1,1,3,4.31373787,,4.69999981,2099200,34,0x42508;0xF8A4E,Magicka,,4.69999981,2099200,34,0x42508;0xF8A4E
Crimson Marsh Glider,0x8660005,Resist Paralysis,0x806AE49,19,0,298,0,1,1,0,1,0,0,1,MagicAlchResistParalysis_CACO;MagicAlchDurationBased;MagicAlchBeneficial,0x806AE49,0x806AE49,,0,298,1,0,795.044739,,19,4201474,34,0x806AE4A;0xF8A4F;0xF8A4E,Resist Paralysis,,19,4201474,34,0x806AE4A;0xF8A4F;0xF8A4E
Crimson Marsh Glider,0x8660005,Cure Disease,0xAE722,45,1,0,0,0,0,1,1,0,0,0,MagicAlchBeneficial;MagicAlchCureDisease_CACO,0xAE722,0xAE722,,1,0,0,1,45,,45,6656,3,0xF8A4E;0x890B902,Cure Disease,,45,6656,3,0xF8A4E;0x890B902
Crimson Marsh Glider,0x8660005,Waterwalking,0x40390E1,9.39999962,0,333,0,1,1,0,1,0,0,1,MagicAlchBeneficial;MagicAlchDurationBased,0x40390E1,0x40390E1,,0,333,1,2,444.443451,,9.39999962,4197378,34,0xF8A4E;0xF8A4F,Waterwalking,,9.39999962,4197378,34,0xF8A4E;0xF8A4F
Crimson Marsh Glider,0x8660005,Poison Aversion,0x90042,0.389999986,2.3499999,30,1,0,0,0,0,1,1,0,MagicAlchHarmful;USKPMagicAlchWeaknessPoison,0x90042,0x90042,,2.3499999,30,1,3,3.34250927,,0.389999986,2101255,34,0x42509;0x706EE3A,Poison Aversion,,0.389999986,2101255,34,0x42509;0x706EE3A
Crimson Nirnroot,0xB701A,Damage Health,0x3EB42,7.9000001,12.1599998,1,1,0,0,0,0,1,1,0,MagicAlchHarmful;MagicAlchDamageHealth,0x3EB42,0x3EB42,,12.1599998,1,0,0,9.79611778,,7.9000001,2099205,0,0x42509;0x10F9DD,Damage Health,,7.9000001,2099205,0,0x42509;0x10F9DD
Crimson Nirnroot,0xB701A,Invisibility,0x3EB3D,27,0,397,0,1,1,0,1,0,0,1,MagicInvisibility;MagicAlchBeneficial;MagicAlchDurationBased,0x3EB3D,0x3EB3D,,0,397,0,1,1548.93555,,27,4201474,11,0x1EA6F;0xF8A4E;0xF8A4F,Invisibility,,27,4201474,11,0x1EA6F;0xF8A4E;0xF8A4F
Crimson Nirnroot,0xB701A,Resist Magic,0x39E51,1.24000001,0.99000001,60,1,0,0,0,1,0,0,0,MagicAlchResistMagic;MagicAlchBeneficial,0x39E51,0x39E51,,0.99000001,60,1,2,8.89996052,,1.24000001,2103298,34,0x65A3A;0xF8A4E,Resist Magic,,1.24000001,2103298,34,0x65A3A;0xF8A4E
Crimson Nirnroot,0xB701A,Drain Strength,0x80476F6,0.670000017,2.75,30,1,0,0,0,0,1,1,0,MagicAlchHarmful,0x80476F6,0x80476F6,,2.75,30,0,3,6.82612419,,0.670000017,2103303,5,0x42509,Drain Strength,,0.670000017,2103303,5,0x42509
Crushed Amber,0x1CC0634,Health,0x3EB15,5.30000019,12.4899998,1,1,0,0,0,1,0,0,0,MagicAlchRestoreHealth;MagicAlchBeneficial,0x3EB15,0x3EB15,,12.4899998,1,1,0,6.76853275,,5.30000019,2099200,34,0x42503;0xF8A4E,Health,,5.30000019,2099200,34,0x42503;0xF8A4E
Crushed Amber,0x1CC0634,Resist Fire,0x3EAEA,0.36500001,2.20000005,60,1,0,0,0,1,0,0,0,MagicAlchResistFire;MagicAlchBeneficial,0x3EAEA,0x3EAEA,,2.20000005,60,1,1,6.23626089,,0.36500001,2101250,34,0x65A37;0xF8A4E,Resist Fire,,0.36500001,2101250,34,0x65A37;0xF8A4E
Crushed Amber,0x1CC0634,Resist Disease,0x806AE45,0.0149999997,100,1665,0,1,0,0,1,0,0,1,MagicAlchResistDisease_CACO;MagicAlchBeneficial;MagicAlchDurationBased,0x806AE45,0x806AE45,,100,1665,1,2,660.156677,,0.0149999997,4198402,34,0x806AE46;0xF8A4E;0xF8A4F,Resist Disease,,0.0149999997,4198402,34,0x806AE46;0xF8A4E;0xF8A4F
Crushed Amber,0x1CC0634,Speed,0x80425F1,0.0979999974,1,120,1,0,0,0,1,0,0,0,MagicAlchBeneficial;MagicAlchFortifySpeed_CACO,0x80425F1,0x80425F1,,1,120,1,3,1.50773656,,0.0979999974,2101250,34,0xF8A4E;0x806AE48,Speed,,0.0979999974,2101250,34,0xF8A4E;0x806AE48
Crushed Ant Paste,0x83260A0,Fortify Unarmed,0x804C7FE,1.42999995,0.579999983,60,1,0,0,0,1,0,0,0,MagicAlchBeneficial;MagicAlchFortifyUnarmed_CACO,0x804C7FE,0x804C7FE,,0.579999983,60,1,0,10.2636642,,1.42999995,2099202,34,0xF8A4E;0x806AE47,Fortify Unarmed,,1.42999995,2099202,34,0xF8A4E;0x806AE47
Crushed Ant Paste,0x83260A0,Feather,0x3EB01,0.0469999984,3.30999994,300,1,0,0,0,1,0,0,0,MagicAlchFortifyCarryWeight;MagicAlchBeneficial,0x3EB01,0x3EB01,,3.30999994,300,1,1,7.39166117,,0.0469999984,2099202,34,0x65A2F;0xF8A4E,Feather,,0.0469999984,2099202,34,0x65A2F;0xF8A4E
Crushed Ant Paste,0x83260A0,Cure Poison,0x109ADD,35,1,0,0,0,0,1,1,0,0,0,MagicAlchBeneficial;MagicAlchCurePoison_CACO,0x109ADD,0x109ADD,,1,0,0,2,35,,35,6656,29,0xF8A4E;0x890B903,Cure Poison,,35,6656,29,0xF8A4E;0x890B903
Crushed Ant Paste,0x83260A0,Fortify Lockpicking,0x3EB21,0.579999983,2.51999998,30,1,0,0,0,1,0,0,0,MagicAlchFortifyLockpicking;MagicAlchBeneficial,0x3EB21,0x3EB21,,2.51999998,30,1,3,5.36786985,,0.579999983,2099202,34,0x65A26;0xF8A4E,Fortify Lockpicking,,0.579999983,2099202,34,0x65A26;0xF8A4E
Crushed Onyx,0x1CC0636,Fortify Block,0x3EB1C,0.49000001,2.01999998,60,1,0,0,0,1,0,0,0,MagicAlchFortifyBlock;MagicAlchBeneficial,0x3EB1C,0x3EB1C,,2.01999998,60,1,0,7.62164974,,0.49000001,2099202,34,0x65A1E;0xF8A4E,Fortify Block,,0.49000001,2099202,34,0x65A1E;0xF8A4E
Crushed Onyx,0x1CC0636,Fortify Smithing,0x3EB1D,1.51999998,1.47000003,30,1,0,0,0,1,0,0,0,MagicAlchFortifySmithing;MagicAlchBeneficial,0x3EB1D,0x3EB1D,,1.47000003,30,1,1,7.77545929,,1.51999998,2099202,34,0x65A22;0xF8A4E,Fortify Smithing,,1.51999998,2099202,34,0x65A22;0xF8A4E
Crushed Onyx,0x1CC0636,Shock Aversion,0x73F2F,0.319999993,4.44999981,30,1,0,0,0,0,1,1,0,MagicAlchHarmful;MagicAlchWeaknessShock,0x73F2F,0x73F2F,,4.44999981,30,1,2,5.53578711,,0.319999993,2101255,34,0x42509;0x74F50,Shock Aversion,,0.319999993,2101255,34,0x42509;0x74F50
Crushed Onyx,0x1CC0636,Resist Shock,0x3EAEC,0.36500001,0.99000001,60,1,0,0,0,1,0,0,0,MagicAlchResistShock;MagicAlchBeneficial,0x3EAEC,0x3EAEC,,0.99000001,60,1,3,2.61974669,,0.36500001,2101250,34,0x65A39;0xF8A4E,Resist Shock,,0.36500001,2101250,34,0x65A39;0xF8A4E
Cyrodilic Spadetail,0x106E19,Fortify Restoration,0x3EB28,0.234999999,3.72000003,60,1,0,0,0,1,0,0,0,MagicAlchFortifyRestoration;MagicAlchBeneficial,0x3EB28,0x3EB28,,3.72000003,60,1,0,7.15536022,,0.234999999,2099202,34,0x65A2D;0xF8A4E,Fortify Restoration,,0.234999999,2099202,34,0x65A2D;0xF8A4E
Cyrodilic Spadetail,0x106E19,Damage Stamina,0x3A2C6,4.5999999,8.32999992,1,1,0,0,0,0,1,1,0,MagicAlchHarmful;MagicAlchDamageStamina,0x3A2C6,0x3A2C6,,8.32999992,1,0,1,3.76242065,,4.5999999,2099205,0,0x42509;0x10F9DC,Damage Stamina,,4.5999999,2099205,0,0x42509;0x10F9DC
Cyrodilic Spadetail,0x106E19,Fear,0x73F20,0.620000005,1.39999998,30,1,0,0,0,0,1,1,0,MagicAlchHarmful;MagicInfluence;MagicInfluenceFear,0x73F20,0x73F20,,1.39999998,30,0,2,3.00584006,,0.620000005,2099463,7,0x42509;0x78098;0x424E0,Fear,,0.620000005,2099463,7,0x42509;0x78098;0x424E0
Cyrodilic Spadetail,0x106E19,Ravage Health,0x73F26,0.550000012,2.43000007,10,1,0,0,0,0,1,1,0,MagicAlchHarmful,0x73F26,0x73F26,,2.43000007,10,0,3,1.46059442,,0.550000012,2099207,0,0x42509,Ravage Health,,0.550000012,2099207,0,0x42509
Daedra Heart,0x3AD5B,Health,0x3EB15,5.30000019,13.8800001,1,1,0,0,0,1,0,0,0,MagicAlchRestoreHealth;MagicAlchBeneficial,0x3EB15,0x3EB15,,13.8800001,1,1,0,7.60158777,,5.30000019,2099200,34,0x42503;0xF8A4E,Health,,5.30000019,2099200,34,0x42503;0xF8A4E
Daedra Heart,0x3AD5B,Fear,0x73F20,0.620000005,3.92000008,30,1,0,0,0,0,1,1,0,MagicAlchHarmful;MagicInfluence;MagicInfluenceFear,0x73F20,0x73F20,,3.92000008,30,0,1,9.32910061,,0.620000005,2099463,7,0x42509;0x78098;0x424E0,Fear,,0.620000005,2099463,7,0x42509;0x78098;0x424E0
Daedra Heart,0x3AD5B,Silence,0x73F27,113,0,106,0,1,1,0,0,1,1,1,MagicAlchHarmful;MagicAlchDurationBased;MagicAlchSilence_CACO,0x73F27,0x73F27,,0,106,1,2,1516.7533,,113,4197383,34,0x42509;0xF8A4F;0x807A150,Silence,,113,4197383,34,0x42509;0xF8A4F;0x807A150
Daedra Heart,0x3AD5B,Damage Magicka,0x3A2B6,4.5999999,22.2000008,1,1,0,0,0,0,1,1,0,MagicAlchHarmful;MagicAlchDamageMagicka,0x3A2B6,0x3A2B6,,22.2000008,1,0,3,11.0597706,,4.5999999,2099205,0,0x42509;0x10F9DE,Damage Magicka,,4.5999999,2099205,0,0x42509;0x10F9DE
Daedra Silk,0xFE00480A,Slow,0x73F25,0.300000012,50,469,0,1,0,0,0,1,1,1,MagicAlchHarmful;MagicSlow;MagicAlchDurationBased,0x73F25,0x73F25,,50,469,1,0,1528.5459,,0.300000012,4200455,34,0x42509;0xB729E;0xF8A4F,Slow,,0.300000012,4200455,34,0x42509;0xB729E;0xF8A4F
Daedra Silk,0xFE00480A,Night Eye,0x804C7FD,10.5,0,931,0,1,1,0,1,0,0,1,MagicNightEye;MagicAlchBeneficial;MagicAlchDurationBased,0x804C7FD,0x804C7FD,,0,931,1,1,1538.27502,,10.5,138546178,34,0xAD7C6;0xF8A4E;0xF8A4F,Night Eye,,10.5,138546178,34,0xAD7C6;0xF8A4E;0xF8A4F
Daedra Silk,0xFE00480A,Damage Stamina,0x3A2C6,4.5999999,22.2000008,1,1,0,0,0,0,1,1,0,MagicAlchHarmful;MagicAlchDamageStamina,0x3A2C6,0x3A2C6,,22.2000008,1,0,2,11.0597706,,4.5999999,2099205,0,0x42509;0x10F9DC,Damage Stamina,,4.5999999,2099205,0,0x42509;0x10F9DC
Daedra Silk,0xFE00480A,Etherealize,0x80425EF,174,0,74,0,1,1,0,1,0,0,1,MagicAlchDurationBased;MagicAlchBeneficial;MagicAlchEtherealize_CACO,0x80425EF,0x80425EF,,0,74,0,3,1572.91101,,174,4201472,41,0xF8A4F;0xF8A4E;0x807A151,Etherealize,,174,4201472,41,0xF8A4F;0xF8A4E;0x807A151
Daedra Silk,0x1CCA137,Slow,0x73F25,0.300000012,50,469,0,1,0,0,0,1,1,1,MagicAlchHarmful;MagicSlow;MagicAlchDurationBased,0x73F25,0x73F25,,50,469,1,0,1528.5459,,0.300000012,4200455,34,0x42509;0xB729E;0xF8A4F,Slow,,0.300000012,4200455,34,0x42509;0xB729E;0xF8A4F
Daedra Silk,0x1CCA137,Night Eye,0x804C7FD,10.5,0,931,0,1,1,0,1,0,0,1,MagicNightEye;MagicAlchBeneficial;MagicAlchDurationBased,0x804C7FD,0x804C7FD,,0,931,1,1,1538.27502,,10.5,138546178,34,0xAD7C6;0xF8A4E;0xF8A4F,Night Eye,,10.5,138546178,34,0xAD7C6;0xF8A4E;0xF8A4F
Daedra Silk,0x1CCA137,Damage Stamina,0x3A2C6,4.5999999,22.2000008,1,1,0,0,0,0,1,1,0,MagicAlchHarmful;MagicAlchDamageStamina,0x3A2C6,0x3A2C6,,22.2000008,1,0,2,11.0597706,,4.5999999,2099205,0,0x42509;0x10F9DC,Damage Stamina,,4.5999999,2099205,0,0x42509;0x10F9DC
Daedra Silk,0x1CCA137,Etherealize,0x80425EF,174,0,74,0,1,1,0,1,0,0,1,MagicAlchDurationBased;MagicAlchBeneficial;MagicAlchEtherealize_CACO,0x80425EF,0x80425EF,,0,74,0,3,1572.91101,,174,4201472,41,0xF8A4F;0xF8A4E;0x807A151,Etherealize,,174,4201472,41,0xF8A4F;0xF8A4E;0x807A151
Daedra Venin,0xFE00480B,Paralysis,0x73F30,204,0,70,0,1,1,0,0,1,1,1,MagicParalysis;MagicAlchHarmful;MagicAlchDurationBased,0x73F30,0x73F30,,0,70,0,0,1734.75452,,204,4197379,1,0x1EA70;0x42509;0xF8A4F,Paralysis,,204,4197379,1,0x1EA70;0x42509;0xF8A4F
Daedra Venin,0xFE00480B,Ravage Health,0x73F26,0.550000012,10.4300003,10,1,0,0,0,0,1,1,0,MagicAlchHarmful,0x73F26,0x73F26,,10.4300003,10,0,1,7.25229549,,0.550000012,2099207,0,0x42509,Ravage Health,,0.550000012,2099207,0,0x42509
Daedra Venin,0xFE00480B,Drain Intelligence,0x804C7FB,0.670000017,3.71000004,30,1,0,0,0,0,1,1,0,MagicAlchHarmful;MagicAlchDrainIntelligence_CACO,0x804C7FB,0x804C7FB,,3.71000004,30,0,2,9.48897934,,0.670000017,2103303,0,0x42509;0x825B701,Drain Intelligence,,0.670000017,2103303,0,0x42509;0x825B701
Daedra Venin,0xFE00480B,Stamina,0x3EB16,4.69999981,12.4899998,1,1,0,0,0,1,0,0,0,MagicAlchRestoreStamina;MagicAlchBeneficial,0x3EB16,0x3EB16,,12.4899998,1,1,3,6.0022831,,4.69999981,2099200,34,0x42504;0xF8A4E,Stamina,,4.69999981,2099200,34,0x42504;0xF8A4E
Daedra Venin,0x80CB2B2,Paralysis,0x73F30,204,0,70,0,1,1,0,0,1,1,1,MagicParalysis;MagicAlchHarmful;MagicAlchDurationBased,0x73F30,0x73F30,,0,70,0,0,1734.75452,,204,4197379,1,0x1EA70;0x42509;0xF8A4F,Paralysis,,204,4197379,1,0x1EA70;0x42509;0xF8A4F
Daedra Venin,0x80CB2B2,Ravage Health,0x73F26,0.550000012,10.4300003,10,1,0,0,0,0,1,1,0,MagicAlchHarmful,0x73F26,0x73F26,,10.4300003,10,0,1,7.25229549,,0.550000012,2099207,0,0x42509,Ravage Health,,0.550000012,2099207,0,0x42509
Daedra Venin,0x80CB2B2,Drain Intelligence,0x804C7FB,0.670000017,3.71000004,30,1,0,0,0,0,1,1,0,MagicAlchHarmful;MagicAlchDrainIntelligence_CACO,0x804C7FB,0x804C7FB,,3.71000004,30,0,2,9.48897934,,0.670000017,2103303,0,0x42509;0x825B701,Drain Intelligence,,0.670000017,2103303,0,0x42509;0x825B701
Daedra Venin,0x80CB2B2,Stamina,0x3EB16,4.69999981,12.4899998,1,1,0,0,0,1,0,0,0,MagicAlchRestoreStamina;MagicAlchBeneficial,0x3EB16,0x3EB16,,12.4899998,1,1,3,6.0022831,,4.69999981,2099200,34,0x42504;0xF8A4E,Stamina,,4.69999981,2099200,34,0x42504;0xF8A4E
Daedroth Teeth,0xFE004826,Stamina Fortification,0x3EAF9,0.129999995,7.76999998,60,1,0,0,0,1,0,0,0,MagicAlchFortifyStamina;MagicAlchBeneficial,0x3EAF9,0x3EAF9,,7.76999998,60,1,0,8.89964867,,0.129999995,2099202,34,0x65A32;0xF8A4E,Stamina Fortification,,0.129999995,2099202,34,0x65A32;0xF8A4E
Daedroth Teeth,0xFE004826,Frenzy,0x73F29,0.620000005,3.3599999,30,1,0,0,0,0,1,1,0,MagicAlchHarmful;MagicInfluence;MagicInfluenceFrenzy,0x73F29,0x73F29,,3.3599999,30,0,1,7.87405252,,0.620000005,2099463,8,0x42509;0x78098;0xC44B6,Frenzy,,0.620000005,2099463,8,0x42509;0x78098;0xC44B6
Daedroth Teeth,0xFE004826,Night Eye,0x804C7FD,10.5,0,798,0,1,1,0,1,0,0,1,MagicNightEye;MagicAlchBeneficial;MagicAlchDurationBased,0x804C7FD,0x804C7FD,,0,798,1,2,1298.35229,,10.5,138546178,34,0xAD7C6;0xF8A4E;0xF8A4F,Night Eye,,10.5,138546178,34,0xAD7C6;0xF8A4E;0xF8A4F
Daedroth Teeth,0xFE004826,Drain Strength,0x80476F6,0.670000017,3.16000009,30,1,0,0,0,0,1,1,0,MagicAlchHarmful,0x80476F6,0x80476F6,,3.16000009,30,0,3,7.95360565,,0.670000017,2103303,5,0x42509,Drain Strength,,0.670000017,2103303,5,0x42509
Daedroth Teeth,0x80A7B4B,Stamina Fortification,0x3EAF9,0.129999995,7.76999998,60,1,0,0,0,1,0,0,0,MagicAlchFortifyStamina;MagicAlchBeneficial,0x3EAF9,0x3EAF9,,7.76999998,60,1,0,8.89964867,,0.129999995,2099202,34,0x65A32;0xF8A4E,Stamina Fortification,,0.129999995,2099202,34,0x65A32;0xF8A4E
Daedroth Teeth,0x80A7B4B,Frenzy,0x73F29,0.620000005,3.3599999,30,1,0,0,0,0,1,1,0,MagicAlchHarmful;MagicInfluence;MagicInfluenceFrenzy,0x73F29,0x73F29,,3.3599999,30,0,1,7.87405252,,0.620000005,2099463,8,0x42509;0x78098;0xC44B6,Frenzy,,0.620000005,2099463,8,0x42509;0x78098;0xC44B6
Daedroth Teeth,0x80A7B4B,Night Eye,0x804C7FD,10.5,0,798,0,1,1,0,1,0,0,1,MagicNightEye;MagicAlchBeneficial;MagicAlchDurationBased,0x804C7FD,0x804C7FD,,0,798,1,2,1298.35229,,10.5,138546178,34,0xAD7C6;0xF8A4E;0xF8A4F,Night Eye,,10.5,138546178,34,0xAD7C6;0xF8A4E;0xF8A4F
Daedroth Teeth,0x80A7B4B,Drain Strength,0x80476F6,0.670000017,3.16000009,30,1,0,0,0,0,1,1,0,MagicAlchHarmful,0x80476F6,0x80476F6,,3.16000009,30,0,3,7.95360565,,0.670000017,2103303,5,0x42509,Drain Strength,,0.670000017,2103303,5,0x42509
Darkwater Minnow,0x833F5D9,Fire Aversion,0x73F2D,0.319999993,4.44999981,30,1,0,0,0,0,1,1,0,MagicAlchHarmful;MagicAlchWeaknessFire,0x73F2D,0x73F2D,,4.44999981,30,1,0,5.53578711,,0.319999993,2101255,34,0x42509;0x74F4E,Fire Aversion,,0.319999993,2101255,34,0x42509;0x74F4E
Darkwater Minnow,0x833F5D9,Fortify Block,0x3EB1C,0.49000001,1.24000001,60,1,0,0,0,1,0,0,0,MagicAlchFortifyBlock;MagicAlchBeneficial,0x3EB1C,0x3EB1C,,1.24000001,60,1,1,4.45580673,,0.49000001,2099202,34,0x65A1E;0xF8A4E,Fortify Block,,0.49000001,2099202,34,0x65A1E;0xF8A4E
Darkwater Minnow,0x833F5D9,Waterbreathing,0x3AC2D,7.69999981,0,466,0,1,1,0,1,0,0,1,MagicAlchBeneficial;MagicAlchDurationBased,0x3AC2D,0x3AC2D,,0,466,1,2,526.884338,,7.69999981,4197378,34,0xF8A4E;0xF8A4F,Waterbreathing,,7.69999981,4197378,34,0xF8A4E;0xF8A4F
Darkwater Minnow,0x833F5D9,Fortify Speech,0xD6947,0.270000011,1.64999998,60,1,0,0,0,1,0,0,0,MagicAlchFortifySpeechcraft;MagicAlchBeneficial,0xD6947,0xD6947,,1.64999998,60,1,3,3.36172748,,0.270000011,2099202,34,0x65A29;0xF8A4E,Fortify Speech,,0.270000011,2099202,34,0x65A29;0xF8A4E
Deathbell,0x516C8,Poison Aversion,0x90042,0.389999986,3.69000006,30,1,0,0,0,0,1,1,0,MagicAlchHarmful;USKPMagicAlchWeaknessPoison,0x90042,0x90042,,3.69000006,30,1,0,5.49069071,,0.389999986,2101255,34,0x42509;0x706EE3A,Poison Aversion,,0.389999986,2101255,34,0x42509;0x706EE3A
Deathbell,0x516C8,Fatigue,0x73F23,23.6000004,0,366,0,1,1,0,0,1,1,1,MagicAlchHarmful;MagicAlchDurationBased;MagicAlchFatigue_CACO,0x73F23,0x73F23,,0,366,1,1,1238.05884,,23.6000004,4197383,34,0x42509;0xF8A4F;0x807A153,Fatigue,,23.6000004,4197383,34,0x42509;0xF8A4F;0x807A153
Deathbell,0x516C8,Slow,0x73F25,0.300000012,50,268,0,1,0,0,0,1,1,1,MagicAlchHarmful;MagicSlow;MagicAlchDurationBased,0x73F25,0x73F25,,50,268,1,2,825.917419,,0.300000012,4200455,34,0x42509;0xB729E;0xF8A4F,Slow,,0.300000012,4200455,34,0x42509;0xB729E;0xF8A4F
Deathbell,0x516C8,Damage Health,0x3EB42,7.9000001,5.55999994,1,1,0,0,0,0,1,1,0,MagicAlchHarmful;MagicAlchDamageHealth,0x3EB42,0x3EB42,,5.55999994,1,0,3,4.14199305,,7.9000001,2099205,0,0x42509;0x10F9DD,Damage Health,,7.9000001,2099205,0,0x42509;0x10F9DD
Demented Swallowtail,0x6059153,Health Regeneration,0x3EB06,0.0252,6.90999985,240,1,0,0,0,1,0,0,0,MagicAlchFortifyHealRate;MagicAlchBeneficial,0x3EB06,0x3EB06,,6.90999985,240,1,0,6.96720839,,0.0252,2099202,34,0x65A30;0xF8A4E,Health Regeneration,,0.0252,2099202,34,0x65A30;0xF8A4E
Demented Swallowtail,0x6059153,Magicka Regeneration,0x3EB07,0.0252,5.53000021,240,1,0,0,0,1,0,0,0,MagicAlchFortifyMagickaRate;MagicAlchBeneficial,0x3EB07,0x3EB07,,5.53000021,240,1,1,5.45293856,,0.0252,2099202,34,0x65A34;0xF8A4E,Magicka Regeneration,,0.0252,2099202,34,0x65A34;0xF8A4E
Demented Swallowtail,0x6059153,Stamina Regeneration,0x3EB08,0.0252,4.1500001,180,1,0,0,0,1,0,0,0,MagicAlchFortifyStaminaRate;MagicAlchBeneficial,0x3EB08,0x3EB08,,4.1500001,180,1,2,2.89769912,,0.0252,2099202,34,0x65A35;0xF8A4E,Stamina Regeneration,,0.0252,2099202,34,0x65A35;0xF8A4E
Demented Swallowtail,0x6059153,Paralysis,0x73F30,204,0,42,0,1,1,0,0,1,1,1,MagicParalysis;MagicAlchHarmful;MagicAlchDurationBased,0x73F30,0x73F30,,0,42,0,3,989.018555,,204,4197379,1,0x1EA70;0x42509;0xF8A4F,Paralysis,,204,4197379,1,0x1EA70;0x42509;0xF8A4F
Direnni's Dartwing,0x8660000,Fortify Conjuration,0x3EB25,0.172000006,4.98000002,60,1,0,0,0,1,0,0,0,MagicAlchFortifyConjuration;MagicAlchBeneficial,0x3EB25,0x3EB25,,4.98000002,60,1,0,7.218503,,0.172000006,2099202,34,0x65A2A;0xF8A4E,Fortify Conjuration,,0.172000006,2099202,34,0x65A2A;0xF8A4E
Direnni's Dartwing,0x8660000,Frost Aversion,0x73F2E,0.319999993,5.11999989,30,1,0,0,0,0,1,1,0,MagicAlchHarmful;MagicAlchWeaknessFrost,0x73F2E,0x73F2E,,5.11999989,30,1,1,6.45922327,,0.319999993,2101255,34,0x42509;0x74F4F,Frost Aversion,,0.319999993,2101255,34,0x42509;0x74F4F
Direnni's Dartwing,0x8660000,Speed,0x80425F1,0.0979999974,1.35000002,120,1,0,0,0,1,0,0,0,MagicAlchBeneficial;MagicAlchFortifySpeed_CACO,0x80425F1,0x80425F1,,1.35000002,120,1,2,2.09745479,,0.0979999974,2101250,34,0xF8A4E;0x806AE48,Speed,,0.0979999974,2101250,34,0xF8A4E;0x806AE48
Direnni's Dartwing,0x8660000,Drain Strength,0x80476F6,0.670000017,1.38,30,1,0,0,0,0,1,1,0,MagicAlchHarmful,0x80476F6,0x80476F6,,1.38,30,0,3,3.19723964,,0.670000017,2103303,5,0x42509,Drain Strength,,0.670000017,2103303,5,0x42509
Dragon Heartscales,0x80A2A42,Fortify Alteration,0x3EB24,0.172000006,6.23000002,60,1,0,0,0,1,0,0,0,MagicAlchFortifyAlteration;MagicAlchBeneficial,0x3EB24,0x3EB24,,6.23000002,60,1,0,9.23488998,,0.172000006,2099202,34,0x65A1D;0xF8A4E,Fortify Alteration,,0.172000006,2099202,34,0x65A1D;0xF8A4E
Dragon Heartscales,0x80A2A42,Drain Intelligence,0x804C7FB,0.670000017,4.13000011,30,1,0,0,0,0,1,1,0,MagicAlchHarmful;MagicAlchDrainIntelligence_CACO,0x804C7FB,0x804C7FB,,4.13000011,30,0,1,10.6771002,,0.670000017,2103303,0,0x42509;0x825B701,Drain Intelligence,,0.670000017,2103303,0,0x42509;0x825B701
Dragon Heartscales,0x80A2A42,Resist Magic,0x39E51,1.24000001,1.12,60,1,0,0,0,1,0,0,0,MagicAlchResistMagic;MagicAlchBeneficial,0x39E51,0x39E51,,1.12,60,1,2,10.0815649,,1.24000001,2103298,34,0x65A3A;0xF8A4E,Resist Magic,,1.24000001,2103298,34,0x65A3A;0xF8A4E
Dragon Heartscales,0x80A2A42,Fortify Heavy Armor,0x3EB1E,0.50999999,1.71000004,60,1,0,0,0,1,0,0,0,MagicAlchFortifyHeavyArmor;MagicAlchBeneficial,0x3EB1E,0x3EB1E,,1.71000004,60,1,3,6.60438347,,0.50999999,2099202,34,0x65A23;0xF8A4E,Fortify Heavy Armor,,0.50999999,2099202,34,0x65A23;0xF8A4E
Dragon Tooth,0x1CC0639,Magicka,0x3EB17,4.69999981,13.8800001,1,1,0,0,0,1,0,0,0,MagicAlchRestoreMagicka;MagicAlchBeneficial,0x3EB17,0x3EB17,,13.8800001,1,1,0,6.74103022,,4.69999981,2099200,34,0x42508;0xF8A4E,Magicka,,4.69999981,2099200,34,0x42508;0xF8A4E
Dragon Tooth,0x1CC0639,Fortify Two-handed,0x3EB1A,0.324999988,3.6400001,60,1,0,0,0,1,0,0,0,MagicAlchFortifyTwoHanded;MagicAlchBeneficial,0x3EB1A,0x3EB1A,,3.6400001,60,1,1,9.66187191,,0.324999988,2099202,34,0x65A20;0xF8A4E,Fortify Two-handed,,0.324999988,2099202,34,0x65A20;0xF8A4E
Dragon Tooth,0x1CC0639,Magic Aversion,0x73F51,0.430000007,5.4000001,30,1,0,0,0,0,1,1,0,MagicAlchHarmful;MagicAlchWeaknessMagic,0x73F51,0x73F51,,5.4000001,30,1,2,9.20311832,,0.430000007,2101255,34,0x42509;0x74F51,Magic Aversion,,0.430000007,2101255,34,0x42509;0x74F51
Dragon Tooth,0x1CC0639,Resist Paralysis,0x806AE49,19,0,397,0,1,1,0,1,0,0,1,MagicAlchResistParalysis_CACO;MagicAlchDurationBased;MagicAlchBeneficial,0x806AE49,0x806AE49,,0,397,1,3,1089.9917,,19,4201474,34,0x806AE4A;0xF8A4F;0xF8A4E,Resist Paralysis,,19,4201474,34,0x806AE4A;0xF8A4F;0xF8A4E
Dragon's Tongue,0x889A2,Fortify Speech,0xD6947,0.270000011,2.20000005,60,1,0,0,0,1,0,0,0,MagicAlchFortifySpeechcraft;MagicAlchBeneficial,0xD6947,0xD6947,,2.20000005,60,1,0,4.61312437,,0.270000011,2099202,34,0x65A29;0xF8A4E,Fortify Speech,,0.270000011,2099202,34,0x65A29;0xF8A4E
Dragon's Tongue,0x889A2,Resist Fire,0x3EAEA,0.36500001,1.53999996,60,1,0,0,0,1,0,0,0,MagicAlchResistFire;MagicAlchBeneficial,0x3EAEA,0x3EAEA,,1.53999996,60,1,1,4.2124238,,0.36500001,2101250,34,0x65A37;0xF8A4E,Resist Fire,,0.36500001,2101250,34,0x65A37;0xF8A4E
Dragon's Tongue,0x889A2,Fortify Two-handed,0x3EB1A,0.324999988,1.67999995,60,1,0,0,0,1,0,0,0,MagicAlchFortifyTwoHanded;MagicAlchBeneficial,0x3EB1A,0x3EB1A,,1.67999995,60,1,2,4.12752724,,0.324999988,2099202,34,0x65A20;0xF8A4E,Fortify Two-handed,,0.324999988,2099202,34,0x65A20;0xF8A4E
Dragon's Tongue,0x889A2,Fortify Illusion,0x3EB27,0.172000006,2.07999992,60,1,0,0,0,1,0,0,0,MagicAlchFortifyIllusion;MagicAlchBeneficial,0x3EB27,0x3EB27,,2.07999992,60,1,3,2.76289582,,0.172000006,2099202,34,0x65A2C;0xF8A4E,Fortify Illusion,,0.172000006,2099202,34,0x65A2C;0xF8A4E
Dragon's Tongue Extract,0x85A97E2,Fortify Speech,0xD6947,0.270000011,2.75,60,1,0,0,0,1,0,0,0,MagicAlchFortifySpeechcraft;MagicAlchBeneficial,0xD6947,0xD6947,,2.75,60,1,0,5.89652538,,0.270000011,2099202,34,0x65A29;0xF8A4E,Fortify Speech,,0.270000011,2099202,34,0x65A29;0xF8A4E
Dragon's Tongue Extract,0x85A97E2,Resist Fire,0x3EAEA,0.36500001,2.20000005,60,1,0,0,0,1,0,0,0,MagicAlchResistFire;MagicAlchBeneficial,0x3EAEA,0x3EAEA,,2.20000005,60,1,1,6.23626089,,0.36500001,2101250,34,0x65A37;0xF8A4E,Resist Fire,,0.36500001,2101250,34,0x65A37;0xF8A4E
Dragon's Tongue Extract,0x85A97E2,Fortify Two-handed,0x3EB1A,0.324999988,2.79999995,60,1,0,0,0,1,0,0,0,MagicAlchFortifyTwoHanded;MagicAlchBeneficial,0x3EB1A,0x3EB1A,,2.79999995,60,1,2,7.23974943,,0.324999988,2099202,34,0x65A20;0xF8A4E,Fortify Two-handed,,0.324999988,2099202,34,0x65A20;0xF8A4E
Dragon's Tongue Extract,0x85A97E2,Fortify Illusion,0x3EB27,0.172000006,4.1500001,60,1,0,0,0,1,0,0,0,MagicAlchFortifyIllusion;MagicAlchBeneficial,0x3EB27,0x3EB27,,4.1500001,60,1,3,5.90673923,,0.172000006,2099202,34,0x65A2C;0xF8A4E,Fortify Illusion,,0.172000006,2099202,34,0x65A2C;0xF8A4E
Dreugh Wax,0xFE004827,Waterbreathing,0x3AC2D,7.69999981,0,998,0,1,1,0,1,0,0,1,MagicAlchBeneficial;MagicAlchDurationBased,0x3AC2D,0x3AC2D,,0,998,1,0,1217.68335,,7.69999981,4197378,34,0xF8A4E;0xF8A4F,Waterbreathing,,7.69999981,4197378,34,0xF8A4E;0xF8A4F
Dreugh Wax,0xFE004827,Fatigue,0x73F23,23.6000004,0,450,0,1,1,0,0,1,1,1,MagicAlchHarmful;MagicAlchDurationBased;MagicAlchFatigue_CACO,0x73F23,0x73F23,,0,450,1,1,1553.98132,,23.6000004,4197383,34,0x42509;0xF8A4F;0x807A153,Fatigue,,23.6000004,4197383,34,0x42509;0xF8A4F;0x807A153
Dreugh Wax,0xFE004827,Lingering Damage Health,0x10AA4A,12.3999996,0.560000002,10,1,0,0,0,0,1,1,0,MagicAlchHarmful,0x10AA4A,0x10AA4A,,0.560000002,10,0,2,12.3999996,,12.3999996,2099205,0,0x42509,Lingering Damage Health,,12.3999996,2099205,0,0x42509
Dreugh Wax,0xFE004827,Resist Poison,0x90041,0.157000005,4.63000011,60,1,0,0,0,1,0,0,0,MagicAlchResistPoison;MagicAlchBeneficial,0x90041,0x90041,,4.63000011,60,1,3,6.08142233,,0.157000005,2101250,34,0x10EB5F;0xF8A4E,Resist Poison,,0.157000005,2101250,34,0x10EB5F;0xF8A4E
Dreugh Wax,0x1CCA138,Waterbreathing,0x3AC2D,7.69999981,0,998,0,1,1,0,1,0,0,1,MagicAlchBeneficial;MagicAlchDurationBased,0x3AC2D,0x3AC2D,,0,998,1,0,1217.68335,,7.69999981,4197378,34,0xF8A4E;0xF8A4F,Waterbreathing,,7.69999981,4197378,34,0xF8A4E;0xF8A4F
Dreugh Wax,0x1CCA138,Fatigue,0x73F23,23.6000004,0,450,0,1,1,0,0,1,1,1,MagicAlchHarmful;MagicAlchDurationBased;MagicAlchFatigue_CACO,0x73F23,0x73F23,,0,450,1,1,1553.98132,,23.6000004,4197383,34,0x42509;0xF8A4F;0x807A153,Fatigue,,23.6000004,4197383,34,0x42509;0xF8A4F;0x807A153
Dreugh Wax,0x1CCA138,Lingering Damage Health,0x10AA4A,12.3999996,0.560000002,10,1,0,0,0,0,1,1,0,MagicAlchHarmful,0x10AA4A,0x10AA4A,,0.560000002,10,0,2,12.3999996,,12.3999996,2099205,0,0x42509,Lingering Damage Health,,12.3999996,2099205,0,0x42509
Dreugh Wax,0x1CCA138,Resist Poison,0x90041,0.157000005,4.63000011,60,1,0,0,0,1,0,0,0,MagicAlchResistPoison;MagicAlchBeneficial,0x90041,0x90041,,4.63000011,60,1,3,6.08142233,,0.157000005,2101250,34,0x10EB5F;0xF8A4E,Resist Poison,,0.157000005,2101250,34,0x10EB5F;0xF8A4E
Druadach Dart,0x83302A5,Lingering Damage Undead,0x10DE5E,12.8000002,0.519999981,10,1,0,0,0,0,1,1,0,MagicAlchHarmful,0x10DE5E,0x10DE5E,,0.519999981,10,0,0,12.8000002,,12.8000002,2099205,0,0x42509,Lingering Damage Undead,,12.8000002,2099205,0,0x42509
Druadach Dart,0x83302A5,Speed,0x80425F1,0.0979999974,2,120,1,0,0,0,1,0,0,0,MagicAlchBeneficial;MagicAlchFortifySpeed_CACO,0x80425F1,0x80425F1,,2,120,1,1,3.23190427,,0.0979999974,2101250,34,0xF8A4E;0x806AE48,Speed,,0.0979999974,2101250,34,0xF8A4E;0x806AE48
Druadach Dart,0x83302A5,Fortify Archery,0x3EB1B,0.324999988,3.07999992,60,1,0,0,0,1,0,0,0,MagicAlchFortifyMarksman;MagicAlchBeneficial,0x3EB1B,0x3EB1B,,3.07999992,60,1,2,8.03999043,,0.324999988,2099202,34,0x65A21;0xF8A4E,Fortify Archery,,0.324999988,2099202,34,0x65A21;0xF8A4E
Druadach Dart,0x83302A5,Waterbreathing,0x3AC2D,7.69999981,0,399,0,1,1,0,1,0,0,1,MagicAlchBeneficial;MagicAlchDurationBased,0x3AC2D,0x3AC2D,,0,399,1,3,444.181976,,7.69999981,4197378,34,0xF8A4E;0xF8A4F,Waterbreathing,,7.69999981,4197378,34,0xF8A4E;0xF8A4F
Dwarven Oil,0xF11C0,Fortify Sneak,0x3EB22,0.889999986,1.21000004,60,1,0,0,0,1,0,0,0,MagicAlchFortifySneak;MagicAlchBeneficial,0x3EB22,0x3EB22,,1.21000004,60,1,0,7.87807894,,0.889999986,2099202,34,0x65A27;0xF8A4E,Fortify Sneak,,0.889999986,2099202,34,0x65A27;0xF8A4E
Dwarven Oil,0xF11C0,Magic Aversion,0x73F51,0.430000007,4.57000017,30,1,0,0,0,0,1,1,0,MagicAlchHarmful;MagicAlchWeaknessMagic,0x73F51,0x73F51,,4.57000017,30,1,1,7.65966368,,0.430000007,2101255,34,0x42509;0x74F51,Magic Aversion,,0.430000007,2101255,34,0x42509;0x74F51
Dwarven Oil,0xF11C0,Fortify Illusion,0x3EB27,0.172000006,3.74000001,60,1,0,0,0,1,0,0,0,MagicAlchFortifyIllusion;MagicAlchBeneficial,0x3EB27,0x3EB27,,3.74000001,60,1,2,5.26809549,,0.172000006,2099202,34,0x65A2C;0xF8A4E,Fortify Illusion,,0.172000006,2099202,34,0x65A2C;0xF8A4E
Dwarven Oil,0xF11C0,Fortify Lockpicking,0x3EB21,0.579999983,2.24000001,30,1,0,0,0,1,0,0,0,MagicAlchFortifyLockpicking;MagicAlchBeneficial,0x3EB21,0x3EB21,,2.24000001,30,1,3,4.71557045,,0.579999983,2099202,34,0x65A26;0xF8A4E,Fortify Lockpicking,,0.579999983,2099202,34,0x65A26;0xF8A4E
Ebony Jewelwing,0x8660003,Resist Paralysis,0x806AE49,19,0,381,0,1,1,0,1,0,0,1,MagicAlchResistParalysis_CACO;MagicAlchDurationBased;MagicAlchBeneficial,0x806AE49,0x806AE49,,0,381,1,0,1041.76831,,19,4201474,34,0x806AE4A;0xF8A4F;0xF8A4E,Resist Paralysis,,19,4201474,34,0x806AE4A;0xF8A4F;0xF8A4E
Ebony Jewelwing,0x8660003,Damage Magicka Regen,0x73F2B,0.360000014,3.3499999,30,1,0,0,0,0,1,1,0,MagicAlchHarmful;MagicAlchDamageMagickaRegen_CACO,0x73F2B,0x73F2B,,3.3499999,30,0,1,4.55706453,,0.360000014,2099207,5,0x42509;0x807A152,Damage Magicka Regen,,0.360000014,2099207,5,0x42509;0x807A152
Ebony Jewelwing,0x8660003,Resist Shock,0x3EAEC,0.36500001,2.20000005,60,1,0,0,0,1,0,0,0,MagicAlchResistShock;MagicAlchBeneficial,0x3EAEC,0x3EAEC,,2.20000005,60,1,2,6.23626089,,0.36500001,2101250,34,0x65A39;0xF8A4E,Resist Shock,,0.36500001,2101250,34,0x65A39;0xF8A4E
Ebony Jewelwing,0x8660003,Detect Life,0x804C7FF,18.6000004,0,300,0,1,1,0,1,0,0,1,MagicAlchBeneficial;MagicAlchDurationBased;MagicAlchDetectLife_CACO,0x804C7FF,0x804C7FF,,0,300,0,3,784.054688,,18.6000004,205528082,1,0xF8A4E;0xF8A4F;0x8084356,Detect Life,,18.6000004,205528082,1,0xF8A4E;0xF8A4F;0x8084356
Ectoplasm,0x3AD63,Etherealize,0x80425EF,174,0,80,0,1,1,0,1,0,0,1,MagicAlchDurationBased;MagicAlchBeneficial;MagicAlchEtherealize_CACO,0x80425EF,0x80425EF,,0,80,0,0,1713.75305,,174,4201472,41,0xF8A4F;0xF8A4E;0x807A151,Etherealize,,174,4201472,41,0xF8A4F;0xF8A4E;0x807A151
Ectoplasm,0x3AD63,Fortify Illusion,0x3EB27,0.172000006,5.80999994,60,1,0,0,0,1,0,0,0,MagicAlchFortifyIllusion;MagicAlchBeneficial,0x3EB27,0x3EB27,,5.80999994,60,1,1,8.55241203,,0.172000006,2099202,34,0x65A2C;0xF8A4E,Fortify Illusion,,0.172000006,2099202,34,0x65A2C;0xF8A4E
Ectoplasm,0x3AD63,Magicka Fortification,0x3EAF8,0.129999995,7.21999979,60,1,0,0,0,1,0,0,0,MagicAlchFortifyMagicka;MagicAlchBeneficial,0x3EAF8,0x3EAF8,,7.21999979,60,1,2,8.20919704,,0.129999995,2099202,34,0x65A33;0xF8A4E,Magicka Fortification,,0.129999995,2099202,34,0x65A33;0xF8A4E
Ectoplasm,0x3AD63,Damage Health,0x3EB42,7.9000001,4.86999989,1,1,0,0,0,0,1,1,0,MagicAlchHarmful;MagicAlchDamageHealth,0x3EB42,0x3EB42,,4.86999989,1,0,3,3.58021355,,7.9000001,2099205,0,0x42509;0x10F9DD,Damage Health,,7.9000001,2099205,0,0x42509;0x10F9DD
Elven Heart,0x8A100FF,Magicka Regeneration,0x3EB07,0.0252,8.30000019,240,1,0,0,0,1,0,0,0,MagicAlchFortifyMagickaRate;MagicAlchBeneficial,0x3EB07,0x3EB07,,8.30000019,240,1,0,8.52351856,,0.0252,2099202,34,0x65A34;0xF8A4E,Magicka Regeneration,,0.0252,2099202,34,0x65A34;0xF8A4E
Elven Heart,0x8A100FF,Fortify Conjuration,0x3EB25,0.172000006,5.4000001,60,1,0,0,0,1,0,0,0,MagicAlchFortifyConjuration;MagicAlchBeneficial,0x3EB25,0x3EB25,,5.4000001,60,1,1,7.89092731,,0.172000006,2099202,34,0x65A2A;0xF8A4E,Fortify Conjuration,,0.172000006,2099202,34,0x65A2A;0xF8A4E
Elven Heart,0x8A100FF,Fortify Destruction,0x3EB26,0.324999988,3.22000003,60,1,0,0,0,1,0,0,0,MagicAlchFortifyDestruction;MagicAlchBeneficial,0x3EB26,0x3EB26,,3.22000003,60,1,2,8.44289112,,0.324999988,2099202,34,0x65A2B;0xF8A4E,Fortify Destruction,,0.324999988,2099202,34,0x65A2B;0xF8A4E
Elven Heart,0x8A100FF,Fortify Illusion,0x3EB27,0.172000006,4.98000002,60,1,0,0,0,1,0,0,0,MagicAlchFortifyIllusion;MagicAlchBeneficial,0x3EB27,0x3EB27,,4.98000002,60,1,3,7.218503,,0.172000006,2099202,34,0x65A2C;0xF8A4E,Fortify Illusion,,0.172000006,2099202,34,0x65A2C;0xF8A4E
Elves Ear,0x34D31,Magicka,0x3EB17,4.69999981,3.70000005,1,1,0,0,0,1,0,0,0,MagicAlchRestoreMagicka;MagicAlchBeneficial,0x3EB17,0x3EB17,,3.70000005,1,1,0,1.57441688,,4.69999981,2099200,34,0x42508;0xF8A4E,Magicka,,4.69999981,2099200,34,0x42508;0xF8A4E
Elves Ear,0x34D31,Health,0x3EB15,5.30000019,2.76999998,1,1,0,0,0,1,0,0,0,MagicAlchRestoreHealth;MagicAlchBeneficial,0x3EB15,0x3EB15,,2.76999998,1,1,1,1.29123008,,5.30000019,2099200,34,0x42503;0xF8A4E,Health,,5.30000019,2099200,34,0x42503;0xF8A4E
Elves Ear,0x34D31,Frost Aversion,0x73F2E,0.319999993,2.23000002,30,1,0,0,0,0,1,1,0,MagicAlchHarmful;MagicAlchWeaknessFrost,0x73F2E,0x73F2E,,2.23000002,30,1,2,2.58892059,,0.319999993,2101255,34,0x42509;0x74F4F,Frost Aversion,,0.319999993,2101255,34,0x42509;0x74F4F
Elves Ear,0x34D31,Resist Fire,0x3EAEA,0.36500001,0.550000012,60,1,0,0,0,1,0,0,0,MagicAlchResistFire;MagicAlchBeneficial,0x3EAEA,0x3EAEA,,0.550000012,60,1,3,2.61974669,,0.36500001,2101250,34,0x65A37;0xF8A4E,Resist Fire,,0.36500001,2101250,34,0x65A37;0xF8A4E
Elves Ear Extract,0x85A97E0,Magicka,0x3EB17,4.69999981,9.25,1,1,0,0,0,1,0,0,0,MagicAlchRestoreMagicka;MagicAlchBeneficial,0x3EB17,0x3EB17,,9.25,1,1,0,4.31373787,,4.69999981,2099200,34,0x42508;0xF8A4E,Magicka,,4.69999981,2099200,34,0x42508;0xF8A4E
Elves Ear Extract,0x85A97E0,Health,0x3EB15,5.30000019,9.25,1,1,0,0,0,1,0,0,0,MagicAlchRestoreHealth;MagicAlchBeneficial,0x3EB15,0x3EB15,,9.25,1,1,1,4.86442804,,5.30000019,2099200,34,0x42503;0xF8A4E,Health,,5.30000019,2099200,34,0x42503;0xF8A4E
Elves Ear Extract,0x85A97E0,Frost Aversion,0x73F2E,0.319999993,4.44999981,30,1,0,0,0,0,1,1,0,MagicAlchHarmful;MagicAlchWeaknessFrost,0x73F2E,0x73F2E,,4.44999981,30,1,2,5.53578711,,0.319999993,2101255,34,0x42509;0x74F4F,Frost Aversion,,0.319999993,2101255,34,0x42509;0x74F4F
Elves Ear Extract,0x85A97E0,Resist Fire,0x3EAEA,0.36500001,2.20000005,60,1,0,0,0,1,0,0,0,MagicAlchResistFire;MagicAlchBeneficial,0x3EAEA,0x3EAEA,,2.20000005,60,1,3,6.23626089,,0.36500001,2101250,34,0x65A37;0xF8A4E,Resist Fire,,0.36500001,2101250,34,0x65A37;0xF8A4E
Elytra Ichor,0xFE004828,Magicka,0x3EB17,4.69999981,11,1,1,0,0,0,1,0,0,0,MagicAlchRestoreMagicka;MagicAlchBeneficial,0x3EB17,0x3EB17,,11,1,1,0,5.21951103,,4.69999981,2099200,34,0x42508;0xF8A4E,Magicka,,4.69999981,2099200,34,0x42508;0xF8A4E
Elytra Ichor,0xFE004828,Etherealize,0x80425EF,174,0,53,0,1,1,0,1,0,0,1,MagicAlchDurationBased;MagicAlchBeneficial;MagicAlchEtherealize_CACO,0x80425EF,0x80425EF,,0,53,0,1,1089.56396,,174,4201472,41,0xF8A4F;0xF8A4E;0x807A151,Etherealize,,174,4201472,41,0xF8A4F;0xF8A4E;0x807A151
Elytra Ichor,0xFE004828,Lingering Damage Undead,0x10DE5E,12.8000002,0.400000006,10,1,0,0,0,0,1,1,0,MagicAlchHarmful,0x10DE5E,0x10DE5E,,0.400000006,10,0,2,12.8000002,,12.8000002,2099205,0,0x42509,Lingering Damage Undead,,12.8000002,2099205,0,0x42509
Elytra Ichor,0xFE004828,Silence,0x73F27,113,0,85,0,1,1,0,0,1,1,1,MagicAlchHarmful;MagicAlchDurationBased;MagicAlchSilence_CACO,0x73F27,0x73F27,,0,85,1,3,1189.70508,,113,4197383,34,0x42509;0xF8A4F;0x807A150,Silence,,113,4197383,34,0x42509;0xF8A4F;0x807A150
Emerald Darner,0x8660013,Waterwalking,0x40390E1,9.39999962,0,732,0,1,1,0,1,0,0,1,MagicAlchBeneficial;MagicAlchDurationBased,0x40390E1,0x40390E1,,0,732,1,0,1057.03687,,9.39999962,4197378,34,0xF8A4E;0xF8A4F,Waterwalking,,9.39999962,4197378,34,0xF8A4E;0xF8A4F
Emerald Darner,0x8660013,Cure Disease,0xAE722,45,1,0,0,0,0,1,1,0,0,0,MagicAlchBeneficial;MagicAlchCureDisease_CACO,0xAE722,0xAE722,,1,0,0,1,45,,45,6656,3,0xF8A4E;0x890B902,Cure Disease,,45,6656,3,0xF8A4E;0x890B902
Emerald Darner,0x8660013,Damage Undead,0x10DE5F,8.30000019,4.86999989,1,1,0,0,0,0,1,1,0,MagicAlchHarmful;MagicAlchDamageHealth,0x10DE5F,0x10DE5F,,4.86999989,1,0,2,3.76149011,,8.30000019,2099205,0,0x42509;0x10F9DD,Damage Undead,,8.30000019,2099205,0,0x42509;0x10F9DD
Emerald Darner,0x8660013,Speed,0x80425F1,0.0979999974,1.5,60,1,0,0,0,1,0,0,0,MagicAlchBeneficial;MagicAlchFortifySpeed_CACO,0x80425F1,0x80425F1,,1.5,60,1,3,1.09873474,,0.0979999974,2101250,34,0xF8A4E;0x806AE48,Speed,,0.0979999974,2101250,34,0xF8A4E;0x806AE48
Emerald Swallowtail,0x83353B9,Drain Intelligence,0x804C7FB,0.670000017,2.75,30,1,0,0,0,0,1,1,0,MagicAlchHarmful;MagicAlchDrainIntelligence_CACO,0x804C7FB,0x804C7FB,,2.75,30,0,0,6.82612419,,0.670000017,2103303,0,0x42509;0x825B701,Drain Intelligence,,0.670000017,2103303,0,0x42509;0x825B701
Emerald Swallowtail,0x83353B9,Fortify One-handed,0x3EB19,0.324999988,2.24000001,60,1,0,0,0,1,0,0,0,MagicAlchFortifyOneHanded;MagicAlchBeneficial,0x3EB19,0x3EB19,,2.24000001,60,1,1,5.66399097,,0.324999988,2099202,34,0x65A1F;0xF8A4E,Fortify One-handed,,0.324999988,2099202,34,0x65A1F;0xF8A4E
Emerald Swallowtail,0x83353B9,Resist Disease,0x806AE45,0.0149999997,100,1166,0,1,0,0,1,0,0,1,MagicAlchResistDisease_CACO;MagicAlchBeneficial;MagicAlchDurationBased,0x806AE45,0x806AE45,,100,1166,1,2,446.128296,,0.0149999997,4198402,34,0x806AE46;0xF8A4E;0xF8A4F,Resist Disease,,0.0149999997,4198402,34,0x806AE46;0xF8A4E;0xF8A4F
Emerald Swallowtail,0x83353B9,Fortify Alteration,0x3EB24,0.172000006,2.07999992,60,1,0,0,0,1,0,0,0,MagicAlchFortifyAlteration;MagicAlchBeneficial,0x3EB24,0x3EB24,,2.07999992,60,1,3,2.76289582,,0.172000006,2099202,34,0x65A1D;0xF8A4E,Fortify Alteration,,0.172000006,2099202,34,0x65A1D;0xF8A4E
Emperor Dartwing,0x8660011,Fortify Restoration,0x3EB28,0.234999999,4.03000021,60,1,0,0,0,1,0,0,0,MagicAlchFortifyRestoration;MagicAlchBeneficial,0x3EB28,0x3EB28,,4.03000021,60,1,0,7.81393576,,0.234999999,2099202,34,0x65A2D;0xF8A4E,Fortify Restoration,,0.234999999,2099202,34,0x65A2D;0xF8A4E
Emperor Dartwing,0x8660011,Fortify Illusion,0x3EB27,0.172000006,4.57000017,60,1,0,0,0,1,0,0,0,MagicAlchFortifyIllusion;MagicAlchBeneficial,0x3EB27,0x3EB27,,4.57000017,60,1,1,6.56754017,,0.172000006,2099202,34,0x65A2C;0xF8A4E,Fortify Illusion,,0.172000006,2099202,34,0x65A2C;0xF8A4E
Emperor Dartwing,0x8660011,Fortify Unarmed,0x804C7FE,1.42999995,0.529999971,60,1,0,0,0,1,0,0,0,MagicAlchBeneficial;MagicAlchFortifyUnarmed_CACO,0x804C7FE,0x804C7FE,,0.529999971,60,1,2,10.2636642,,1.42999995,2099202,34,0xF8A4E;0x806AE47,Fortify Unarmed,,1.42999995,2099202,34,0xF8A4E;0x806AE47
Emperor Dartwing,0x8660011,Damage Undead,0x10DE5F,8.30000019,5.55999994,1,1,0,0,0,0,1,1,0,MagicAlchHarmful;MagicAlchDamageHealth,0x10DE5F,0x10DE5F,,5.55999994,1,0,3,4.35171413,,8.30000019,2099205,0,0x42509;0x10F9DD,Damage Undead,,8.30000019,2099205,0,0x42509;0x10F9DD
Emperor Moth,0x83302A8,Magicka Fortification,0x3EAF8,0.129999995,5.55000019,60,1,0,0,0,1,0,0,0,MagicAlchFortifyMagicka;MagicAlchBeneficial,0x3EAF8,0x3EAF8,,5.55000019,60,1,0,6.14655924,,0.129999995,2099202,34,0x65A33;0xF8A4E,Magicka Fortification,,0.129999995,2099202,34,0x65A33;0xF8A4E
Emperor Moth,0x83302A8,Cure Disease,0xAE722,45,1,0,0,0,0,1,1,0,0,0,MagicAlchBeneficial;MagicAlchCureDisease_CACO,0xAE722,0xAE722,,1,0,0,1,45,,45,6656,3,0xF8A4E;0x890B902,Cure Disease,,45,6656,3,0xF8A4E;0x890B902
Emperor Moth,0x83302A8,Fire Aversion,0x73F2D,0.319999993,4.01000023,30,1,0,0,0,0,1,1,0,MagicAlchHarmful;MagicAlchWeaknessFire,0x73F2D,0x73F2D,,4.01000023,30,1,2,4.93676233,,0.319999993,2101255,34,0x42509;0x74F4E,Fire Aversion,,0.319999993,2101255,34,0x42509;0x74F4E
Emperor Moth,0x83302A8,Magicka,0x3EB17,4.69999981,7.4000001,1,1,0,0,0,1,0,0,0,MagicAlchRestoreMagicka;MagicAlchBeneficial,0x3EB17,0x3EB17,,7.4000001,1,1,3,3.37483644,,4.69999981,2099200,34,0x42508;0xF8A4E,Magicka,,4.69999981,2099200,34,0x42508;0xF8A4E
Emperor Parasol Moss,0x401FF75,Health Regeneration,0x3EB06,0.0252,9.68000031,180,1,0,0,0,1,0,0,0,MagicAlchFortifyHealRate;MagicAlchBeneficial,0x3EB06,0x3EB06,,9.68000031,180,1,0,7.3563652,,0.0252,2099202,34,0x65A30;0xF8A4E,Health Regeneration,,0.0252,2099202,34,0x65A30;0xF8A4E
Emperor Parasol Moss,0x401FF75,Fortify Two-handed,0x3EB1A,0.324999988,3.07999992,60,1,0,0,0,1,0,0,0,MagicAlchFortifyTwoHanded;MagicAlchBeneficial,0x3EB1A,0x3EB1A,,3.07999992,60,1,1,8.03999043,,0.324999988,2099202,34,0x65A20;0xF8A4E,Fortify Two-handed,,0.324999988,2099202,34,0x65A20;0xF8A4E
Emperor Parasol Moss,0x401FF75,Damage Health,0x3EB42,7.9000001,6.94999981,1,1,0,0,0,0,1,1,0,MagicAlchHarmful;MagicAlchDamageHealth,0x3EB42,0x3EB42,,6.94999981,1,0,2,5.29432249,,7.9000001,2099205,0,0x42509;0x10F9DD,Damage Health,,7.9000001,2099205,0,0x42509;0x10F9DD
Emperor Parasol Moss,0x401FF75,Fortify Heavy Armor,0x3EB1E,0.50999999,1.39999998,60,1,0,0,0,1,0,0,0,MagicAlchFortifyHeavyArmor;MagicAlchBeneficial,0x3EB1E,0x3EB1E,,1.39999998,60,1,3,5.30001831,,0.50999999,2099202,34,0x65A23;0xF8A4E,Fortify Heavy Armor,,0.50999999,2099202,34,0x65A23;0xF8A4E
Falkreath Minnow,0x83302AA,Fortify Light Armor,0x3EB1F,0.50999999,1.39999998,60,1,0,0,0,1,0,0,0,MagicAlchFortifyLightArmor;MagicAlchBeneficial,0x3EB1F,0x3EB1F,,1.39999998,60,1,0,5.30001831,,0.50999999,2099202,34,0x65A24;0xF8A4E,Fortify Light Armor,,0.50999999,2099202,34,0x65A24;0xF8A4E
Falkreath Minnow,0x83302AA,Poison Aversion,0x90042,0.389999986,1.67999995,30,1,0,0,0,0,1,1,0,MagicAlchHarmful;USKPMagicAlchWeaknessPoison,0x90042,0x90042,,1.67999995,30,1,1,2.31067157,,0.389999986,2101255,34,0x42509;0x706EE3A,Poison Aversion,,0.389999986,2101255,34,0x42509;0x706EE3A
Falkreath Minnow,0x83302AA,Fortify Lockpicking,0x3EB21,0.579999983,1.39999998,30,1,0,0,0,1,0,0,0,MagicAlchFortifyLockpicking;MagicAlchBeneficial,0x3EB21,0x3EB21,,1.39999998,30,1,2,2.81191492,,0.579999983,2099202,34,0x65A26;0xF8A4E,Fortify Lockpicking,,0.579999983,2099202,34,0x65A26;0xF8A4E
Falkreath Minnow,0x83302AA,Resist Paralysis,0x806AE49,19,0,166,0,1,1,0,1,0,0,1,MagicAlchResistParalysis_CACO;MagicAlchDurationBased;MagicAlchBeneficial,0x806AE49,0x806AE49,,0,166,1,3,417.707764,,19,4201474,34,0x806AE4A;0xF8A4F;0xF8A4E,Resist Paralysis,,19,4201474,34,0x806AE4A;0xF8A4F;0xF8A4E
Falmer Blood,0x8102EA3,Fortify Sneak,0x3EB22,0.889999986,1.42999995,60,1,0,0,0,1,0,0,0,MagicAlchFortifySneak;MagicAlchBeneficial,0x3EB22,0x3EB22,,1.42999995,60,1,0,9.46729755,,0.889999986,2099202,34,0x65A27;0xF8A4E,Fortify Sneak,,0.889999986,2099202,34,0x65A27;0xF8A4E
Falmer Blood,0x8102EA3,Resist Poison,0x90041,0.157000005,5.96000004,60,1,0,0,0,1,0,0,0,MagicAlchResistPoison;MagicAlchBeneficial,0x90041,0x90041,,5.96000004,60,1,1,8.02854729,,0.157000005,2101250,34,0x10EB5F;0xF8A4E,Resist Poison,,0.157000005,2101250,34,0x10EB5F;0xF8A4E
Falmer Blood,0x8102EA3,Magicka,0x3EB17,4.69999981,12.4899998,1,1,0,0,0,1,0,0,0,MagicAlchRestoreMagicka;MagicAlchBeneficial,0x3EB17,0x3EB17,,12.4899998,1,1,2,6.0022831,,4.69999981,2099200,34,0x42508;0xF8A4E,Magicka,,4.69999981,2099200,34,0x42508;0xF8A4E
Falmer Blood,0x8102EA3,Stamina,0x3EB16,4.69999981,12.0299997,1,1,0,0,0,1,0,0,0,MagicAlchRestoreStamina;MagicAlchBeneficial,0x3EB16,0x3EB16,,12.0299997,1,1,3,5.75956964,,4.69999981,2099200,34,0x42504;0xF8A4E,Stamina,,4.69999981,2099200,34,0x42504;0xF8A4E
Falmer Ear,0x3AD5D,Fortify Lockpicking,0x3EB21,0.579999983,4.19999981,30,1,0,0,0,1,0,0,0,MagicAlchFortifyLockpicking;MagicAlchBeneficial,0x3EB21,0x3EB21,,4.19999981,30,1,0,9.41533089,,0.579999983,2099202,34,0x65A26;0xF8A4E,Fortify Lockpicking,,0.579999983,2099202,34,0x65A26;0xF8A4E
Falmer Ear,0x3AD5D,Frenzy,0x73F29,0.620000005,3.6400001,30,1,0,0,0,0,1,1,0,MagicAlchHarmful;MagicInfluence;MagicInfluenceFrenzy,0x73F29,0x73F29,,3.6400001,30,0,1,8.59877586,,0.620000005,2099463,8,0x42509;0x78098;0xC44B6,Frenzy,,0.620000005,2099463,8,0x42509;0x78098;0xC44B6
Falmer Ear,0x3AD5D,Resist Poison,0x90041,0.157000005,3.6400001,60,1,0,0,0,1,0,0,0,MagicAlchResistPoison;MagicAlchBeneficial,0x90041,0x90041,,3.6400001,60,1,2,4.66742754,,0.157000005,2101250,34,0x10EB5F;0xF8A4E,Resist Poison,,0.157000005,2101250,34,0x10EB5F;0xF8A4E
Falmer Ear,0x3AD5D,Damage Health,0x3EB42,7.9000001,6.94999981,1,1,0,0,0,0,1,1,0,MagicAlchHarmful;MagicAlchDamageHealth,0x3EB42,0x3EB42,,6.94999981,1,0,3,5.29432249,,7.9000001,2099205,0,0x42509;0x10F9DD,Damage Health,,7.9000001,2099205,0,0x42509;0x10F9DD
Felsaad Tern Feathers,0x403CD8E,Fortify Light Armor,0x3EB1F,0.50999999,2.08999991,60,1,0,0,0,1,0,0,0,MagicAlchFortifyLightArmor;MagicAlchBeneficial,0x3EB1F,0x3EB1F,,2.08999991,60,1,0,8.23564148,,0.50999999,2099202,34,0x65A24;0xF8A4E,Fortify Light Armor,,0.50999999,2099202,34,0x65A24;0xF8A4E
Felsaad Tern Feathers,0x403CD8E,Health,0x3EB15,5.30000019,12.0299997,1,1,0,0,0,1,0,0,0,MagicAlchRestoreHealth;MagicAlchBeneficial,0x3EB15,0x3EB15,,12.0299997,1,1,1,6.49483442,,5.30000019,2099200,34,0x42503;0xF8A4E,Health,,5.30000019,2099200,34,0x42503;0xF8A4E
Felsaad Tern Feathers,0x403CD8E,Cure Disease,0xAE722,45,1,0,0,0,0,1,1,0,0,0,MagicAlchBeneficial;MagicAlchCureDisease_CACO,0xAE722,0xAE722,,1,0,0,2,45,,45,6656,3,0xF8A4E;0x890B902,Cure Disease,,45,6656,3,0xF8A4E;0x890B902
Felsaad Tern Feathers,0x403CD8E,Resist Magic,0x39E51,1.24000001,0.629999995,60,1,0,0,0,1,0,0,0,MagicAlchResistMagic;MagicAlchBeneficial,0x39E51,0x39E51,,0.629999995,60,1,3,8.89996052,,1.24000001,2103298,34,0x65A3A;0xF8A4E,Resist Magic,,1.24000001,2103298,34,0x65A3A;0xF8A4E
Fennel Seed Extract,0x85A97DE,Magicka Fortification,0x3EAF8,0.129999995,5.55000019,60,1,0,0,0,1,0,0,0,MagicAlchFortifyMagicka;MagicAlchBeneficial,0x3EAF8,0x3EAF8,,5.55000019,60,1,0,6.14655924,,0.129999995,2099202,34,0x65A33;0xF8A4E,Magicka Fortification,,0.129999995,2099202,34,0x65A33;0xF8A4E
Fennel Seed Extract,0x85A97DE,Stamina Fortification,0x3EAF9,0.129999995,5.55000019,60,1,0,0,0,1,0,0,0,MagicAlchFortifyStamina;MagicAlchBeneficial,0x3EAF9,0x3EAF9,,5.55000019,60,1,1,6.14655924,,0.129999995,2099202,34,0x65A32;0xF8A4E,Stamina Fortification,,0.129999995,2099202,34,0x65A32;0xF8A4E
Fennel Seed Extract,0x85A97DE,Fortify Two-handed,0x3EB1A,0.324999988,2.79999995,60,1,0,0,0,1,0,0,0,MagicAlchFortifyTwoHanded;MagicAlchBeneficial,0x3EB1A,0x3EB1A,,2.79999995,60,1,2,7.23974943,,0.324999988,2099202,34,0x65A20;0xF8A4E,Fortify Two-handed,,0.324999988,2099202,34,0x65A20;0xF8A4E
Fennel Seed Extract,0x85A97DE,Poison Aversion,0x90042,0.389999986,3.3499999,30,1,0,0,0,0,1,1,0,MagicAlchHarmful;USKPMagicAlchWeaknessPoison,0x90042,0x90042,,3.3499999,30,1,3,4.93681955,,0.389999986,2101255,34,0x42509;0x706EE3A,Poison Aversion,,0.389999986,2101255,34,0x42509;0x706EE3A
Fennel Seeds,0x1CCA117,Magicka Fortification,0x3EAF8,0.129999995,2.77999997,60,1,0,0,0,1,0,0,0,MagicAlchFortifyMagicka;MagicAlchBeneficial,0x3EAF8,0x3EAF8,,2.77999997,60,1,0,2.87315488,,0.129999995,2099202,34,0x65A33;0xF8A4E,Magicka Fortification,,0.129999995,2099202,34,0x65A33;0xF8A4E
Fennel Seeds,0x1CCA117,Stamina Fortification,0x3EAF9,0.129999995,2.77999997,60,1,0,0,0,1,0,0,0,MagicAlchFortifyStamina;MagicAlchBeneficial,0x3EAF9,0x3EAF9,,2.77999997,60,1,1,2.87315488,,0.129999995,2099202,34,0x65A32;0xF8A4E,Stamina Fortification,,0.129999995,2099202,34,0x65A32;0xF8A4E
Fennel Seeds,0x1CCA117,Fortify Two-handed,0x3EB1A,0.324999988,1.67999995,60,1,0,0,0,1,0,0,0,MagicAlchFortifyTwoHanded;MagicAlchBeneficial,0x3EB1A,0x3EB1A,,1.67999995,60,1,2,4.12752724,,0.324999988,2099202,34,0x65A20;0xF8A4E,Fortify Two-handed,,0.324999988,2099202,34,0x65A20;0xF8A4E
Fennel Seeds,0x1CCA117,Poison Aversion,0x90042,0.389999986,1.16999996,30,1,0,0,0,0,1,1,0,MagicAlchHarmful;USKPMagicAlchWeaknessPoison,0x90042,0x90042,,1.16999996,30,1,3,1.55203819,,0.389999986,2101255,34,0x42509;0x706EE3A,Poison Aversion,,0.389999986,2101255,34,0x42509;0x706EE3A
Fine-Cut Ash Salts,0x85A980E,Drain Strength,0x80476F6,0.670000017,3.8499999,30,1,0,0,0,0,1,1,0,MagicAlchHarmful,0x80476F6,0x80476F6,,3.8499999,30,0,0,9.88359642,,0.670000017,2103303,5,0x42509,Drain Strength,,0.670000017,2103303,5,0x42509
Fine-Cut Ash Salts,0x85A980E,Fortify Enchanting,0x3EB29,0.709999979,1.67999995,60,1,0,0,0,1,0,0,0,MagicAlchFortifyEnchanting;MagicAlchBeneficial,0x3EB29,0x3EB29,,1.67999995,60,1,1,9.01706028,,0.709999979,2099202,34,0x65A2E;0xF8A4E,Fortify Enchanting,,0.709999979,2099202,34,0x65A2E;0xF8A4E
Fine-Cut Ash Salts,0x85A980E,Fatigue,0x73F23,23.6000004,0,383,0,1,1,0,0,1,1,1,MagicAlchHarmful;MagicAlchDurationBased;MagicAlchFatigue_CACO,0x73F23,0x73F23,,0,383,1,2,1301.45959,,23.6000004,4197383,34,0x42509;0xF8A4F;0x807A153,Fatigue,,23.6000004,4197383,34,0x42509;0xF8A4F;0x807A153
Fine-Cut Ash Salts,0x85A980E,Resist Magic,0x39E51,1.24000001,0.949999988,60,1,0,0,0,1,0,0,0,MagicAlchResistMagic;MagicAlchBeneficial,0x39E51,0x39E51,,0.949999988,60,1,3,8.89996052,,1.24000001,2103298,34,0x65A3A;0xF8A4E,Resist Magic,,1.24000001,2103298,34,0x65A3A;0xF8A4E
Fine-Cut Fire Salts,0x85A9807,Fire Aversion,0x73F2D,0.319999993,6.67999983,30,1,0,0,0,0,1,1,0,MagicAlchHarmful;MagicAlchWeaknessFire,0x73F2D,0x73F2D,,6.67999983,30,1,0,8.65441036,,0.319999993,2101255,34,0x42509;0x74F4E,Fire Aversion,,0.319999993,2101255,34,0x42509;0x74F4E
Fine-Cut Fire Salts,0x85A9807,Resist Frost,0x3EAEB,0.36500001,2.75,60,1,0,0,0,1,0,0,0,MagicAlchResistFrost;MagicAlchBeneficial,0x3EAEB,0x3EAEB,,2.75,60,1,1,7.9712286,,0.36500001,2101250,34,0x65A38;0xF8A4E,Resist Frost,,0.36500001,2101250,34,0x65A38;0xF8A4E
Fine-Cut Fire Salts,0x85A9807,Magicka Regeneration,0x3EB07,0.0252,5.53000021,300,1,0,0,0,1,0,0,0,MagicAlchFortifyMagickaRate;MagicAlchBeneficial,0x3EB07,0x3EB07,,5.53000021,300,1,2,6.96998167,,0.0252,2099202,34,0x65A34;0xF8A4E,Magicka Regeneration,,0.0252,2099202,34,0x65A34;0xF8A4E
Fine-Cut Fire Salts,0x85A9807,Magicka,0x3EB17,4.69999981,10.6400003,1,1,0,0,0,1,0,0,0,MagicAlchRestoreMagicka;MagicAlchBeneficial,0x3EB17,0x3EB17,,10.6400003,1,1,3,5.031919,,4.69999981,2099200,34,0x42508;0xF8A4E,Magicka,,4.69999981,2099200,34,0x42508;0xF8A4E
Fine-Cut Frost Salts,0x85A9808,Frost Aversion,0x73F2E,0.319999993,6.67999983,30,1,0,0,0,0,1,1,0,MagicAlchHarmful;MagicAlchWeaknessFrost,0x73F2E,0x73F2E,,6.67999983,30,1,0,8.65441036,,0.319999993,2101255,34,0x42509;0x74F4F,Frost Aversion,,0.319999993,2101255,34,0x42509;0x74F4F
Fine-Cut Frost Salts,0x85A9808,Resist Fire,0x3EAEA,0.36500001,2.75,60,1,0,0,0,1,0,0,0,MagicAlchResistFire;MagicAlchBeneficial,0x3EAEA,0x3EAEA,,2.75,60,1,1,7.9712286,,0.36500001,2101250,34,0x65A37;0xF8A4E,Resist Fire,,0.36500001,2101250,34,0x65A37;0xF8A4E
Fine-Cut Frost Salts,0x85A9808,Damage Health,0x3EB42,7.9000001,9.72999954,1,1,0,0,0,0,1,1,0,MagicAlchHarmful;MagicAlchDamageHealth,0x3EB42,0x3EB42,,9.72999954,1,0,2,7.66568947,,7.9000001,2099205,0,0x42509;0x10F9DD,Damage Health,,7.9000001,2099205,0,0x42509;0x10F9DD
Fine-Cut Frost Salts,0x85A9808,Magicka,0x3EB17,4.69999981,10.6400003,1,1,0,0,0,1,0,0,0,MagicAlchRestoreMagicka;MagicAlchBeneficial,0x3EB17,0x3EB17,,10.6400003,1,1,3,5.031919,,4.69999981,2099200,34,0x42508;0xF8A4E,Magicka,,4.69999981,2099200,34,0x42508;0xF8A4E
Fine-Cut Void Salts,0x85A980A,Shock Aversion,0x73F2F,0.319999993,6.67999983,30,1,0,0,0,0,1,1,0,MagicAlchHarmful;MagicAlchWeaknessShock,0x73F2F,0x73F2F,,6.67999983,30,1,0,8.65441036,,0.319999993,2101255,34,0x42509;0x74F50,Shock Aversion,,0.319999993,2101255,34,0x42509;0x74F50
Fine-Cut Void Salts,0x85A980A,Resist Shock,0x3EAEC,0.36500001,2.75,60,1,0,0,0,1,0,0,0,MagicAlchResistShock;MagicAlchBeneficial,0x3EAEC,0x3EAEC,,2.75,60,1,1,7.9712286,,0.36500001,2101250,34,0x65A39;0xF8A4E,Resist Shock,,0.36500001,2101250,34,0x65A39;0xF8A4E
Fine-Cut Void Salts,0x85A980A,Silence,0x73F27,113,0,94,0,1,1,0,0,1,1,1,MagicAlchHarmful;MagicAlchDurationBased;MagicAlchSilence_CACO,0x73F27,0x73F27,,0,94,1,2,1328.98206,,113,4197383,34,0x42509;0xF8A4F;0x807A150,Silence,,113,4197383,34,0x42509;0xF8A4F;0x807A150
Fine-Cut Void Salts,0x85A980A,Magicka,0x3EB17,4.69999981,10.6400003,1,1,0,0,0,1,0,0,0,MagicAlchRestoreMagicka;MagicAlchBeneficial,0x3EB17,0x3EB17,,10.6400003,1,1,3,5.031919,,4.69999981,2099200,34,0x42508;0xF8A4E,Magicka,,4.69999981,2099200,34,0x42508;0xF8A4E
Finely Ground Bone Meal,0x85A980C,Damage Stamina,0x3A2C6,4.5999999,12.21,1,1,0,0,0,0,1,1,0,MagicAlchHarmful;MagicAlchDamageStamina,0x3A2C6,0x3A2C6,,12.21,1,0,0,5.72987461,,4.5999999,2099205,0,0x42509;0x10F9DC,Damage Stamina,,4.5999999,2099205,0,0x42509;0x10F9DC
Finely Ground Bone Meal,0x85A980C,Fortify Conjuration,0x3EB25,0.172000006,4.1500001,60,1,0,0,0,1,0,0,0,MagicAlchFortifyConjuration;MagicAlchBeneficial,0x3EB25,0x3EB25,,4.1500001,60,1,1,5.90673923,,0.172000006,2099202,34,0x65A2A;0xF8A4E,Fortify Conjuration,,0.172000006,2099202,34,0x65A2A;0xF8A4E
Finely Ground Bone Meal,0x85A980C,Resist Fire,0x3EAEA,0.36500001,1.98000002,60,1,0,0,0,1,0,0,0,MagicAlchResistFire;MagicAlchBeneficial,0x3EAEA,0x3EAEA,,1.98000002,60,1,2,5.55380964,,0.36500001,2101250,34,0x65A37;0xF8A4E,Resist Fire,,0.36500001,2101250,34,0x65A37;0xF8A4E
Finely Ground Bone Meal,0x85A980C,Night Eye,0x804C7FD,10.5,0,399,0,1,1,0,1,0,0,1,MagicNightEye;MagicAlchBeneficial;MagicAlchDurationBased,0x804C7FD,0x804C7FD,,0,399,1,3,605.702759,,10.5,138546178,34,0xAD7C6;0xF8A4E;0xF8A4F,Night Eye,,10.5,138546178,34,0xAD7C6;0xF8A4E;0xF8A4F
Fire Petals,0xFE004829,Lingering Damage Health,0x10AA4A,12.3999996,0.439999998,10,1,0,0,0,0,1,1,0,MagicAlchHarmful,0x10AA4A,0x10AA4A,,0.439999998,10,0,0,12.3999996,,12.3999996,2099205,0,0x42509,Lingering Damage Health,,12.3999996,2099205,0,0x42509
Fire Petals,0xFE004829,Resist Fire,0x3EAEA,0.36500001,2.30999994,60,1,0,0,0,1,0,0,0,MagicAlchResistFire;MagicAlchBeneficial,0x3EAEA,0x3EAEA,,2.30999994,60,1,1,6.58009911,,0.36500001,2101250,34,0x65A37;0xF8A4E,Resist Fire,,0.36500001,2101250,34,0x65A37;0xF8A4E
Fire Petals,0xFE004829,Resist Paralysis,0x806AE49,19,0,331,0,1,1,0,1,0,0,1,MagicAlchResistParalysis_CACO;MagicAlchDurationBased;MagicAlchBeneficial,0x806AE49,0x806AE49,,0,331,1,2,892.410095,,19,4201474,34,0x806AE4A;0xF8A4F;0xF8A4E,Resist Paralysis,,19,4201474,34,0x806AE4A;0xF8A4F;0xF8A4E
Fire Petals,0xFE004829,Ravage Health,0x73F26,0.550000012,5.55999994,10,1,0,0,0,0,1,1,0,MagicAlchHarmful,0x73F26,0x73F26,,5.55999994,10,0,3,3.63032055,,0.550000012,2099207,0,0x42509,Ravage Health,,0.550000012,2099207,0,0x42509
Fire Petals,0x8A100B1,Lingering Damage Health,0x10AA4A,12.3999996,0.439999998,10,1,0,0,0,0,1,1,0,MagicAlchHarmful,0x10AA4A,0x10AA4A,,0.439999998,10,0,0,12.3999996,,12.3999996,2099205,0,0x42509,Lingering Damage Health,,12.3999996,2099205,0,0x42509
Fire Petals,0x8A100B1,Resist Fire,0x3EAEA,0.36500001,2.30999994,60,1,0,0,0,1,0,0,0,MagicAlchResistFire;MagicAlchBeneficial,0x3EAEA,0x3EAEA,,2.30999994,60,1,1,6.58009911,,0.36500001,2101250,34,0x65A37;0xF8A4E,Resist Fire,,0.36500001,2101250,34,0x65A37;0xF8A4E
Fire Petals,0x8A100B1,Resist Paralysis,0x806AE49,19,0,331,0,1,1,0,1,0,0,1,MagicAlchResistParalysis_CACO;MagicAlchDurationBased;MagicAlchBeneficial,0x806AE49,0x806AE49,,0,331,1,2,892.410095,,19,4201474,34,0x806AE4A;0xF8A4F;0xF8A4E,Resist Paralysis,,19,4201474,34,0x806AE4A;0xF8A4F;0xF8A4E
Fire Petals,0x8A100B1,Ravage Health,0x73F26,0.550000012,5.55999994,10,1,0,0,0,0,1,1,0,MagicAlchHarmful,0x73F26,0x73F26,,5.55999994,10,0,3,3.63032055,,0.550000012,2099207,0,0x42509,Ravage Health,,0.550000012,2099207,0,0x42509
Fire Salts,0x3AD5E,Fire Aversion,0x73F2D,0.319999993,6.67999983,30,1,0,0,0,0,1,1,0,MagicAlchHarmful;MagicAlchWeaknessFire,0x73F2D,0x73F2D,,6.67999983,30,1,0,8.65441036,,0.319999993,2101255,34,0x42509;0x74F4E,Fire Aversion,,0.319999993,2101255,34,0x42509;0x74F4E
Fire Salts,0x3AD5E,Resist Frost,0x3EAEB,0.36500001,2.75,60,1,0,0,0,1,0,0,0,MagicAlchResistFrost;MagicAlchBeneficial,0x3EAEB,0x3EAEB,,2.75,60,1,1,7.9712286,,0.36500001,2101250,34,0x65A38;0xF8A4E,Resist Frost,,0.36500001,2101250,34,0x65A38;0xF8A4E
Fire Salts,0x3AD5E,Magicka Regeneration,0x3EB07,0.0252,5.53000021,300,1,0,0,0,1,0,0,0,MagicAlchFortifyMagickaRate;MagicAlchBeneficial,0x3EB07,0x3EB07,,5.53000021,300,1,2,6.96998167,,0.0252,2099202,34,0x65A34;0xF8A4E,Magicka Regeneration,,0.0252,2099202,34,0x65A34;0xF8A4E
Fire Salts,0x3AD5E,Magicka,0x3EB17,4.69999981,10.6400003,1,1,0,0,0,1,0,0,0,MagicAlchRestoreMagicka;MagicAlchBeneficial,0x3EB17,0x3EB17,,10.6400003,1,1,3,5.031919,,4.69999981,2099200,34,0x42508;0xF8A4E,Magicka,,4.69999981,2099200,34,0x42508;0xF8A4E
Flame Skimmer,0x8660007,Frost Aversion,0x73F2E,0.319999993,5.78999996,30,1,0,0,0,0,1,1,0,MagicAlchHarmful;MagicAlchWeaknessFrost,0x73F2E,0x73F2E,,5.78999996,30,1,0,7.39485693,,0.319999993,2101255,34,0x42509;0x74F4F,Frost Aversion,,0.319999993,2101255,34,0x42509;0x74F4F
Flame Skimmer,0x8660007,Speed,0x80425F1,0.0979999974,1.64999998,120,1,0,0,0,1,0,0,0,MagicAlchBeneficial;MagicAlchFortifySpeed_CACO,0x80425F1,0x80425F1,,1.64999998,120,1,1,2.61551857,,0.0979999974,2101250,34,0xF8A4E;0x806AE48,Speed,,0.0979999974,2101250,34,0xF8A4E;0x806AE48
Flame Skimmer,0x8660007,Cure Poison,0x109ADD,35,1,0,0,0,0,1,1,0,0,0,MagicAlchBeneficial;MagicAlchCurePoison_CACO,0x109ADD,0x109ADD,,1,0,0,2,35,,35,6656,29,0xF8A4E;0x890B903,Cure Poison,,35,6656,29,0xF8A4E;0x890B903
Flame Skimmer,0x8660007,Damage Magicka Regen,0x73F2B,0.360000014,2.00999999,30,1,0,0,0,0,1,1,0,MagicAlchHarmful;MagicAlchDamageMagickaRegen_CACO,0x73F2B,0x73F2B,,2.00999999,30,0,3,2.5980742,,0.360000014,2099207,5,0x42509;0x807A152,Damage Magicka Regen,,0.360000014,2099207,5,0x42509;0x807A152
Flame Stalk,0xFE00482A,Health,0x3EB15,5.30000019,11,1,1,0,0,0,1,0,0,0,MagicAlchRestoreHealth;MagicAlchBeneficial,0x3EB15,0x3EB15,,11,1,1,0,5.88583183,,5.30000019,2099200,34,0x42503;0xF8A4E,Health,,5.30000019,2099200,34,0x42503;0xF8A4E
Flame Stalk,0xFE00482A,Resist Frost,0x3EAEB,0.36500001,2.20000005,60,1,0,0,0,1,0,0,0,MagicAlchResistFrost;MagicAlchBeneficial,0x3EAEB,0x3EAEB,,2.20000005,60,1,1,6.23626089,,0.36500001,2101250,34,0x65A38;0xF8A4E,Resist Frost,,0.36500001,2101250,34,0x65A38;0xF8A4E
Flame Stalk,0xFE00482A,Fire Aversion,0x73F2D,0.319999993,4.44999981,30,1,0,0,0,0,1,1,0,MagicAlchHarmful;MagicAlchWeaknessFire,0x73F2D,0x73F2D,,4.44999981,30,1,2,5.53578711,,0.319999993,2101255,34,0x42509;0x74F4E,Fire Aversion,,0.319999993,2101255,34,0x42509;0x74F4E
Flame Stalk,0xFE00482A,Invisibility,0x3EB3D,27,0,331,0,1,1,0,1,0,0,1,MagicInvisibility;MagicAlchBeneficial;MagicAlchDurationBased,0x3EB3D,0x3EB3D,,0,331,0,3,1268.16174,,27,4201474,11,0x1EA6F;0xF8A4E;0xF8A4F,Invisibility,,27,4201474,11,0x1EA6F;0xF8A4E;0xF8A4F
Flame Stalk,0x6095E23,Health,0x3EB15,5.30000019,11.5600004,1,1,0,0,0,1,0,0,0,MagicAlchRestoreHealth;MagicAlchBeneficial,0x3EB15,0x3EB15,,11.5600004,1,1,0,6.2162652,,5.30000019,2099200,34,0x42503;0xF8A4E,Health,,5.30000019,2099200,34,0x42503;0xF8A4E
Flame Stalk,0x6095E23,Resist Frost,0x3EAEB,0.36500001,2.42000008,60,1,0,0,0,1,0,0,0,MagicAlchResistFrost;MagicAlchBeneficial,0x3EAEB,0x3EAEB,,2.42000008,60,1,1,6.92558098,,0.36500001,2101250,34,0x65A38;0xF8A4E,Resist Frost,,0.36500001,2101250,34,0x65A38;0xF8A4E
Flame Stalk,0x6095E23,Fire Aversion,0x73F2D,0.319999993,4.01000023,30,1,0,0,0,0,1,1,0,MagicAlchHarmful;MagicAlchWeaknessFire,0x73F2D,0x73F2D,,4.01000023,30,1,2,4.93676233,,0.319999993,2101255,34,0x42509;0x74F4E,Fire Aversion,,0.319999993,2101255,34,0x42509;0x74F4E
Flame Stalk,0x6095E23,Invisibility,0x3EB3D,27,0,248,0,1,1,0,1,0,0,1,MagicInvisibility;MagicAlchBeneficial;MagicAlchDurationBased,0x3EB3D,0x3EB3D,,0,248,0,3,923.125305,,27,4201474,11,0x1EA6F;0xF8A4E;0xF8A4F,Invisibility,,27,4201474,11,0x1EA6F;0xF8A4E;0xF8A4F
Flax Seed Extract,0x85A97DC,Feather,0x3EB01,0.0469999984,3.30999994,300,1,0,0,0,1,0,0,0,MagicAlchFortifyCarryWeight;MagicAlchBeneficial,0x3EB01,0x3EB01,,3.30999994,300,1,0,7.39166117,,0.0469999984,2099202,34,0x65A2F;0xF8A4E,Feather,,0.0469999984,2099202,34,0x65A2F;0xF8A4E
Flax Seed Extract,0x85A97DC,Fortify Block,0x3EB1C,0.49000001,1.54999995,60,1,0,0,0,1,0,0,0,MagicAlchFortifyBlock;MagicAlchBeneficial,0x3EB1C,0x3EB1C,,1.54999995,60,1,1,5.69544029,,0.49000001,2099202,34,0x65A1E;0xF8A4E,Fortify Block,,0.49000001,2099202,34,0x65A1E;0xF8A4E
Flax Seed Extract,0x85A97DC,Lingering Damage Health,0x10AA4A,12.3999996,0.400000006,10,1,0,0,0,0,1,1,0,MagicAlchHarmful,0x10AA4A,0x10AA4A,,0.400000006,10,0,2,12.3999996,,12.3999996,2099205,0,0x42509,Lingering Damage Health,,12.3999996,2099205,0,0x42509
Flax Seed Extract,0x85A97DC,Magicka,0x3EB17,4.69999981,9.25,1,1,0,0,0,1,0,0,0,MagicAlchRestoreMagicka;MagicAlchBeneficial,0x3EB17,0x3EB17,,9.25,1,1,3,4.31373787,,4.69999981,2099200,34,0x42508;0xF8A4E,Magicka,,4.69999981,2099200,34,0x42508;0xF8A4E
Flax Seeds,0x1CCA118,Feather,0x3EB01,0.0469999984,1.99000001,300,1,0,0,0,1,0,0,0,MagicAlchFortifyCarryWeight;MagicAlchBeneficial,0x3EB01,0x3EB01,,1.99000001,300,1,0,4.22347212,,0.0469999984,2099202,34,0x65A2F;0xF8A4E,Feather,,0.0469999984,2099202,34,0x65A2F;0xF8A4E
Flax Seeds,0x1CCA118,Fortify Block,0x3EB1C,0.49000001,0.779999971,60,1,0,0,0,1,0,0,0,MagicAlchFortifyBlock;MagicAlchBeneficial,0x3EB1C,0x3EB1C,,0.779999971,60,1,1,3.51692009,,0.49000001,2099202,34,0x65A1E;0xF8A4E,Fortify Block,,0.49000001,2099202,34,0x65A1E;0xF8A4E
Flax Seeds,0x1CCA118,Lingering Damage Health,0x10AA4A,12.3999996,0.140000001,10,1,0,0,0,0,1,1,0,MagicAlchHarmful,0x10AA4A,0x10AA4A,,0.140000001,10,0,2,12.3999996,,12.3999996,2099205,0,0x42509,Lingering Damage Health,,12.3999996,2099205,0,0x42509
Flax Seeds,0x1CCA118,Magicka,0x3EB17,4.69999981,2.77999997,1,1,0,0,0,1,0,0,0,MagicAlchRestoreMagicka;MagicAlchBeneficial,0x3EB17,0x3EB17,,2.77999997,1,1,3,1.14960086,,4.69999981,2099200,34,0x42508;0xF8A4E,Magicka,,4.69999981,2099200,34,0x42508;0xF8A4E
Fly Amanita,0x4DA00,Stamina Regeneration,0x3EB08,0.0252,5.53000021,240,1,0,0,0,1,0,0,0,MagicAlchFortifyStaminaRate;MagicAlchBeneficial,0x3EB08,0x3EB08,,5.53000021,240,1,0,5.45293856,,0.0252,2099202,34,0x65A35;0xF8A4E,Stamina Regeneration,,0.0252,2099202,34,0x65A35;0xF8A4E
Fly Amanita,0x4DA00,Resist Fire,0x3EAEA,0.36500001,1.75999999,60,1,0,0,0,1,0,0,0,MagicAlchResistFire;MagicAlchBeneficial,0x3EAEA,0x3EAEA,,1.75999999,60,1,1,4.87891436,,0.36500001,2101250,34,0x65A37;0xF8A4E,Resist Fire,,0.36500001,2101250,34,0x65A37;0xF8A4E
Fly Amanita,0x4DA00,Fortify Two-handed,0x3EB1A,0.324999988,2.24000001,60,1,0,0,0,1,0,0,0,MagicAlchFortifyTwoHanded;MagicAlchBeneficial,0x3EB1A,0x3EB1A,,2.24000001,60,1,2,5.66399097,,0.324999988,2099202,34,0x65A20;0xF8A4E,Fortify Two-handed,,0.324999988,2099202,34,0x65A20;0xF8A4E
Fly Amanita,0x4DA00,Frenzy,0x73F29,0.620000005,1.67999995,30,1,0,0,0,0,1,1,0,MagicAlchHarmful;MagicInfluence;MagicInfluenceFrenzy,0x73F29,0x73F29,,1.67999995,30,0,3,3.67337537,,0.620000005,2099463,8,0x42509;0x78098;0xC44B6,Frenzy,,0.620000005,2099463,8,0x42509;0x78098;0xC44B6
Fox Fat,0x1CCA144,Fortify Lockpicking,0x3EB21,0.579999983,3.07999992,30,1,0,0,0,1,0,0,0,MagicAlchFortifyLockpicking;MagicAlchBeneficial,0x3EB21,0x3EB21,,3.07999992,30,1,0,6.69371414,,0.579999983,2099202,34,0x65A26;0xF8A4E,Fortify Lockpicking,,0.579999983,2099202,34,0x65A26;0xF8A4E
Fox Fat,0x1CCA144,Fortify Speech,0xD6947,0.270000011,2.75,60,1,0,0,0,1,0,0,0,MagicAlchFortifySpeechcraft;MagicAlchBeneficial,0xD6947,0xD6947,,2.75,60,1,1,5.89652538,,0.270000011,2099202,34,0x65A29;0xF8A4E,Fortify Speech,,0.270000011,2099202,34,0x65A29;0xF8A4E
Fox Fat,0x1CCA144,Fortify Pickpocket,0x3EB20,0.270000011,2.51999998,60,1,0,0,0,1,0,0,0,MagicAlchFortifyPickPocket;MagicAlchBeneficial,0x3EB20,0x3EB20,,2.51999998,60,1,2,5.35637236,,0.270000011,2099202,34,0x65A25;0xF8A4E,Fortify Pickpocket,,0.270000011,2099202,34,0x65A25;0xF8A4E
Fox Fat,0x1CCA144,Lingering Damage Undead,0x10DE5E,12.8000002,0.159999996,10,1,0,0,0,0,1,1,0,MagicAlchHarmful,0x10DE5E,0x10DE5E,,0.159999996,10,0,3,12.8000002,,12.8000002,2099205,0,0x42509,Lingering Damage Undead,,12.8000002,2099205,0,0x42509
Foxglove Nectar,0x80D0413,Resist Poison,0x90041,0.157000005,2.98000002,60,1,0,0,0,1,0,0,0,MagicAlchResistPoison;MagicAlchBeneficial,0x90041,0x90041,,2.98000002,60,1,0,3.74544978,,0.157000005,2101250,34,0x10EB5F;0xF8A4E,Resist Poison,,0.157000005,2101250,34,0x10EB5F;0xF8A4E
Foxglove Nectar,0x80D0413,Resist Disease,0x806AE45,0.0149999997,100,833,0,1,0,0,1,0,0,1,MagicAlchResistDisease_CACO;MagicAlchBeneficial;MagicAlchDurationBased,0x806AE45,0x806AE45,,100,833,1,1,308.17746,,0.0149999997,4198402,34,0x806AE46;0xF8A4E;0xF8A4F,Resist Disease,,0.0149999997,4198402,34,0x806AE46;0xF8A4E;0xF8A4F
Foxglove Nectar,0x80D0413,Resist Paralysis,0x806AE49,19,0,248,0,1,1,0,1,0,0,1,MagicAlchResistParalysis_CACO;MagicAlchDurationBased;MagicAlchBeneficial,0x806AE49,0x806AE49,,0,248,1,2,649.606689,,19,4201474,34,0x806AE4A;0xF8A4F;0xF8A4E,Resist Paralysis,,19,4201474,34,0x806AE4A;0xF8A4F;0xF8A4E
Foxglove Nectar,0x80D0413,Night Eye,0x804C7FD,10.5,0,333,0,1,1,0,1,0,0,1,MagicNightEye;MagicAlchBeneficial;MagicAlchDurationBased,0x804C7FD,0x804C7FD,,0,333,1,3,496.45282,,10.5,138546178,34,0xAD7C6;0xF8A4E;0xF8A4F,Night Eye,,10.5,138546178,34,0xAD7C6;0xF8A4E;0xF8A4F
Frogspawn,0x816009F,Waterbreathing,0x3AC2D,7.69999981,0,831,0,1,1,0,1,0,0,1,MagicAlchBeneficial;MagicAlchDurationBased,0x3AC2D,0x3AC2D,,0,831,1,0,995.524353,,7.69999981,4197378,34,0xF8A4E;0xF8A4F,Waterbreathing,,7.69999981,4197378,34,0xF8A4E;0xF8A4F
Frogspawn,0x816009F,Cure Disease,0xAE722,45,1,0,0,0,0,1,1,0,0,0,MagicAlchBeneficial;MagicAlchCureDisease_CACO,0xAE722,0xAE722,,1,0,0,1,45,,45,6656,3,0xF8A4E;0x890B902,Cure Disease,,45,6656,3,0xF8A4E;0x890B902
Frogspawn,0x816009F,Frost Aversion,0x73F2E,0.319999993,3.33999991,30,1,0,0,0,0,1,1,0,MagicAlchHarmful;MagicAlchWeaknessFrost,0x73F2E,0x73F2E,,3.33999991,30,1,2,4.03742504,,0.319999993,2101255,34,0x42509;0x74F4F,Frost Aversion,,0.319999993,2101255,34,0x42509;0x74F4F
Frogspawn,0x816009F,Fortify Pickpocket,0x3EB20,0.270000011,1.96000004,60,1,0,0,0,1,0,0,0,MagicAlchFortifyPickPocket;MagicAlchBeneficial,0x3EB20,0x3EB20,,1.96000004,60,1,3,4.06267309,,0.270000011,2099202,34,0x65A25;0xF8A4E,Fortify Pickpocket,,0.270000011,2099202,34,0x65A25;0xF8A4E
Frost Mirriam,0x34D32,Resist Frost,0x3EAEB,0.36500001,1.21000004,60,1,0,0,0,1,0,0,0,MagicAlchResistFrost;MagicAlchBeneficial,0x3EAEB,0x3EAEB,,1.21000004,60,1,0,3.23089767,,0.36500001,2101250,34,0x65A38;0xF8A4E,Resist Frost,,0.36500001,2101250,34,0x65A38;0xF8A4E
Frost Mirriam,0x34D32,Stamina Fortification,0x3EAF9,0.129999995,2.22000003,60,1,0,0,0,1,0,0,0,MagicAlchFortifyStamina;MagicAlchBeneficial,0x3EAF9,0x3EAF9,,2.22000003,60,1,1,2.2433548,,0.129999995,2099202,34,0x65A32;0xF8A4E,Stamina Fortification,,0.129999995,2099202,34,0x65A32;0xF8A4E
Frost Mirriam,0x34D32,Magicka Fortification,0x3EAF8,0.129999995,2.22000003,60,1,0,0,0,1,0,0,0,MagicAlchFortifyMagicka;MagicAlchBeneficial,0x3EAF8,0x3EAF8,,2.22000003,60,1,2,2.2433548,,0.129999995,2099202,34,0x65A33;0xF8A4E,Magicka Fortification,,0.129999995,2099202,34,0x65A33;0xF8A4E
Frost Mirriam,0x34D32,Fire Aversion,0x73F2D,0.319999993,2.23000002,30,1,0,0,0,0,1,1,0,MagicAlchHarmful;MagicAlchWeaknessFire,0x73F2D,0x73F2D,,2.23000002,30,1,3,2.58892059,,0.319999993,2101255,34,0x42509;0x74F4E,Fire Aversion,,0.319999993,2101255,34,0x42509;0x74F4E
Frost Mirriam Extract,0x85A97DA,Resist Frost,0x3EAEB,0.36500001,2.20000005,60,1,0,0,0,1,0,0,0,MagicAlchResistFrost;MagicAlchBeneficial,0x3EAEB,0x3EAEB,,2.20000005,60,1,0,6.23626089,,0.36500001,2101250,34,0x65A38;0xF8A4E,Resist Frost,,0.36500001,2101250,34,0x65A38;0xF8A4E
Frost Mirriam Extract,0x85A97DA,Stamina Fortification,0x3EAF9,0.129999995,5.55000019,60,1,0,0,0,1,0,0,0,MagicAlchFortifyStamina;MagicAlchBeneficial,0x3EAF9,0x3EAF9,,5.55000019,60,1,1,6.14655924,,0.129999995,2099202,34,0x65A32;0xF8A4E,Stamina Fortification,,0.129999995,2099202,34,0x65A32;0xF8A4E
Frost Mirriam Extract,0x85A97DA,Magicka Fortification,0x3EAF8,0.129999995,5.55000019,60,1,0,0,0,1,0,0,0,MagicAlchFortifyMagicka;MagicAlchBeneficial,0x3EAF8,0x3EAF8,,5.55000019,60,1,2,6.14655924,,0.129999995,2099202,34,0x65A33;0xF8A4E,Magicka Fortification,,0.129999995,2099202,34,0x65A33;0xF8A4E
Frost Mirriam Extract,0x85A97DA,Fire Aversion,0x73F2D,0.319999993,4.44999981,30,1,0,0,0,0,1,1,0,MagicAlchHarmful;MagicAlchWeaknessFire,0x73F2D,0x73F2D,,4.44999981,30,1,3,5.53578711,,0.319999993,2101255,34,0x42509;0x74F4E,Fire Aversion,,0.319999993,2101255,34,0x42509;0x74F4E
Frost Salts,0x3AD5F,Frost Aversion,0x73F2E,0.319999993,6.67999983,30,1,0,0,0,0,1,1,0,MagicAlchHarmful;MagicAlchWeaknessFrost,0x73F2E,0x73F2E,,6.67999983,30,1,0,8.65441036,,0.319999993,2101255,34,0x42509;0x74F4F,Frost Aversion,,0.319999993,2101255,34,0x42509;0x74F4F
Frost Salts,0x3AD5F,Resist Fire,0x3EAEA,0.36500001,2.75,60,1,0,0,0,1,0,0,0,MagicAlchResistFire;MagicAlchBeneficial,0x3EAEA,0x3EAEA,,2.75,60,1,1,7.9712286,,0.36500001,2101250,34,0x65A37;0xF8A4E,Resist Fire,,0.36500001,2101250,34,0x65A37;0xF8A4E
Frost Salts,0x3AD5F,Damage Health,0x3EB42,7.9000001,9.72999954,1,1,0,0,0,0,1,1,0,MagicAlchHarmful;MagicAlchDamageHealth,0x3EB42,0x3EB42,,9.72999954,1,0,2,7.66568947,,7.9000001,2099205,0,0x42509;0x10F9DD,Damage Health,,7.9000001,2099205,0,0x42509;0x10F9DD
Frost Salts,0x3AD5F,Magicka,0x3EB17,4.69999981,10.6400003,1,1,0,0,0,1,0,0,0,MagicAlchRestoreMagicka;MagicAlchBeneficial,0x3EB17,0x3EB17,,10.6400003,1,1,3,5.031919,,4.69999981,2099200,34,0x42508;0xF8A4E,Magicka,,4.69999981,2099200,34,0x42508;0xF8A4E
Frost Skimmer,0x8660006,Fire Aversion,0x73F2D,0.319999993,5.11999989,30,1,0,0,0,0,1,1,0,MagicAlchHarmful;MagicAlchWeaknessFire,0x73F2D,0x73F2D,,5.11999989,30,1,0,6.45922327,,0.319999993,2101255,34,0x42509;0x74F4E,Fire Aversion,,0.319999993,2101255,34,0x42509;0x74F4E
Frost Skimmer,0x8660006,Resist Frost,0x3EAEB,0.36500001,2.30999994,60,1,0,0,0,1,0,0,0,MagicAlchResistFrost;MagicAlchBeneficial,0x3EAEB,0x3EAEB,,2.30999994,60,1,1,6.58009911,,0.36500001,2101250,34,0x65A38;0xF8A4E,Resist Frost,,0.36500001,2101250,34,0x65A38;0xF8A4E
Frost Skimmer,0x8660006,Stamina,0x3EB16,4.69999981,6.94000006,1,1,0,0,0,1,0,0,0,MagicAlchRestoreStamina;MagicAlchBeneficial,0x3EB16,0x3EB16,,6.94000006,1,1,2,3.14480186,,4.69999981,2099200,34,0x42504;0xF8A4E,Stamina,,4.69999981,2099200,34,0x42504;0xF8A4E
Frost Skimmer,0x8660006,Waterwalking,0x40390E1,9.39999962,0,399,0,1,1,0,1,0,0,1,MagicAlchBeneficial;MagicAlchDurationBased,0x40390E1,0x40390E1,,0,399,1,3,542.248108,,9.39999962,4197378,34,0xF8A4E;0xF8A4F,Waterwalking,,9.39999962,4197378,34,0xF8A4E;0xF8A4F
Fungus Stalk,0xFE00482B,Magicka,0x3EB17,4.69999981,10.1999998,1,1,0,0,0,1,0,0,0,MagicAlchRestoreMagicka;MagicAlchBeneficial,0x3EB17,0x3EB17,,10.1999998,1,1,0,4.80350256,,4.69999981,2099200,34,0x42508;0xF8A4E,Magicka,,4.69999981,2099200,34,0x42508;0xF8A4E
Fungus Stalk,0xFE00482B,Health Fortification,0x3EAF3,0.129999995,5.5,60,1,0,0,0,1,0,0,0,MagicAlchFortifyHealth;MagicAlchBeneficial,0x3EAF3,0x3EAF3,,5.5,60,1,1,6.08567429,,0.129999995,2099202,34,0x65A31;0xF8A4E,Health Fortification,,0.129999995,2099202,34,0x65A31;0xF8A4E
Fungus Stalk,0xFE00482B,Stamina Fortification,0x3EAF9,0.129999995,5.30000019,60,1,0,0,0,1,0,0,0,MagicAlchFortifyStamina;MagicAlchBeneficial,0x3EAF9,0x3EAF9,,5.30000019,60,1,2,5.84269524,,0.129999995,2099202,34,0x65A32;0xF8A4E,Stamina Fortification,,0.129999995,2099202,34,0x65A32;0xF8A4E
Fungus Stalk,0xFE00482B,Waterwalking,0x40390E1,9.39999962,0,665,0,1,1,0,1,0,0,1,MagicAlchBeneficial;MagicAlchDurationBased,0x40390E1,0x40390E1,,0,665,1,3,951.112061,,9.39999962,4197378,34,0xF8A4E;0xF8A4F,Waterwalking,,9.39999962,4197378,34,0xF8A4E;0xF8A4F
Garlic,0x34D22,Resist Disease,0x806AE45,0.0149999997,100,1332,0,1,0,0,1,0,0,1,MagicAlchResistDisease_CACO;MagicAlchBeneficial;MagicAlchDurationBased,0x806AE45,0x806AE45,,100,1332,1,0,516.471069,,0.0149999997,4198402,34,0x806AE46;0xF8A4E;0xF8A4F,Resist Disease,,0.0149999997,4198402,34,0x806AE46;0xF8A4E;0xF8A4F
Garlic,0x34D22,Stamina Regeneration,0x3EB08,0.0252,4.1500001,180,1,0,0,0,1,0,0,0,MagicAlchFortifyStaminaRate;MagicAlchBeneficial,0x3EB08,0x3EB08,,4.1500001,180,1,1,2.89769912,,0.0252,2099202,34,0x65A35;0xF8A4E,Stamina Regeneration,,0.0252,2099202,34,0x65A35;0xF8A4E
Garlic,0x34D22,Health Regeneration,0x3EB06,0.0252,2.76999998,180,1,0,0,0,1,0,0,0,MagicAlchFortifyHealRate;MagicAlchBeneficial,0x3EB06,0x3EB06,,2.76999998,180,1,2,1.85749674,,0.0252,2099202,34,0x65A30;0xF8A4E,Health Regeneration,,0.0252,2099202,34,0x65A30;0xF8A4E
Garlic,0x34D22,Magicka Regeneration,0x3EB07,0.0252,2.76999998,180,1,0,0,0,1,0,0,0,MagicAlchFortifyMagickaRate;MagicAlchBeneficial,0x3EB07,0x3EB07,,2.76999998,180,1,3,1.85749674,,0.0252,2099202,34,0x65A34;0xF8A4E,Magicka Regeneration,,0.0252,2099202,34,0x65A34;0xF8A4E
Garlic Extract,0x85A97D9,Resist Disease,0x806AE45,0.0149999997,100,1665,0,1,0,0,1,0,0,1,MagicAlchResistDisease_CACO;MagicAlchBeneficial;MagicAlchDurationBased,0x806AE45,0x806AE45,,100,1665,1,0,660.156677,,0.0149999997,4198402,34,0x806AE46;0xF8A4E;0xF8A4F,Resist Disease,,0.0149999997,4198402,34,0x806AE46;0xF8A4E;0xF8A4F
Garlic Extract,0x85A97D9,Stamina Regeneration,0x3EB08,0.0252,5.53000021,240,1,0,0,0,1,0,0,0,MagicAlchFortifyStaminaRate;MagicAlchBeneficial,0x3EB08,0x3EB08,,5.53000021,240,1,1,5.45293856,,0.0252,2099202,34,0x65A35;0xF8A4E,Stamina Regeneration,,0.0252,2099202,34,0x65A35;0xF8A4E
Garlic Extract,0x85A97D9,Health Regeneration,0x3EB06,0.0252,5.53000021,240,1,0,0,0,1,0,0,0,MagicAlchFortifyHealRate;MagicAlchBeneficial,0x3EB06,0x3EB06,,5.53000021,240,1,2,5.45293856,,0.0252,2099202,34,0x65A30;0xF8A4E,Health Regeneration,,0.0252,2099202,34,0x65A30;0xF8A4E
Garlic Extract,0x85A97D9,Magicka Regeneration,0x3EB07,0.0252,5.53000021,240,1,0,0,0,1,0,0,0,MagicAlchFortifyMagickaRate;MagicAlchBeneficial,0x3EB07,0x3EB07,,5.53000021,240,1,3,5.45293856,,0.0252,2099202,34,0x65A34;0xF8A4E,Magicka Regeneration,,0.0252,2099202,34,0x65A34;0xF8A4E
Ghostfish,0x83353AF,Resist Poison,0x90041,0.157000005,4.96999979,60,1,0,0,0,1,0,0,0,MagicAlchResistPoison;MagicAlchBeneficial,0x90041,0x90041,,4.96999979,60,1,0,6.57442951,,0.157000005,2101250,34,0x10EB5F;0xF8A4E,Resist Poison,,0.157000005,2101250,34,0x10EB5F;0xF8A4E
Ghostfish,0x83353AF,Speed,0x80425F1,0.0979999974,1.75,120,1,0,0,0,1,0,0,0,MagicAlchBeneficial;MagicAlchFortifySpeed_CACO,0x80425F1,0x80425F1,,1.75,120,1,1,2.79040551,,0.0979999974,2101250,34,0xF8A4E;0x806AE48,Speed,,0.0979999974,2101250,34,0xF8A4E;0x806AE48
Ghostfish,0x83353AF,Etherealize,0x80425EF,174,0,53,0,1,1,0,1,0,0,1,MagicAlchDurationBased;MagicAlchBeneficial;MagicAlchEtherealize_CACO,0x80425EF,0x80425EF,,0,53,0,2,1089.56396,,174,4201472,41,0xF8A4F;0xF8A4E;0x807A151,Etherealize,,174,4201472,41,0xF8A4F;0xF8A4E;0x807A151
Ghostfish,0x83353AF,Shock Aversion,0x73F2F,0.319999993,3.33999991,30,1,0,0,0,0,1,1,0,MagicAlchHarmful;MagicAlchWeaknessShock,0x73F2F,0x73F2F,,3.33999991,30,1,3,4.03742504,,0.319999993,2101255,34,0x42509;0x74F50,Shock Aversion,,0.319999993,2101255,34,0x42509;0x74F50
Giant Lichen,0x7E8C1,Poison Aversion,0x90042,0.389999986,3.51999998,30,1,0,0,0,0,1,1,0,MagicAlchHarmful;USKPMagicAlchWeaknessPoison,0x90042,0x90042,,3.51999998,30,1,0,5.21308613,,0.389999986,2101255,34,0x42509;0x706EE3A,Poison Aversion,,0.389999986,2101255,34,0x42509;0x706EE3A
Giant Lichen,0x7E8C1,Shock Aversion,0x73F2F,0.319999993,4.44999981,30,1,0,0,0,0,1,1,0,MagicAlchHarmful;MagicAlchWeaknessShock,0x73F2F,0x73F2F,,4.44999981,30,1,1,5.53578711,,0.319999993,2101255,34,0x42509;0x74F50,Shock Aversion,,0.319999993,2101255,34,0x42509;0x74F50
Giant Lichen,0x7E8C1,Ravage Health,0x73F26,0.550000012,6.94999981,10,1,0,0,0,0,1,1,0,MagicAlchHarmful,0x73F26,0x73F26,,6.94999981,10,0,2,4.64029932,,0.550000012,2099207,0,0x42509,Ravage Health,,0.550000012,2099207,0,0x42509
Giant Lichen,0x7E8C1,Magicka,0x3EB17,4.69999981,8.32999992,1,1,0,0,0,1,0,0,0,MagicAlchRestoreMagicka;MagicAlchBeneficial,0x3EB17,0x3EB17,,8.32999992,1,1,3,3.84421229,,4.69999981,2099200,34,0x42508;0xF8A4E,Magicka,,4.69999981,2099200,34,0x42508;0xF8A4E
Giant's Blood,0x8102EA1,Fortify Unarmed,0x804C7FE,1.42999995,0.800000012,60,1,0,0,0,1,0,0,0,MagicAlchBeneficial;MagicAlchFortifyUnarmed_CACO,0x804C7FE,0x804C7FE,,0.800000012,60,1,0,10.2636642,,1.42999995,2099202,34,0xF8A4E;0x806AE47,Fortify Unarmed,,1.42999995,2099202,34,0xF8A4E;0x806AE47
Giant's Blood,0x8102EA1,Fortify Smithing,0x3EB1D,1.51999998,1.67999995,30,1,0,0,0,1,0,0,0,MagicAlchFortifySmithing;MagicAlchBeneficial,0x3EB1D,0x3EB1D,,1.67999995,30,1,1,9.00569439,,1.51999998,2099202,34,0x65A22;0xF8A4E,Fortify Smithing,,1.51999998,2099202,34,0x65A22;0xF8A4E
Giant's Blood,0x8102EA1,Shock Aversion,0x73F2F,0.319999993,4.9000001,30,1,0,0,0,0,1,1,0,MagicAlchHarmful;MagicAlchWeaknessShock,0x73F2F,0x73F2F,,4.9000001,30,1,2,6.15458965,,0.319999993,2101255,34,0x42509;0x74F50,Shock Aversion,,0.319999993,2101255,34,0x42509;0x74F50
Giant's Blood,0x8102EA1,Resist Disease,0x806AE45,0.0149999997,100,1499,0,1,0,0,1,0,0,1,MagicAlchResistDisease_CACO;MagicAlchBeneficial;MagicAlchDurationBased,0x806AE45,0x806AE45,,100,1499,1,3,588.129761,,0.0149999997,4198402,34,0x806AE46;0xF8A4E;0xF8A4F,Resist Disease,,0.0149999997,4198402,34,0x806AE46;0xF8A4E;0xF8A4F
Giant's Toe,0x3AD64,Damage Stamina Regen,0x73F2C,0.344999999,5.03000021,30,1,0,0,0,0,1,1,0,MagicAlchHarmful,0x73F2C,0x73F2C,,5.03000021,30,0,0,6.82931709,,0.344999999,2099207,5,0x42509,Damage Stamina Regen,,0.344999999,2099207,5,0x42509
Giant's Toe,0x3AD64,Feather,0x3EB01,0.0469999984,4.63000011,300,1,0,0,0,1,0,0,0,MagicAlchFortifyCarryWeight;MagicAlchBeneficial,0x3EB01,0x3EB01,,4.63000011,300,1,1,10.6922817,,0.0469999984,2099202,34,0x65A2F;0xF8A4E,Feather,,0.0469999984,2099202,34,0x65A2F;0xF8A4E
Giant's Toe,0x3AD64,Health Fortification,0x3EAF3,0.129999995,7.21999979,60,1,0,0,0,1,0,0,0,MagicAlchFortifyHealth;MagicAlchBeneficial,0x3EAF3,0x3EAF3,,7.21999979,60,1,2,8.20919704,,0.129999995,2099202,34,0x65A31;0xF8A4E,Health Fortification,,0.129999995,2099202,34,0x65A31;0xF8A4E
Giant's Toe,0x3AD64,Drain Strength,0x80476F6,0.670000017,3.44000006,30,1,0,0,0,0,1,1,0,MagicAlchHarmful,0x80476F6,0x80476F6,,3.44000006,30,0,3,8.73217583,,0.670000017,2103303,5,0x42509,Drain Strength,,0.670000017,2103303,5,0x42509
Ginseng,0x80D0415,Magicka Fortification,0x3EAF8,0.129999995,5.55000019,60,1,0,0,0,1,0,0,0,MagicAlchFortifyMagicka;MagicAlchBeneficial,0x3EAF8,0x3EAF8,,5.55000019,60,1,0,6.14655924,,0.129999995,2099202,34,0x65A33;0xF8A4E,Magicka Fortification,,0.129999995,2099202,34,0x65A33;0xF8A4E
Ginseng,0x80D0415,Cure Poison,0x109ADD,35,1,0,0,0,0,1,1,0,0,0,MagicAlchBeneficial;MagicAlchCurePoison_CACO,0x109ADD,0x109ADD,,1,0,0,1,35,,35,6656,29,0xF8A4E;0x890B903,Cure Poison,,35,6656,29,0xF8A4E;0x890B903
Ginseng,0x80D0415,Slow,0x73F25,0.300000012,50,168,0,1,0,0,0,1,1,1,MagicAlchHarmful;MagicSlow;MagicAlchDurationBased,0x73F25,0x73F25,,50,168,1,2,494.115631,,0.300000012,4200455,34,0x42509;0xB729E;0xF8A4F,Slow,,0.300000012,4200455,34,0x42509;0xB729E;0xF8A4F
Ginseng,0x80D0415,Damage Undead,0x10DE5F,8.30000019,3.48000002,1,1,0,0,0,0,1,1,0,MagicAlchHarmful;MagicAlchDamageHealth,0x10DE5F,0x10DE5F,,3.48000002,1,0,3,2.59905386,,8.30000019,2099205,0,0x42509;0x10F9DD,Damage Undead,,8.30000019,2099205,0,0x42509;0x10F9DD
Glassfish,0x50008EE,Magicka,0x3EB17,4.69999981,11.5600004,1,1,0,0,0,1,0,0,0,MagicAlchRestoreMagicka;MagicAlchBeneficial,0x3EB17,0x3EB17,,11.5600004,1,1,0,5.51253653,,4.69999981,2099200,34,0x42508;0xF8A4E,Magicka,,4.69999981,2099200,34,0x42508;0xF8A4E
Glassfish,0x50008EE,Invisibility,0x3EB3D,27,0,331,0,1,1,0,1,0,0,1,MagicInvisibility;MagicAlchBeneficial;MagicAlchDurationBased,0x3EB3D,0x3EB3D,,0,331,0,1,1268.16174,,27,4201474,11,0x1EA6F;0xF8A4E;0xF8A4F,Invisibility,,27,4201474,11,0x1EA6F;0xF8A4E;0xF8A4F
Glassfish,0x50008EE,Fortify Illusion,0x3EB27,0.172000006,2.49000001,60,1,0,0,0,1,0,0,0,MagicAlchFortifyIllusion;MagicAlchBeneficial,0x3EB27,0x3EB27,,2.49000001,60,1,2,3.36755085,,0.172000006,2099202,34,0x65A2C;0xF8A4E,Fortify Illusion,,0.172000006,2099202,34,0x65A2C;0xF8A4E
Glassfish,0x50008EE,Fortify Speech,0xD6947,0.270000011,1.38,60,1,0,0,0,1,0,0,0,MagicAlchFortifySpeechcraft;MagicAlchBeneficial,0xD6947,0xD6947,,1.38,60,1,3,2.76183152,,0.270000011,2099202,34,0x65A29;0xF8A4E,Fortify Speech,,0.270000011,2099202,34,0x65A29;0xF8A4E
Gleamblossom,0x200B097,Etherealize,0x80425EF,174,0,66,0,1,1,0,1,0,0,1,MagicAlchDurationBased;MagicAlchBeneficial;MagicAlchEtherealize_CACO,0x80425EF,0x80425EF,,0,66,0,0,1386.90784,,174,4201472,41,0xF8A4F;0xF8A4E;0x807A151,Etherealize,,174,4201472,41,0xF8A4F;0xF8A4E;0x807A151
Gleamblossom,0x200B097,Paralysis,0x73F30,204,0,53,0,1,1,0,0,1,1,1,MagicParalysis;MagicAlchHarmful;MagicAlchDurationBased,0x73F30,0x73F30,,0,53,0,1,1277.4198,,204,4197379,1,0x1EA70;0x42509;0xF8A4F,Paralysis,,204,4197379,1,0x1EA70;0x42509;0xF8A4F
Gleamblossom,0x200B097,Health Regeneration,0x3EB06,0.0252,6.90999985,240,1,0,0,0,1,0,0,0,MagicAlchFortifyHealRate;MagicAlchBeneficial,0x3EB06,0x3EB06,,6.90999985,240,1,2,6.96720839,,0.0252,2099202,34,0x65A30;0xF8A4E,Health Regeneration,,0.0252,2099202,34,0x65A30;0xF8A4E
Gleamblossom,0x200B097,Fear,0x73F20,0.620000005,2.38000011,30,1,0,0,0,0,1,1,0,MagicAlchHarmful;MagicInfluence;MagicInfluenceFear,0x73F20,0x73F20,,2.38000011,30,0,3,5.38839912,,0.620000005,2099463,7,0x42509;0x78098;0x424E0,Fear,,0.620000005,2099463,7,0x42509;0x78098;0x424E0
Glow Dust,0x3AD73,Resist Shock,0x3EAEC,0.36500001,2.52999997,60,1,0,0,0,1,0,0,0,MagicAlchResistShock;MagicAlchBeneficial,0x3EAEC,0x3EAEC,,2.52999997,60,1,0,7.27263594,,0.36500001,2101250,34,0x65A39;0xF8A4E,Resist Shock,,0.36500001,2101250,34,0x65A39;0xF8A4E
Glow Dust,0x3AD73,Fortify Destruction,0x3EB26,0.324999988,3.3599999,60,1,0,0,0,1,0,0,0,MagicAlchFortifyDestruction;MagicAlchBeneficial,0x3EB26,0x3EB26,,3.3599999,60,1,1,8.84754848,,0.324999988,2099202,34,0x65A2B;0xF8A4E,Fortify Destruction,,0.324999988,2099202,34,0x65A2B;0xF8A4E
Glow Dust,0x3AD73,Damage Magicka Regen,0x73F2B,0.360000014,4.01999998,30,1,0,0,0,0,1,1,0,MagicAlchHarmful;MagicAlchDamageMagickaRegen_CACO,0x73F2B,0x73F2B,,4.01999998,30,0,2,5.56909418,,0.360000014,2099207,5,0x42509;0x807A152,Damage Magicka Regen,,0.360000014,2099207,5,0x42509;0x807A152
Glow Dust,0x3AD73,Damage Magicka,0x3A2B6,4.5999999,12.21,1,1,0,0,0,0,1,1,0,MagicAlchHarmful;MagicAlchDamageMagicka,0x3A2B6,0x3A2B6,,12.21,1,0,3,5.72987461,,4.5999999,2099205,0,0x42509;0x10F9DE,Damage Magicka,,4.5999999,2099205,0,0x42509;0x10F9DE
Glowing Mushroom,0x7EE01,Etherealize,0x80425EF,174,0,45,0,1,1,0,1,0,0,1,MagicAlchDurationBased;MagicAlchBeneficial;MagicAlchEtherealize_CACO,0x80425EF,0x80425EF,,0,45,0,0,910.087219,,174,4201472,41,0xF8A4F;0xF8A4E;0x807A151,Etherealize,,174,4201472,41,0xF8A4F;0xF8A4E;0x807A151
Glowing Mushroom,0x7EE01,Resist Shock,0x3EAEC,0.36500001,1.21000004,60,1,0,0,0,1,0,0,0,MagicAlchResistShock;MagicAlchBeneficial,0x3EAEC,0x3EAEC,,1.21000004,60,1,1,3.23089767,,0.36500001,2101250,34,0x65A39;0xF8A4E,Resist Shock,,0.36500001,2101250,34,0x65A39;0xF8A4E
Glowing Mushroom,0x7EE01,Fortify Destruction,0x3EB26,0.324999988,1.67999995,60,1,0,0,0,1,0,0,0,MagicAlchFortifyDestruction;MagicAlchBeneficial,0x3EB26,0x3EB26,,1.67999995,60,1,2,4.12752724,,0.324999988,2099202,34,0x65A2B;0xF8A4E,Fortify Destruction,,0.324999988,2099202,34,0x65A2B;0xF8A4E
Glowing Mushroom,0x7EE01,Health Fortification,0x3EAF3,0.129999995,2.77999997,60,1,0,0,0,1,0,0,0,MagicAlchFortifyHealth;MagicAlchBeneficial,0x3EAF3,0x3EAF3,,2.77999997,60,1,3,2.87315488,,0.129999995,2099202,34,0x65A31;0xF8A4E,Health Fortification,,0.129999995,2099202,34,0x65A31;0xF8A4E
Glowing Mushroom Extract,0x85A46D8,Etherealize,0x80425EF,174,0,53,0,1,1,0,1,0,0,1,MagicAlchDurationBased;MagicAlchBeneficial;MagicAlchEtherealize_CACO,0x80425EF,0x80425EF,,0,53,0,0,1089.56396,,174,4201472,41,0xF8A4F;0xF8A4E;0x807A151,Etherealize,,174,4201472,41,0xF8A4F;0xF8A4E;0x807A151
Glowing Mushroom Extract,0x85A46D8,Resist Shock,0x3EAEC,0.36500001,2.20000005,60,1,0,0,0,1,0,0,0,MagicAlchResistShock;MagicAlchBeneficial,0x3EAEC,0x3EAEC,,2.20000005,60,1,1,6.23626089,,0.36500001,2101250,34,0x65A39;0xF8A4E,Resist Shock,,0.36500001,2101250,34,0x65A39;0xF8A4E
Glowing Mushroom Extract,0x85A46D8,Fortify Destruction,0x3EB26,0.324999988,2.79999995,60,1,0,0,0,1,0,0,0,MagicAlchFortifyDestruction;MagicAlchBeneficial,0x3EB26,0x3EB26,,2.79999995,60,1,2,7.23974943,,0.324999988,2099202,34,0x65A2B;0xF8A4E,Fortify Destruction,,0.324999988,2099202,34,0x65A2B;0xF8A4E
Glowing Mushroom Extract,0x85A46D8,Health Fortification,0x3EAF3,0.129999995,5.55000019,60,1,0,0,0,1,0,0,0,MagicAlchFortifyHealth;MagicAlchBeneficial,0x3EAF3,0x3EAF3,,5.55000019,60,1,3,6.14655924,,0.129999995,2099202,34,0x65A31;0xF8A4E,Health Fortification,,0.129999995,2099202,34,0x65A31;0xF8A4E
Gnarl Bark,0xFE00482C,Damage Health,0x3EB42,7.9000001,9,1,1,0,0,0,0,1,1,0,MagicAlchHarmful;MagicAlchDamageHealth,0x3EB42,0x3EB42,,9,1,0,0,7.03548241,,7.9000001,2099205,0,0x42509;0x10F9DD,Damage Health,,7.9000001,2099205,0,0x42509;0x10F9DD
Gnarl Bark,0xFE00482C,Stamina Regeneration,0x3EB08,0.0252,5.53000021,240,1,0,0,0,1,0,0,0,MagicAlchFortifyStaminaRate;MagicAlchBeneficial,0x3EB08,0x3EB08,,5.53000021,240,1,1,5.45293856,,0.0252,2099202,34,0x65A35;0xF8A4E,Stamina Regeneration,,0.0252,2099202,34,0x65A35;0xF8A4E
Gnarl Bark,0xFE00482C,Fortify Heavy Armor,0x3EB1E,0.50999999,1.54999995,60,1,0,0,0,1,0,0,0,MagicAlchFortifyHeavyArmor;MagicAlchBeneficial,0x3EB1E,0x3EB1E,,1.54999995,60,1,2,5.92790699,,0.50999999,2099202,34,0x65A23;0xF8A4E,Fortify Heavy Armor,,0.50999999,2099202,34,0x65A23;0xF8A4E
Gnarl Bark,0xFE00482C,Resist Fire,0x3EAEA,0.36500001,1.79999995,60,1,0,0,0,1,0,0,0,MagicAlchResistFire;MagicAlchBeneficial,0x3EAEA,0x3EAEA,,1.79999995,60,1,3,5.00102472,,0.36500001,2101250,34,0x65A37;0xF8A4E,Resist Fire,,0.36500001,2101250,34,0x65A37;0xF8A4E
Goat Eye,0x81FB129,Damage Stamina,0x3A2C6,4.5999999,11.1000004,1,1,0,0,0,0,1,1,0,MagicAlchHarmful;MagicAlchDamageStamina,0x3A2C6,0x3A2C6,,11.1000004,1,0,0,5.15956497,,4.5999999,2099205,0,0x42509;0x10F9DC,Damage Stamina,,4.5999999,2099205,0,0x42509;0x10F9DC
Goat Eye,0x81FB129,Fortify Illusion,0x3EB27,0.172000006,2.91000009,60,1,0,0,0,1,0,0,0,MagicAlchFortifyIllusion;MagicAlchBeneficial,0x3EB27,0x3EB27,,2.91000009,60,1,1,3.99739623,,0.172000006,2099202,34,0x65A2C;0xF8A4E,Fortify Illusion,,0.172000006,2099202,34,0x65A2C;0xF8A4E
Goat Eye,0x81FB129,Damage Magicka Regen,0x73F2B,0.360000014,1.67999995,30,1,0,0,0,0,1,1,0,MagicAlchHarmful;MagicAlchDamageMagickaRegen_CACO,0x73F2B,0x73F2B,,1.67999995,30,0,2,2.13292766,,0.360000014,2099207,5,0x42509;0x807A152,Damage Magicka Regen,,0.360000014,2099207,5,0x42509;0x807A152
Goat Eye,0x81FB129,Damage Stamina Regen,0x73F2C,0.344999999,1.34000003,30,1,0,0,0,0,1,1,0,MagicAlchHarmful,0x73F2C,0x73F2C,,1.34000003,30,0,3,1.59392464,,0.344999999,2099207,5,0x42509,Damage Stamina Regen,,0.344999999,2099207,5,0x42509
Gold Kanet,0xFE00482D,Slow,0x73F25,0.300000012,50,335,0,1,0,0,0,1,1,1,MagicAlchHarmful;MagicSlow;MagicAlchDurationBased,0x73F25,0x73F25,,50,335,1,0,1055.69299,,0.300000012,4200455,34,0x42509;0xB729E;0xF8A4F,Slow,,0.300000012,4200455,34,0x42509;0xB729E;0xF8A4F
Gold Kanet,0xFE00482D,Ravage Health,0x73F26,0.550000012,6.94999981,10,1,0,0,0,0,1,1,0,MagicAlchHarmful,0x73F26,0x73F26,,6.94999981,10,0,1,4.64029932,,0.550000012,2099207,0,0x42509,Ravage Health,,0.550000012,2099207,0,0x42509
Gold Kanet,0xFE00482D,Stamina,0x3EB16,4.69999981,9,1,1,0,0,0,1,0,0,0,MagicAlchRestoreStamina;MagicAlchBeneficial,0x3EB16,0x3EB16,,9,1,1,2,4.18566656,,4.69999981,2099200,34,0x42504;0xF8A4E,Stamina,,4.69999981,2099200,34,0x42504;0xF8A4E
Gold Kanet,0xFE00482D,Fortify Smithing,0x3EB1D,1.51999998,1.25999999,30,1,0,0,0,1,0,0,0,MagicAlchFortifySmithing;MagicAlchBeneficial,0x3EB1D,0x3EB1D,,1.25999999,30,1,3,6.56273079,,1.51999998,2099202,34,0x65A22;0xF8A4E,Fortify Smithing,,1.51999998,2099202,34,0x65A22;0xF8A4E
Golden Rudd,0x83353B0,Fortify Unarmed,0x804C7FE,1.42999995,0.639999986,60,1,0,0,0,1,0,0,0,MagicAlchBeneficial;MagicAlchFortifyUnarmed_CACO,0x804C7FE,0x804C7FE,,0.639999986,60,1,0,10.2636642,,1.42999995,2099202,34,0xF8A4E;0x806AE47,Fortify Unarmed,,1.42999995,2099202,34,0xF8A4E;0x806AE47
Golden Rudd,0x83353B0,Fortify Restoration,0x3EB28,0.234999999,2.48000002,60,1,0,0,0,1,0,0,0,MagicAlchFortifyRestoration;MagicAlchBeneficial,0x3EB28,0x3EB28,,2.48000002,60,1,1,4.58069229,,0.234999999,2099202,34,0x65A2D;0xF8A4E,Fortify Restoration,,0.234999999,2099202,34,0x65A2D;0xF8A4E
Golden Rudd,0x83353B0,Resist Disease,0x806AE45,0.0149999997,100,999,0,1,0,0,1,0,0,1,MagicAlchResistDisease_CACO;MagicAlchBeneficial;MagicAlchDurationBased,0x806AE45,0x806AE45,,100,999,1,2,376.368591,,0.0149999997,4198402,34,0x806AE46;0xF8A4E;0xF8A4F,Resist Disease,,0.0149999997,4198402,34,0x806AE46;0xF8A4E;0xF8A4F
Golden Rudd,0x83353B0,Lingering Damage Health,0x10AA4A,12.3999996,0.200000003,10,1,0,0,0,0,1,1,0,MagicAlchHarmful,0x10AA4A,0x10AA4A,,0.200000003,10,0,3,12.3999996,,12.3999996,2099205,0,0x42509,Lingering Damage Health,,12.3999996,2099205,0,0x42509
Golden Skimmer,0x8660016,Shock Aversion,0x73F2F,0.319999993,4.01000023,30,1,0,0,0,0,1,1,0,MagicAlchHarmful;MagicAlchWeaknessShock,0x73F2F,0x73F2F,,4.01000023,30,1,0,4.93676233,,0.319999993,2101255,34,0x42509;0x74F50,Shock Aversion,,0.319999993,2101255,34,0x42509;0x74F50
Golden Skimmer,0x8660016,Waterwalking,0x40390E1,9.39999962,0,599,0,1,1,0,1,0,0,1,MagicAlchBeneficial;MagicAlchDurationBased,0x40390E1,0x40390E1,,0,599,1,1,847.8078,,9.39999962,4197378,34,0xF8A4E;0xF8A4F,Waterwalking,,9.39999962,4197378,34,0xF8A4E;0xF8A4F
Golden Skimmer,0x8660016,Frenzy,0x73F29,0.620000005,2.51999998,30,1,0,0,0,0,1,1,0,MagicAlchHarmful;MagicInfluence;MagicInfluenceFrenzy,0x73F29,0x73F29,,2.51999998,30,0,2,5.7380681,,0.620000005,2099463,8,0x42509;0x78098;0xC44B6,Frenzy,,0.620000005,2099463,8,0x42509;0x78098;0xC44B6
Golden Skimmer,0x8660016,Resist Poison,0x90041,0.157000005,1.99000001,60,1,0,0,0,1,0,0,0,MagicAlchResistPoison;MagicAlchBeneficial,0x90041,0x90041,,1.99000001,60,1,3,2.402174,,0.157000005,2101250,34,0x10EB5F;0xF8A4E,Resist Poison,,0.157000005,2101250,34,0x10EB5F;0xF8A4E
Golden-Ringed Darner,0x8660012,Fortify Lockpicking,0x3EB21,0.579999983,3.6400001,30,1,0,0,0,1,0,0,0,MagicAlchFortifyLockpicking;MagicAlchBeneficial,0x3EB21,0x3EB21,,3.6400001,30,1,0,8.04401588,,0.579999983,2099202,34,0x65A26;0xF8A4E,Fortify Lockpicking,,0.579999983,2099202,34,0x65A26;0xF8A4E
Golden-Ringed Darner,0x8660012,Fortify Light Armor,0x3EB1F,0.50999999,1.86000001,60,1,0,0,0,1,0,0,0,MagicAlchFortifyLightArmor;MagicAlchBeneficial,0x3EB1F,0x3EB1F,,1.86000001,60,1,1,7.24437284,,0.50999999,2099202,34,0x65A24;0xF8A4E,Fortify Light Armor,,0.50999999,2099202,34,0x65A24;0xF8A4E
Golden-Ringed Darner,0x8660012,Damage Stamina Regen,0x73F2C,0.344999999,3.69000006,30,1,0,0,0,0,1,1,0,MagicAlchHarmful,0x73F2C,0x73F2C,,3.69000006,30,0,2,4.8571496,,0.344999999,2099207,5,0x42509,Damage Stamina Regen,,0.344999999,2099207,5,0x42509
Golden-Ringed Darner,0x8660012,Fortify Block,0x3EB1C,0.49000001,1.71000004,60,1,0,0,0,1,0,0,0,MagicAlchFortifyBlock;MagicAlchBeneficial,0x3EB1C,0x3EB1C,,1.71000004,60,1,3,6.34538841,,0.49000001,2099202,34,0x65A1E;0xF8A4E,Fortify Block,,0.49000001,2099202,34,0x65A1E;0xF8A4E
Goldfish,0x50008EF,Stamina,0x3EB16,4.69999981,11.5600004,1,1,0,0,0,1,0,0,0,MagicAlchRestoreStamina;MagicAlchBeneficial,0x3EB16,0x3EB16,,11.5600004,1,1,0,5.51253653,,4.69999981,2099200,34,0x42504;0xF8A4E,Stamina,,4.69999981,2099200,34,0x42504;0xF8A4E
Goldfish,0x50008EF,Fortify Heavy Armor,0x3EB1E,0.50999999,1.54999995,60,1,0,0,0,1,0,0,0,MagicAlchFortifyHeavyArmor;MagicAlchBeneficial,0x3EB1E,0x3EB1E,,1.54999995,60,1,1,5.92790699,,0.50999999,2099202,34,0x65A23;0xF8A4E,Fortify Heavy Armor,,0.50999999,2099202,34,0x65A23;0xF8A4E
Goldfish,0x50008EF,Waterbreathing,0x3AC2D,7.69999981,0,366,0,1,1,0,1,0,0,1,MagicAlchBeneficial;MagicAlchDurationBased,0x3AC2D,0x3AC2D,,0,366,1,2,403.942902,,7.69999981,4197378,34,0xF8A4E;0xF8A4F,Waterbreathing,,7.69999981,4197378,34,0xF8A4E;0xF8A4F
Goldfish,0x50008EF,Resist Frost,0x3EAEB,0.36500001,0.99000001,60,1,0,0,0,1,0,0,0,MagicAlchResistFrost;MagicAlchBeneficial,0x3EAEB,0x3EAEB,,0.99000001,60,1,3,2.61974669,,0.36500001,2101250,34,0x65A38;0xF8A4E,Resist Frost,,0.36500001,2101250,34,0x65A38;0xF8A4E
Grass Pod,0x83E64,Drain Intelligence,0x804C7FB,0.670000017,1.64999998,30,1,0,0,0,0,1,1,0,MagicAlchHarmful;MagicAlchDrainIntelligence_CACO,0x804C7FB,0x804C7FB,,1.64999998,30,0,0,3.89171052,,0.670000017,2103303,0,0x42509;0x825B701,Drain Intelligence,,0.670000017,2103303,0,0x42509;0x825B701
Grass Pod,0x83E64,Cure Poison,0x109ADD,35,1,0,0,0,0,1,1,0,0,0,MagicAlchBeneficial;MagicAlchCurePoison_CACO,0x109ADD,0x109ADD,,1,0,0,1,35,,35,6656,29,0xF8A4E;0x890B903,Cure Poison,,35,6656,29,0xF8A4E;0x890B903
Grass Pod,0x83E64,Fortify Alteration,0x3EB24,0.172000006,2.07999992,60,1,0,0,0,1,0,0,0,MagicAlchFortifyAlteration;MagicAlchBeneficial,0x3EB24,0x3EB24,,2.07999992,60,1,2,2.76289582,,0.172000006,2099202,34,0x65A1D;0xF8A4E,Fortify Alteration,,0.172000006,2099202,34,0x65A1D;0xF8A4E
Grass Pod,0x83E64,Magicka,0x3EB17,4.69999981,3.70000005,1,1,0,0,0,1,0,0,0,MagicAlchRestoreMagicka;MagicAlchBeneficial,0x3EB17,0x3EB17,,3.70000005,1,1,3,1.57441688,,4.69999981,2099200,34,0x42508;0xF8A4E,Magicka,,4.69999981,2099200,34,0x42508;0xF8A4E
Gravedust,0x80D0439,Fortify Smithing,0x3EB1D,1.51999998,1.61000001,30,1,0,0,0,1,0,0,0,MagicAlchFortifySmithing;MagicAlchBeneficial,0x3EB1D,0x3EB1D,,1.61000001,30,1,0,8.59380436,,1.51999998,2099202,34,0x65A22;0xF8A4E,Fortify Smithing,,1.51999998,2099202,34,0x65A22;0xF8A4E
Gravedust,0x80D0439,Drain Intelligence,0x804C7FB,0.670000017,3.02999997,30,1,0,0,0,0,1,1,0,MagicAlchHarmful;MagicAlchDrainIntelligence_CACO,0x804C7FB,0x804C7FB,,3.02999997,30,0,1,7.59442902,,0.670000017,2103303,0,0x42509;0x825B701,Drain Intelligence,,0.670000017,2103303,0,0x42509;0x825B701
Gravedust,0x80D0439,Damage Undead,0x10DE5F,8.30000019,6.94999981,1,1,0,0,0,0,1,1,0,MagicAlchHarmful;MagicAlchDamageHealth,0x10DE5F,0x10DE5F,,6.94999981,1,0,2,5.56238937,,8.30000019,2099205,0,0x42509;0x10F9DD,Damage Undead,,8.30000019,2099205,0,0x42509;0x10F9DD
Gravedust,0x80D0439,Cure Disease,0xAE722,45,1,0,0,0,0,1,1,0,0,0,MagicAlchBeneficial;MagicAlchCureDisease_CACO,0xAE722,0xAE722,,1,0,0,3,45,,45,6656,3,0xF8A4E;0x890B902,Cure Disease,,45,6656,3,0xF8A4E;0x890B902
Gravetar,0x1CCA139,Fear,0x73F20,0.620000005,3.3599999,30,1,0,0,0,0,1,1,0,MagicAlchHarmful;MagicInfluence;MagicInfluenceFear,0x73F20,0x73F20,,3.3599999,30,0,0,7.87405252,,0.620000005,2099463,7,0x42509;0x78098;0x424E0,Fear,,0.620000005,2099463,7,0x42509;0x78098;0x424E0
Gravetar,0x1CCA139,Resist Frost,0x3EAEB,0.36500001,2.42000008,60,1,0,0,0,1,0,0,0,MagicAlchResistFrost;MagicAlchBeneficial,0x3EAEB,0x3EAEB,,2.42000008,60,1,1,6.92558098,,0.36500001,2101250,34,0x65A38;0xF8A4E,Resist Frost,,0.36500001,2101250,34,0x65A38;0xF8A4E
Gravetar,0x1CCA139,Ravage Health,0x73F26,0.550000012,7.30000019,10,1,0,0,0,0,1,1,0,MagicAlchHarmful,0x73F26,0x73F26,,7.30000019,10,0,2,4.89798975,,0.550000012,2099207,0,0x42509,Ravage Health,,0.550000012,2099207,0,0x42509
Gravetar,0x1CCA139,Fortify Two-handed,0x3EB1A,0.324999988,2.51999998,60,1,0,0,0,1,0,0,0,MagicAlchFortifyTwoHanded;MagicAlchBeneficial,0x3EB1A,0x3EB1A,,2.51999998,60,1,3,6.44748449,,0.324999988,2099202,34,0x65A20;0xF8A4E,Fortify Two-handed,,0.324999988,2099202,34,0x65A20;0xF8A4E
Green Tench,0x832608E,Poison Aversion,0x90042,0.389999986,4.36000013,30,1,0,0,0,0,1,1,0,MagicAlchHarmful;USKPMagicAlchWeaknessPoison,0x90042,0x90042,,4.36000013,30,1,0,6.59679747,,0.389999986,2101255,34,0x42509;0x706EE3A,Poison Aversion,,0.389999986,2101255,34,0x42509;0x706EE3A
Green Tench,0x832608E,Fortify Two-handed,0x3EB1A,0.324999988,2.79999995,60,1,0,0,0,1,0,0,0,MagicAlchFortifyTwoHanded;MagicAlchBeneficial,0x3EB1A,0x3EB1A,,2.79999995,60,1,1,7.23974943,,0.324999988,2099202,34,0x65A20;0xF8A4E,Fortify Two-handed,,0.324999988,2099202,34,0x65A20;0xF8A4E
Green Tench,0x832608E,Resist Shock,0x3EAEC,0.36500001,2.20000005,60,1,0,0,0,1,0,0,0,MagicAlchResistShock;MagicAlchBeneficial,0x3EAEC,0x3EAEC,,2.20000005,60,1,2,6.23626089,,0.36500001,2101250,34,0x65A39;0xF8A4E,Resist Shock,,0.36500001,2101250,34,0x65A39;0xF8A4E
Green Tench,0x832608E,Ravage Health,0x73F26,0.550000012,4.17000008,10,1,0,0,0,0,1,1,0,MagicAlchHarmful,0x73F26,0x73F26,,4.17000008,10,0,3,2.64552808,,0.550000012,2099207,0,0x42509,Ravage Health,,0.550000012,2099207,0,0x42509
Gudgeon,0x832608D,Resist Disease,0x806AE45,0.0149999997,100,2165,0,1,0,0,1,0,0,1,MagicAlchResistDisease_CACO;MagicAlchBeneficial;MagicAlchDurationBased,0x806AE45,0x806AE45,,100,2165,1,0,881.241699,,0.0149999997,4198402,34,0x806AE46;0xF8A4E;0xF8A4F,Resist Disease,,0.0149999997,4198402,34,0x806AE46;0xF8A4E;0xF8A4F
Gudgeon,0x832608D,Health Regeneration,0x3EB06,0.0252,8.30000019,180,1,0,0,0,1,0,0,0,MagicAlchFortifyHealRate;MagicAlchBeneficial,0x3EB06,0x3EB06,,8.30000019,180,1,1,6.21135378,,0.0252,2099202,34,0x65A30;0xF8A4E,Health Regeneration,,0.0252,2099202,34,0x65A30;0xF8A4E
Gudgeon,0x832608D,Lingering Damage Health,0x10AA4A,12.3999996,0.419999987,10,1,0,0,0,0,1,1,0,MagicAlchHarmful,0x10AA4A,0x10AA4A,,0.419999987,10,0,2,12.3999996,,12.3999996,2099205,0,0x42509,Lingering Damage Health,,12.3999996,2099205,0,0x42509
Gudgeon,0x832608D,Health Fortification,0x3EAF3,0.129999995,4.44000006,60,1,0,0,0,1,0,0,0,MagicAlchFortifyHealth;MagicAlchBeneficial,0x3EAF3,0x3EAF3,,4.44000006,60,1,3,4.8087368,,0.129999995,2099202,34,0x65A31;0xF8A4E,Health Fortification,,0.129999995,2099202,34,0x65A31;0xF8A4E
Hackle-Lo Leaf,0xFE00482E,Stamina,0x3EB16,4.69999981,11,1,1,0,0,0,1,0,0,0,MagicAlchRestoreStamina;MagicAlchBeneficial,0x3EB16,0x3EB16,,11,1,1,0,5.21951103,,4.69999981,2099200,34,0x42504;0xF8A4E,Stamina,,4.69999981,2099200,34,0x42504;0xF8A4E
Hackle-Lo Leaf,0xFE00482E,Paralysis,0x73F30,204,0,53,0,1,1,0,0,1,1,1,MagicParalysis;MagicAlchHarmful;MagicAlchDurationBased,0x73F30,0x73F30,,0,53,0,1,1277.4198,,204,4197379,1,0x1EA70;0x42509;0xF8A4F,Paralysis,,204,4197379,1,0x1EA70;0x42509;0xF8A4F
Hackle-Lo Leaf,0xFE00482E,Waterbreathing,0x3AC2D,7.69999981,0,665,0,1,1,0,1,0,0,1,MagicAlchBeneficial;MagicAlchDurationBased,0x3AC2D,0x3AC2D,,0,665,1,2,779.102417,,7.69999981,4197378,34,0xF8A4E;0xF8A4F,Waterbreathing,,7.69999981,4197378,34,0xF8A4E;0xF8A4F
Hackle-Lo Leaf,0xFE00482E,Fortify Restoration,0x3EB28,0.234999999,2.70000005,60,1,0,0,0,1,0,0,0,MagicAlchFortifyRestoration;MagicAlchBeneficial,0x3EB28,0x3EB28,,2.70000005,60,1,3,5.02961111,,0.234999999,2099202,34,0x65A2D;0xF8A4E,Fortify Restoration,,0.234999999,2099202,34,0x65A2D;0xF8A4E
Hagraven Claw,0x6B689,Fortify Enchanting,0x3EB29,0.709999979,1.61000001,60,1,0,0,0,1,0,0,0,MagicAlchFortifyEnchanting;MagicAlchBeneficial,0x3EB29,0x3EB29,,1.61000001,60,1,0,8.60464954,,0.709999979,2099202,34,0x65A2E;0xF8A4E,Fortify Enchanting,,0.709999979,2099202,34,0x65A2E;0xF8A4E
Hagraven Claw,0x6B689,Fortify Speech,0xD6947,0.270000011,3.57999992,60,1,0,0,0,1,0,0,0,MagicAlchFortifySpeechcraft;MagicAlchBeneficial,0xD6947,0xD6947,,3.57999992,60,1,1,7.88136625,,0.270000011,2099202,34,0x65A29;0xF8A4E,Fortify Speech,,0.270000011,2099202,34,0x65A29;0xF8A4E
Hagraven Claw,0x6B689,Drain Strength,0x80476F6,0.670000017,3.02999997,30,1,0,0,0,0,1,1,0,MagicAlchHarmful,0x80476F6,0x80476F6,,3.02999997,30,0,2,7.59442902,,0.670000017,2103303,5,0x42509,Drain Strength,,0.670000017,2103303,5,0x42509
Hagraven Claw,0x6B689,Resist Magic,0x39E51,1.24000001,0.899999976,60,1,0,0,0,1,0,0,0,MagicAlchResistMagic;MagicAlchBeneficial,0x39E51,0x39E51,,0.899999976,60,1,3,8.89996052,,1.24000001,2103298,34,0x65A3A;0xF8A4E,Resist Magic,,1.24000001,2103298,34,0x65A3A;0xF8A4E
Hagraven Feathers,0x3AD66,Shock Aversion,0x73F2F,0.319999993,5.11999989,30,1,0,0,0,0,1,1,0,MagicAlchHarmful;MagicAlchWeaknessShock,0x73F2F,0x73F2F,,5.11999989,30,1,0,6.45922327,,0.319999993,2101255,34,0x42509;0x74F50,Shock Aversion,,0.319999993,2101255,34,0x42509;0x74F50
Hagraven Feathers,0x3AD66,Damage Magicka,0x3A2B6,4.5999999,12.21,1,1,0,0,0,0,1,1,0,MagicAlchHarmful;MagicAlchDamageMagicka,0x3A2B6,0x3A2B6,,12.21,1,0,1,5.72987461,,4.5999999,2099205,0,0x42509;0x10F9DE,Damage Magicka,,4.5999999,2099205,0,0x42509;0x10F9DE
Hagraven Feathers,0x3AD66,Fortify Conjuration,0x3EB25,0.172000006,4.55999994,60,1,0,0,0,1,0,0,0,MagicAlchFortifyConjuration;MagicAlchBeneficial,0x3EB25,0x3EB25,,4.55999994,60,1,2,6.55173349,,0.172000006,2099202,34,0x65A2A;0xF8A4E,Fortify Conjuration,,0.172000006,2099202,34,0x65A2A;0xF8A4E
Hagraven Feathers,0x3AD66,Frenzy,0x73F29,0.620000005,2.79999995,30,1,0,0,0,0,1,1,0,MagicAlchHarmful;MagicInfluence;MagicInfluenceFrenzy,0x73F29,0x73F29,,2.79999995,30,0,3,6.44315958,,0.620000005,2099463,8,0x42509;0x78098;0xC44B6,Frenzy,,0.620000005,2099463,8,0x42509;0x78098;0xC44B6
Hanging Moss,0x57F91,Damage Magicka Regen,0x73F2B,0.360000014,2.50999999,30,1,0,0,0,0,1,1,0,MagicAlchHarmful;MagicAlchDamageMagickaRegen_CACO,0x73F2B,0x73F2B,,2.50999999,30,0,0,3.31724095,,0.360000014,2099207,5,0x42509;0x807A152,Damage Magicka Regen,,0.360000014,2099207,5,0x42509;0x807A152
Hanging Moss,0x57F91,Stamina Fortification,0x3EAF9,0.129999995,2.77999997,60,1,0,0,0,1,0,0,0,MagicAlchFortifyStamina;MagicAlchBeneficial,0x3EAF9,0x3EAF9,,2.77999997,60,1,1,2.87315488,,0.129999995,2099202,34,0x65A32;0xF8A4E,Stamina Fortification,,0.129999995,2099202,34,0x65A32;0xF8A4E
Hanging Moss,0x57F91,Fortify One-handed,0x3EB19,0.324999988,1.67999995,60,1,0,0,0,1,0,0,0,MagicAlchFortifyOneHanded;MagicAlchBeneficial,0x3EB19,0x3EB19,,1.67999995,60,1,2,4.12752724,,0.324999988,2099202,34,0x65A1F;0xF8A4E,Fortify One-handed,,0.324999988,2099202,34,0x65A1F;0xF8A4E
Hanging Moss,0x57F91,Damage Magicka,0x3A2B6,4.5999999,3.8900001,1,1,0,0,0,0,1,1,0,MagicAlchHarmful;MagicAlchDamageMagicka,0x3A2B6,0x3A2B6,,3.8900001,1,0,3,1.62817991,,4.5999999,2099205,0,0x42509;0x10F9DE,Damage Magicka,,4.5999999,2099205,0,0x42509;0x10F9DE
Hanging Moss Extract,0x85A46D4,Damage Magicka Regen,0x73F2B,0.360000014,3.3499999,30,1,0,0,0,0,1,1,0,MagicAlchHarmful;MagicAlchDamageMagickaRegen_CACO,0x73F2B,0x73F2B,,3.3499999,30,0,0,4.55706453,,0.360000014,2099207,5,0x42509;0x807A152,Damage Magicka Regen,,0.360000014,2099207,5,0x42509;0x807A152
Hanging Moss Extract,0x85A46D4,Stamina Fortification,0x3EAF9,0.129999995,5.55000019,60,1,0,0,0,1,0,0,0,MagicAlchFortifyStamina;MagicAlchBeneficial,0x3EAF9,0x3EAF9,,5.55000019,60,1,1,6.14655924,,0.129999995,2099202,34,0x65A32;0xF8A4E,Stamina Fortification,,0.129999995,2099202,34,0x65A32;0xF8A4E
Hanging Moss Extract,0x85A46D4,Fortify One-handed,0x3EB19,0.324999988,2.79999995,60,1,0,0,0,1,0,0,0,MagicAlchFortifyOneHanded;MagicAlchBeneficial,0x3EB19,0x3EB19,,2.79999995,60,1,2,7.23974943,,0.324999988,2099202,34,0x65A1F;0xF8A4E,Fortify One-handed,,0.324999988,2099202,34,0x65A1F;0xF8A4E
Hanging Moss Extract,0x85A46D4,Damage Magicka,0x3A2B6,4.5999999,11.1000004,1,1,0,0,0,0,1,1,0,MagicAlchHarmful;MagicAlchDamageMagicka,0x3A2B6,0x3A2B6,,11.1000004,1,0,3,5.15956497,,4.5999999,2099205,0,0x42509;0x10F9DE,Damage Magicka,,4.5999999,2099205,0,0x42509;0x10F9DE
Hawk Beak,0xE7EBC,Feather,0x3EB01,0.0469999984,4.30000019,300,1,0,0,0,1,0,0,0,MagicAlchFortifyCarryWeight;MagicAlchBeneficial,0x3EB01,0x3EB01,,4.30000019,300,1,0,9.85704136,,0.0469999984,2099202,34,0x65A2F;0xF8A4E,Feather,,0.0469999984,2099202,34,0x65A2F;0xF8A4E
Hawk Beak,0xE7EBC,Resist Shock,0x3EAEC,0.36500001,2.42000008,60,1,0,0,0,1,0,0,0,MagicAlchResistShock;MagicAlchBeneficial,0x3EAEC,0x3EAEC,,2.42000008,60,1,1,6.92558098,,0.36500001,2101250,34,0x65A39;0xF8A4E,Resist Shock,,0.36500001,2101250,34,0x65A39;0xF8A4E
Hawk Beak,0xE7EBC,Fortify Archery,0x3EB1B,0.324999988,2.94000006,60,1,0,0,0,1,0,0,0,MagicAlchFortifyMarksman;MagicAlchBeneficial,0x3EB1B,0x3EB1B,,2.94000006,60,1,2,7.63891745,,0.324999988,2099202,34,0x65A21;0xF8A4E,Fortify Archery,,0.324999988,2099202,34,0x65A21;0xF8A4E
Hawk Beak,0xE7EBC,Stamina Regeneration,0x3EB08,0.0252,8.30000019,180,1,0,0,0,1,0,0,0,MagicAlchFortifyStaminaRate;MagicAlchBeneficial,0x3EB08,0x3EB08,,8.30000019,180,1,3,6.21135378,,0.0252,2099202,34,0x65A35;0xF8A4E,Stamina Regeneration,,0.0252,2099202,34,0x65A35;0xF8A4E
Hawk Egg,0x300F1CC,Damage Undead,0x10DE5F,8.30000019,7.6500001,1,1,0,0,0,0,1,1,0,MagicAlchHarmful;MagicAlchDamageHealth,0x10DE5F,0x10DE5F,,7.6500001,1,0,0,6.18166828,,8.30000019,2099205,0,0x42509;0x10F9DD,Damage Undead,,8.30000019,2099205,0,0x42509;0x10F9DD
Hawk Egg,0x300F1CC,Night Eye,0x804C7FD,10.5,0,732,0,1,1,0,1,0,0,1,MagicNightEye;MagicAlchBeneficial;MagicAlchDurationBased,0x804C7FD,0x804C7FD,,0,732,1,1,1180.73267,,10.5,138546178,34,0xAD7C6;0xF8A4E;0xF8A4F,Night Eye,,10.5,138546178,34,0xAD7C6;0xF8A4E;0xF8A4F
Hawk Egg,0x300F1CC,Fortify Smithing,0x3EB1D,1.51999998,1.39999998,30,1,0,0,0,1,0,0,0,MagicAlchFortifySmithing;MagicAlchBeneficial,0x3EB1D,0x3EB1D,,1.39999998,30,1,2,7.36915636,,1.51999998,2099202,34,0x65A22;0xF8A4E,Fortify Smithing,,1.51999998,2099202,34,0x65A22;0xF8A4E
Hawk Egg,0x300F1CC,Lingering Damage Undead,0x10DE5E,12.8000002,0.239999995,10,1,0,0,0,0,1,1,0,MagicAlchHarmful,0x10DE5E,0x10DE5E,,0.239999995,10,0,3,12.8000002,,12.8000002,2099205,0,0x42509,Lingering Damage Undead,,12.8000002,2099205,0,0x42509
Hawk Feathers,0xE7ED0,Speed,0x80425F1,0.0979999974,3.75,60,1,0,0,0,1,0,0,0,MagicAlchBeneficial;MagicAlchFortifySpeed_CACO,0x80425F1,0x80425F1,,3.75,60,1,0,3.01041842,,0.0979999974,2101250,34,0xF8A4E;0x806AE48,Speed,,0.0979999974,2101250,34,0xF8A4E;0x806AE48
Hawk Feathers,0xE7ED0,Cure Disease,0xAE722,45,1,0,0,0,0,1,1,0,0,0,MagicAlchBeneficial;MagicAlchCureDisease_CACO,0xAE722,0xAE722,,1,0,0,1,45,,45,6656,3,0xF8A4E;0x890B902,Cure Disease,,45,6656,3,0xF8A4E;0x890B902
Hawk Feathers,0xE7ED0,Fortify Light Armor,0x3EB1F,0.50999999,1.54999995,60,1,0,0,0,1,0,0,0,MagicAlchFortifyLightArmor;MagicAlchBeneficial,0x3EB1F,0x3EB1F,,1.54999995,60,1,2,5.92790699,,0.50999999,2099202,34,0x65A24;0xF8A4E,Fortify Light Armor,,0.50999999,2099202,34,0x65A24;0xF8A4E
Hawk Feathers,0xE7ED0,Fortify One-handed,0x3EB19,0.324999988,1.67999995,60,1,0,0,0,1,0,0,0,MagicAlchFortifyOneHanded;MagicAlchBeneficial,0x3EB19,0x3EB19,,1.67999995,60,1,3,4.12752724,,0.324999988,2099202,34,0x65A1F;0xF8A4E,Fortify One-handed,,0.324999988,2099202,34,0x65A1F;0xF8A4E
Heart of Order,0xFE004851,Health,0x3EB15,5.30000019,11.3000002,1,1,0,0,0,1,0,0,0,MagicAlchRestoreHealth;MagicAlchBeneficial,0x3EB15,0x3EB15,,11.3000002,1,1,0,6.06264591,,5.30000019,2099200,34,0x42503;0xF8A4E,Health,,5.30000019,2099200,34,0x42503;0xF8A4E
Heart of Order,0xFE004851,Health Fortification,0x3EAF3,0.129999995,5.55999994,60,1,0,0,0,1,0,0,0,MagicAlchFortifyHealth;MagicAlchBeneficial,0x3EAF3,0x3EAF3,,5.55999994,60,1,1,6.15874243,,0.129999995,2099202,34,0x65A31;0xF8A4E,Health Fortification,,0.129999995,2099202,34,0x65A31;0xF8A4E
Heart of Order,0xFE004851,Fortify One-handed,0x3EB19,0.324999988,2.79999995,60,1,0,0,0,1,0,0,0,MagicAlchFortifyOneHanded;MagicAlchBeneficial,0x3EB19,0x3EB19,,2.79999995,60,1,2,7.23974943,,0.324999988,2099202,34,0x65A1F;0xF8A4E,Fortify One-handed,,0.324999988,2099202,34,0x65A1F;0xF8A4E
Heart of Order,0xFE004851,Fortify Two-handed,0x3EB1A,0.324999988,2.5,60,1,0,0,0,1,0,0,0,MagicAlchFortifyTwoHanded;MagicAlchBeneficial,0x3EB1A,0x3EB1A,,2.5,60,1,3,6.39122009,,0.324999988,2099202,34,0x65A20;0xF8A4E,Fortify Two-handed,,0.324999988,2099202,34,0x65A20;0xF8A4E
Heather,0x8A100B3,Damage Stamina Regen,0x73F2C,0.344999999,2.3499999,30,1,0,0,0,0,1,1,0,MagicAlchHarmful,0x73F2C,0x73F2C,,2.3499999,30,0,0,2.95683503,,0.344999999,2099207,5,0x42509,Damage Stamina Regen,,0.344999999,2099207,5,0x42509
Heather,0x8A100B3,Fortify Speech,0xD6947,0.270000011,1.64999998,60,1,0,0,0,1,0,0,0,MagicAlchFortifySpeechcraft;MagicAlchBeneficial,0xD6947,0xD6947,,1.64999998,60,1,1,3.36172748,,0.270000011,2099202,34,0x65A29;0xF8A4E,Fortify Speech,,0.270000011,2099202,34,0x65A29;0xF8A4E
Heather,0x8A100B3,Slow,0x73F25,0.300000012,50,201,0,1,0,0,0,1,1,1,MagicAlchHarmful;MagicSlow;MagicAlchDurationBased,0x73F25,0x73F25,,50,201,1,2,601.871826,,0.300000012,4200455,34,0x42509;0xB729E;0xF8A4F,Slow,,0.300000012,4200455,34,0x42509;0xB729E;0xF8A4F
Heather,0x8A100B3,Fortify Lockpicking,0x3EB21,0.579999983,1.39999998,30,1,0,0,0,1,0,0,0,MagicAlchFortifyLockpicking;MagicAlchBeneficial,0x3EB21,0x3EB21,,1.39999998,30,1,3,2.81191492,,0.579999983,2099202,34,0x65A26;0xF8A4E,Fortify Lockpicking,,0.579999983,2099202,34,0x65A26;0xF8A4E
Heather Extract,0x85A46D2,Damage Stamina Regen,0x73F2C,0.344999999,3.3499999,30,1,0,0,0,0,1,1,0,MagicAlchHarmful,0x73F2C,0x73F2C,,3.3499999,30,0,0,4.36718655,,0.344999999,2099207,5,0x42509,Damage Stamina Regen,,0.344999999,2099207,5,0x42509
Heather Extract,0x85A46D2,Fortify Speech,0xD6947,0.270000011,2.75,60,1,0,0,0,1,0,0,0,MagicAlchFortifySpeechcraft;MagicAlchBeneficial,0xD6947,0xD6947,,2.75,60,1,1,5.89652538,,0.270000011,2099202,34,0x65A29;0xF8A4E,Fortify Speech,,0.270000011,2099202,34,0x65A29;0xF8A4E
Heather Extract,0x85A46D2,Slow,0x73F25,0.300000012,50,335,0,1,0,0,0,1,1,1,MagicAlchHarmful;MagicSlow;MagicAlchDurationBased,0x73F25,0x73F25,,50,335,1,2,1055.69299,,0.300000012,4200455,34,0x42509;0xB729E;0xF8A4F,Slow,,0.300000012,4200455,34,0x42509;0xB729E;0xF8A4F
Heather Extract,0x85A46D2,Fortify Lockpicking,0x3EB21,0.579999983,2.79999995,30,1,0,0,0,1,0,0,0,MagicAlchFortifyLockpicking;MagicAlchBeneficial,0x3EB21,0x3EB21,,2.79999995,30,1,3,6.02747154,,0.579999983,2099202,34,0x65A26;0xF8A4E,Fortify Lockpicking,,0.579999983,2099202,34,0x65A26;0xF8A4E
Histcarp,0x106E18,Damage Stamina Regen,0x73F2C,0.344999999,3.3499999,30,1,0,0,0,0,1,1,0,MagicAlchHarmful,0x73F2C,0x73F2C,,3.3499999,30,0,0,4.36718655,,0.344999999,2099207,5,0x42509,Damage Stamina Regen,,0.344999999,2099207,5,0x42509
Histcarp,0x106E18,Stamina,0x3EB16,4.69999981,9.25,1,1,0,0,0,1,0,0,0,MagicAlchRestoreStamina;MagicAlchBeneficial,0x3EB16,0x3EB16,,9.25,1,1,1,4.31373787,,4.69999981,2099200,34,0x42504;0xF8A4E,Stamina,,4.69999981,2099200,34,0x42504;0xF8A4E
Histcarp,0x106E18,Waterbreathing,0x3AC2D,7.69999981,0,366,0,1,1,0,1,0,0,1,MagicAlchBeneficial;MagicAlchDurationBased,0x3AC2D,0x3AC2D,,0,366,1,2,403.942902,,7.69999981,4197378,34,0xF8A4E;0xF8A4F,Waterbreathing,,7.69999981,4197378,34,0xF8A4E;0xF8A4F
Histcarp,0x106E18,Resist Disease,0x806AE45,0.0149999997,100,500,0,1,0,0,1,0,0,1,MagicAlchResistDisease_CACO;MagicAlchBeneficial;MagicAlchDurationBased,0x806AE45,0x806AE45,,100,500,1,3,175.775497,,0.0149999997,4198402,34,0x806AE46;0xF8A4E;0xF8A4F,Resist Disease,,0.0149999997,4198402,34,0x806AE46;0xF8A4E;0xF8A4F
Honeycomb,0xB08C5,Magicka Regeneration,0x3EB07,0.0252,5.53000021,240,1,0,0,0,1,0,0,0,MagicAlchFortifyMagickaRate;MagicAlchBeneficial,0x3EB07,0x3EB07,,5.53000021,240,1,0,5.45293856,,0.0252,2099202,34,0x65A34;0xF8A4E,Magicka Regeneration,,0.0252,2099202,34,0x65A34;0xF8A4E
Honeycomb,0xB08C5,Fortify One-handed,0x3EB19,0.324999988,2.79999995,60,1,0,0,0,1,0,0,0,MagicAlchFortifyOneHanded;MagicAlchBeneficial,0x3EB19,0x3EB19,,2.79999995,60,1,1,7.23974943,,0.324999988,2099202,34,0x65A1F;0xF8A4E,Fortify One-handed,,0.324999988,2099202,34,0x65A1F;0xF8A4E
Honeycomb,0xB08C5,Fatigue,0x73F23,23.6000004,0,233,0,1,1,0,0,1,1,1,MagicAlchHarmful;MagicAlchDurationBased;MagicAlchFatigue_CACO,0x73F23,0x73F23,,0,233,1,2,753.361755,,23.6000004,4197383,34,0x42509;0xF8A4F;0x807A153,Fatigue,,23.6000004,4197383,34,0x42509;0xF8A4F;0x807A153
Honeycomb,0xB08C5,Fortify Illusion,0x3EB27,0.172000006,2.49000001,60,1,0,0,0,1,0,0,0,MagicAlchFortifyIllusion;MagicAlchBeneficial,0x3EB27,0x3EB27,,2.49000001,60,1,3,3.36755085,,0.172000006,2099202,34,0x65A2C;0xF8A4E,Fortify Illusion,,0.172000006,2099202,34,0x65A2C;0xF8A4E
Horker Tusk,0x1CCA131,Magicka Fortification,0x3EAF8,0.129999995,5.82999992,60,1,0,0,0,1,0,0,0,MagicAlchFortifyMagicka;MagicAlchBeneficial,0x3EAF8,0x3EAF8,,5.82999992,60,1,0,6.48851252,,0.129999995,2099202,34,0x65A33;0xF8A4E,Magicka Fortification,,0.129999995,2099202,34,0x65A33;0xF8A4E
Horker Tusk,0x1CCA131,Fortify Conjuration,0x3EB25,0.172000006,3.74000001,60,1,0,0,0,1,0,0,0,MagicAlchFortifyConjuration;MagicAlchBeneficial,0x3EB25,0x3EB25,,3.74000001,60,1,1,5.26809549,,0.172000006,2099202,34,0x65A2A;0xF8A4E,Fortify Conjuration,,0.172000006,2099202,34,0x65A2A;0xF8A4E
Horker Tusk,0x1CCA131,Lingering Damage Undead,0x10DE5E,12.8000002,0.360000014,10,1,0,0,0,0,1,1,0,MagicAlchHarmful,0x10DE5E,0x10DE5E,,0.360000014,10,0,2,12.8000002,,12.8000002,2099205,0,0x42509,Lingering Damage Undead,,12.8000002,2099205,0,0x42509
Horker Tusk,0x1CCA131,Detect Life,0x804C7FF,18.6000004,0,233,0,1,1,0,1,0,0,1,MagicAlchBeneficial;MagicAlchDurationBased;MagicAlchDetectLife_CACO,0x804C7FF,0x804C7FF,,0,233,0,3,593.751221,,18.6000004,205528082,1,0xF8A4E;0xF8A4F;0x8084356,Detect Life,,18.6000004,205528082,1,0xF8A4E;0xF8A4F;0x8084356
Horse Hair,0x1CC0641,Speed,0x80425F1,0.0979999974,1.5,60,1,0,0,0,1,0,0,0,MagicAlchBeneficial;MagicAlchFortifySpeed_CACO,0x80425F1,0x80425F1,,1.5,60,1,0,1.09873474,,0.0979999974,2101250,34,0xF8A4E;0x806AE48,Speed,,0.0979999974,2101250,34,0xF8A4E;0x806AE48
Horse Hair,0x1CC0641,Cure Poison,0x109ADD,35,1,0,0,0,0,1,1,0,0,0,MagicAlchBeneficial;MagicAlchCurePoison_CACO,0x109ADD,0x109ADD,,1,0,0,1,35,,35,6656,29,0xF8A4E;0x890B903,Cure Poison,,35,6656,29,0xF8A4E;0x890B903
Horse Hair,0x1CC0641,Resist Shock,0x3EAEC,0.36500001,0.550000012,60,1,0,0,0,1,0,0,0,MagicAlchResistShock;MagicAlchBeneficial,0x3EAEC,0x3EAEC,,0.550000012,60,1,2,2.61974669,,0.36500001,2101250,34,0x65A39;0xF8A4E,Resist Shock,,0.36500001,2101250,34,0x65A39;0xF8A4E
Horse Hair,0x1CC0641,Poison Aversion,0x90042,0.389999986,1.16999996,30,1,0,0,0,0,1,1,0,MagicAlchHarmful;USKPMagicAlchWeaknessPoison,0x90042,0x90042,,1.16999996,30,1,3,1.55203819,,0.389999986,2101255,34,0x42509;0x706EE3A,Poison Aversion,,0.389999986,2101255,34,0x42509;0x706EE3A
Human Flesh,0x1016B3,Damage Health,0x3EB42,7.9000001,6.94999981,1,1,0,0,0,0,1,1,0,MagicAlchHarmful;MagicAlchDamageHealth,0x3EB42,0x3EB42,,6.94999981,1,0,0,5.29432249,,7.9000001,2099205,0,0x42509;0x10F9DD,Damage Health,,7.9000001,2099205,0,0x42509;0x10F9DD
Human Flesh,0x1016B3,Paralysis,0x73F30,204,0,53,0,1,1,0,0,1,1,1,MagicParalysis;MagicAlchHarmful;MagicAlchDurationBased,0x73F30,0x73F30,,0,53,0,1,1277.4198,,204,4197379,1,0x1EA70;0x42509;0xF8A4F,Paralysis,,204,4197379,1,0x1EA70;0x42509;0xF8A4F
Human Flesh,0x1016B3,Magicka,0x3EB17,4.69999981,9.25,1,1,0,0,0,1,0,0,0,MagicAlchRestoreMagicka;MagicAlchBeneficial,0x3EB17,0x3EB17,,9.25,1,1,2,4.31373787,,4.69999981,2099200,34,0x42508;0xF8A4E,Magicka,,4.69999981,2099200,34,0x42508;0xF8A4E
Human Flesh,0x1016B3,Fortify Sneak,0x3EB22,0.889999986,1.10000002,60,1,0,0,0,1,0,0,0,MagicAlchFortifySneak;MagicAlchBeneficial,0x3EB22,0x3EB22,,1.10000002,60,1,3,7.09395409,,0.889999986,2099202,34,0x65A27;0xF8A4E,Fortify Sneak,,0.889999986,2099202,34,0x65A27;0xF8A4E
Human Heart,0xB18CD,Stamina Regeneration,0x3EB08,0.0252,6.90999985,300,1,0,0,0,1,0,0,0,MagicAlchFortifyStaminaRate;MagicAlchBeneficial,0x3EB08,0x3EB08,,6.90999985,300,1,0,8.90553093,,0.0252,2099202,34,0x65A35;0xF8A4E,Stamina Regeneration,,0.0252,2099202,34,0x65A35;0xF8A4E
Human Heart,0xB18CD,Detect Life,0x804C7FF,18.6000004,0,416,0,1,1,0,1,0,0,1,MagicAlchBeneficial;MagicAlchDurationBased;MagicAlchDetectLife_CACO,0x804C7FF,0x804C7FF,,0,416,0,1,1123.35156,,18.6000004,205528082,1,0xF8A4E;0xF8A4F;0x8084356,Detect Life,,18.6000004,205528082,1,0xF8A4E;0xF8A4F;0x8084356
Human Heart,0xB18CD,Damage Magicka,0x3A2B6,4.5999999,13.8800001,1,1,0,0,0,0,1,1,0,MagicAlchHarmful;MagicAlchDamageMagicka,0x3A2B6,0x3A2B6,,13.8800001,1,0,2,6.59760427,,4.5999999,2099205,0,0x42509;0x10F9DE,Damage Magicka,,4.5999999,2099205,0,0x42509;0x10F9DE
Human Heart,0xB18CD,Damage Magicka Regen,0x73F2B,0.360000014,3.8499999,30,1,0,0,0,0,1,1,0,MagicAlchHarmful;MagicAlchDamageMagickaRegen_CACO,0x73F2B,0x73F2B,,3.8499999,30,0,3,5.31058884,,0.360000014,2099207,5,0x42509;0x807A152,Damage Magicka Regen,,0.360000014,2099207,5,0x42509;0x807A152
Hunger Tongue,0xFE00480C,Fire Aversion,0x73F2D,0.319999993,4.9000001,30,1,0,0,0,0,1,1,0,MagicAlchHarmful;MagicAlchWeaknessFire,0x73F2D,0x73F2D,,4.9000001,30,1,0,6.15458965,,0.319999993,2101255,34,0x42509;0x74F4E,Fire Aversion,,0.319999993,2101255,34,0x42509;0x74F4E
Hunger Tongue,0xFE00480C,Cure Disease,0xAE722,45,1,0,0,0,0,1,1,0,0,0,MagicAlchBeneficial;MagicAlchCureDisease_CACO,0xAE722,0xAE722,,1,0,0,1,45,,45,6656,3,0xF8A4E;0x890B902,Cure Disease,,45,6656,3,0xF8A4E;0x890B902
Hunger Tongue,0xFE00480C,Cure Poison,0x109ADD,35,1,0,0,0,0,1,1,0,0,0,MagicAlchBeneficial;MagicAlchCurePoison_CACO,0x109ADD,0x109ADD,,1,0,0,2,35,,35,6656,29,0xF8A4E;0x890B903,Cure Poison,,35,6656,29,0xF8A4E;0x890B903
Hunger Tongue,0xFE00480C,Magicka Fortification,0x3EAF8,0.129999995,4,60,1,0,0,0,1,0,0,0,MagicAlchFortifyMagicka;MagicAlchBeneficial,0x3EAF8,0x3EAF8,,4,60,1,3,4.28722,,0.129999995,2099202,34,0x65A33;0xF8A4E,Magicka Fortification,,0.129999995,2099202,34,0x65A33;0xF8A4E
Hydnum Azure Giant Spore,0xFE00480D,Resist Frost,0x3EAEB,0.36500001,2.5,60,1,0,0,0,1,0,0,0,MagicAlchResistFrost;MagicAlchBeneficial,0x3EAEB,0x3EAEB,,2.5,60,1,0,7.17783213,,0.36500001,2101250,34,0x65A38;0xF8A4E,Resist Frost,,0.36500001,2101250,34,0x65A38;0xF8A4E
Hydnum Azure Giant Spore,0xFE00480D,Health Fortification,0x3EAF3,0.129999995,5.55000019,60,1,0,0,0,1,0,0,0,MagicAlchFortifyHealth;MagicAlchBeneficial,0x3EAF3,0x3EAF3,,5.55000019,60,1,1,6.14655924,,0.129999995,2099202,34,0x65A31;0xF8A4E,Health Fortification,,0.129999995,2099202,34,0x65A31;0xF8A4E
Hydnum Azure Giant Spore,0xFE00480D,Stamina Regeneration,0x3EB08,0.0252,5.5,240,1,0,0,0,1,0,0,0,MagicAlchFortifyStaminaRate;MagicAlchBeneficial,0x3EB08,0x3EB08,,5.5,240,1,2,5.4204073,,0.0252,2099202,34,0x65A35;0xF8A4E,Stamina Regeneration,,0.0252,2099202,34,0x65A35;0xF8A4E
Hydnum Azure Giant Spore,0xFE00480D,Light,0xFE004846,0.5,0,60,0,1,0,0,1,0,0,0,WISpellColorful;MagicAlchBeneficial,0xFE004846,0xFE004846,,0,60,0,3,3.58869386,,0.5,4198400,12,0xA9B1E;0xF8A4E,Light,,0.5,4198400,12,0xA9B1E;0xF8A4E
Hypha Facia,0xFE00480E,Poison Aversion,0x90042,0.389999986,3.9000001,39,1,0,0,0,0,1,1,0,MagicAlchHarmful;USKPMagicAlchWeaknessPoison,0x90042,0x90042,,3.9000001,39,1,0,7.78765678,,0.389999986,2101255,34,0x42509;0x706EE3A,Poison Aversion,,0.389999986,2101255,34,0x42509;0x706EE3A
Hypha Facia,0xFE00480E,Frenzy,0x73F29,0.620000005,2.79999995,30,1,0,0,0,0,1,1,0,MagicAlchHarmful;MagicInfluence;MagicInfluenceFrenzy,0x73F29,0x73F29,,2.79999995,30,0,1,6.44315958,,0.620000005,2099463,8,0x42509;0x78098;0xC44B6,Frenzy,,0.620000005,2099463,8,0x42509;0x78098;0xC44B6
Hypha Facia,0xFE00480E,Fatigue,0x73F23,23.6000004,0,333,0,1,1,0,0,1,1,1,MagicAlchHarmful;MagicAlchDurationBased;MagicAlchFatigue_CACO,0x73F23,0x73F23,,0,333,1,2,1115.83679,,23.6000004,4197383,34,0x42509;0xF8A4F;0x807A153,Fatigue,,23.6000004,4197383,34,0x42509;0xF8A4F;0x807A153
Hypha Facia,0xFE00480E,Drain Strength,0x80476F6,0.670000017,2,30,1,0,0,0,0,1,1,0,MagicAlchHarmful,0x80476F6,0x80476F6,,2,30,0,3,4.80884981,,0.670000017,2103303,5,0x42509,Drain Strength,,0.670000017,2103303,5,0x42509
Ice Wraith Teeth,0x3AD6A,Frost Aversion,0x73F2E,0.319999993,6.23000002,30,1,0,0,0,0,1,1,0,MagicAlchHarmful;MagicAlchWeaknessFrost,0x73F2E,0x73F2E,,6.23000002,30,1,0,8.01530838,,0.319999993,2101255,34,0x42509;0x74F4F,Frost Aversion,,0.319999993,2101255,34,0x42509;0x74F4F
Ice Wraith Teeth,0x3AD6A,Magicka Regeneration,0x3EB07,0.0252,8.30000019,180,1,0,0,0,1,0,0,0,MagicAlchFortifyMagickaRate;MagicAlchBeneficial,0x3EB07,0x3EB07,,8.30000019,180,1,1,6.21135378,,0.0252,2099202,34,0x65A34;0xF8A4E,Magicka Regeneration,,0.0252,2099202,34,0x65A34;0xF8A4E
Ice Wraith Teeth,0x3AD6A,Etherealize,0x80425EF,174,0,53,0,1,1,0,1,0,0,1,MagicAlchDurationBased;MagicAlchBeneficial;MagicAlchEtherealize_CACO,0x80425EF,0x80425EF,,0,53,0,2,1089.56396,,174,4201472,41,0xF8A4F;0xF8A4E;0x807A151,Etherealize,,174,4201472,41,0xF8A4F;0xF8A4E;0x807A151
Ice Wraith Teeth,0x3AD6A,Fortify Heavy Armor,0x3EB1E,0.50999999,1.39999998,60,1,0,0,0,1,0,0,0,MagicAlchFortifyHeavyArmor;MagicAlchBeneficial,0x3EB1E,0x3EB1E,,1.39999998,60,1,3,5.30001831,,0.50999999,2099202,34,0x65A23;0xF8A4E,Fortify Heavy Armor,,0.50999999,2099202,34,0x65A23;0xF8A4E
Imp Gall,0xFE00480F,Fortify Speech,0xD6947,0.270000011,3.8499999,60,1,0,0,0,1,0,0,0,MagicAlchFortifySpeechcraft;MagicAlchBeneficial,0xD6947,0xD6947,,3.8499999,60,1,0,8.53762245,,0.270000011,2099202,34,0x65A29;0xF8A4E,Fortify Speech,,0.270000011,2099202,34,0x65A29;0xF8A4E
Imp Gall,0xFE00480F,Resist Paralysis,0x806AE49,19,0,414,0,1,1,0,1,0,0,1,MagicAlchResistParalysis_CACO;MagicAlchDurationBased;MagicAlchBeneficial,0x806AE49,0x806AE49,,0,414,1,1,1141.4425,,19,4201474,34,0x806AE4A;0xF8A4F;0xF8A4E,Resist Paralysis,,19,4201474,34,0x806AE4A;0xF8A4F;0xF8A4E
Imp Gall,0xFE00480F,Lingering Damage Health,0x10AA4A,12.3999996,0.519999981,10,1,0,0,0,0,1,1,0,MagicAlchHarmful,0x10AA4A,0x10AA4A,,0.519999981,10,0,2,12.3999996,,12.3999996,2099205,0,0x42509,Lingering Damage Health,,12.3999996,2099205,0,0x42509
Imp Gall,0xFE00480F,Fire Aversion,0x73F2D,0.319999993,4.9000001,30,1,0,0,0,0,1,1,0,MagicAlchHarmful;MagicAlchWeaknessFire,0x73F2D,0x73F2D,,4.9000001,30,1,3,6.15458965,,0.319999993,2101255,34,0x42509;0x74F4E,Fire Aversion,,0.319999993,2101255,34,0x42509;0x74F4E
Imp Gall,0x80D0417,Fortify Speech,0xD6947,0.270000011,3.8499999,60,1,0,0,0,1,0,0,0,MagicAlchFortifySpeechcraft;MagicAlchBeneficial,0xD6947,0xD6947,,3.8499999,60,1,0,8.53762245,,0.270000011,2099202,34,0x65A29;0xF8A4E,Fortify Speech,,0.270000011,2099202,34,0x65A29;0xF8A4E
Imp Gall,0x80D0417,Resist Paralysis,0x806AE49,19,0,414,0,1,1,0,1,0,0,1,MagicAlchResistParalysis_CACO;MagicAlchDurationBased;MagicAlchBeneficial,0x806AE49,0x806AE49,,0,414,1,1,1141.4425,,19,4201474,34,0x806AE4A;0xF8A4F;0xF8A4E,Resist Paralysis,,19,4201474,34,0x806AE4A;0xF8A4F;0xF8A4E
Imp Gall,0x80D0417,Lingering Damage Health,0x10AA4A,12.3999996,0.519999981,10,1,0,0,0,0,1,1,0,MagicAlchHarmful,0x10AA4A,0x10AA4A,,0.519999981,10,0,2,12.3999996,,12.3999996,2099205,0,0x42509,Lingering Damage Health,,12.3999996,2099205,0,0x42509
Imp Gall,0x80D0417,Fire Aversion,0x73F2D,0.319999993,4.9000001,30,1,0,0,0,0,1,1,0,MagicAlchHarmful;MagicAlchWeaknessFire,0x73F2D,0x73F2D,,4.9000001,30,1,3,6.15458965,,0.319999993,2101255,34,0x42509;0x74F4E,Fire Aversion,,0.319999993,2101255,34,0x42509;0x74F4E
Imp Stool,0x4DA23,Lingering Damage Health,0x10AA4A,12.3999996,0.400000006,10,1,0,0,0,0,1,1,0,MagicAlchHarmful,0x10AA4A,0x10AA4A,,0.400000006,10,0,0,12.3999996,,12.3999996,2099205,0,0x42509,Lingering Damage Health,,12.3999996,2099205,0,0x42509
Imp Stool,0x4DA23,Health Regeneration,0x3EB06,0.0252,4.1500001,240,1,0,0,0,1,0,0,0,MagicAlchFortifyHealRate;MagicAlchBeneficial,0x3EB06,0x3EB06,,4.1500001,240,1,1,3.97636175,,0.0252,2099202,34,0x65A30;0xF8A4E,Health Regeneration,,0.0252,2099202,34,0x65A30;0xF8A4E
Imp Stool,0x4DA23,Health,0x3EB15,5.30000019,6.48000002,1,1,0,0,0,1,0,0,0,MagicAlchRestoreHealth;MagicAlchBeneficial,0x3EB15,0x3EB15,,6.48000002,1,1,2,3.2885797,,5.30000019,2099200,34,0x42503;0xF8A4E,Health,,5.30000019,2099200,34,0x42503;0xF8A4E
Imp Stool,0x4DA23,Damage Health,0x3EB42,7.9000001,4.17000008,1,1,0,0,0,0,1,1,0,MagicAlchHarmful;MagicAlchDamageHealth,0x3EB42,0x3EB42,,4.17000008,1,0,3,3.01839995,,7.9000001,2099205,0,0x42509;0x10F9DD,Damage Health,,7.9000001,2099205,0,0x42509;0x10F9DD
Ironwood Extract,0x85A46D0,Health Fortification,0x3EAF3,0.129999995,5.55000019,60,1,0,0,0,1,0,0,0,MagicAlchFortifyHealth;MagicAlchBeneficial,0x3EAF3,0x3EAF3,,5.55000019,60,1,0,6.14655924,,0.129999995,2099202,34,0x65A31;0xF8A4E,Health Fortification,,0.129999995,2099202,34,0x65A31;0xF8A4E
Ironwood Extract,0x85A46D0,Fortify Conjuration,0x3EB25,0.172000006,4.1500001,60,1,0,0,0,1,0,0,0,MagicAlchFortifyConjuration;MagicAlchBeneficial,0x3EB25,0x3EB25,,4.1500001,60,1,1,5.90673923,,0.172000006,2099202,34,0x65A2A;0xF8A4E,Fortify Conjuration,,0.172000006,2099202,34,0x65A2A;0xF8A4E
Ironwood Extract,0x85A46D0,Resist Fire,0x3EAEA,0.36500001,2.20000005,60,1,0,0,0,1,0,0,0,MagicAlchResistFire;MagicAlchBeneficial,0x3EAEA,0x3EAEA,,2.20000005,60,1,2,6.23626089,,0.36500001,2101250,34,0x65A37;0xF8A4E,Resist Fire,,0.36500001,2101250,34,0x65A37;0xF8A4E
Ironwood Extract,0x85A46D0,Fatigue,0x73F23,23.6000004,0,333,0,1,1,0,0,1,1,1,MagicAlchHarmful;MagicAlchDurationBased;MagicAlchFatigue_CACO,0x73F23,0x73F23,,0,333,1,3,1115.83679,,23.6000004,4197383,34,0x42509;0xF8A4F;0x807A153,Fatigue,,23.6000004,4197383,34,0x42509;0xF8A4F;0x807A153
Ironwood Nuts,0x1CCA115,Health Fortification,0x3EAF3,0.129999995,4.15999985,60,1,0,0,0,1,0,0,0,MagicAlchFortifyHealth;MagicAlchBeneficial,0x3EAF3,0x3EAF3,,4.15999985,60,1,0,4.47623014,,0.129999995,2099202,34,0x65A31;0xF8A4E,Health Fortification,,0.129999995,2099202,34,0x65A31;0xF8A4E
Ironwood Nuts,0x1CCA115,Fortify Conjuration,0x3EB25,0.172000006,2.91000009,60,1,0,0,0,1,0,0,0,MagicAlchFortifyConjuration;MagicAlchBeneficial,0x3EB25,0x3EB25,,2.91000009,60,1,1,3.99739623,,0.172000006,2099202,34,0x65A2A;0xF8A4E,Fortify Conjuration,,0.172000006,2099202,34,0x65A2A;0xF8A4E
Ironwood Nuts,0x1CCA115,Resist Fire,0x3EAEA,0.36500001,1.21000004,60,1,0,0,0,1,0,0,0,MagicAlchResistFire;MagicAlchBeneficial,0x3EAEA,0x3EAEA,,1.21000004,60,1,2,3.23089767,,0.36500001,2101250,34,0x65A37;0xF8A4E,Resist Fire,,0.36500001,2101250,34,0x65A37;0xF8A4E
Ironwood Nuts,0x1CCA115,Fatigue,0x73F23,23.6000004,0,167,0,1,1,0,0,1,1,1,MagicAlchHarmful;MagicAlchDurationBased;MagicAlchFatigue_CACO,0x73F23,0x73F23,,0,167,1,3,522.276123,,23.6000004,4197383,34,0x42509;0xF8A4F;0x807A153,Fatigue,,23.6000004,4197383,34,0x42509;0xF8A4F;0x807A153
Jarrin Root,0x1BCBC,Damage Health,0x3EB42,7.9000001,208.5,1,1,0,0,0,0,1,1,0,MagicAlchHarmful;MagicAlchDamageHealth,0x3EB42,0x3EB42,,208.5,1,0,0,223.174103,,7.9000001,2099205,0,0x42509;0x10F9DD,Damage Health,,7.9000001,2099205,0,0x42509;0x10F9DD
Jarrin Root,0x1BCBC,Damage Stamina,0x3A2C6,4.5999999,27.75,1,1,0,0,0,0,1,1,0,MagicAlchHarmful;MagicAlchDamageStamina,0x3A2C6,0x3A2C6,,27.75,1,0,1,14.1366701,,4.5999999,2099205,0,0x42509;0x10F9DC,Damage Stamina,,4.5999999,2099205,0,0x42509;0x10F9DC
Jarrin Root,0x1BCBC,Damage Magicka,0x3A2B6,4.5999999,27.75,1,1,0,0,0,0,1,1,0,MagicAlchHarmful;MagicAlchDamageMagicka,0x3A2B6,0x3A2B6,,27.75,1,0,2,14.1366701,,4.5999999,2099205,0,0x42509;0x10F9DE,Damage Magicka,,4.5999999,2099205,0,0x42509;0x10F9DE
Jarrin Root,0x1BCBC,Drain Strength,0x80476F6,0.670000017,4.13000011,30,1,0,0,0,0,1,1,0,MagicAlchHarmful,0x80476F6,0x80476F6,,4.13000011,30,0,3,10.6771002,,0.670000017,2103303,5,0x42509,Drain Strength,,0.670000017,2103303,5,0x42509
Jazbay Extract,0x85A46CE,Magicka Fortification,0x3EAF8,0.129999995,5.55000019,60,1,0,0,0,1,0,0,0,MagicAlchFortifyMagicka;MagicAlchBeneficial,0x3EAF8,0x3EAF8,,5.55000019,60,1,0,6.14655924,,0.129999995,2099202,34,0x65A33;0xF8A4E,Magicka Fortification,,0.129999995,2099202,34,0x65A33;0xF8A4E
Jazbay Extract,0x85A46CE,Magic Aversion,0x73F51,0.430000007,4.1500001,30,1,0,0,0,0,1,1,0,MagicAlchHarmful;MagicAlchWeaknessMagic,0x73F51,0x73F51,,4.1500001,30,1,1,6.88897848,,0.430000007,2101255,34,0x42509;0x74F51,Magic Aversion,,0.430000007,2101255,34,0x42509;0x74F51
Jazbay Extract,0x85A46CE,Ravage Health,0x73F26,0.550000012,6.94999981,10,1,0,0,0,0,1,1,0,MagicAlchHarmful,0x73F26,0x73F26,,6.94999981,10,0,2,4.64029932,,0.550000012,2099207,0,0x42509,Ravage Health,,0.550000012,2099207,0,0x42509
Jazbay Extract,0x85A46CE,Magicka Regeneration,0x3EB07,0.0252,5.53000021,240,1,0,0,0,1,0,0,0,MagicAlchFortifyMagickaRate;MagicAlchBeneficial,0x3EB07,0x3EB07,,5.53000021,240,1,3,5.45293856,,0.0252,2099202,34,0x65A34;0xF8A4E,Magicka Regeneration,,0.0252,2099202,34,0x65A34;0xF8A4E
Jazbay Grapes,0x6AC4A,Magicka Fortification,0x3EAF8,0.129999995,3.6099999,60,1,0,0,0,1,0,0,0,MagicAlchFortifyMagicka;MagicAlchBeneficial,0x3EAF8,0x3EAF8,,3.6099999,60,1,0,3.8297255,,0.129999995,2099202,34,0x65A33;0xF8A4E,Magicka Fortification,,0.129999995,2099202,34,0x65A33;0xF8A4E
Jazbay Grapes,0x6AC4A,Magic Aversion,0x73F51,0.430000007,2.07999992,30,1,0,0,0,0,1,1,0,MagicAlchHarmful;MagicAlchWeaknessMagic,0x73F51,0x73F51,,2.07999992,30,1,1,3.22234106,,0.430000007,2101255,34,0x42509;0x74F51,Magic Aversion,,0.430000007,2101255,34,0x42509;0x74F51
Jazbay Grapes,0x6AC4A,Ravage Health,0x73F26,0.550000012,2.77999997,10,1,0,0,0,0,1,1,0,MagicAlchHarmful,0x73F26,0x73F26,,2.77999997,10,0,2,1.69360435,,0.550000012,2099207,0,0x42509,Ravage Health,,0.550000012,2099207,0,0x42509
Jazbay Grapes,0x6AC4A,Magicka Regeneration,0x3EB07,0.0252,2.76999998,180,1,0,0,0,1,0,0,0,MagicAlchFortifyMagickaRate;MagicAlchBeneficial,0x3EB07,0x3EB07,,2.76999998,180,1,3,1.85749674,,0.0252,2099202,34,0x65A34;0xF8A4E,Magicka Regeneration,,0.0252,2099202,34,0x65A34;0xF8A4E
Juniper Berries,0x5076E,Fortify Archery,0x3EB1B,0.324999988,1.96000004,60,1,0,0,0,1,0,0,0,MagicAlchFortifyMarksman;MagicAlchBeneficial,0x3EB1B,0x3EB1B,,1.96000004,60,1,0,4.8902545,,0.324999988,2099202,34,0x65A21;0xF8A4E,Fortify Archery,,0.324999988,2099202,34,0x65A21;0xF8A4E
Juniper Berries,0x5076E,Damage Stamina Regen,0x73F2C,0.344999999,1.67999995,30,1,0,0,0,0,1,1,0,MagicAlchHarmful,0x73F2C,0x73F2C,,1.67999995,30,0,1,2.0440557,,0.344999999,2099207,5,0x42509,Damage Stamina Regen,,0.344999999,2099207,5,0x42509
Juniper Berries,0x5076E,Health Regeneration,0x3EB06,0.0252,2.76999998,180,1,0,0,0,1,0,0,0,MagicAlchFortifyHealRate;MagicAlchBeneficial,0x3EB06,0x3EB06,,2.76999998,180,1,2,1.85749674,,0.0252,2099202,34,0x65A30;0xF8A4E,Health Regeneration,,0.0252,2099202,34,0x65A30;0xF8A4E
Juniper Berries,0x5076E,Fire Aversion,0x73F2D,0.319999993,2.67000008,30,1,0,0,0,0,1,1,0,MagicAlchHarmful;MagicAlchWeaknessFire,0x73F2D,0x73F2D,,2.67000008,30,1,3,3.1560638,,0.319999993,2101255,34,0x42509;0x74F4E,Fire Aversion,,0.319999993,2101255,34,0x42509;0x74F4E
Juniper Berry Extract,0x85A46CC,Fortify Archery,0x3EB1B,0.324999988,2.79999995,60,1,0,0,0,1,0,0,0,MagicAlchFortifyMarksman;MagicAlchBeneficial,0x3EB1B,0x3EB1B,,2.79999995,60,1,0,7.23974943,,0.324999988,2099202,34,0x65A21;0xF8A4E,Fortify Archery,,0.324999988,2099202,34,0x65A21;0xF8A4E
Juniper Berry Extract,0x85A46CC,Damage Stamina Regen,0x73F2C,0.344999999,3.3499999,30,1,0,0,0,0,1,1,0,MagicAlchHarmful,0x73F2C,0x73F2C,,3.3499999,30,0,1,4.36718655,,0.344999999,2099207,5,0x42509,Damage Stamina Regen,,0.344999999,2099207,5,0x42509
Juniper Berry Extract,0x85A46CC,Health Regeneration,0x3EB06,0.0252,5.53000021,240,1,0,0,0,1,0,0,0,MagicAlchFortifyHealRate;MagicAlchBeneficial,0x3EB06,0x3EB06,,5.53000021,240,1,2,5.45293856,,0.0252,2099202,34,0x65A30;0xF8A4E,Health Regeneration,,0.0252,2099202,34,0x65A30;0xF8A4E
Juniper Berry Extract,0x85A46CC,Fire Aversion,0x73F2D,0.319999993,4.44999981,30,1,0,0,0,0,1,1,0,MagicAlchHarmful;MagicAlchWeaknessFire,0x73F2D,0x73F2D,,4.44999981,30,1,3,5.53578711,,0.319999993,2101255,34,0x42509;0x74F4E,Fire Aversion,,0.319999993,2101255,34,0x42509;0x74F4E
Juvenile Mudcrab,0x50008F2,Stamina Regeneration,0x3EB08,0.0252,5.53000021,300,1,0,0,0,1,0,0,0,MagicAlchFortifyStaminaRate;MagicAlchBeneficial,0x3EB08,0x3EB08,,5.53000021,300,1,0,6.96998167,,0.0252,2099202,34,0x65A35;0xF8A4E,Stamina Regeneration,,0.0252,2099202,34,0x65A35;0xF8A4E
Juvenile Mudcrab,0x50008F2,Feather,0x3EB01,0.0469999984,3.30999994,300,1,0,0,0,1,0,0,0,MagicAlchFortifyCarryWeight;MagicAlchBeneficial,0x3EB01,0x3EB01,,3.30999994,300,1,1,7.39166117,,0.0469999984,2099202,34,0x65A2F;0xF8A4E,Feather,,0.0469999984,2099202,34,0x65A2F;0xF8A4E
Juvenile Mudcrab,0x50008F2,Cure Disease,0xAE722,45,1,0,0,0,0,1,1,0,0,0,MagicAlchBeneficial;MagicAlchCureDisease_CACO,0xAE722,0xAE722,,1,0,0,2,45,,45,6656,3,0xF8A4E;0x890B902,Cure Disease,,45,6656,3,0xF8A4E;0x890B902
Juvenile Mudcrab,0x50008F2,Fortify Two-handed,0x3EB1A,0.324999988,1.67999995,60,1,0,0,0,1,0,0,0,MagicAlchFortifyTwoHanded;MagicAlchBeneficial,0x3EB1A,0x3EB1A,,1.67999995,60,1,3,4.12752724,,0.324999988,2099202,34,0x65A20;0xF8A4E,Fortify Two-handed,,0.324999988,2099202,34,0x65A20;0xF8A4E
Kagouti Hide,0xFE004810,Drain Strength,0x80476F6,0.670000017,3.32999992,30,1,0,0,0,0,1,1,0,MagicAlchHarmful,0x80476F6,0x80476F6,,3.32999992,30,0,0,8.4255228,,0.670000017,2103303,5,0x42509,Drain Strength,,0.670000017,2103303,5,0x42509
Kagouti Hide,0xFE004810,Night Eye,0x804C7FD,10.5,0,665,0,1,1,0,1,0,0,1,MagicNightEye;MagicAlchBeneficial;MagicAlchDurationBased,0x804C7FD,0x804C7FD,,0,665,1,1,1062.41248,,10.5,138546178,34,0xAD7C6;0xF8A4E;0xF8A4F,Night Eye,,10.5,138546178,34,0xAD7C6;0xF8A4E;0xF8A4F
Kagouti Hide,0xFE004810,Speed,0x80425F1,0.0979999974,1.64999998,120,1,0,0,0,1,0,0,0,MagicAlchBeneficial;MagicAlchFortifySpeed_CACO,0x80425F1,0x80425F1,,1.64999998,120,1,2,2.61551857,,0.0979999974,2101250,34,0xF8A4E;0x806AE48,Speed,,0.0979999974,2101250,34,0xF8A4E;0x806AE48
Kagouti Hide,0xFE004810,Resist Disease,0x806AE45,0.0149999997,100,1665,0,1,0,0,1,0,0,1,MagicAlchResistDisease_CACO;MagicAlchBeneficial;MagicAlchDurationBased,0x806AE45,0x806AE45,,100,1665,1,3,660.156677,,0.0149999997,4198402,34,0x806AE46;0xF8A4E;0xF8A4F,Resist Disease,,0.0149999997,4198402,34,0x806AE46;0xF8A4E;0xF8A4F
Khajiit Eye,0x8102EB9,Night Eye,0x804C7FD,10.5,0,998,0,1,1,0,1,0,0,1,MagicNightEye;MagicAlchBeneficial;MagicAlchDurationBased,0x804C7FD,0x804C7FD,,0,998,1,0,1660.47742,,10.5,138546178,34,0xAD7C6;0xF8A4E;0xF8A4F,Night Eye,,10.5,138546178,34,0xAD7C6;0xF8A4E;0xF8A4F
Khajiit Eye,0x8102EB9,Fortify Pickpocket,0x3EB20,0.270000011,4.19999981,60,1,0,0,0,1,0,0,0,MagicAlchFortifyPickPocket;MagicAlchBeneficial,0x3EB20,0x3EB20,,4.19999981,60,1,1,9.39516449,,0.270000011,2099202,34,0x65A25;0xF8A4E,Fortify Pickpocket,,0.270000011,2099202,34,0x65A25;0xF8A4E
Khajiit Eye,0x8102EB9,Detect Life,0x804C7FF,18.6000004,0,383,0,1,1,0,1,0,0,1,MagicAlchBeneficial;MagicAlchDurationBased;MagicAlchDetectLife_CACO,0x804C7FF,0x804C7FF,,0,383,0,2,1025.72656,,18.6000004,205528082,1,0xF8A4E;0xF8A4F;0x8084356,Detect Life,,18.6000004,205528082,1,0xF8A4E;0xF8A4F;0x8084356
Khajiit Eye,0x8102EB9,Fear,0x73F20,0.620000005,2.0999999,30,1,0,0,0,0,1,1,0,MagicAlchHarmful;MagicInfluence;MagicInfluenceFear,0x73F20,0x73F20,,2.0999999,30,0,3,4.69533205,,0.620000005,2099463,7,0x42509;0x78098;0x424E0,Fear,,0.620000005,2099463,7,0x42509;0x78098;0x424E0
Kresh Fiber,0xFE004811,Fortify Speech,0xD6947,0.270000011,3.29999995,60,1,0,0,0,1,0,0,0,MagicAlchFortifySpeechcraft;MagicAlchBeneficial,0xD6947,0xD6947,,3.29999995,60,1,0,7.20602083,,0.270000011,2099202,34,0x65A29;0xF8A4E,Fortify Speech,,0.270000011,2099202,34,0x65A29;0xF8A4E
Kresh Fiber,0xFE004811,Slow,0x73F25,0.300000012,50,335,0,1,0,0,0,1,1,1,MagicAlchHarmful;MagicSlow;MagicAlchDurationBased,0x73F25,0x73F25,,50,335,1,1,1055.69299,,0.300000012,4200455,34,0x42509;0xB729E;0xF8A4F,Slow,,0.300000012,4200455,34,0x42509;0xB729E;0xF8A4F
Kresh Fiber,0xFE004811,Fortify Sneak,0x3EB22,0.889999986,1.10000002,60,1,0,0,0,1,0,0,0,MagicAlchFortifySneak;MagicAlchBeneficial,0x3EB22,0x3EB22,,1.10000002,60,1,2,7.09395409,,0.889999986,2099202,34,0x65A27;0xF8A4E,Fortify Sneak,,0.889999986,2099202,34,0x65A27;0xF8A4E
Kresh Fiber,0xFE004811,Fortify Pickpocket,0x3EB20,0.270000011,2.5,60,1,0,0,0,1,0,0,0,MagicAlchFortifyPickPocket;MagicAlchBeneficial,0x3EB20,0x3EB20,,2.5,60,1,3,5.30962944,,0.270000011,2099202,34,0x65A25;0xF8A4E,Fortify Pickpocket,,0.270000011,2099202,34,0x65A25;0xF8A4E
Kwama Cuttle,0x8A10100,Waterwalking,0x40390E1,9.39999962,0,466,0,1,1,0,1,0,0,1,MagicAlchBeneficial;MagicAlchDurationBased,0x40390E1,0x40390E1,,0,466,1,0,643.209412,,9.39999962,4197378,34,0xF8A4E;0xF8A4F,Waterwalking,,9.39999962,4197378,34,0xF8A4E;0xF8A4F
Kwama Cuttle,0x8A10100,Resist Poison,0x90041,0.157000005,2.31999993,60,1,0,0,0,1,0,0,0,MagicAlchResistPoison;MagicAlchBeneficial,0x90041,0x90041,,2.31999993,60,1,1,2.84382486,,0.157000005,2101250,34,0x10EB5F;0xF8A4E,Resist Poison,,0.157000005,2101250,34,0x10EB5F;0xF8A4E
Kwama Cuttle,0x8A10100,Fatigue,0x73F23,23.6000004,0,200,0,1,1,0,0,1,1,1,MagicAlchHarmful;MagicAlchDurationBased;MagicAlchFatigue_CACO,0x73F23,0x73F23,,0,200,1,2,636.861572,,23.6000004,4197383,34,0x42509;0xF8A4F;0x807A153,Fatigue,,23.6000004,4197383,34,0x42509;0xF8A4F;0x807A153
Kwama Cuttle,0x8A10100,Waterbreathing,0x3AC2D,7.69999981,0,299,0,1,1,0,1,0,0,1,MagicAlchBeneficial;MagicAlchDurationBased,0x3AC2D,0x3AC2D,,0,299,1,3,323.391815,,7.69999981,4197378,34,0xF8A4E;0xF8A4F,Waterbreathing,,7.69999981,4197378,34,0xF8A4E;0xF8A4F
Kwama Egg,0x8A10101,Health Fortification,0x3EAF3,0.129999995,5.55000019,60,1,0,0,0,1,0,0,0,MagicAlchFortifyHealth;MagicAlchBeneficial,0x3EAF3,0x3EAF3,,5.55000019,60,1,0,6.14655924,,0.129999995,2099202,34,0x65A31;0xF8A4E,Health Fortification,,0.129999995,2099202,34,0x65A31;0xF8A4E
Kwama Egg,0x8A10101,Stamina,0x3EB16,4.69999981,9.25,1,1,0,0,0,1,0,0,0,MagicAlchRestoreStamina;MagicAlchBeneficial,0x3EB16,0x3EB16,,9.25,1,1,1,4.31373787,,4.69999981,2099200,34,0x42504;0xF8A4E,Stamina,,4.69999981,2099200,34,0x42504;0xF8A4E
Kwama Egg,0x8A10101,Resist Frost,0x3EAEB,0.36500001,1.75999999,60,1,0,0,0,1,0,0,0,MagicAlchResistFrost;MagicAlchBeneficial,0x3EAEB,0x3EAEB,,1.75999999,60,1,2,4.87891436,,0.36500001,2101250,34,0x65A38;0xF8A4E,Resist Frost,,0.36500001,2101250,34,0x65A38;0xF8A4E
Kwama Egg,0x8A10101,Resist Paralysis,0x806AE49,19,0,265,0,1,1,0,1,0,0,1,MagicAlchResistParalysis_CACO;MagicAlchDurationBased;MagicAlchBeneficial,0x806AE49,0x806AE49,,0,265,1,3,698.753662,,19,4201474,34,0x806AE4A;0xF8A4F;0xF8A4E,Resist Paralysis,,19,4201474,34,0x806AE4A;0xF8A4F;0xF8A4E
Large Antlers,0x6BC0A,Stamina Fortification,0x3EAF9,0.129999995,5.55000019,60,1,0,0,0,1,0,0,0,MagicAlchFortifyStamina;MagicAlchBeneficial,0x3EAF9,0x3EAF9,,5.55000019,60,1,0,6.14655924,,0.129999995,2099202,34,0x65A32;0xF8A4E,Stamina Fortification,,0.129999995,2099202,34,0x65A32;0xF8A4E
Large Antlers,0x6BC0A,Stamina,0x3EB16,4.69999981,8.32999992,1,1,0,0,0,1,0,0,0,MagicAlchRestoreStamina;MagicAlchBeneficial,0x3EB16,0x3EB16,,8.32999992,1,1,1,3.84421229,,4.69999981,2099200,34,0x42504;0xF8A4E,Stamina,,4.69999981,2099200,34,0x42504;0xF8A4E
Large Antlers,0x6BC0A,Damage Stamina Regen,0x73F2C,0.344999999,2.50999999,30,1,0,0,0,0,1,1,0,MagicAlchHarmful,0x73F2C,0x73F2C,,2.50999999,30,0,2,3.17902231,,0.344999999,2099207,5,0x42509,Damage Stamina Regen,,0.344999999,2099207,5,0x42509
Large Antlers,0x6BC0A,Slow,0x73F25,0.300000012,50,201,0,1,0,0,0,1,1,1,MagicAlchHarmful;MagicSlow;MagicAlchDurationBased,0x73F25,0x73F25,,50,201,1,3,601.871826,,0.300000012,4200455,34,0x42509;0xB729E;0xF8A4F,Slow,,0.300000012,4200455,34,0x42509;0xB729E;0xF8A4F
Lavender,0x45C28,Fortify Speech,0xD6947,0.270000011,2.48000002,60,1,0,0,0,1,0,0,0,MagicAlchFortifySpeechcraft;MagicAlchBeneficial,0xD6947,0xD6947,,2.48000002,60,1,0,5.26292324,,0.270000011,2099202,34,0x65A29;0xF8A4E,Fortify Speech,,0.270000011,2099202,34,0x65A29;0xF8A4E
Lavender,0x45C28,Stamina Fortification,0x3EAF9,0.129999995,4.15999985,60,1,0,0,0,1,0,0,0,MagicAlchFortifyStamina;MagicAlchBeneficial,0x3EAF9,0x3EAF9,,4.15999985,60,1,1,4.47623014,,0.129999995,2099202,34,0x65A32;0xF8A4E,Stamina Fortification,,0.129999995,2099202,34,0x65A32;0xF8A4E
Lavender,0x45C28,Drain Intelligence,0x804C7FB,0.670000017,1.38,30,1,0,0,0,0,1,1,0,MagicAlchHarmful;MagicAlchDrainIntelligence_CACO,0x804C7FB,0x804C7FB,,1.38,30,0,2,3.19723964,,0.670000017,2103303,0,0x42509;0x825B701,Drain Intelligence,,0.670000017,2103303,0,0x42509;0x825B701
Lavender,0x45C28,Fortify Conjuration,0x3EB25,0.172000006,2.07999992,60,1,0,0,0,1,0,0,0,MagicAlchFortifyConjuration;MagicAlchBeneficial,0x3EB25,0x3EB25,,2.07999992,60,1,3,2.76289582,,0.172000006,2099202,34,0x65A2A;0xF8A4E,Fortify Conjuration,,0.172000006,2099202,34,0x65A2A;0xF8A4E
Lavender Extract,0x85A46CA,Fortify Speech,0xD6947,0.270000011,2.75,60,1,0,0,0,1,0,0,0,MagicAlchFortifySpeechcraft;MagicAlchBeneficial,0xD6947,0xD6947,,2.75,60,1,0,5.89652538,,0.270000011,2099202,34,0x65A29;0xF8A4E,Fortify Speech,,0.270000011,2099202,34,0x65A29;0xF8A4E
Lavender Extract,0x85A46CA,Stamina Fortification,0x3EAF9,0.129999995,5.55000019,60,1,0,0,0,1,0,0,0,MagicAlchFortifyStamina;MagicAlchBeneficial,0x3EAF9,0x3EAF9,,5.55000019,60,1,1,6.14655924,,0.129999995,2099202,34,0x65A32;0xF8A4E,Stamina Fortification,,0.129999995,2099202,34,0x65A32;0xF8A4E
Lavender Extract,0x85A46CA,Drain Intelligence,0x804C7FB,0.670000017,2.75,30,1,0,0,0,0,1,1,0,MagicAlchHarmful;MagicAlchDrainIntelligence_CACO,0x804C7FB,0x804C7FB,,2.75,30,0,2,6.82612419,,0.670000017,2103303,0,0x42509;0x825B701,Drain Intelligence,,0.670000017,2103303,0,0x42509;0x825B701
Lavender Extract,0x85A46CA,Fortify Conjuration,0x3EB25,0.172000006,4.1500001,60,1,0,0,0,1,0,0,0,MagicAlchFortifyConjuration;MagicAlchBeneficial,0x3EB25,0x3EB25,,4.1500001,60,1,3,5.90673923,,0.172000006,2099202,34,0x65A2A;0xF8A4E,Fortify Conjuration,,0.172000006,2099202,34,0x65A2A;0xF8A4E
Lichor,0xFE004837,Magicka,0x3EB17,4.69999981,10.1000004,1,1,0,0,0,1,0,0,0,MagicAlchRestoreMagicka;MagicAlchBeneficial,0x3EB17,0x3EB17,,10.1000004,1,1,0,4.75172615,,4.69999981,2099200,34,0x42508;0xF8A4E,Magicka,,4.69999981,2099200,34,0x42508;0xF8A4E
Lichor,0xFE004837,Magicka Regeneration,0x3EB07,0.0252,5.5,240,1,0,0,0,1,0,0,0,MagicAlchFortifyMagickaRate;MagicAlchBeneficial,0x3EB07,0x3EB07,,5.5,240,1,1,5.4204073,,0.0252,2099202,34,0x65A34;0xF8A4E,Magicka Regeneration,,0.0252,2099202,34,0x65A34;0xF8A4E
Lichor,0xFE004837,Magicka Fortification,0x3EAF8,0.129999995,5.55000019,60,1,0,0,0,1,0,0,0,MagicAlchFortifyMagicka;MagicAlchBeneficial,0x3EAF8,0x3EAF8,,5.55000019,60,1,2,6.14655924,,0.129999995,2099202,34,0x65A33;0xF8A4E,Magicka Fortification,,0.129999995,2099202,34,0x65A33;0xF8A4E
Lichor,0xFE004837,Spell Absorption,0xFE004812,0.100000001,50,60,0,1,0,0,1,0,0,0,MagicAlchBeneficial,0xFE004812,0xFE004812,,50,60,1,3,53.0680923,,0.100000001,4194306,34,0xF8A4E,Spell Absorption,,0.100000001,4194306,34,0xF8A4E
Lotus Seeds,0x80D0429,Waterwalking,0x40390E1,9.39999962,0,998,0,1,1,0,1,0,0,1,MagicAlchBeneficial;MagicAlchDurationBased,0x40390E1,0x40390E1,,0,998,1,0,1486.52258,,9.39999962,4197378,34,0xF8A4E;0xF8A4F,Waterwalking,,9.39999962,4197378,34,0xF8A4E;0xF8A4F
Lotus Seeds,0x80D0429,Feather,0x3EB01,0.0469999984,3.6400001,300,1,0,0,0,1,0,0,0,MagicAlchFortifyCarryWeight;MagicAlchBeneficial,0x3EB01,0x3EB01,,3.6400001,300,1,1,8.20621395,,0.0469999984,2099202,34,0x65A2F;0xF8A4E,Feather,,0.0469999984,2099202,34,0x65A2F;0xF8A4E
Lotus Seeds,0x80D0429,Cure Poison,0x109ADD,35,1,0,0,0,0,1,1,0,0,0,MagicAlchBeneficial;MagicAlchCurePoison_CACO,0x109ADD,0x109ADD,,1,0,0,2,35,,35,6656,29,0xF8A4E;0x890B903,Cure Poison,,35,6656,29,0xF8A4E;0x890B903
Lotus Seeds,0x80D0429,Lingering Damage Health,0x10AA4A,12.3999996,0.140000001,10,1,0,0,0,0,1,1,0,MagicAlchHarmful,0x10AA4A,0x10AA4A,,0.140000001,10,0,3,12.3999996,,12.3999996,2099205,0,0x42509,Lingering Damage Health,,12.3999996,2099205,0,0x42509
Luminous Russula,0xFE004813,Drain Strength,0x80476F6,0.670000017,3.0999999,30,1,0,0,0,0,1,1,0,MagicAlchHarmful,0x80476F6,0x80476F6,,3.0999999,30,0,0,7.78764296,,0.670000017,2103303,5,0x42509,Drain Strength,,0.670000017,2103303,5,0x42509
Luminous Russula,0xFE004813,Lingering Damage Health,0x10AA4A,12.3999996,0.400000006,10,1,0,0,0,0,1,1,0,MagicAlchHarmful,0x10AA4A,0x10AA4A,,0.400000006,10,0,1,12.3999996,,12.3999996,2099205,0,0x42509,Lingering Damage Health,,12.3999996,2099205,0,0x42509
Luminous Russula,0xFE004813,Waterbreathing,0x3AC2D,7.69999981,0,665,0,1,1,0,1,0,0,1,MagicAlchBeneficial;MagicAlchDurationBased,0x3AC2D,0x3AC2D,,0,665,1,2,779.102417,,7.69999981,4197378,34,0xF8A4E;0xF8A4F,Waterbreathing,,7.69999981,4197378,34,0xF8A4E;0xF8A4F
Luminous Russula,0xFE004813,Fear,0x73F20,0.620000005,2.5,30,1,0,0,0,0,1,1,0,MagicAlchHarmful;MagicInfluence;MagicInfluenceFear,0x73F20,0x73F20,,2.5,30,0,3,5.68799353,,0.620000005,2099463,7,0x42509;0x78098;0x424E0,Fear,,0.620000005,2099463,7,0x42509;0x78098;0x424E0
Luna Moth,0x727DF,Damage Magicka,0x3A2B6,4.5999999,9.43999958,1,1,0,0,0,0,1,1,0,MagicAlchHarmful;MagicAlchDamageMagicka,0x3A2B6,0x3A2B6,,9.43999958,1,0,0,4.31744671,,4.5999999,2099205,0,0x42509;0x10F9DE,Damage Magicka,,4.5999999,2099205,0,0x42509;0x10F9DE
Luna Moth,0x727DF,Magicka Regeneration,0x3EB07,0.0252,4.1500001,300,1,0,0,0,1,0,0,0,MagicAlchFortifyMagickaRate;MagicAlchBeneficial,0x3EB07,0x3EB07,,4.1500001,300,1,1,5.08261108,,0.0252,2099202,34,0x65A34;0xF8A4E,Magicka Regeneration,,0.0252,2099202,34,0x65A34;0xF8A4E
Luna Moth,0x727DF,Fortify Light Armor,0x3EB1F,0.50999999,1.09000003,60,1,0,0,0,1,0,0,0,MagicAlchFortifyLightArmor;MagicAlchBeneficial,0x3EB1F,0x3EB1F,,1.09000003,60,1,2,4.0244422,,0.50999999,2099202,34,0x65A24;0xF8A4E,Fortify Light Armor,,0.50999999,2099202,34,0x65A24;0xF8A4E
Luna Moth,0x727DF,Invisibility,0x3EB3D,27,0,248,0,1,1,0,1,0,0,1,MagicInvisibility;MagicAlchBeneficial;MagicAlchDurationBased,0x3EB3D,0x3EB3D,,0,248,0,3,923.125305,,27,4201474,11,0x1EA6F;0xF8A4E;0xF8A4F,Invisibility,,27,4201474,11,0x1EA6F;0xF8A4E;0xF8A4F
Lyretail Anthias,0x50008F1,Magicka,0x3EB17,4.69999981,12.0299997,1,1,0,0,0,1,0,0,0,MagicAlchRestoreMagicka;MagicAlchBeneficial,0x3EB17,0x3EB17,,12.0299997,1,1,0,5.75956964,,4.69999981,2099200,34,0x42508;0xF8A4E,Magicka,,4.69999981,2099200,34,0x42508;0xF8A4E
Lyretail Anthias,0x50008F1,Fortify Alteration,0x3EB24,0.172000006,4.57000017,60,1,0,0,0,1,0,0,0,MagicAlchFortifyAlteration;MagicAlchBeneficial,0x3EB24,0x3EB24,,4.57000017,60,1,1,6.56754017,,0.172000006,2099202,34,0x65A1D;0xF8A4E,Fortify Alteration,,0.172000006,2099202,34,0x65A1D;0xF8A4E
Lyretail Anthias,0x50008F1,Fortify Conjuration,0x3EB25,0.172000006,3.74000001,60,1,0,0,0,1,0,0,0,MagicAlchFortifyConjuration;MagicAlchBeneficial,0x3EB25,0x3EB25,,3.74000001,60,1,2,5.26809549,,0.172000006,2099202,34,0x65A2A;0xF8A4E,Fortify Conjuration,,0.172000006,2099202,34,0x65A2A;0xF8A4E
Lyretail Anthias,0x50008F1,Feather,0x3EB01,0.0469999984,2.31999993,300,1,0,0,0,1,0,0,0,MagicAlchFortifyCarryWeight;MagicAlchBeneficial,0x3EB01,0x3EB01,,2.31999993,300,1,3,4.99997711,,0.0469999984,2099202,34,0x65A2F;0xF8A4E,Feather,,0.0469999984,2099202,34,0x65A2F;0xF8A4E
Mandrake Root,0x80A2A39,Fear,0x73F20,0.620000005,2.79999995,30,1,0,0,0,0,1,1,0,MagicAlchHarmful;MagicInfluence;MagicInfluenceFear,0x73F20,0x73F20,,2.79999995,30,0,0,6.44315958,,0.620000005,2099463,7,0x42509;0x78098;0x424E0,Fear,,0.620000005,2099463,7,0x42509;0x78098;0x424E0
Mandrake Root,0x80A2A39,Cure Disease,0xAE722,45,1,0,0,0,0,1,1,0,0,0,MagicAlchBeneficial;MagicAlchCureDisease_CACO,0xAE722,0xAE722,,1,0,0,1,45,,45,6656,3,0xF8A4E;0x890B902,Cure Disease,,45,6656,3,0xF8A4E;0x890B902
Mandrake Root,0x80A2A39,Fortify Destruction,0x3EB26,0.324999988,2.51999998,60,1,0,0,0,1,0,0,0,MagicAlchFortifyDestruction;MagicAlchBeneficial,0x3EB26,0x3EB26,,2.51999998,60,1,2,6.44748449,,0.324999988,2099202,34,0x65A2B;0xF8A4E,Fortify Destruction,,0.324999988,2099202,34,0x65A2B;0xF8A4E
Mandrake Root,0x80A2A39,Resist Poison,0x90041,0.157000005,1.32000005,60,1,0,0,0,1,0,0,0,MagicAlchResistPoison;MagicAlchBeneficial,0x90041,0x90041,,1.32000005,60,1,3,1.52931654,,0.157000005,2101250,34,0x10EB5F;0xF8A4E,Resist Poison,,0.157000005,2101250,34,0x10EB5F;0xF8A4E
Manic Monarch Butterfly,0x6059151,Magicka,0x3EB17,4.69999981,11.5600004,1,1,0,0,0,1,0,0,0,MagicAlchRestoreMagicka;MagicAlchBeneficial,0x3EB17,0x3EB17,,11.5600004,1,1,0,5.51253653,,4.69999981,2099200,34,0x42508;0xF8A4E,Magicka,,4.69999981,2099200,34,0x42508;0xF8A4E
Manic Monarch Butterfly,0x6059151,Fear,0x73F20,0.620000005,3.07999992,30,1,0,0,0,0,1,1,0,MagicAlchHarmful;MagicInfluence;MagicInfluenceFear,0x73F20,0x73F20,,3.07999992,30,0,1,7.15534973,,0.620000005,2099463,7,0x42509;0x78098;0x424E0,Fear,,0.620000005,2099463,7,0x42509;0x78098;0x424E0
Manic Monarch Butterfly,0x6059151,Slow,0x73F25,0.300000012,50,302,0,1,0,0,0,1,1,1,MagicAlchHarmful;MagicSlow;MagicAlchDurationBased,0x73F25,0x73F25,,50,302,1,2,941.880859,,0.300000012,4200455,34,0x42509;0xB729E;0xF8A4F,Slow,,0.300000012,4200455,34,0x42509;0xB729E;0xF8A4F
Manic Monarch Butterfly,0x6059151,Invisibility,0x3EB3D,27,0,248,0,1,1,0,1,0,0,1,MagicInvisibility;MagicAlchBeneficial;MagicAlchDurationBased,0x3EB3D,0x3EB3D,,0,248,0,3,923.125305,,27,4201474,11,0x1EA6F;0xF8A4E;0xF8A4F,Invisibility,,27,4201474,11,0x1EA6F;0xF8A4E;0xF8A4F
Marsh Fritillary,0x833F5E5,Speed,0x80425F1,0.0979999974,1.64999998,120,1,0,0,0,1,0,0,0,MagicAlchBeneficial;MagicAlchFortifySpeed_CACO,0x80425F1,0x80425F1,,1.64999998,120,1,0,2.61551857,,0.0979999974,2101250,34,0xF8A4E;0x806AE48,Speed,,0.0979999974,2101250,34,0xF8A4E;0x806AE48
Marsh Fritillary,0x833F5E5,Fortify Light Armor,0x3EB1F,0.50999999,1.54999995,60,1,0,0,0,1,0,0,0,MagicAlchFortifyLightArmor;MagicAlchBeneficial,0x3EB1F,0x3EB1F,,1.54999995,60,1,1,5.92790699,,0.50999999,2099202,34,0x65A24;0xF8A4E,Fortify Light Armor,,0.50999999,2099202,34,0x65A24;0xF8A4E
Marsh Fritillary,0x833F5E5,Fortify Illusion,0x3EB27,0.172000006,2.07999992,60,1,0,0,0,1,0,0,0,MagicAlchFortifyIllusion;MagicAlchBeneficial,0x3EB27,0x3EB27,,2.07999992,60,1,2,2.76289582,,0.172000006,2099202,34,0x65A2C;0xF8A4E,Fortify Illusion,,0.172000006,2099202,34,0x65A2C;0xF8A4E
Marsh Fritillary,0x833F5E5,Fear,0x73F20,0.620000005,1.39999998,30,1,0,0,0,0,1,1,0,MagicAlchHarmful;MagicInfluence;MagicInfluenceFear,0x73F20,0x73F20,,1.39999998,30,0,3,3.00584006,,0.620000005,2099463,7,0x42509;0x78098;0x424E0,Fear,,0.620000005,2099463,7,0x42509;0x78098;0x424E0
Marshmerrow,0xFE004814,Health Regeneration,0x3EB06,0.0252,5.53000021,180,1,0,0,0,1,0,0,0,MagicAlchFortifyHealRate;MagicAlchBeneficial,0x3EB06,0x3EB06,,5.53000021,180,1,0,3.97372651,,0.0252,2099202,34,0x65A30;0xF8A4E,Health Regeneration,,0.0252,2099202,34,0x65A30;0xF8A4E
Marshmerrow,0xFE004814,Damage Stamina Regen,0x73F2C,0.344999999,2.00999999,30,1,0,0,0,0,1,1,0,MagicAlchHarmful,0x73F2C,0x73F2C,,2.00999999,30,0,1,2.48982096,,0.344999999,2099207,5,0x42509,Damage Stamina Regen,,0.344999999,2099207,5,0x42509
Marshmerrow,0xFE004814,Health,0x3EB15,5.30000019,3.70000005,1,1,0,0,0,1,0,0,0,MagicAlchRestoreHealth;MagicAlchBeneficial,0x3EB15,0x3EB15,,3.70000005,1,1,2,1.77540648,,5.30000019,2099200,34,0x42503;0xF8A4E,Health,,5.30000019,2099200,34,0x42503;0xF8A4E
Marshmerrow,0xFE004814,Fortify Enchanting,0x3EB29,0.709999979,0.980000019,60,1,0,0,0,1,0,0,0,MagicAlchFortifyEnchanting;MagicAlchBeneficial,0x3EB29,0x3EB29,,0.980000019,60,1,3,5.09594536,,0.709999979,2099202,34,0x65A2E;0xF8A4E,Fortify Enchanting,,0.709999979,2099202,34,0x65A2E;0xF8A4E
Marshmerrow,0x80A2A38,Health Regeneration,0x3EB06,0.0252,5.53000021,180,1,0,0,0,1,0,0,0,MagicAlchFortifyHealRate;MagicAlchBeneficial,0x3EB06,0x3EB06,,5.53000021,180,1,0,3.97372651,,0.0252,2099202,34,0x65A30;0xF8A4E,Health Regeneration,,0.0252,2099202,34,0x65A30;0xF8A4E
Marshmerrow,0x80A2A38,Damage Stamina Regen,0x73F2C,0.344999999,2.00999999,30,1,0,0,0,0,1,1,0,MagicAlchHarmful,0x73F2C,0x73F2C,,2.00999999,30,0,1,2.48982096,,0.344999999,2099207,5,0x42509,Damage Stamina Regen,,0.344999999,2099207,5,0x42509
Marshmerrow,0x80A2A38,Health,0x3EB15,5.30000019,3.70000005,1,1,0,0,0,1,0,0,0,MagicAlchRestoreHealth;MagicAlchBeneficial,0x3EB15,0x3EB15,,3.70000005,1,1,2,1.77540648,,5.30000019,2099200,34,0x42503;0xF8A4E,Health,,5.30000019,2099200,34,0x42503;0xF8A4E
Marshmerrow,0x80A2A38,Fortify Enchanting,0x3EB29,0.709999979,0.980000019,60,1,0,0,0,1,0,0,0,MagicAlchFortifyEnchanting;MagicAlchBeneficial,0x3EB29,0x3EB29,,0.980000019,60,1,3,5.09594536,,0.709999979,2099202,34,0x65A2E;0xF8A4E,Fortify Enchanting,,0.709999979,2099202,34,0x65A2E;0xF8A4E
Marshmerrow Extract,0x85A46C8,Health Regeneration,0x3EB06,0.0252,5.53000021,240,1,0,0,0,1,0,0,0,MagicAlchFortifyHealRate;MagicAlchBeneficial,0x3EB06,0x3EB06,,5.53000021,240,1,0,5.45293856,,0.0252,2099202,34,0x65A30;0xF8A4E,Health Regeneration,,0.0252,2099202,34,0x65A30;0xF8A4E
Marshmerrow Extract,0x85A46C8,Damage Stamina Regen,0x73F2C,0.344999999,3.3499999,30,1,0,0,0,0,1,1,0,MagicAlchHarmful,0x73F2C,0x73F2C,,3.3499999,30,0,1,4.36718655,,0.344999999,2099207,5,0x42509,Damage Stamina Regen,,0.344999999,2099207,5,0x42509
Marshmerrow Extract,0x85A46C8,Health,0x3EB15,5.30000019,9.25,1,1,0,0,0,1,0,0,0,MagicAlchRestoreHealth;MagicAlchBeneficial,0x3EB15,0x3EB15,,9.25,1,1,2,4.86442804,,5.30000019,2099200,34,0x42503;0xF8A4E,Health,,5.30000019,2099200,34,0x42503;0xF8A4E
Marshmerrow Extract,0x85A46C8,Fortify Enchanting,0x3EB29,0.709999979,1.39999998,60,1,0,0,0,1,0,0,0,MagicAlchFortifyEnchanting;MagicAlchBeneficial,0x3EB29,0x3EB29,,1.39999998,60,1,3,7.37845659,,0.709999979,2099202,34,0x65A2E;0xF8A4E,Fortify Enchanting,,0.709999979,2099202,34,0x65A2E;0xF8A4E
Minotaur Horn,0xFE004815,Resist Poison,0x90041,0.157000005,4,60,1,0,0,0,1,0,0,0,MagicAlchResistPoison;MagicAlchBeneficial,0x90041,0x90041,,4,60,1,0,5.17764282,,0.157000005,2101250,34,0x10EB5F;0xF8A4E,Resist Poison,,0.157000005,2101250,34,0x10EB5F;0xF8A4E
Minotaur Horn,0xFE004815,Damage Magicka Regen,0x73F2B,0.360000014,0,331,1,0,0,0,0,1,1,0,MagicAlchHarmful;MagicAlchDamageMagickaRegen_CACO,0x73F2B,0x73F2B,,0,331,0,1,16.908823,,0.360000014,2099207,5,0x42509;0x807A152,Damage Magicka Regen,,0.360000014,2099207,5,0x42509;0x807A152
Minotaur Horn,0xFE004815,Health Regeneration,0x3EB06,0.0252,5.5,60,1,0,0,0,1,0,0,0,MagicAlchFortifyHealRate;MagicAlchBeneficial,0x3EB06,0x3EB06,,5.5,60,1,2,1.17968464,,0.0252,2099202,34,0x65A30;0xF8A4E,Health Regeneration,,0.0252,2099202,34,0x65A30;0xF8A4E
Minotaur Horn,0xFE004815,Magicka Regeneration,0x3EB07,0.0252,0.529999971,60,1,0,0,0,1,0,0,0,MagicAlchFortifyMagickaRate;MagicAlchBeneficial,0x3EB07,0x3EB07,,0.529999971,60,1,3,0.180870175,,0.0252,2099202,34,0x65A34;0xF8A4E,Magicka Regeneration,,0.0252,2099202,34,0x65A34;0xF8A4E
Monarch Butterfly,0x727E0,Damage Undead,0x10DE5F,8.30000019,3.48000002,1,1,0,0,0,0,1,1,0,MagicAlchHarmful;MagicAlchDamageHealth,0x10DE5F,0x10DE5F,,3.48000002,1,0,0,2.59905386,,8.30000019,2099205,0,0x42509;0x10F9DD,Damage Undead,,8.30000019,2099205,0,0x42509;0x10F9DD
Monarch Butterfly,0x727E0,Fortify Speech,0xD6947,0.270000011,1.38,60,1,0,0,0,1,0,0,0,MagicAlchFortifySpeechcraft;MagicAlchBeneficial,0xD6947,0xD6947,,1.38,60,1,1,2.76183152,,0.270000011,2099202,34,0x65A29;0xF8A4E,Fortify Speech,,0.270000011,2099202,34,0x65A29;0xF8A4E
Monarch Butterfly,0x727E0,Damage Magicka,0x3A2B6,4.5999999,5,1,1,0,0,0,0,1,1,0,MagicAlchHarmful;MagicAlchDamageMagicka,0x3A2B6,0x3A2B6,,5,1,0,2,2.14597583,,4.5999999,2099205,0,0x42509;0x10F9DE,Damage Magicka,,4.5999999,2099205,0,0x42509;0x10F9DE
Monarch Butterfly,0x727E0,Damage Magicka Regen,0x73F2B,0.360000014,1.34000003,30,1,0,0,0,0,1,1,0,MagicAlchHarmful;MagicAlchDamageMagickaRegen_CACO,0x73F2B,0x73F2B,,1.34000003,30,0,3,1.66322577,,0.360000014,2099207,5,0x42509;0x807A152,Damage Magicka Regen,,0.360000014,2099207,5,0x42509;0x807A152
Monkshood Root Pulp,0x80D041D,Fortify Unarmed,0x804C7FE,1.42999995,0.720000029,60,1,0,0,0,1,0,0,0,MagicAlchBeneficial;MagicAlchFortifyUnarmed_CACO,0x804C7FE,0x804C7FE,,0.720000029,60,1,0,10.2636642,,1.42999995,2099202,34,0xF8A4E;0x806AE47,Fortify Unarmed,,1.42999995,2099202,34,0xF8A4E;0x806AE47
Monkshood Root Pulp,0x80D041D,Drain Intelligence,0x804C7FB,0.670000017,2.75,30,1,0,0,0,0,1,1,0,MagicAlchHarmful;MagicAlchDrainIntelligence_CACO,0x804C7FB,0x804C7FB,,2.75,30,0,1,6.82612419,,0.670000017,2103303,0,0x42509;0x825B701,Drain Intelligence,,0.670000017,2103303,0,0x42509;0x825B701
Monkshood Root Pulp,0x80D041D,Slow,0x73F25,0.300000012,50,60,0,1,0,0,0,1,1,1,MagicAlchHarmful;MagicSlow;MagicAlchDurationBased,0x73F25,0x73F25,,50,60,1,2,159.204285,,0.300000012,4200455,34,0x42509;0xB729E;0xF8A4F,Slow,,0.300000012,4200455,34,0x42509;0xB729E;0xF8A4F
Monkshood Root Pulp,0x80D041D,Fortify Heavy Armor,0x3EB1E,0.50999999,0.779999971,60,1,0,0,0,1,0,0,0,MagicAlchFortifyHeavyArmor;MagicAlchBeneficial,0x3EB1E,0x3EB1E,,0.779999971,60,1,3,3.66046762,,0.50999999,2099202,34,0x65A23;0xF8A4E,Fortify Heavy Armor,,0.50999999,2099202,34,0x65A23;0xF8A4E
Moon Sugar,0xD8E3F,Magicka,0x3EB17,4.69999981,11.5600004,1,1,0,0,0,1,0,0,0,MagicAlchRestoreMagicka;MagicAlchBeneficial,0x3EB17,0x3EB17,,11.5600004,1,1,0,5.51253653,,4.69999981,2099200,34,0x42508;0xF8A4E,Magicka,,4.69999981,2099200,34,0x42508;0xF8A4E
Moon Sugar,0xD8E3F,Resist Frost,0x3EAEB,0.36500001,2.52999997,60,1,0,0,0,1,0,0,0,MagicAlchResistFrost;MagicAlchBeneficial,0x3EAEB,0x3EAEB,,2.52999997,60,1,1,7.27263594,,0.36500001,2101250,34,0x65A38;0xF8A4E,Resist Frost,,0.36500001,2101250,34,0x65A38;0xF8A4E
Moon Sugar,0xD8E3F,Magicka Regeneration,0x3EB07,0.0252,6.90999985,240,1,0,0,0,1,0,0,0,MagicAlchFortifyMagickaRate;MagicAlchBeneficial,0x3EB07,0x3EB07,,6.90999985,240,1,2,6.96720839,,0.0252,2099202,34,0x65A34;0xF8A4E,Magicka Regeneration,,0.0252,2099202,34,0x65A34;0xF8A4E
Moon Sugar,0xD8E3F,Fire Aversion,0x73F2D,0.319999993,3.33999991,30,1,0,0,0,0,1,1,0,MagicAlchHarmful;MagicAlchWeaknessFire,0x73F2D,0x73F2D,,3.33999991,30,1,3,4.03742504,,0.319999993,2101255,34,0x42509;0x74F4E,Fire Aversion,,0.319999993,2101255,34,0x42509;0x74F4E
Mora Tapinella,0xEC870,Fortify Alteration,0x3EB24,0.172000006,4.1500001,60,1,0,0,0,1,0,0,0,MagicAlchFortifyAlteration;MagicAlchBeneficial,0x3EB24,0x3EB24,,4.1500001,60,1,0,5.90673923,,0.172000006,2099202,34,0x65A1D;0xF8A4E,Fortify Alteration,,0.172000006,2099202,34,0x65A1D;0xF8A4E
Mora Tapinella,0xEC870,Fortify Illusion,0x3EB27,0.172000006,3.31999993,60,1,0,0,0,1,0,0,0,MagicAlchFortifyIllusion;MagicAlchBeneficial,0x3EB27,0x3EB27,,3.31999993,60,1,1,4.62111473,,0.172000006,2099202,34,0x65A2C;0xF8A4E,Fortify Illusion,,0.172000006,2099202,34,0x65A2C;0xF8A4E
Mora Tapinella,0xEC870,Magicka Fortification,0x3EAF8,0.129999995,4.15999985,60,1,0,0,0,1,0,0,0,MagicAlchFortifyMagicka;MagicAlchBeneficial,0x3EAF8,0x3EAF8,,4.15999985,60,1,2,4.47623014,,0.129999995,2099202,34,0x65A33;0xF8A4E,Magicka Fortification,,0.129999995,2099202,34,0x65A33;0xF8A4E
Mora Tapinella,0xEC870,Lingering Damage Health,0x10AA4A,12.3999996,0.319999993,10,1,0,0,0,0,1,1,0,MagicAlchHarmful,0x10AA4A,0x10AA4A,,0.319999993,10,0,3,12.3999996,,12.3999996,2099205,0,0x42509,Lingering Damage Health,,12.3999996,2099205,0,0x42509
Morning Glory Root Pulp,0x80D0421,Fortify Illusion,0x3EB27,0.172000006,4.1500001,60,1,0,0,0,1,0,0,0,MagicAlchFortifyIllusion;MagicAlchBeneficial,0x3EB27,0x3EB27,,4.1500001,60,1,0,5.90673923,,0.172000006,2099202,34,0x65A2C;0xF8A4E,Fortify Illusion,,0.172000006,2099202,34,0x65A2C;0xF8A4E
Morning Glory Root Pulp,0x80D0421,Resist Frost,0x3EAEB,0.36500001,2.20000005,60,1,0,0,0,1,0,0,0,MagicAlchResistFrost;MagicAlchBeneficial,0x3EAEB,0x3EAEB,,2.20000005,60,1,1,6.23626089,,0.36500001,2101250,34,0x65A38;0xF8A4E,Resist Frost,,0.36500001,2101250,34,0x65A38;0xF8A4E
Morning Glory Root Pulp,0x80D0421,Slow,0x73F25,0.300000012,50,235,0,1,0,0,0,1,1,1,MagicAlchHarmful;MagicSlow;MagicAlchDurationBased,0x73F25,0x73F25,,50,235,1,2,714.764526,,0.300000012,4200455,34,0x42509;0xB729E;0xF8A4F,Slow,,0.300000012,4200455,34,0x42509;0xB729E;0xF8A4F
Morning Glory Root Pulp,0x80D0421,Lingering Damage Undead,0x10DE5E,12.8000002,0.200000003,10,1,0,0,0,0,1,1,0,MagicAlchHarmful,0x10DE5E,0x10DE5E,,0.200000003,10,0,3,12.8000002,,12.8000002,2099205,0,0x42509,Lingering Damage Undead,,12.8000002,2099205,0,0x42509
Mother of Pearl,0x854FE,Magicka,0x3EB17,4.69999981,9.71000004,1,1,0,0,0,1,0,0,0,MagicAlchRestoreMagicka;MagicAlchBeneficial,0x3EB17,0x3EB17,,9.71000004,1,1,0,4.55028915,,4.69999981,2099200,34,0x42508;0xF8A4E,Magicka,,4.69999981,2099200,34,0x42508;0xF8A4E
Mother of Pearl,0x854FE,Resist Paralysis,0x806AE49,19,0,331,0,1,1,0,1,0,0,1,MagicAlchResistParalysis_CACO;MagicAlchDurationBased;MagicAlchBeneficial,0x806AE49,0x806AE49,,0,331,1,1,892.410095,,19,4201474,34,0x806AE4A;0xF8A4F;0xF8A4E,Resist Paralysis,,19,4201474,34,0x806AE4A;0xF8A4F;0xF8A4E
Mother of Pearl,0x854FE,Waterwalking,0x40390E1,9.39999962,0,665,0,1,1,0,1,0,0,1,MagicAlchBeneficial;MagicAlchDurationBased,0x40390E1,0x40390E1,,0,665,1,2,951.112061,,9.39999962,4197378,34,0xF8A4E;0xF8A4F,Waterwalking,,9.39999962,4197378,34,0xF8A4E;0xF8A4F
Mother of Pearl,0x854FE,Stamina,0x3EB16,4.69999981,6.48000002,1,1,0,0,0,1,0,0,0,MagicAlchRestoreStamina;MagicAlchBeneficial,0x3EB16,0x3EB16,,6.48000002,1,1,3,2.91628766,,4.69999981,2099200,34,0x42504;0xF8A4E,Stamina,,4.69999981,2099200,34,0x42504;0xF8A4E
Mourning Cloak,0x83353BC,Damage Undead,0x10DE5F,8.30000019,4.17000008,1,1,0,0,0,0,1,1,0,MagicAlchHarmful;MagicAlchDamageHealth,0x10DE5F,0x10DE5F,,4.17000008,1,0,0,3.17123032,,8.30000019,2099205,0,0x42509;0x10F9DD,Damage Undead,,8.30000019,2099205,0,0x42509;0x10F9DD
Mourning Cloak,0x83353BC,Fortify Lockpicking,0x3EB21,0.579999983,1.67999995,30,1,0,0,0,1,0,0,0,MagicAlchFortifyLockpicking;MagicAlchBeneficial,0x3EB21,0x3EB21,,1.67999995,30,1,1,3.43638325,,0.579999983,2099202,34,0x65A26;0xF8A4E,Fortify Lockpicking,,0.579999983,2099202,34,0x65A26;0xF8A4E
Mourning Cloak,0x83353BC,Resist Disease,0x806AE45,0.0149999997,100,666,0,1,0,0,1,0,0,1,MagicAlchResistDisease_CACO;MagicAlchBeneficial;MagicAlchDurationBased,0x806AE45,0x806AE45,,100,666,1,2,240.942276,,0.0149999997,4198402,34,0x806AE46;0xF8A4E;0xF8A4F,Resist Disease,,0.0149999997,4198402,34,0x806AE46;0xF8A4E;0xF8A4F
Mourning Cloak,0x83353BC,Lingering Damage Undead,0x10DE5E,12.8000002,0.140000001,10,1,0,0,0,0,1,1,0,MagicAlchHarmful,0x10DE5E,0x10DE5E,,0.140000001,10,0,3,12.8000002,,12.8000002,2099205,0,0x42509,Lingering Damage Undead,,12.8000002,2099205,0,0x42509
Mudcrab Chitin,0x6BC00,Resist Disease,0x806AE45,0.0149999997,100,1832,0,1,0,0,1,0,0,1,MagicAlchResistDisease_CACO;MagicAlchBeneficial;MagicAlchDurationBased,0x806AE45,0x806AE45,,100,1832,1,0,733.346741,,0.0149999997,4198402,34,0x806AE46;0xF8A4E;0xF8A4F,Resist Disease,,0.0149999997,4198402,34,0x806AE46;0xF8A4E;0xF8A4F
Mudcrab Chitin,0x6BC00,Cure Disease,0xAE722,45,1,0,0,0,0,1,1,0,0,0,MagicAlchBeneficial;MagicAlchCureDisease_CACO,0xAE722,0xAE722,,1,0,0,1,45,,45,6656,3,0xF8A4E;0x890B902,Cure Disease,,45,6656,3,0xF8A4E;0x890B902
Mudcrab Chitin,0x6BC00,Stamina,0x3EB16,4.69999981,7.4000001,1,1,0,0,0,1,0,0,0,MagicAlchRestoreStamina;MagicAlchBeneficial,0x3EB16,0x3EB16,,7.4000001,1,1,2,3.37483644,,4.69999981,2099200,34,0x42504;0xF8A4E,Stamina,,4.69999981,2099200,34,0x42504;0xF8A4E
Mudcrab Chitin,0x6BC00,Resist Fire,0x3EAEA,0.36500001,0.99000001,60,1,0,0,0,1,0,0,0,MagicAlchResistFire;MagicAlchBeneficial,0x3EAEA,0x3EAEA,,0.99000001,60,1,3,2.61974669,,0.36500001,2101250,34,0x65A37;0xF8A4E,Resist Fire,,0.36500001,2101250,34,0x65A37;0xF8A4E
Mugwort Seeds,0x80D0423,Health,0x3EB15,5.30000019,10.6400003,1,1,0,0,0,1,0,0,0,MagicAlchRestoreHealth;MagicAlchBeneficial,0x3EB15,0x3EB15,,10.6400003,1,1,0,5.67429209,,5.30000019,2099200,34,0x42503;0xF8A4E,Health,,5.30000019,2099200,34,0x42503;0xF8A4E
Mugwort Seeds,0x80D0423,Fortify One-handed,0x3EB19,0.324999988,1.96000004,60,1,0,0,0,1,0,0,0,MagicAlchFortifyOneHanded;MagicAlchBeneficial,0x3EB19,0x3EB19,,1.96000004,60,1,1,4.8902545,,0.324999988,2099202,34,0x65A1F;0xF8A4E,Fortify One-handed,,0.324999988,2099202,34,0x65A1F;0xF8A4E
Mugwort Seeds,0x80D0423,Fortify Light Armor,0x3EB1F,0.50999999,0.779999971,60,1,0,0,0,1,0,0,0,MagicAlchFortifyLightArmor;MagicAlchBeneficial,0x3EB1F,0x3EB1F,,0.779999971,60,1,2,3.66046762,,0.50999999,2099202,34,0x65A24;0xF8A4E,Fortify Light Armor,,0.50999999,2099202,34,0x65A24;0xF8A4E
Mugwort Seeds,0x80D0423,Stamina Regeneration,0x3EB08,0.0252,2.76999998,180,1,0,0,0,1,0,0,0,MagicAlchFortifyStaminaRate;MagicAlchBeneficial,0x3EB08,0x3EB08,,2.76999998,180,1,3,1.85749674,,0.0252,2099202,34,0x65A35;0xF8A4E,Stamina Regeneration,,0.0252,2099202,34,0x65A35;0xF8A4E
Namira's Rot,0x4DA24,Fear,0x73F20,0.620000005,2.79999995,30,1,0,0,0,0,1,1,0,MagicAlchHarmful;MagicInfluence;MagicInfluenceFear,0x73F20,0x73F20,,2.79999995,30,0,0,6.44315958,,0.620000005,2099463,7,0x42509;0x78098;0x424E0,Fear,,0.620000005,2099463,7,0x42509;0x78098;0x424E0
Namira's Rot,0x4DA24,Damage Magicka,0x3A2B6,4.5999999,11.1000004,1,1,0,0,0,0,1,1,0,MagicAlchHarmful;MagicAlchDamageMagicka,0x3A2B6,0x3A2B6,,11.1000004,1,0,1,5.15956497,,4.5999999,2099205,0,0x42509;0x10F9DE,Damage Magicka,,4.5999999,2099205,0,0x42509;0x10F9DE
Namira's Rot,0x4DA24,Health Regeneration,0x3EB06,0.0252,5.53000021,240,1,0,0,0,1,0,0,0,MagicAlchFortifyHealRate;MagicAlchBeneficial,0x3EB06,0x3EB06,,5.53000021,240,1,2,5.45293856,,0.0252,2099202,34,0x65A30;0xF8A4E,Health Regeneration,,0.0252,2099202,34,0x65A30;0xF8A4E
Namira's Rot,0x4DA24,Fortify Lockpicking,0x3EB21,0.579999983,2.24000001,30,1,0,0,0,1,0,0,0,MagicAlchFortifyLockpicking;MagicAlchBeneficial,0x3EB21,0x3EB21,,2.24000001,30,1,3,4.71557045,,0.579999983,2099202,34,0x65A26;0xF8A4E,Fortify Lockpicking,,0.579999983,2099202,34,0x65A26;0xF8A4E
Netch Jelly,0x401CD72,Stamina,0x3EB16,4.69999981,13.8800001,1,1,0,0,0,1,0,0,0,MagicAlchRestoreStamina;MagicAlchBeneficial,0x3EB16,0x3EB16,,13.8800001,1,1,0,6.74103022,,4.69999981,2099200,34,0x42504;0xF8A4E,Stamina,,4.69999981,2099200,34,0x42504;0xF8A4E
Netch Jelly,0x401CD72,Resist Paralysis,0x806AE49,19,0,430,0,1,1,0,1,0,0,1,MagicAlchResistParalysis_CACO;MagicAlchDurationBased;MagicAlchBeneficial,0x806AE49,0x806AE49,,0,430,1,1,1190.0603,,19,4201474,34,0x806AE4A;0xF8A4F;0xF8A4E,Resist Paralysis,,19,4201474,34,0x806AE4A;0xF8A4F;0xF8A4E
Netch Jelly,0x401CD72,Feather,0x3EB01,0.0469999984,3.97000003,300,1,0,0,0,1,0,0,0,MagicAlchFortifyCarryWeight;MagicAlchBeneficial,0x3EB01,0x3EB01,,3.97000003,300,1,2,9.02819252,,0.0469999984,2099202,34,0x65A2F;0xF8A4E,Feather,,0.0469999984,2099202,34,0x65A2F;0xF8A4E
Netch Jelly,0x401CD72,Paralysis,0x73F30,204,0,42,0,1,1,0,0,1,1,1,MagicParalysis;MagicAlchHarmful;MagicAlchDurationBased,0x73F30,0x73F30,,0,42,0,3,989.018555,,204,4197379,1,0x1EA70;0x42509;0xF8A4F,Paralysis,,204,4197379,1,0x1EA70;0x42509;0xF8A4F
Nightshade,0x2F44C,Fortify Destruction,0x3EB26,0.324999988,2.79999995,60,1,0,0,0,1,0,0,0,MagicAlchFortifyDestruction;MagicAlchBeneficial,0x3EB26,0x3EB26,,2.79999995,60,1,0,7.23974943,,0.324999988,2099202,34,0x65A2B;0xF8A4E,Fortify Destruction,,0.324999988,2099202,34,0x65A2B;0xF8A4E
Nightshade,0x2F44C,Damage Undead,0x10DE5F,8.30000019,6.26000023,1,1,0,0,0,0,1,1,0,MagicAlchHarmful;MagicAlchDamageHealth,0x10DE5F,0x10DE5F,,6.26000023,1,0,1,4.95803881,,8.30000019,2099205,0,0x42509;0x10F9DD,Damage Undead,,8.30000019,2099205,0,0x42509;0x10F9DD
Nightshade,0x2F44C,Damage Magicka Regen,0x73F2B,0.360000014,2.3499999,30,1,0,0,0,0,1,1,0,MagicAlchHarmful;MagicAlchDamageMagickaRegen_CACO,0x73F2B,0x73F2B,,2.3499999,30,0,2,3.08539319,,0.360000014,2099207,5,0x42509;0x807A152,Damage Magicka Regen,,0.360000014,2099207,5,0x42509;0x807A152
Nightshade,0x2F44C,Damage Health,0x3EB42,7.9000001,3.48000002,1,1,0,0,0,0,1,1,0,MagicAlchHarmful;MagicAlchDamageHealth,0x3EB42,0x3EB42,,3.48000002,1,0,3,2.47379827,,7.9000001,2099205,0,0x42509;0x10F9DD,Damage Health,,7.9000001,2099205,0,0x42509;0x10F9DD
Nightshade Extract,0x85A46C6,Fortify Destruction,0x3EB26,0.324999988,2.79999995,60,1,0,0,0,1,0,0,0,MagicAlchFortifyDestruction;MagicAlchBeneficial,0x3EB26,0x3EB26,,2.79999995,60,1,0,7.23974943,,0.324999988,2099202,34,0x65A2B;0xF8A4E,Fortify Destruction,,0.324999988,2099202,34,0x65A2B;0xF8A4E
Nightshade Extract,0x85A46C6,Damage Undead,0x10DE5F,8.30000019,6.94999981,1,1,0,0,0,0,1,1,0,MagicAlchHarmful;MagicAlchDamageHealth,0x10DE5F,0x10DE5F,,6.94999981,1,0,1,5.56238937,,8.30000019,2099205,0,0x42509;0x10F9DD,Damage Undead,,8.30000019,2099205,0,0x42509;0x10F9DD
Nightshade Extract,0x85A46C6,Damage Magicka Regen,0x73F2B,0.360000014,3.3499999,30,1,0,0,0,0,1,1,0,MagicAlchHarmful;MagicAlchDamageMagickaRegen_CACO,0x73F2B,0x73F2B,,3.3499999,30,0,2,4.55706453,,0.360000014,2099207,5,0x42509;0x807A152,Damage Magicka Regen,,0.360000014,2099207,5,0x42509;0x807A152
Nightshade Extract,0x85A46C6,Damage Health,0x3EB42,7.9000001,6.94999981,1,1,0,0,0,0,1,1,0,MagicAlchHarmful;MagicAlchDamageHealth,0x3EB42,0x3EB42,,6.94999981,1,0,3,5.29432249,,7.9000001,2099205,0,0x42509;0x10F9DD,Damage Health,,7.9000001,2099205,0,0x42509;0x10F9DD
Nirnroot,0x59B86,Damage Health,0x3EB42,7.9000001,9.38000011,1,1,0,0,0,0,1,1,0,MagicAlchHarmful;MagicAlchDamageHealth,0x3EB42,0x3EB42,,9.38000011,1,0,0,7.36292219,,7.9000001,2099205,0,0x42509;0x10F9DD,Damage Health,,7.9000001,2099205,0,0x42509;0x10F9DD
Nirnroot,0x59B86,Invisibility,0x3EB3D,27,0,364,0,1,1,0,1,0,0,1,MagicInvisibility;MagicAlchBeneficial;MagicAlchDurationBased,0x3EB3D,0x3EB3D,,0,364,0,1,1407.91138,,27,4201474,11,0x1EA6F;0xF8A4E;0xF8A4F,Invisibility,,27,4201474,11,0x1EA6F;0xF8A4E;0xF8A4F
Nirnroot,0x59B86,Resist Magic,0x39E51,1.24000001,0.810000002,60,1,0,0,0,1,0,0,0,MagicAlchResistMagic;MagicAlchBeneficial,0x39E51,0x39E51,,0.810000002,60,1,2,8.89996052,,1.24000001,2103298,34,0x65A3A;0xF8A4E,Resist Magic,,1.24000001,2103298,34,0x65A3A;0xF8A4E
Nirnroot,0x59B86,Drain Strength,0x80476F6,0.670000017,1.64999998,30,1,0,0,0,0,1,1,0,MagicAlchHarmful,0x80476F6,0x80476F6,,1.64999998,30,0,3,3.89171052,,0.670000017,2103303,5,0x42509,Drain Strength,,0.670000017,2103303,5,0x42509
Nordic Barnacle,0x7EDF5,Waterbreathing,0x3AC2D,7.69999981,0,599,0,1,1,0,1,0,0,1,MagicAlchBeneficial;MagicAlchDurationBased,0x3AC2D,0x3AC2D,,0,599,1,0,694.480835,,7.69999981,4197378,34,0xF8A4E;0xF8A4F,Waterbreathing,,7.69999981,4197378,34,0xF8A4E;0xF8A4F
Nordic Barnacle,0x7EDF5,Fortify Pickpocket,0x3EB20,0.270000011,2.24000001,60,1,0,0,0,1,0,0,0,MagicAlchFortifyPickPocket;MagicAlchBeneficial,0x3EB20,0x3EB20,,2.24000001,60,1,1,4.70547009,,0.270000011,2099202,34,0x65A25;0xF8A4E,Fortify Pickpocket,,0.270000011,2099202,34,0x65A25;0xF8A4E
Nordic Barnacle,0x7EDF5,Health Regeneration,0x3EB06,0.0252,4.1500001,180,1,0,0,0,1,0,0,0,MagicAlchFortifyHealRate;MagicAlchBeneficial,0x3EB06,0x3EB06,,4.1500001,180,1,2,2.89769912,,0.0252,2099202,34,0x65A30;0xF8A4E,Health Regeneration,,0.0252,2099202,34,0x65A30;0xF8A4E
Nordic Barnacle,0x7EDF5,Damage Magicka,0x3A2B6,4.5999999,3.8900001,1,1,0,0,0,0,1,1,0,MagicAlchHarmful;MagicAlchDamageMagicka,0x3A2B6,0x3A2B6,,3.8900001,1,0,3,1.62817991,,4.5999999,2099205,0,0x42509;0x10F9DE,Damage Magicka,,4.5999999,2099205,0,0x42509;0x10F9DE
Nordic Swallowtail,0x83353C0,Health,0x3EB15,5.30000019,7.4000001,1,1,0,0,0,1,0,0,0,MagicAlchRestoreHealth;MagicAlchBeneficial,0x3EB15,0x3EB15,,7.4000001,1,1,0,3.80566716,,5.30000019,2099200,34,0x42503;0xF8A4E,Health,,5.30000019,2099200,34,0x42503;0xF8A4E
Nordic Swallowtail,0x83353C0,Fire Aversion,0x73F2D,0.319999993,3.11999989,30,1,0,0,0,0,1,1,0,MagicAlchHarmful;MagicAlchWeaknessFire,0x73F2D,0x73F2D,,3.11999989,30,1,1,3.74587607,,0.319999993,2101255,34,0x42509;0x74F4E,Fire Aversion,,0.319999993,2101255,34,0x42509;0x74F4E
Nordic Swallowtail,0x83353C0,Fortify Two-handed,0x3EB1A,0.324999988,1.96000004,60,1,0,0,0,1,0,0,0,MagicAlchFortifyTwoHanded;MagicAlchBeneficial,0x3EB1A,0x3EB1A,,1.96000004,60,1,2,4.8902545,,0.324999988,2099202,34,0x65A20;0xF8A4E,Fortify Two-handed,,0.324999988,2099202,34,0x65A20;0xF8A4E
Nordic Swallowtail,0x83353C0,Resist Magic,0x39E51,1.24000001,0.629999995,60,1,0,0,0,1,0,0,0,MagicAlchResistMagic;MagicAlchBeneficial,0x39E51,0x39E51,,0.629999995,60,1,3,8.89996052,,1.24000001,2103298,34,0x65A3A;0xF8A4E,Resist Magic,,1.24000001,2103298,34,0x65A3A;0xF8A4E
Ogre Teeth,0xFE004816,Frenzy,0x73F29,0.620000005,3.92000008,30,1,0,0,0,0,1,1,0,MagicAlchHarmful;MagicInfluence;MagicInfluenceFrenzy,0x73F29,0x73F29,,3.92000008,30,0,0,9.32910061,,0.620000005,2099463,8,0x42509;0x78098;0xC44B6,Frenzy,,0.620000005,2099463,8,0x42509;0x78098;0xC44B6
Ogre Teeth,0xFE004816,Fortify Unarmed,0x804C7FE,1.42999995,0.689999998,60,1,0,0,0,1,0,0,0,MagicAlchBeneficial;MagicAlchFortifyUnarmed_CACO,0x804C7FE,0x804C7FE,,0.689999998,60,1,1,10.2636642,,1.42999995,2099202,34,0xF8A4E;0x806AE47,Fortify Unarmed,,1.42999995,2099202,34,0xF8A4E;0x806AE47
Ogre Teeth,0xFE004816,Shock Aversion,0x73F2F,0.319999993,5.78999996,30,1,0,0,0,0,1,1,0,MagicAlchHarmful;MagicAlchWeaknessShock,0x73F2F,0x73F2F,,5.78999996,30,1,2,7.39485693,,0.319999993,2101255,34,0x42509;0x74F50,Shock Aversion,,0.319999993,2101255,34,0x42509;0x74F50
Ogre Teeth,0xFE004816,Resist Poison,0x90041,0.157000005,3.30999994,60,1,0,0,0,1,0,0,0,MagicAlchResistPoison;MagicAlchBeneficial,0x90041,0x90041,,3.30999994,60,1,3,4.20413733,,0.157000005,2101250,34,0x10EB5F;0xF8A4E,Resist Poison,,0.157000005,2101250,34,0x10EB5F;0xF8A4E
Ogre Teeth,0x80A7B4F,Frenzy,0x73F29,0.620000005,3.92000008,30,1,0,0,0,0,1,1,0,MagicAlchHarmful;MagicInfluence;MagicInfluenceFrenzy,0x73F29,0x73F29,,3.92000008,30,0,0,9.32910061,,0.620000005,2099463,8,0x42509;0x78098;0xC44B6,Frenzy,,0.620000005,2099463,8,0x42509;0x78098;0xC44B6
Ogre Teeth,0x80A7B4F,Fortify Unarmed,0x804C7FE,1.42999995,0.689999998,60,1,0,0,0,1,0,0,0,MagicAlchBeneficial;MagicAlchFortifyUnarmed_CACO,0x804C7FE,0x804C7FE,,0.689999998,60,1,1,10.2636642,,1.42999995,2099202,34,0xF8A4E;0x806AE47,Fortify Unarmed,,1.42999995,2099202,34,0xF8A4E;0x806AE47
Ogre Teeth,0x80A7B4F,Shock Aversion,0x73F2F,0.319999993,5.78999996,30,1,0,0,0,0,1,1,0,MagicAlchHarmful;MagicAlchWeaknessShock,0x73F2F,0x73F2F,,5.78999996,30,1,2,7.39485693,,0.319999993,2101255,34,0x42509;0x74F50,Shock Aversion,,0.319999993,2101255,34,0x42509;0x74F50
Ogre Teeth,0x80A7B4F,Resist Poison,0x90041,0.157000005,3.30999994,60,1,0,0,0,1,0,0,0,MagicAlchResistPoison;MagicAlchBeneficial,0x90041,0x90041,,3.30999994,60,1,3,4.20413733,,0.157000005,2101250,34,0x10EB5F;0xF8A4E,Resist Poison,,0.157000005,2101250,34,0x10EB5F;0xF8A4E
Orange Dartwing,0xBB956,Fortify Pickpocket,0x3EB20,0.270000011,2.79999995,60,1,0,0,0,1,0,0,0,MagicAlchFortifyPickPocket;MagicAlchBeneficial,0x3EB20,0x3EB20,,2.79999995,60,1,0,6.01456165,,0.270000011,2099202,34,0x65A25;0xF8A4E,Fortify Pickpocket,,0.270000011,2099202,34,0x65A25;0xF8A4E
Orange Dartwing,0xBB956,Lingering Damage Health,0x10AA4A,12.3999996,0.400000006,10,1,0,0,0,0,1,1,0,MagicAlchHarmful,0x10AA4A,0x10AA4A,,0.400000006,10,0,1,12.3999996,,12.3999996,2099205,0,0x42509,Lingering Damage Health,,12.3999996,2099205,0,0x42509
Orange Dartwing,0xBB956,Silence,0x73F27,113,0,64,0,1,1,0,0,1,1,1,MagicAlchHarmful;MagicAlchDurationBased;MagicAlchSilence_CACO,0x73F27,0x73F27,,0,64,1,2,870.715881,,113,4197383,34,0x42509;0xF8A4F;0x807A150,Silence,,113,4197383,34,0x42509;0xF8A4F;0x807A150
Orange Dartwing,0xBB956,Speed,0x80425F1,0.0979999974,1,60,1,0,0,0,1,0,0,0,MagicAlchBeneficial;MagicAlchFortifySpeed_CACO,0x80425F1,0x80425F1,,1,60,1,3,0.703383982,,0.0979999974,2101250,34,0xF8A4E;0x806AE48,Speed,,0.0979999974,2101250,34,0xF8A4E;0x806AE48
Orange Tip Butterfly,0x83353B2,Fire Aversion,0x73F2D,0.319999993,4.9000001,30,1,0,0,0,0,1,1,0,MagicAlchHarmful;MagicAlchWeaknessFire,0x73F2D,0x73F2D,,4.9000001,30,1,0,6.15458965,,0.319999993,2101255,34,0x42509;0x74F4E,Fire Aversion,,0.319999993,2101255,34,0x42509;0x74F4E
Orange Tip Butterfly,0x83353B2,Detect Life,0x804C7FF,18.6000004,0,333,0,1,1,0,1,0,0,1,MagicAlchBeneficial;MagicAlchDurationBased;MagicAlchDetectLife_CACO,0x804C7FF,0x804C7FF,,0,333,0,1,879.430725,,18.6000004,205528082,1,0xF8A4E;0xF8A4F;0x8084356,Detect Life,,18.6000004,205528082,1,0xF8A4E;0xF8A4F;0x8084356
Orange Tip Butterfly,0x83353B2,Cure Disease,0xAE722,45,1,0,0,0,0,1,1,0,0,0,MagicAlchBeneficial;MagicAlchCureDisease_CACO,0xAE722,0xAE722,,1,0,0,2,45,,45,6656,3,0xF8A4E;0x890B902,Cure Disease,,45,6656,3,0xF8A4E;0x890B902
Orange Tip Butterfly,0x83353B2,Fortify Archery,0x3EB1B,0.324999988,2.24000001,60,1,0,0,0,1,0,0,0,MagicAlchFortifyMarksman;MagicAlchBeneficial,0x3EB1B,0x3EB1B,,2.24000001,60,1,3,5.66399097,,0.324999988,2099202,34,0x65A21;0xF8A4E,Fortify Archery,,0.324999988,2099202,34,0x65A21;0xF8A4E
Orc Liver,0x8102EBA,Fortify Smithing,0x3EB1D,1.51999998,1.75,30,1,0,0,0,1,0,0,0,MagicAlchFortifySmithing;MagicAlchBeneficial,0x3EB1D,0x3EB1D,,1.75,30,1,0,9.41930485,,1.51999998,2099202,34,0x65A22;0xF8A4E,Fortify Smithing,,1.51999998,2099202,34,0x65A22;0xF8A4E
Orc Liver,0x8102EBA,Fortify Heavy Armor,0x3EB1E,0.50999999,2.32999992,60,1,0,0,0,1,0,0,0,MagicAlchFortifyHeavyArmor;MagicAlchBeneficial,0x3EB1E,0x3EB1E,,2.32999992,60,1,1,9.28171158,,0.50999999,2099202,34,0x65A23;0xF8A4E,Fortify Heavy Armor,,0.50999999,2099202,34,0x65A23;0xF8A4E
Orc Liver,0x8102EBA,Stamina Fortification,0x3EAF9,0.129999995,7.21999979,60,1,0,0,0,1,0,0,0,MagicAlchFortifyStamina;MagicAlchBeneficial,0x3EAF9,0x3EAF9,,7.21999979,60,1,2,8.20919704,,0.129999995,2099202,34,0x65A32;0xF8A4E,Stamina Fortification,,0.129999995,2099202,34,0x65A32;0xF8A4E
Orc Liver,0x8102EBA,Stamina Regeneration,0x3EB08,0.0252,9.68000031,180,1,0,0,0,1,0,0,0,MagicAlchFortifyStaminaRate;MagicAlchBeneficial,0x3EB08,0x3EB08,,9.68000031,180,1,3,7.3563652,,0.0252,2099202,34,0x65A35;0xF8A4E,Stamina Regeneration,,0.0252,2099202,34,0x65A35;0xF8A4E
Oxgall,0x83353C3,Damage Stamina,0x3A2C6,4.5999999,11.1000004,1,1,0,0,0,0,1,1,0,MagicAlchHarmful;MagicAlchDamageStamina,0x3A2C6,0x3A2C6,,11.1000004,1,0,0,5.15956497,,4.5999999,2099205,0,0x42509;0x10F9DC,Damage Stamina,,4.5999999,2099205,0,0x42509;0x10F9DC
Oxgall,0x83353C3,Fortify Unarmed,0x804C7FE,1.42999995,0.529999971,60,1,0,0,0,1,0,0,0,MagicAlchBeneficial;MagicAlchFortifyUnarmed_CACO,0x804C7FE,0x804C7FE,,0.529999971,60,1,1,10.2636642,,1.42999995,2099202,34,0xF8A4E;0x806AE47,Fortify Unarmed,,1.42999995,2099202,34,0xF8A4E;0x806AE47
Oxgall,0x83353C3,Fortify Heavy Armor,0x3EB1E,0.50999999,1.24000001,60,1,0,0,0,1,0,0,0,MagicAlchFortifyHeavyArmor;MagicAlchBeneficial,0x3EB1E,0x3EB1E,,1.24000001,60,1,2,4.63767624,,0.50999999,2099202,34,0x65A23;0xF8A4E,Fortify Heavy Armor,,0.50999999,2099202,34,0x65A23;0xF8A4E
Oxgall,0x83353C3,Fortify Restoration,0x3EB28,0.234999999,2.17000008,60,1,0,0,0,1,0,0,0,MagicAlchFortifyRestoration;MagicAlchBeneficial,0x3EB28,0x3EB28,,2.17000008,60,1,3,3.95494056,,0.234999999,2099202,34,0x65A2D;0xF8A4E,Fortify Restoration,,0.234999999,2099202,34,0x65A2D;0xF8A4E
Padomaic Tigerfish,0x833F5D5,Fortify Unarmed,0x804C7FE,1.42999995,0.419999987,60,1,0,0,0,1,0,0,0,MagicAlchBeneficial;MagicAlchFortifyUnarmed_CACO,0x804C7FE,0x804C7FE,,0.419999987,60,1,0,10.2636642,,1.42999995,2099202,34,0xF8A4E;0x806AE47,Fortify Unarmed,,1.42999995,2099202,34,0xF8A4E;0x806AE47
Padomaic Tigerfish,0x833F5D5,Frenzy,0x73F29,0.620000005,1.96000004,30,1,0,0,0,0,1,1,0,MagicAlchHarmful;MagicInfluence;MagicInfluenceFrenzy,0x73F29,0x73F29,,1.96000004,30,0,1,4.35217905,,0.620000005,2099463,8,0x42509;0x78098;0xC44B6,Frenzy,,0.620000005,2099463,8,0x42509;0x78098;0xC44B6
Padomaic Tigerfish,0x833F5D5,Fortify Alteration,0x3EB24,0.172000006,2.07999992,60,1,0,0,0,1,0,0,0,MagicAlchFortifyAlteration;MagicAlchBeneficial,0x3EB24,0x3EB24,,2.07999992,60,1,2,2.76289582,,0.172000006,2099202,34,0x65A1D;0xF8A4E,Fortify Alteration,,0.172000006,2099202,34,0x65A1D;0xF8A4E
Padomaic Tigerfish,0x833F5D5,Waterbreathing,0x3AC2D,7.69999981,0,233,0,1,1,0,1,0,0,1,MagicAlchBeneficial;MagicAlchDurationBased,0x3AC2D,0x3AC2D,,0,233,1,3,245.800217,,7.69999981,4197378,34,0xF8A4E;0xF8A4F,Waterbreathing,,7.69999981,4197378,34,0xF8A4E;0xF8A4F
Painted Lady,0x83353C6,Damage Magicka Regen,0x73F2B,0.360000014,3.3499999,30,1,0,0,0,0,1,1,0,MagicAlchHarmful;MagicAlchDamageMagickaRegen_CACO,0x73F2B,0x73F2B,,3.3499999,30,0,0,4.55706453,,0.360000014,2099207,5,0x42509;0x807A152,Damage Magicka Regen,,0.360000014,2099207,5,0x42509;0x807A152
Painted Lady,0x83353C6,Poison Aversion,0x90042,0.389999986,3.3499999,30,1,0,0,0,0,1,1,0,MagicAlchHarmful;USKPMagicAlchWeaknessPoison,0x90042,0x90042,,3.3499999,30,1,1,4.93681955,,0.389999986,2101255,34,0x42509;0x706EE3A,Poison Aversion,,0.389999986,2101255,34,0x42509;0x706EE3A
Painted Lady,0x83353C6,Cure Poison,0x109ADD,35,1,0,0,0,0,1,1,0,0,0,MagicAlchBeneficial;MagicAlchCurePoison_CACO,0x109ADD,0x109ADD,,1,0,0,2,35,,35,6656,29,0xF8A4E;0x890B903,Cure Poison,,35,6656,29,0xF8A4E;0x890B903
Painted Lady,0x83353C6,Resist Poison,0x90041,0.157000005,2.6500001,60,1,0,0,0,1,0,0,0,MagicAlchResistPoison;MagicAlchBeneficial,0x90041,0x90041,,2.6500001,60,1,3,3.29182339,,0.157000005,2101250,34,0x10EB5F;0xF8A4E,Resist Poison,,0.157000005,2101250,34,0x10EB5F;0xF8A4E
Peacock Butterfly,0x83353C8,Fortify Block,0x3EB1C,0.49000001,1.54999995,60,1,0,0,0,1,0,0,0,MagicAlchFortifyBlock;MagicAlchBeneficial,0x3EB1C,0x3EB1C,,1.54999995,60,1,0,5.69544029,,0.49000001,2099202,34,0x65A1E;0xF8A4E,Fortify Block,,0.49000001,2099202,34,0x65A1E;0xF8A4E
Peacock Butterfly,0x83353C8,Cure Disease,0xAE722,45,1,0,0,0,0,1,1,0,0,0,MagicAlchBeneficial;MagicAlchCureDisease_CACO,0xAE722,0xAE722,,1,0,0,1,45,,45,6656,3,0xF8A4E;0x890B902,Cure Disease,,45,6656,3,0xF8A4E;0x890B902
Peacock Butterfly,0x83353C8,Fortify Pickpocket,0x3EB20,0.270000011,1.67999995,60,1,0,0,0,1,0,0,0,MagicAlchFortifyPickPocket;MagicAlchBeneficial,0x3EB20,0x3EB20,,1.67999995,60,1,2,3.42902303,,0.270000011,2099202,34,0x65A25;0xF8A4E,Fortify Pickpocket,,0.270000011,2099202,34,0x65A25;0xF8A4E
Peacock Butterfly,0x83353C8,Fortify Sneak,0x3EB22,0.889999986,0.550000012,60,1,0,0,0,1,0,0,0,MagicAlchFortifySneak;MagicAlchBeneficial,0x3EB22,0x3EB22,,0.550000012,60,1,3,6.38787508,,0.889999986,2099202,34,0x65A27;0xF8A4E,Fortify Sneak,,0.889999986,2099202,34,0x65A27;0xF8A4E
Pearl,0x85500,Waterwalking,0x40390E1,9.39999962,0,865,0,1,1,0,1,0,0,1,MagicAlchBeneficial;MagicAlchDurationBased,0x40390E1,0x40390E1,,0,865,1,0,1270.12244,,9.39999962,4197378,34,0xF8A4E;0xF8A4F,Waterwalking,,9.39999962,4197378,34,0xF8A4E;0xF8A4F
Pearl,0x85500,Stamina,0x3EB16,4.69999981,9.71000004,1,1,0,0,0,1,0,0,0,MagicAlchRestoreStamina;MagicAlchBeneficial,0x3EB16,0x3EB16,,9.71000004,1,1,1,4.55028915,,4.69999981,2099200,34,0x42504;0xF8A4E,Stamina,,4.69999981,2099200,34,0x42504;0xF8A4E
Pearl,0x85500,Magicka Fortification,0x3EAF8,0.129999995,5.55000019,60,1,0,0,0,1,0,0,0,MagicAlchFortifyMagicka;MagicAlchBeneficial,0x3EAF8,0x3EAF8,,5.55000019,60,1,2,6.14655924,,0.129999995,2099202,34,0x65A33;0xF8A4E,Magicka Fortification,,0.129999995,2099202,34,0x65A33;0xF8A4E
Pearl,0x85500,Fortify Restoration,0x3EB28,0.234999999,2.78999996,60,1,0,0,0,1,0,0,0,MagicAlchFortifyRestoration;MagicAlchBeneficial,0x3EB28,0x3EB28,,2.78999996,60,1,3,5.21433449,,0.234999999,2099202,34,0x65A2D;0xF8A4E,Fortify Restoration,,0.234999999,2099202,34,0x65A2D;0xF8A4E
Pearlfish,0x50008EC,Stamina,0x3EB16,4.69999981,9.71000004,1,1,0,0,0,1,0,0,0,MagicAlchRestoreStamina;MagicAlchBeneficial,0x3EB16,0x3EB16,,9.71000004,1,1,0,4.55028915,,4.69999981,2099200,34,0x42504;0xF8A4E,Stamina,,4.69999981,2099200,34,0x42504;0xF8A4E
Pearlfish,0x50008EC,Resist Frost,0x3EAEB,0.36500001,2.20000005,60,1,0,0,0,1,0,0,0,MagicAlchResistFrost;MagicAlchBeneficial,0x3EAEB,0x3EAEB,,2.20000005,60,1,1,6.23626089,,0.36500001,2101250,34,0x65A38;0xF8A4E,Resist Frost,,0.36500001,2101250,34,0x65A38;0xF8A4E
Pearlfish,0x50008EC,Fortify Smithing,0x3EB1D,1.51999998,1.25999999,30,1,0,0,0,1,0,0,0,MagicAlchFortifySmithing;MagicAlchBeneficial,0x3EB1D,0x3EB1D,,1.25999999,30,1,2,6.56273079,,1.51999998,2099202,34,0x65A22;0xF8A4E,Fortify Smithing,,1.51999998,2099202,34,0x65A22;0xF8A4E
Pearlfish,0x50008EC,Fortify One-handed,0x3EB19,0.324999988,1.96000004,60,1,0,0,0,1,0,0,0,MagicAlchFortifyOneHanded;MagicAlchBeneficial,0x3EB19,0x3EB19,,1.96000004,60,1,3,4.8902545,,0.324999988,2099202,34,0x65A1F;0xF8A4E,Fortify One-handed,,0.324999988,2099202,34,0x65A1F;0xF8A4E
Peony Seeds,0x80D0426,Stamina Fortification,0x3EAF9,0.129999995,5.55000019,60,1,0,0,0,1,0,0,0,MagicAlchFortifyStamina;MagicAlchBeneficial,0x3EAF9,0x3EAF9,,5.55000019,60,1,0,6.14655924,,0.129999995,2099202,34,0x65A32;0xF8A4E,Stamina Fortification,,0.129999995,2099202,34,0x65A32;0xF8A4E
Peony Seeds,0x80D0426,Slow,0x73F25,0.300000012,50,168,0,1,0,0,0,1,1,1,MagicAlchHarmful;MagicSlow;MagicAlchDurationBased,0x73F25,0x73F25,,50,168,1,1,494.115631,,0.300000012,4200455,34,0x42509;0xB729E;0xF8A4F,Slow,,0.300000012,4200455,34,0x42509;0xB729E;0xF8A4F
Peony Seeds,0x80D0426,Lingering Damage Health,0x10AA4A,12.3999996,0.159999996,10,1,0,0,0,0,1,1,0,MagicAlchHarmful,0x10AA4A,0x10AA4A,,0.159999996,10,0,2,12.3999996,,12.3999996,2099205,0,0x42509,Lingering Damage Health,,12.3999996,2099205,0,0x42509
Peony Seeds,0x80D0426,Stamina,0x3EB16,4.69999981,3.70000005,1,1,0,0,0,1,0,0,0,MagicAlchRestoreStamina;MagicAlchBeneficial,0x3EB16,0x3EB16,,3.70000005,1,1,3,1.57441688,,4.69999981,2099200,34,0x42504;0xF8A4E,Stamina,,4.69999981,2099200,34,0x42504;0xF8A4E
Pheasant Feathers,0x83353CA,Fortify Pickpocket,0x3EB20,0.270000011,1.39999998,60,1,0,0,0,1,0,0,0,MagicAlchFortifyPickPocket;MagicAlchBeneficial,0x3EB20,0x3EB20,,1.39999998,60,1,0,2.80589223,,0.270000011,2099202,34,0x65A25;0xF8A4E,Fortify Pickpocket,,0.270000011,2099202,34,0x65A25;0xF8A4E
Pheasant Feathers,0x83353CA,Fortify Restoration,0x3EB28,0.234999999,1.54999995,60,1,0,0,0,1,0,0,0,MagicAlchFortifyRestoration;MagicAlchBeneficial,0x3EB28,0x3EB28,,1.54999995,60,1,1,2.73148656,,0.234999999,2099202,34,0x65A2D;0xF8A4E,Fortify Restoration,,0.234999999,2099202,34,0x65A2D;0xF8A4E
Pheasant Feathers,0x83353CA,Cure Disease,0xAE722,45,1,0,0,0,0,1,1,0,0,0,MagicAlchBeneficial;MagicAlchCureDisease_CACO,0xAE722,0xAE722,,1,0,0,2,45,,45,6656,3,0xF8A4E;0x890B902,Cure Disease,,45,6656,3,0xF8A4E;0x890B902
Pheasant Feathers,0x83353CA,Damage Stamina,0x3A2C6,4.5999999,3.8900001,1,1,0,0,0,0,1,1,0,MagicAlchHarmful;MagicAlchDamageStamina,0x3A2C6,0x3A2C6,,3.8900001,1,0,3,1.62817991,,4.5999999,2099205,0,0x42509;0x10F9DC,Damage Stamina,,4.5999999,2099205,0,0x42509;0x10F9DC
Pine Thrush Egg,0x23D6F,Fortify Lockpicking,0x3EB21,0.579999983,2.79999995,30,1,0,0,0,1,0,0,0,MagicAlchFortifyLockpicking;MagicAlchBeneficial,0x3EB21,0x3EB21,,2.79999995,30,1,0,6.02747154,,0.579999983,2099202,34,0x65A26;0xF8A4E,Fortify Lockpicking,,0.579999983,2099202,34,0x65A26;0xF8A4E
Pine Thrush Egg,0x23D6F,Resist Shock,0x3EAEC,0.36500001,1.53999996,60,1,0,0,0,1,0,0,0,MagicAlchResistShock;MagicAlchBeneficial,0x3EAEC,0x3EAEC,,1.53999996,60,1,1,4.2124238,,0.36500001,2101250,34,0x65A39;0xF8A4E,Resist Shock,,0.36500001,2101250,34,0x65A39;0xF8A4E
Pine Thrush Egg,0x23D6F,Poison Aversion,0x90042,0.389999986,2.00999999,30,1,0,0,0,0,1,1,0,MagicAlchHarmful;USKPMagicAlchWeaknessPoison,0x90042,0x90042,,2.00999999,30,1,2,2.8145802,,0.389999986,2101255,34,0x42509;0x706EE3A,Poison Aversion,,0.389999986,2101255,34,0x42509;0x706EE3A
Pine Thrush Egg,0x23D6F,Stamina,0x3EB16,4.69999981,5.55000019,1,1,0,0,0,1,0,0,0,MagicAlchRestoreStamina;MagicAlchBeneficial,0x3EB16,0x3EB16,,5.55000019,1,1,3,2.45934868,,4.69999981,2099200,34,0x42504;0xF8A4E,Stamina,,4.69999981,2099200,34,0x42504;0xF8A4E
Poison Bloom,0x20185FB,Slow,0x73F25,0.300000012,50,436,0,1,0,0,0,1,1,1,MagicAlchHarmful;MagicSlow;MagicAlchDurationBased,0x73F25,0x73F25,,50,436,1,0,1410.66382,,0.300000012,4200455,34,0x42509;0xB729E;0xF8A4F,Slow,,0.300000012,4200455,34,0x42509;0xB729E;0xF8A4F
Poison Bloom,0x20185FB,Damage Health,0x3EB42,7.9000001,11.1199999,1,1,0,0,0,0,1,1,0,MagicAlchHarmful;MagicAlchDamageHealth,0x3EB42,0x3EB42,,11.1199999,1,0,1,8.87855625,,7.9000001,2099205,0,0x42509;0x10F9DD,Damage Health,,7.9000001,2099205,0,0x42509;0x10F9DD
Poison Bloom,0x20185FB,Fear,0x73F20,0.620000005,3.22000003,30,1,0,0,0,0,1,1,0,MagicAlchHarmful;MagicInfluence;MagicInfluenceFear,0x73F20,0x73F20,,3.22000003,30,0,2,7.51391983,,0.620000005,2099463,7,0x42509;0x78098;0x424E0,Fear,,0.620000005,2099463,7,0x42509;0x78098;0x424E0
Poison Bloom,0x20185FB,Feather,0x3EB01,0.0469999984,2.31999993,300,1,0,0,0,1,0,0,0,MagicAlchFortifyCarryWeight;MagicAlchBeneficial,0x3EB01,0x3EB01,,2.31999993,300,1,3,4.99997711,,0.0469999984,2099202,34,0x65A2F;0xF8A4E,Feather,,0.0469999984,2099202,34,0x65A2F;0xF8A4E
Polyphemus Moth,0x83353CC,Fortify Illusion,0x3EB27,0.172000006,5.4000001,60,1,0,0,0,1,0,0,0,MagicAlchFortifyIllusion;MagicAlchBeneficial,0x3EB27,0x3EB27,,5.4000001,60,1,0,7.89092731,,0.172000006,2099202,34,0x65A2C;0xF8A4E,Fortify Illusion,,0.172000006,2099202,34,0x65A2C;0xF8A4E
Polyphemus Moth,0x83353CC,Fear,0x73F20,0.620000005,3.07999992,30,1,0,0,0,0,1,1,0,MagicAlchHarmful;MagicInfluence;MagicInfluenceFear,0x73F20,0x73F20,,3.07999992,30,0,1,7.15534973,,0.620000005,2099463,7,0x42509;0x78098;0x424E0,Fear,,0.620000005,2099463,7,0x42509;0x78098;0x424E0
Polyphemus Moth,0x83353CC,Fortify Conjuration,0x3EB25,0.172000006,4.1500001,60,1,0,0,0,1,0,0,0,MagicAlchFortifyConjuration;MagicAlchBeneficial,0x3EB25,0x3EB25,,4.1500001,60,1,2,5.90673923,,0.172000006,2099202,34,0x65A2A;0xF8A4E,Fortify Conjuration,,0.172000006,2099202,34,0x65A2A;0xF8A4E
Polyphemus Moth,0x83353CC,Detect Life,0x804C7FF,18.6000004,0,266,0,1,1,0,1,0,0,1,MagicAlchBeneficial;MagicAlchDurationBased;MagicAlchDetectLife_CACO,0x804C7FF,0x804C7FF,,0,266,0,3,686.883057,,18.6000004,205528082,1,0xF8A4E;0xF8A4F;0x8084356,Detect Life,,18.6000004,205528082,1,0xF8A4E;0xF8A4F;0x8084356
Powdered Mammoth Tusk,0x6BC10,Fortify Block,0x3EB1C,0.49000001,2.17000008,60,1,0,0,0,1,0,0,0,MagicAlchFortifyBlock;MagicAlchBeneficial,0x3EB1C,0x3EB1C,,2.17000008,60,1,0,8.24647236,,0.49000001,2099202,34,0x65A1E;0xF8A4E,Fortify Block,,0.49000001,2099202,34,0x65A1E;0xF8A4E
Powdered Mammoth Tusk,0x6BC10,Fire Aversion,0x73F2D,0.319999993,5.34000015,30,1,0,0,0,0,1,1,0,MagicAlchHarmful;MagicAlchWeaknessFire,0x73F2D,0x73F2D,,5.34000015,30,1,1,6.76517057,,0.319999993,2101255,34,0x42509;0x74F4E,Fire Aversion,,0.319999993,2101255,34,0x42509;0x74F4E
Powdered Mammoth Tusk,0x6BC10,Fortify Unarmed,0x804C7FE,1.42999995,0.610000014,60,1,0,0,0,1,0,0,0,MagicAlchBeneficial;MagicAlchFortifyUnarmed_CACO,0x804C7FE,0x804C7FE,,0.610000014,60,1,2,10.2636642,,1.42999995,2099202,34,0xF8A4E;0x806AE47,Fortify Unarmed,,1.42999995,2099202,34,0xF8A4E;0x806AE47
Powdered Mammoth Tusk,0x6BC10,Fear,0x73F20,0.620000005,2.51999998,30,1,0,0,0,0,1,1,0,MagicAlchHarmful;MagicInfluence;MagicInfluenceFear,0x73F20,0x73F20,,2.51999998,30,0,3,5.7380681,,0.620000005,2099463,7,0x42509;0x78098;0x424E0,Fear,,0.620000005,2099463,7,0x42509;0x78098;0x424E0
Purple Mountain Flower,0x77E1E,Fortify Sneak,0x3EB22,0.889999986,0.550000012,60,1,0,0,0,1,0,0,0,MagicAlchFortifySneak;MagicAlchBeneficial,0x3EB22,0x3EB22,,0.550000012,60,1,0,6.38787508,,0.889999986,2099202,34,0x65A27;0xF8A4E,Fortify Sneak,,0.889999986,2099202,34,0x65A27;0xF8A4E
Purple Mountain Flower,0x77E1E,Fortify Archery,0x3EB1B,0.324999988,1.67999995,60,1,0,0,0,1,0,0,0,MagicAlchFortifyMarksman;MagicAlchBeneficial,0x3EB1B,0x3EB1B,,1.67999995,60,1,1,4.12752724,,0.324999988,2099202,34,0x65A21;0xF8A4E,Fortify Archery,,0.324999988,2099202,34,0x65A21;0xF8A4E
Purple Mountain Flower,0x77E1E,Lingering Damage Undead,0x10DE5E,12.8000002,0.140000001,10,1,0,0,0,0,1,1,0,MagicAlchHarmful,0x10DE5E,0x10DE5E,,0.140000001,10,0,2,12.8000002,,12.8000002,2099205,0,0x42509,Lingering Damage Undead,,12.8000002,2099205,0,0x42509
Purple Mountain Flower,0x77E1E,Stamina,0x3EB16,4.69999981,2.77999997,1,1,0,0,0,1,0,0,0,MagicAlchRestoreStamina;MagicAlchBeneficial,0x3EB16,0x3EB16,,2.77999997,1,1,3,1.14960086,,4.69999981,2099200,34,0x42504;0xF8A4E,Stamina,,4.69999981,2099200,34,0x42504;0xF8A4E
Purple Mountain Flower Extract,0x85A46C4,Fortify Sneak,0x3EB22,0.889999986,1.10000002,60,1,0,0,0,1,0,0,0,MagicAlchFortifySneak;MagicAlchBeneficial,0x3EB22,0x3EB22,,1.10000002,60,1,0,7.09395409,,0.889999986,2099202,34,0x65A27;0xF8A4E,Fortify Sneak,,0.889999986,2099202,34,0x65A27;0xF8A4E
Purple Mountain Flower Extract,0x85A46C4,Fortify Archery,0x3EB1B,0.324999988,2.79999995,60,1,0,0,0,1,0,0,0,MagicAlchFortifyMarksman;MagicAlchBeneficial,0x3EB1B,0x3EB1B,,2.79999995,60,1,1,7.23974943,,0.324999988,2099202,34,0x65A21;0xF8A4E,Fortify Archery,,0.324999988,2099202,34,0x65A21;0xF8A4E
Purple Mountain Flower Extract,0x85A46C4,Lingering Damage Undead,0x10DE5E,12.8000002,0.400000006,10,1,0,0,0,0,1,1,0,MagicAlchHarmful,0x10DE5E,0x10DE5E,,0.400000006,10,0,2,12.8000002,,12.8000002,2099205,0,0x42509,Lingering Damage Undead,,12.8000002,2099205,0,0x42509
Purple Mountain Flower Extract,0x85A46C4,Stamina,0x3EB16,4.69999981,9.25,1,1,0,0,0,1,0,0,0,MagicAlchRestoreStamina;MagicAlchBeneficial,0x3EB16,0x3EB16,,9.25,1,1,3,4.31373787,,4.69999981,2099200,34,0x42504;0xF8A4E,Stamina,,4.69999981,2099200,34,0x42504;0xF8A4E
Putrefied Flesh,0x1CCA136,Ravage Health,0x73F26,0.550000012,7.98999977,10,1,0,0,0,0,1,1,0,MagicAlchHarmful,0x73F26,0x73F26,,7.98999977,10,0,0,5.40958786,,0.550000012,2099207,0,0x42509,Ravage Health,,0.550000012,2099207,0,0x42509
Putrefied Flesh,0x1CCA136,Damage Magicka Regen,0x73F2B,0.360000014,3.69000006,30,1,0,0,0,0,1,1,0,MagicAlchHarmful;MagicAlchDamageMagickaRegen_CACO,0x73F2B,0x73F2B,,3.69000006,30,0,1,5.06833029,,0.360000014,2099207,5,0x42509;0x807A152,Damage Magicka Regen,,0.360000014,2099207,5,0x42509;0x807A152
Putrefied Flesh,0x1CCA136,Drain Strength,0x80476F6,0.670000017,2.48000002,30,1,0,0,0,0,1,1,0,MagicAlchHarmful,0x80476F6,0x80476F6,,2.48000002,30,0,2,6.09263372,,0.670000017,2103303,5,0x42509,Drain Strength,,0.670000017,2103303,5,0x42509
Putrefied Flesh,0x1CCA136,Resist Poison,0x90041,0.157000005,0.99000001,60,1,0,0,0,1,0,0,0,MagicAlchResistPoison;MagicAlchBeneficial,0x90041,0x90041,,0.99000001,60,1,3,1.12684989,,0.157000005,2101250,34,0x10EB5F;0xF8A4E,Resist Poison,,0.157000005,2101250,34,0x10EB5F;0xF8A4E
Pygmy Sunfish,0x50008ED,Stamina,0x3EB16,4.69999981,10.6400003,1,1,0,0,0,1,0,0,0,MagicAlchRestoreStamina;MagicAlchBeneficial,0x3EB16,0x3EB16,,10.6400003,1,1,0,5.031919,,4.69999981,2099200,34,0x42504;0xF8A4E,Stamina,,4.69999981,2099200,34,0x42504;0xF8A4E
Pygmy Sunfish,0x50008ED,Lingering Damage Undead,0x10DE5E,12.8000002,0.400000006,10,1,0,0,0,0,1,1,0,MagicAlchHarmful,0x10DE5E,0x10DE5E,,0.400000006,10,0,1,12.8000002,,12.8000002,2099205,0,0x42509,Lingering Damage Undead,,12.8000002,2099205,0,0x42509
Pygmy Sunfish,0x50008ED,Damage Magicka Regen,0x73F2B,0.360000014,2.3499999,30,1,0,0,0,0,1,1,0,MagicAlchHarmful;MagicAlchDamageMagickaRegen_CACO,0x73F2B,0x73F2B,,2.3499999,30,0,2,3.08539319,,0.360000014,2099207,5,0x42509;0x807A152,Damage Magicka Regen,,0.360000014,2099207,5,0x42509;0x807A152
Pygmy Sunfish,0x50008ED,Fortify Restoration,0x3EB28,0.234999999,1.54999995,60,1,0,0,0,1,0,0,0,MagicAlchFortifyRestoration;MagicAlchBeneficial,0x3EB28,0x3EB28,,1.54999995,60,1,3,2.73148656,,0.234999999,2099202,34,0x65A2D;0xF8A4E,Fortify Restoration,,0.234999999,2099202,34,0x65A2D;0xF8A4E
Racer Plumes,0x1CCA142,Speed,0x80425F1,0.0979999974,2.20000005,120,1,0,0,0,1,0,0,0,MagicAlchBeneficial;MagicAlchFortifySpeed_CACO,0x80425F1,0x80425F1,,2.20000005,120,1,0,3.58914042,,0.0979999974,2101250,34,0xF8A4E;0x806AE48,Speed,,0.0979999974,2101250,34,0xF8A4E;0x806AE48
Racer Plumes,0x1CCA142,Fortify Sneak,0x3EB22,0.889999986,1.26999998,60,1,0,0,0,1,0,0,0,MagicAlchFortifySneak;MagicAlchBeneficial,0x3EB22,0x3EB22,,1.26999998,60,1,1,8.30884171,,0.889999986,2099202,34,0x65A27;0xF8A4E,Fortify Sneak,,0.889999986,2099202,34,0x65A27;0xF8A4E
Racer Plumes,0x1CCA142,Stamina Regeneration,0x3EB08,0.0252,5.53000021,300,1,0,0,0,1,0,0,0,MagicAlchFortifyStaminaRate;MagicAlchBeneficial,0x3EB08,0x3EB08,,5.53000021,300,1,2,6.96998167,,0.0252,2099202,34,0x65A35;0xF8A4E,Stamina Regeneration,,0.0252,2099202,34,0x65A35;0xF8A4E
Racer Plumes,0x1CCA142,Damage Undead,0x10DE5F,8.30000019,7.6500001,1,1,0,0,0,0,1,1,0,MagicAlchHarmful;MagicAlchDamageHealth,0x10DE5F,0x10DE5F,,7.6500001,1,0,3,6.18166828,,8.30000019,2099205,0,0x42509;0x10F9DD,Damage Undead,,8.30000019,2099205,0,0x42509;0x10F9DD
Red Admiral Butterfly,0x833F5E6,Magic Aversion,0x73F51,0.430000007,4.76999998,30,1,0,0,0,0,1,1,0,MagicAlchHarmful;MagicAlchWeaknessMagic,0x73F51,0x73F51,,4.76999998,30,1,0,8.02919579,,0.430000007,2101255,34,0x42509;0x74F51,Magic Aversion,,0.430000007,2101255,34,0x42509;0x74F51
Red Admiral Butterfly,0x833F5E6,Health,0x3EB15,5.30000019,8.32999992,1,1,0,0,0,1,0,0,0,MagicAlchRestoreHealth;MagicAlchBeneficial,0x3EB15,0x3EB15,,8.32999992,1,1,1,4.33496284,,5.30000019,2099200,34,0x42503;0xF8A4E,Health,,5.30000019,2099200,34,0x42503;0xF8A4E
Red Admiral Butterfly,0x833F5E6,Damage Stamina Regen,0x73F2C,0.344999999,3.01999998,30,1,0,0,0,0,1,1,0,MagicAlchHarmful,0x73F2C,0x73F2C,,3.01999998,30,0,2,3.89636922,,0.344999999,2099207,5,0x42509,Damage Stamina Regen,,0.344999999,2099207,5,0x42509
Red Admiral Butterfly,0x833F5E6,Resist Poison,0x90041,0.157000005,2.31999993,60,1,0,0,0,1,0,0,0,MagicAlchResistPoison;MagicAlchBeneficial,0x90041,0x90041,,2.31999993,60,1,3,2.84382486,,0.157000005,2101250,34,0x10EB5F;0xF8A4E,Resist Poison,,0.157000005,2101250,34,0x10EB5F;0xF8A4E
Red Cracker Butterfly,0x833A4CF,Fortify Pickpocket,0x3EB20,0.270000011,2.79999995,60,1,0,0,0,1,0,0,0,MagicAlchFortifyPickPocket;MagicAlchBeneficial,0x3EB20,0x3EB20,,2.79999995,60,1,0,6.01456165,,0.270000011,2099202,34,0x65A25;0xF8A4E,Fortify Pickpocket,,0.270000011,2099202,34,0x65A25;0xF8A4E
Red Cracker Butterfly,0x833A4CF,Poison Aversion,0x90042,0.389999986,3.3499999,30,1,0,0,0,0,1,1,0,MagicAlchHarmful;USKPMagicAlchWeaknessPoison,0x90042,0x90042,,3.3499999,30,1,1,4.93681955,,0.389999986,2101255,34,0x42509;0x706EE3A,Poison Aversion,,0.389999986,2101255,34,0x42509;0x706EE3A
Red Cracker Butterfly,0x833A4CF,Cure Poison,0x109ADD,35,1,0,0,0,0,1,1,0,0,0,MagicAlchBeneficial;MagicAlchCurePoison_CACO,0x109ADD,0x109ADD,,1,0,0,2,35,,35,6656,29,0xF8A4E;0x890B903,Cure Poison,,35,6656,29,0xF8A4E;0x890B903
Red Cracker Butterfly,0x833A4CF,Ravage Health,0x73F26,0.550000012,6.26000023,10,1,0,0,0,0,1,1,0,MagicAlchHarmful,0x73F26,0x73F26,,6.26000023,10,0,3,4.13613319,,0.550000012,2099207,0,0x42509,Ravage Health,,0.550000012,2099207,0,0x42509
Red Kelp Gas Bladder,0xFE004817,Speed,0x80425F1,0.0979999974,2,120,1,0,0,0,1,0,0,0,MagicAlchBeneficial;MagicAlchFortifySpeed_CACO,0x80425F1,0x80425F1,,2,120,1,0,3.23190427,,0.0979999974,2101250,34,0xF8A4E;0x806AE48,Speed,,0.0979999974,2101250,34,0xF8A4E;0x806AE48
Red Kelp Gas Bladder,0xFE004817,Waterbreathing,0x3AC2D,7.69999981,0,21,0,1,1,0,1,0,0,1,MagicAlchBeneficial;MagicAlchDurationBased,0x3AC2D,0x3AC2D,,0,21,1,1,17.4153404,,7.69999981,4197378,34,0xF8A4E;0xF8A4F,Waterbreathing,,7.69999981,4197378,34,0xF8A4E;0xF8A4F
Red Kelp Gas Bladder,0xFE004817,Cure Disease,0xAE722,45,1,0,0,0,0,1,1,0,0,0,MagicAlchBeneficial;MagicAlchCureDisease_CACO,0xAE722,0xAE722,,1,0,0,2,45,,45,6656,3,0xF8A4E;0x890B902,Cure Disease,,45,6656,3,0xF8A4E;0x890B902
Red Kelp Gas Bladder,0xFE004817,Magicka Fortification,0x3EAF8,0.129999995,4.80000019,60,1,0,0,0,1,0,0,0,MagicAlchFortifyMagicka;MagicAlchBeneficial,0x3EAF8,0x3EAF8,,4.80000019,60,1,3,5.23932266,,0.129999995,2099202,34,0x65A33;0xF8A4E,Magicka Fortification,,0.129999995,2099202,34,0x65A33;0xF8A4E
Red Lichen,0x8A1005D,Slow,0x73F25,0.300000012,50,402,0,1,0,0,0,1,1,1,MagicAlchHarmful;MagicSlow;MagicAlchDurationBased,0x73F25,0x73F25,,50,402,1,0,1290.1405,,0.300000012,4200455,34,0x42509;0xB729E;0xF8A4F,Slow,,0.300000012,4200455,34,0x42509;0xB729E;0xF8A4F
Red Lichen,0x8A1005D,Fortify Speech,0xD6947,0.270000011,3.29999995,60,1,0,0,0,1,0,0,0,MagicAlchFortifySpeechcraft;MagicAlchBeneficial,0xD6947,0xD6947,,3.29999995,60,1,1,7.20602083,,0.270000011,2099202,34,0x65A29;0xF8A4E,Fortify Speech,,0.270000011,2099202,34,0x65A29;0xF8A4E
Red Lichen,0x8A1005D,Cure Disease,0xAE722,45,1,0,0,0,0,1,1,0,0,0,MagicAlchBeneficial;MagicAlchCureDisease_CACO,0xAE722,0xAE722,,1,0,0,2,45,,45,6656,3,0xF8A4E;0x890B902,Cure Disease,,45,6656,3,0xF8A4E;0x890B902
Red Lichen,0x8A1005D,Drain Intelligence,0x804C7FB,0.670000017,2.48000002,30,1,0,0,0,0,1,1,0,MagicAlchHarmful;MagicAlchDrainIntelligence_CACO,0x804C7FB,0x804C7FB,,2.48000002,30,0,3,6.09263372,,0.670000017,2103303,0,0x42509;0x825B701,Drain Intelligence,,0.670000017,2103303,0,0x42509;0x825B701
Red Mountain Flower,0x77E1D,Drain Intelligence,0x804C7FB,0.670000017,1.38,30,1,0,0,0,0,1,1,0,MagicAlchHarmful;MagicAlchDrainIntelligence_CACO,0x804C7FB,0x804C7FB,,1.38,30,0,0,3.19723964,,0.670000017,2103303,0,0x42509;0x825B701,Drain Intelligence,,0.670000017,2103303,0,0x42509;0x825B701
Red Mountain Flower,0x77E1D,Health Fortification,0x3EAF3,0.129999995,2.22000003,60,1,0,0,0,1,0,0,0,MagicAlchFortifyHealth;MagicAlchBeneficial,0x3EAF3,0x3EAF3,,2.22000003,60,1,1,2.2433548,,0.129999995,2099202,34,0x65A31;0xF8A4E,Health Fortification,,0.129999995,2099202,34,0x65A31;0xF8A4E
Red Mountain Flower,0x77E1D,Damage Magicka Regen,0x73F2B,0.360000014,1.34000003,30,1,0,0,0,0,1,1,0,MagicAlchHarmful;MagicAlchDamageMagickaRegen_CACO,0x73F2B,0x73F2B,,1.34000003,30,0,2,1.66322577,,0.360000014,2099207,5,0x42509;0x807A152,Damage Magicka Regen,,0.360000014,2099207,5,0x42509;0x807A152
Red Mountain Flower,0x77E1D,Health,0x3EB15,5.30000019,2.76999998,1,1,0,0,0,1,0,0,0,MagicAlchRestoreHealth;MagicAlchBeneficial,0x3EB15,0x3EB15,,2.76999998,1,1,3,1.29123008,,5.30000019,2099200,34,0x42503;0xF8A4E,Health,,5.30000019,2099200,34,0x42503;0xF8A4E
Red Mountain Flower Extract,0x85A46C2,Drain Intelligence,0x804C7FB,0.670000017,2.75,30,1,0,0,0,0,1,1,0,MagicAlchHarmful;MagicAlchDrainIntelligence_CACO,0x804C7FB,0x804C7FB,,2.75,30,0,0,6.82612419,,0.670000017,2103303,0,0x42509;0x825B701,Drain Intelligence,,0.670000017,2103303,0,0x42509;0x825B701
Red Mountain Flower Extract,0x85A46C2,Health Fortification,0x3EAF3,0.129999995,5.55000019,60,1,0,0,0,1,0,0,0,MagicAlchFortifyHealth;MagicAlchBeneficial,0x3EAF3,0x3EAF3,,5.55000019,60,1,1,6.14655924,,0.129999995,2099202,34,0x65A31;0xF8A4E,Health Fortification,,0.129999995,2099202,34,0x65A31;0xF8A4E
Red Mountain Flower Extract,0x85A46C2,Damage Magicka Regen,0x73F2B,0.360000014,3.3499999,30,1,0,0,0,0,1,1,0,MagicAlchHarmful;MagicAlchDamageMagickaRegen_CACO,0x73F2B,0x73F2B,,3.3499999,30,0,2,4.55706453,,0.360000014,2099207,5,0x42509;0x807A152,Damage Magicka Regen,,0.360000014,2099207,5,0x42509;0x807A152
Red Mountain Flower Extract,0x85A46C2,Health,0x3EB15,5.30000019,9.25,1,1,0,0,0,1,0,0,0,MagicAlchRestoreHealth;MagicAlchBeneficial,0x3EB15,0x3EB15,,9.25,1,1,3,4.86442804,,5.30000019,2099200,34,0x42503;0xF8A4E,Health,,5.30000019,2099200,34,0x42503;0xF8A4E
Redbelly Dace,0x83353B6,Fortify Restoration,0x3EB28,0.234999999,2.8599999,60,1,0,0,0,1,0,0,0,MagicAlchFortifyRestoration;MagicAlchBeneficial,0x3EB28,0x3EB28,,2.8599999,60,1,0,5.3584218,,0.234999999,2099202,34,0x65A2D;0xF8A4E,Fortify Restoration,,0.234999999,2099202,34,0x65A2D;0xF8A4E
Redbelly Dace,0x83353B6,Cure Disease,0xAE722,45,1,0,0,0,0,1,1,0,0,0,MagicAlchBeneficial;MagicAlchCureDisease_CACO,0xAE722,0xAE722,,1,0,0,1,45,,45,6656,3,0xF8A4E;0x890B902,Cure Disease,,45,6656,3,0xF8A4E;0x890B902
Redbelly Dace,0x83353B6,Cure Poison,0x109ADD,35,1,0,0,0,0,1,1,0,0,0,MagicAlchBeneficial;MagicAlchCurePoison_CACO,0x109ADD,0x109ADD,,1,0,0,2,35,,35,6656,29,0xF8A4E;0x890B903,Cure Poison,,35,6656,29,0xF8A4E;0x890B903
Redbelly Dace,0x83353B6,Frost Aversion,0x73F2E,0.319999993,2.23000002,30,1,0,0,0,0,1,1,0,MagicAlchHarmful;MagicAlchWeaknessFrost,0x73F2E,0x73F2E,,2.23000002,30,1,3,2.58892059,,0.319999993,2101255,34,0x42509;0x74F4F,Frost Aversion,,0.319999993,2101255,34,0x42509;0x74F4F
Redwort Flower,0xFE004818,Fortify Destruction,0x3EB26,0.324999988,3.07999992,60,1,0,0,0,1,0,0,0,MagicAlchFortifyDestruction;MagicAlchBeneficial,0x3EB26,0x3EB26,,3.07999992,60,1,0,8.03999043,,0.324999988,2099202,34,0x65A2B;0xF8A4E,Fortify Destruction,,0.324999988,2099202,34,0x65A2B;0xF8A4E
Redwort Flower,0xFE004818,Ravage Health,0x73F26,0.550000012,7.30000019,10,1,0,0,0,0,1,1,0,MagicAlchHarmful,0x73F26,0x73F26,,7.30000019,10,0,1,4.89798975,,0.550000012,2099207,0,0x42509,Ravage Health,,0.550000012,2099207,0,0x42509
Redwort Flower,0xFE004818,Resist Frost,0x3EAEB,0.36500001,2.20000005,60,1,0,0,0,1,0,0,0,MagicAlchResistFrost;MagicAlchBeneficial,0x3EAEB,0x3EAEB,,2.20000005,60,1,2,6.23626089,,0.36500001,2101250,34,0x65A38;0xF8A4E,Resist Frost,,0.36500001,2101250,34,0x65A38;0xF8A4E
Redwort Flower,0xFE004818,Cure Poison,0x109ADD,35,1,0,0,0,0,1,1,0,0,0,MagicAlchBeneficial;MagicAlchCurePoison_CACO,0x109ADD,0x109ADD,,1,0,0,3,35,,35,6656,29,0xF8A4E;0x890B903,Cure Poison,,35,6656,29,0xF8A4E;0x890B903
Redwort Flower,0x8A10000,Fortify Destruction,0x3EB26,0.324999988,3.07999992,60,1,0,0,0,1,0,0,0,MagicAlchFortifyDestruction;MagicAlchBeneficial,0x3EB26,0x3EB26,,3.07999992,60,1,0,8.03999043,,0.324999988,2099202,34,0x65A2B;0xF8A4E,Fortify Destruction,,0.324999988,2099202,34,0x65A2B;0xF8A4E
Redwort Flower,0x8A10000,Ravage Health,0x73F26,0.550000012,7.30000019,10,1,0,0,0,0,1,1,0,MagicAlchHarmful,0x73F26,0x73F26,,7.30000019,10,0,1,4.89798975,,0.550000012,2099207,0,0x42509,Ravage Health,,0.550000012,2099207,0,0x42509
Redwort Flower,0x8A10000,Resist Frost,0x3EAEB,0.36500001,2.20000005,60,1,0,0,0,1,0,0,0,MagicAlchResistFrost;MagicAlchBeneficial,0x3EAEB,0x3EAEB,,2.20000005,60,1,2,6.23626089,,0.36500001,2101250,34,0x65A38;0xF8A4E,Resist Frost,,0.36500001,2101250,34,0x65A38;0xF8A4E
Redwort Flower,0x8A10000,Cure Poison,0x109ADD,35,1,0,0,0,0,1,1,0,0,0,MagicAlchBeneficial;MagicAlchCurePoison_CACO,0x109ADD,0x109ADD,,1,0,0,3,35,,35,6656,29,0xF8A4E;0x890B903,Cure Poison,,35,6656,29,0xF8A4E;0x890B903
River Betty,0x106E1A,Damage Health,0x3EB42,7.9000001,8.68999958,1,1,0,0,0,0,1,1,0,MagicAlchHarmful;MagicAlchDamageHealth,0x3EB42,0x3EB42,,8.68999958,1,0,0,6.76937914,,7.9000001,2099205,0,0x42509;0x10F9DD,Damage Health,,7.9000001,2099205,0,0x42509;0x10F9DD
River Betty,0x106E1A,Fortify Alteration,0x3EB24,0.172000006,4.57000017,60,1,0,0,0,1,0,0,0,MagicAlchFortifyAlteration;MagicAlchBeneficial,0x3EB24,0x3EB24,,4.57000017,60,1,1,6.56754017,,0.172000006,2099202,34,0x65A1D;0xF8A4E,Fortify Alteration,,0.172000006,2099202,34,0x65A1D;0xF8A4E
River Betty,0x106E1A,Slow,0x73F25,0.300000012,50,335,0,1,0,0,0,1,1,1,MagicAlchHarmful;MagicSlow;MagicAlchDurationBased,0x73F25,0x73F25,,50,335,1,2,1055.69299,,0.300000012,4200455,34,0x42509;0xB729E;0xF8A4F,Slow,,0.300000012,4200455,34,0x42509;0xB729E;0xF8A4F
River Betty,0x106E1A,Feather,0x3EB01,0.0469999984,2.6500001,300,1,0,0,0,1,0,0,0,MagicAlchFortifyCarryWeight;MagicAlchBeneficial,0x3EB01,0x3EB01,,2.6500001,300,1,3,5.78764296,,0.0469999984,2099202,34,0x65A2F;0xF8A4E,Feather,,0.0469999984,2099202,34,0x65A2F;0xF8A4E
Rock Warbler Egg,0x7E8C8,Health,0x3EB15,5.30000019,9.25,1,1,0,0,0,1,0,0,0,MagicAlchRestoreHealth;MagicAlchBeneficial,0x3EB15,0x3EB15,,9.25,1,1,0,4.86442804,,5.30000019,2099200,34,0x42503;0xF8A4E,Health,,5.30000019,2099200,34,0x42503;0xF8A4E
Rock Warbler Egg,0x7E8C8,Cure Poison,0x109ADD,35,1,0,0,0,0,1,1,0,0,0,MagicAlchBeneficial;MagicAlchCurePoison_CACO,0x109ADD,0x109ADD,,1,0,0,1,35,,35,6656,29,0xF8A4E;0x890B903,Cure Poison,,35,6656,29,0xF8A4E;0x890B903
Rock Warbler Egg,0x7E8C8,Magic Aversion,0x73F51,0.430000007,3.31999993,30,1,0,0,0,0,1,1,0,MagicAlchHarmful;MagicAlchWeaknessMagic,0x73F51,0x73F51,,3.31999993,30,1,2,5.38956594,,0.430000007,2101255,34,0x42509;0x74F51,Magic Aversion,,0.430000007,2101255,34,0x42509;0x74F51
Rock Warbler Egg,0x7E8C8,Damage Stamina,0x3A2C6,4.5999999,3.8900001,1,1,0,0,0,0,1,1,0,MagicAlchHarmful;MagicAlchDamageStamina,0x3A2C6,0x3A2C6,,3.8900001,1,0,3,1.62817991,,4.5999999,2099205,0,0x42509;0x10F9DC,Damage Stamina,,4.5999999,2099205,0,0x42509;0x10F9DC
Roobrush,0xFE004819,Fortify Pickpocket,0x3EB20,0.270000011,3.3599999,60,1,0,0,0,1,0,0,0,MagicAlchFortifyPickPocket;MagicAlchBeneficial,0x3EB20,0x3EB20,,3.3599999,60,1,0,7.35027122,,0.270000011,2099202,34,0x65A25;0xF8A4E,Fortify Pickpocket,,0.270000011,2099202,34,0x65A25;0xF8A4E
Roobrush,0xFE004819,Damage Stamina Regen,0x73F2C,0.344999999,3.8499999,30,1,0,0,0,0,1,1,0,MagicAlchHarmful,0x73F2C,0x73F2C,,3.8499999,30,0,1,5.08931446,,0.344999999,2099207,5,0x42509,Damage Stamina Regen,,0.344999999,2099207,5,0x42509
Roobrush,0xFE004819,Cure Poison,0x109ADD,35,1,0,0,0,0,1,1,0,0,0,MagicAlchBeneficial;MagicAlchCurePoison_CACO,0x109ADD,0x109ADD,,1,0,0,2,35,,35,6656,29,0xF8A4E;0x890B903,Cure Poison,,35,6656,29,0xF8A4E;0x890B903
Roobrush,0xFE004819,Lingering Damage Health,0x10AA4A,12.3999996,0.280000001,10,1,0,0,0,0,1,1,0,MagicAlchHarmful,0x10AA4A,0x10AA4A,,0.280000001,10,0,3,12.3999996,,12.3999996,2099205,0,0x42509,Lingering Damage Health,,12.3999996,2099205,0,0x42509
Roobrush,0x833A4D0,Fortify Pickpocket,0x3EB20,0.270000011,3.3599999,60,1,0,0,0,1,0,0,0,MagicAlchFortifyPickPocket;MagicAlchBeneficial,0x3EB20,0x3EB20,,3.3599999,60,1,0,7.35027122,,0.270000011,2099202,34,0x65A25;0xF8A4E,Fortify Pickpocket,,0.270000011,2099202,34,0x65A25;0xF8A4E
Roobrush,0x833A4D0,Damage Stamina Regen,0x73F2C,0.344999999,3.8499999,30,1,0,0,0,0,1,1,0,MagicAlchHarmful,0x73F2C,0x73F2C,,3.8499999,30,0,1,5.08931446,,0.344999999,2099207,5,0x42509,Damage Stamina Regen,,0.344999999,2099207,5,0x42509
Roobrush,0x833A4D0,Cure Poison,0x109ADD,35,1,0,0,0,0,1,1,0,0,0,MagicAlchBeneficial;MagicAlchCurePoison_CACO,0x109ADD,0x109ADD,,1,0,0,2,35,,35,6656,29,0xF8A4E;0x890B903,Cure Poison,,35,6656,29,0xF8A4E;0x890B903
Roobrush,0x833A4D0,Lingering Damage Health,0x10AA4A,12.3999996,0.280000001,10,1,0,0,0,0,1,1,0,MagicAlchHarmful,0x10AA4A,0x10AA4A,,0.280000001,10,0,3,12.3999996,,12.3999996,2099205,0,0x42509,Lingering Damage Health,,12.3999996,2099205,0,0x42509
Rot Scale,0x100306D,Slow,0x73F25,0.300000012,50,402,0,1,0,0,0,1,1,1,MagicAlchHarmful;MagicSlow;MagicAlchDurationBased,0x73F25,0x73F25,,50,402,1,0,1290.1405,,0.300000012,4200455,34,0x42509;0xB729E;0xF8A4F,Slow,,0.300000012,4200455,34,0x42509;0xB729E;0xF8A4F
Rot Scale,0x100306D,Lingering Damage Health,0x10AA4A,12.3999996,0.400000006,10,1,0,0,0,0,1,1,0,MagicAlchHarmful,0x10AA4A,0x10AA4A,,0.400000006,10,0,1,12.3999996,,12.3999996,2099205,0,0x42509,Lingering Damage Health,,12.3999996,2099205,0,0x42509
Rot Scale,0x100306D,Fear,0x73F20,0.620000005,2.51999998,30,1,0,0,0,0,1,1,0,MagicAlchHarmful;MagicInfluence;MagicInfluenceFear,0x73F20,0x73F20,,2.51999998,30,0,2,5.7380681,,0.620000005,2099463,7,0x42509;0x78098;0x424E0,Fear,,0.620000005,2099463,7,0x42509;0x78098;0x424E0
Rot Scale,0x100306D,Paralysis,0x73F30,204,0,48,0,1,1,0,0,1,1,1,MagicParalysis;MagicAlchHarmful;MagicAlchDurationBased,0x73F30,0x73F30,,0,48,0,3,1145.50122,,204,4197379,1,0x1EA70;0x42509;0xF8A4F,Paralysis,,204,4197379,1,0x1EA70;0x42509;0xF8A4F
Ruby Shiner,0x833A4D2,Resist Disease,0x806AE45,0.0149999997,100,2331,0,1,0,0,1,0,0,1,MagicAlchResistDisease_CACO;MagicAlchBeneficial;MagicAlchDurationBased,0x806AE45,0x806AE45,,100,2331,1,0,955.845886,,0.0149999997,4198402,34,0x806AE46;0xF8A4E;0xF8A4F,Resist Disease,,0.0149999997,4198402,34,0x806AE46;0xF8A4E;0xF8A4F
Ruby Shiner,0x833A4D2,Frost Aversion,0x73F2E,0.319999993,4.9000001,30,1,0,0,0,0,1,1,0,MagicAlchHarmful;MagicAlchWeaknessFrost,0x73F2E,0x73F2E,,4.9000001,30,1,1,6.15458965,,0.319999993,2101255,34,0x42509;0x74F4F,Frost Aversion,,0.319999993,2101255,34,0x42509;0x74F4F
Ruby Shiner,0x833A4D2,Health,0x3EB15,5.30000019,9.71000004,1,1,0,0,0,1,0,0,0,MagicAlchRestoreHealth;MagicAlchBeneficial,0x3EB15,0x3EB15,,9.71000004,1,1,2,5.13117743,,5.30000019,2099200,34,0x42503;0xF8A4E,Health,,5.30000019,2099200,34,0x42503;0xF8A4E
Ruby Shiner,0x833A4D2,Magicka,0x3EB17,4.69999981,4.63000011,1,1,0,0,0,1,0,0,0,MagicAlchRestoreMagicka;MagicAlchBeneficial,0x3EB17,0x3EB17,,4.63000011,1,1,3,2.0148232,,4.69999981,2099200,34,0x42508;0xF8A4E,Magicka,,4.69999981,2099200,34,0x42508;0xF8A4E
Sabre Cat Eye,0x6BC07,Night Eye,0x804C7FD,10.5,0,865,0,1,1,0,1,0,0,1,MagicNightEye;MagicAlchBeneficial;MagicAlchDurationBased,0x804C7FD,0x804C7FD,,0,865,1,0,1418.75391,,10.5,138546178,34,0xAD7C6;0xF8A4E;0xF8A4F,Night Eye,,10.5,138546178,34,0xAD7C6;0xF8A4E;0xF8A4F
Sabre Cat Eye,0x6BC07,Stamina,0x3EB16,4.69999981,10.6400003,1,1,0,0,0,1,0,0,0,MagicAlchRestoreStamina;MagicAlchBeneficial,0x3EB16,0x3EB16,,10.6400003,1,1,1,5.031919,,4.69999981,2099200,34,0x42504;0xF8A4E,Stamina,,4.69999981,2099200,34,0x42504;0xF8A4E
Sabre Cat Eye,0x6BC07,Ravage Health,0x73F26,0.550000012,5.21000004,10,1,0,0,0,0,1,1,0,MagicAlchHarmful,0x73F26,0x73F26,,5.21000004,10,0,2,3.37974715,,0.550000012,2099207,0,0x42509,Ravage Health,,0.550000012,2099207,0,0x42509
Sabre Cat Eye,0x6BC07,Damage Magicka,0x3A2B6,4.5999999,6.11000013,1,1,0,0,0,0,1,1,0,MagicAlchHarmful;MagicAlchDamageMagicka,0x3A2B6,0x3A2B6,,6.11000013,1,0,3,2.67548895,,4.5999999,2099205,0,0x42509;0x10F9DE,Damage Magicka,,4.5999999,2099205,0,0x42509;0x10F9DE
Sabre Cat Tooth,0x6BC04,Stamina Fortification,0x3EAF9,0.129999995,6.11000013,60,1,0,0,0,1,0,0,0,MagicAlchFortifyStamina;MagicAlchBeneficial,0x3EAF9,0x3EAF9,,6.11000013,60,1,0,6.83211374,,0.129999995,2099202,34,0x65A32;0xF8A4E,Stamina Fortification,,0.129999995,2099202,34,0x65A32;0xF8A4E
Sabre Cat Tooth,0x6BC04,Poison Aversion,0x90042,0.389999986,3.51999998,30,1,0,0,0,0,1,1,0,MagicAlchHarmful;USKPMagicAlchWeaknessPoison,0x90042,0x90042,,3.51999998,30,1,1,5.21308613,,0.389999986,2101255,34,0x42509;0x706EE3A,Poison Aversion,,0.389999986,2101255,34,0x42509;0x706EE3A
Sabre Cat Tooth,0x6BC04,Fortify One-handed,0x3EB19,0.324999988,2.94000006,60,1,0,0,0,1,0,0,0,MagicAlchFortifyOneHanded;MagicAlchBeneficial,0x3EB19,0x3EB19,,2.94000006,60,1,2,7.63891745,,0.324999988,2099202,34,0x65A1F;0xF8A4E,Fortify One-handed,,0.324999988,2099202,34,0x65A1F;0xF8A4E
Sabre Cat Tooth,0x6BC04,Fortify Heavy Armor,0x3EB1E,0.50999999,1.54999995,60,1,0,0,0,1,0,0,0,MagicAlchFortifyHeavyArmor;MagicAlchBeneficial,0x3EB1E,0x3EB1E,,1.54999995,60,1,3,5.92790699,,0.50999999,2099202,34,0x65A23;0xF8A4E,Fortify Heavy Armor,,0.50999999,2099202,34,0x65A23;0xF8A4E
Salmon Roe,0x3003545,Waterbreathing,0x3AC2D,7.69999981,0,898,0,1,1,0,1,0,0,1,MagicAlchBeneficial;MagicAlchDurationBased,0x3AC2D,0x3AC2D,,0,898,1,0,1084.16345,,7.69999981,4197378,34,0xF8A4E;0xF8A4F,Waterbreathing,,7.69999981,4197378,34,0xF8A4E;0xF8A4F
Salmon Roe,0x3003545,Magicka Fortification,0x3EAF8,0.129999995,6.11000013,60,1,0,0,0,1,0,0,0,MagicAlchFortifyMagicka;MagicAlchBeneficial,0x3EAF8,0x3EAF8,,6.11000013,60,1,1,6.83211374,,0.129999995,2099202,34,0x65A33;0xF8A4E,Magicka Fortification,,0.129999995,2099202,34,0x65A33;0xF8A4E
Salmon Roe,0x3003545,Magicka Regeneration,0x3EB07,0.0252,4.1500001,240,1,0,0,0,1,0,0,0,MagicAlchFortifyMagickaRate;MagicAlchBeneficial,0x3EB07,0x3EB07,,4.1500001,240,1,2,3.97636175,,0.0252,2099202,34,0x65A34;0xF8A4E,Magicka Regeneration,,0.0252,2099202,34,0x65A34;0xF8A4E
Salmon Roe,0x3003545,Stamina,0x3EB16,4.69999981,2.77999997,1,1,0,0,0,1,0,0,0,MagicAlchRestoreStamina;MagicAlchBeneficial,0x3EB16,0x3EB16,,2.77999997,1,1,3,1.14960086,,4.69999981,2099200,34,0x42504;0xF8A4E,Stamina,,4.69999981,2099200,34,0x42504;0xF8A4E
Salt Pile,0x74A19,Fortify Unarmed,0x804C7FE,1.42999995,0.270000011,60,1,0,0,0,1,0,0,0,MagicAlchBeneficial;MagicAlchFortifyUnarmed_CACO,0x804C7FE,0x804C7FE,,0.270000011,60,1,0,10.2636642,,1.42999995,2099202,34,0xF8A4E;0x806AE47,Fortify Unarmed,,1.42999995,2099202,34,0xF8A4E;0x806AE47
Salt Pile,0x74A19,Stamina Regeneration,0x3EB08,0.0252,2.76999998,180,1,0,0,0,1,0,0,0,MagicAlchFortifyStaminaRate;MagicAlchBeneficial,0x3EB08,0x3EB08,,2.76999998,180,1,1,1.85749674,,0.0252,2099202,34,0x65A35;0xF8A4E,Stamina Regeneration,,0.0252,2099202,34,0x65A35;0xF8A4E
Salt Pile,0x74A19,Magic Aversion,0x73F51,0.430000007,1.65999997,30,1,0,0,0,0,1,1,0,MagicAlchHarmful;MagicAlchWeaknessMagic,0x73F51,0x73F51,,1.65999997,30,1,2,2.51432133,,0.430000007,2101255,34,0x42509;0x74F51,Magic Aversion,,0.430000007,2101255,34,0x42509;0x74F51
Salt Pile,0x74A19,Damage Stamina Regen,0x73F2C,0.344999999,1.00999999,30,1,0,0,0,0,1,1,0,MagicAlchHarmful,0x73F2C,0x73F2C,,1.00999999,30,0,3,1.16790092,,0.344999999,2099207,5,0x42509,Damage Stamina Regen,,0.344999999,2099207,5,0x42509
Salt Pile,0x34CDF,Fortify Unarmed,0x804C7FE,1.42999995,0.270000011,60,1,0,0,0,1,0,0,0,MagicAlchBeneficial;MagicAlchFortifyUnarmed_CACO,0x804C7FE,0x804C7FE,,0.270000011,60,1,0,10.2636642,,1.42999995,2099202,34,0xF8A4E;0x806AE47,Fortify Unarmed,,1.42999995,2099202,34,0xF8A4E;0x806AE47
Salt Pile,0x34CDF,Stamina Regeneration,0x3EB08,0.0252,2.76999998,180,1,0,0,0,1,0,0,0,MagicAlchFortifyStaminaRate;MagicAlchBeneficial,0x3EB08,0x3EB08,,2.76999998,180,1,1,1.85749674,,0.0252,2099202,34,0x65A35;0xF8A4E,Stamina Regeneration,,0.0252,2099202,34,0x65A35;0xF8A4E
Salt Pile,0x34CDF,Magic Aversion,0x73F51,0.430000007,1.65999997,30,1,0,0,0,0,1,1,0,MagicAlchHarmful;MagicAlchWeaknessMagic,0x73F51,0x73F51,,1.65999997,30,1,2,2.51432133,,0.430000007,2101255,34,0x42509;0x74F51,Magic Aversion,,0.430000007,2101255,34,0x42509;0x74F51
Salt Pile,0x34CDF,Damage Stamina Regen,0x73F2C,0.344999999,1.00999999,30,1,0,0,0,0,1,1,0,MagicAlchHarmful,0x73F2C,0x73F2C,,1.00999999,30,0,3,1.16790092,,0.344999999,2099207,5,0x42509,Damage Stamina Regen,,0.344999999,2099207,5,0x42509
Saltrice,0xFE00481A,Stamina Regeneration,0x3EB08,0.0252,5.53000021,180,1,0,0,0,1,0,0,0,MagicAlchFortifyStaminaRate;MagicAlchBeneficial,0x3EB08,0x3EB08,,5.53000021,180,1,0,3.97372651,,0.0252,2099202,34,0x65A35;0xF8A4E,Stamina Regeneration,,0.0252,2099202,34,0x65A35;0xF8A4E
Saltrice,0xFE00481A,Health Fortification,0x3EAF3,0.129999995,3.32999992,60,1,0,0,0,1,0,0,0,MagicAlchFortifyHealth;MagicAlchBeneficial,0x3EAF3,0x3EAF3,,3.32999992,60,1,1,3.50427651,,0.129999995,2099202,34,0x65A31;0xF8A4E,Health Fortification,,0.129999995,2099202,34,0x65A31;0xF8A4E
Saltrice,0xFE00481A,Damage Undead,0x10DE5F,8.30000019,3.48000002,1,1,0,0,0,0,1,1,0,MagicAlchHarmful;MagicAlchDamageHealth,0x10DE5F,0x10DE5F,,3.48000002,1,0,2,2.59905386,,8.30000019,2099205,0,0x42509;0x10F9DD,Damage Undead,,8.30000019,2099205,0,0x42509;0x10F9DD
Saltrice,0xFE00481A,Stamina Fortification,0x3EAF9,0.129999995,2.22000003,60,1,0,0,0,1,0,0,0,MagicAlchFortifyStamina;MagicAlchBeneficial,0x3EAF9,0x3EAF9,,2.22000003,60,1,3,2.2433548,,0.129999995,2099202,34,0x65A32;0xF8A4E,Stamina Fortification,,0.129999995,2099202,34,0x65A32;0xF8A4E
Saltrice,0x1CCA116,Stamina Regeneration,0x3EB08,0.0252,5.53000021,180,1,0,0,0,1,0,0,0,MagicAlchFortifyStaminaRate;MagicAlchBeneficial,0x3EB08,0x3EB08,,5.53000021,180,1,0,3.97372651,,0.0252,2099202,34,0x65A35;0xF8A4E,Stamina Regeneration,,0.0252,2099202,34,0x65A35;0xF8A4E
Saltrice,0x1CCA116,Health Fortification,0x3EAF3,0.129999995,3.32999992,60,1,0,0,0,1,0,0,0,MagicAlchFortifyHealth;MagicAlchBeneficial,0x3EAF3,0x3EAF3,,3.32999992,60,1,1,3.50427651,,0.129999995,2099202,34,0x65A31;0xF8A4E,Health Fortification,,0.129999995,2099202,34,0x65A31;0xF8A4E
Saltrice,0x1CCA116,Damage Undead,0x10DE5F,8.30000019,3.48000002,1,1,0,0,0,0,1,1,0,MagicAlchHarmful;MagicAlchDamageHealth,0x10DE5F,0x10DE5F,,3.48000002,1,0,2,2.59905386,,8.30000019,2099205,0,0x42509;0x10F9DD,Damage Undead,,8.30000019,2099205,0,0x42509;0x10F9DD
Saltrice,0x1CCA116,Stamina Fortification,0x3EAF9,0.129999995,2.22000003,60,1,0,0,0,1,0,0,0,MagicAlchFortifyStamina;MagicAlchBeneficial,0x3EAF9,0x3EAF9,,2.22000003,60,1,3,2.2433548,,0.129999995,2099202,34,0x65A32;0xF8A4E,Stamina Fortification,,0.129999995,2099202,34,0x65A32;0xF8A4E
Saltrice Extract,0x85A46C0,Stamina Regeneration,0x3EB08,0.0252,5.53000021,240,1,0,0,0,1,0,0,0,MagicAlchFortifyStaminaRate;MagicAlchBeneficial,0x3EB08,0x3EB08,,5.53000021,240,1,0,5.45293856,,0.0252,2099202,34,0x65A35;0xF8A4E,Stamina Regeneration,,0.0252,2099202,34,0x65A35;0xF8A4E
Saltrice Extract,0x85A46C0,Health Fortification,0x3EAF3,0.129999995,5.55000019,60,1,0,0,0,1,0,0,0,MagicAlchFortifyHealth;MagicAlchBeneficial,0x3EAF3,0x3EAF3,,5.55000019,60,1,1,6.14655924,,0.129999995,2099202,34,0x65A31;0xF8A4E,Health Fortification,,0.129999995,2099202,34,0x65A31;0xF8A4E
Saltrice Extract,0x85A46C0,Damage Undead,0x10DE5F,8.30000019,6.94999981,1,1,0,0,0,0,1,1,0,MagicAlchHarmful;MagicAlchDamageHealth,0x10DE5F,0x10DE5F,,6.94999981,1,0,2,5.56238937,,8.30000019,2099205,0,0x42509;0x10F9DD,Damage Undead,,8.30000019,2099205,0,0x42509;0x10F9DD
Saltrice Extract,0x85A46C0,Stamina Fortification,0x3EAF9,0.129999995,5.55000019,60,1,0,0,0,1,0,0,0,MagicAlchFortifyStamina;MagicAlchBeneficial,0x3EAF9,0x3EAF9,,5.55000019,60,1,3,6.14655924,,0.129999995,2099202,34,0x65A32;0xF8A4E,Stamina Fortification,,0.129999995,2099202,34,0x65A32;0xF8A4E
Sawtooth Butterfly,0x80D041A,Fortify Archery,0x3EB1B,0.324999988,2.79999995,60,1,0,0,0,1,0,0,0,MagicAlchFortifyMarksman;MagicAlchBeneficial,0x3EB1B,0x3EB1B,,2.79999995,60,1,0,7.23974943,,0.324999988,2099202,34,0x65A21;0xF8A4E,Fortify Archery,,0.324999988,2099202,34,0x65A21;0xF8A4E
Sawtooth Butterfly,0x80D041A,Night Eye,0x804C7FD,10.5,0,499,0,1,1,0,1,0,0,1,MagicNightEye;MagicAlchBeneficial;MagicAlchDurationBased,0x804C7FD,0x804C7FD,,0,499,1,1,774.640076,,10.5,138546178,34,0xAD7C6;0xF8A4E;0xF8A4F,Night Eye,,10.5,138546178,34,0xAD7C6;0xF8A4E;0xF8A4F
Sawtooth Butterfly,0x80D041A,Resist Paralysis,0x806AE49,19,0,232,0,1,1,0,1,0,0,1,MagicAlchResistParalysis_CACO;MagicAlchDurationBased;MagicAlchBeneficial,0x806AE49,0x806AE49,,0,232,1,2,603.657288,,19,4201474,34,0x806AE4A;0xF8A4F;0xF8A4E,Resist Paralysis,,19,4201474,34,0x806AE4A;0xF8A4F;0xF8A4E
Sawtooth Butterfly,0x80D041A,Frost Aversion,0x73F2E,0.319999993,3.11999989,30,1,0,0,0,0,1,1,0,MagicAlchHarmful;MagicAlchWeaknessFrost,0x73F2E,0x73F2E,,3.11999989,30,1,3,3.74587607,,0.319999993,2101255,34,0x42509;0x74F4F,Frost Aversion,,0.319999993,2101255,34,0x42509;0x74F4F
Scalon Fin,0xFE00481B,Waterbreathing,0x3AC2D,7.69999981,0,665,0,1,1,0,1,0,0,1,MagicAlchBeneficial;MagicAlchDurationBased,0x3AC2D,0x3AC2D,,0,665,1,0,779.102417,,7.69999981,4197378,34,0xF8A4E;0xF8A4F,Waterbreathing,,7.69999981,4197378,34,0xF8A4E;0xF8A4F
Scalon Fin,0xFE00481B,Damage Health,0x3EB42,7.9000001,6.94999981,1,1,0,0,0,0,1,1,0,MagicAlchHarmful;MagicAlchDamageHealth,0x3EB42,0x3EB42,,6.94999981,1,0,1,5.29432249,,7.9000001,2099205,0,0x42509;0x10F9DD,Damage Health,,7.9000001,2099205,0,0x42509;0x10F9DD
Scalon Fin,0xFE00481B,Shock Aversion,0x73F2F,0.319999993,4.30000019,30,1,0,0,0,0,1,1,0,MagicAlchHarmful;MagicAlchWeaknessShock,0x73F2F,0x73F2F,,4.30000019,30,1,2,5.33087778,,0.319999993,2101255,34,0x42509;0x74F50,Shock Aversion,,0.319999993,2101255,34,0x42509;0x74F50
Scalon Fin,0xFE00481B,Slow,0x73F25,0.300000012,50,335,0,1,0,0,0,1,1,1,MagicAlchHarmful;MagicSlow;MagicAlchDurationBased,0x73F25,0x73F25,,50,335,1,3,1055.69299,,0.300000012,4200455,34,0x42509;0xB729E;0xF8A4F,Slow,,0.300000012,4200455,34,0x42509;0xB729E;0xF8A4F
Scaly Pholiota,0x6F950,Feather,0x3EB01,0.0469999984,3.30999994,300,1,0,0,0,1,0,0,0,MagicAlchFortifyCarryWeight;MagicAlchBeneficial,0x3EB01,0x3EB01,,3.30999994,300,1,0,7.39166117,,0.0469999984,2099202,34,0x65A2F;0xF8A4E,Feather,,0.0469999984,2099202,34,0x65A2F;0xF8A4E
Scaly Pholiota,0x6F950,Stamina Regeneration,0x3EB08,0.0252,4.1500001,300,1,0,0,0,1,0,0,0,MagicAlchFortifyStaminaRate;MagicAlchBeneficial,0x3EB08,0x3EB08,,4.1500001,300,1,1,5.08261108,,0.0252,2099202,34,0x65A35;0xF8A4E,Stamina Regeneration,,0.0252,2099202,34,0x65A35;0xF8A4E
Scaly Pholiota,0x6F950,Speed,0x80425F1,0.0979999974,2.5,60,1,0,0,0,1,0,0,0,MagicAlchBeneficial;MagicAlchFortifySpeed_CACO,0x80425F1,0x80425F1,,2.5,60,1,2,1.92719865,,0.0979999974,2101250,34,0xF8A4E;0x806AE48,Speed,,0.0979999974,2101250,34,0xF8A4E;0x806AE48
Scaly Pholiota,0x6F950,Magic Aversion,0x73F51,0.430000007,1.65999997,30,1,0,0,0,0,1,1,0,MagicAlchHarmful;MagicAlchWeaknessMagic,0x73F51,0x73F51,,1.65999997,30,1,3,2.51432133,,0.430000007,2101255,34,0x42509;0x74F51,Magic Aversion,,0.430000007,2101255,34,0x42509;0x74F51
Scamp Skin,0x8A10127,Lingering Damage Health,0x10AA4A,12.3999996,0.600000024,10,1,0,0,0,0,1,1,0,MagicAlchHarmful,0x10AA4A,0x10AA4A,,0.600000024,10,0,0,12.3999996,,12.3999996,2099205,0,0x42509,Lingering Damage Health,,12.3999996,2099205,0,0x42509
Scamp Skin,0x8A10127,Resist Shock,0x3EAEC,0.36500001,2.6400001,60,1,0,0,0,1,0,0,0,MagicAlchResistShock;MagicAlchBeneficial,0x3EAEC,0x3EAEC,,2.6400001,60,1,1,7.6212039,,0.36500001,2101250,34,0x65A39;0xF8A4E,Resist Shock,,0.36500001,2101250,34,0x65A39;0xF8A4E
Scamp Skin,0x8A10127,Damage Magicka,0x3A2B6,4.5999999,19.4300003,1,1,0,0,0,0,1,1,0,MagicAlchHarmful;MagicAlchDamageMagicka,0x3A2B6,0x3A2B6,,19.4300003,1,0,2,9.55163956,,4.5999999,2099205,0,0x42509;0x10F9DE,Damage Magicka,,4.5999999,2099205,0,0x42509;0x10F9DE
Scamp Skin,0x8A10127,Fortify Block,0x3EB1C,0.49000001,1.86000001,60,1,0,0,0,1,0,0,0,MagicAlchFortifyBlock;MagicAlchBeneficial,0x3EB1C,0x3EB1C,,1.86000001,60,1,3,6.96027994,,0.49000001,2099202,34,0x65A1E;0xF8A4E,Fortify Block,,0.49000001,2099202,34,0x65A1E;0xF8A4E
Scathecraw,0x4017E97,Ravage Health,0x73F26,0.550000012,9.72999954,10,1,0,0,0,0,1,1,0,MagicAlchHarmful,0x73F26,0x73F26,,9.72999954,10,0,0,6.71872425,,0.550000012,2099207,0,0x42509,Ravage Health,,0.550000012,2099207,0,0x42509
Scathecraw,0x4017E97,Lingering Damage Health,0x10AA4A,12.3999996,0.479999989,10,1,0,0,0,0,1,1,0,MagicAlchHarmful,0x10AA4A,0x10AA4A,,0.479999989,10,0,1,12.3999996,,12.3999996,2099205,0,0x42509,Lingering Damage Health,,12.3999996,2099205,0,0x42509
Scathecraw,0x4017E97,Fatigue,0x73F23,23.6000004,0,4,0,1,1,0,0,1,1,1,MagicAlchHarmful;MagicAlchDurationBased;MagicAlchFatigue_CACO,0x73F23,0x73F23,,0,4,1,2,8.61346722,,23.6000004,4197383,34,0x42509;0xF8A4F;0x807A153,Fatigue,,23.6000004,4197383,34,0x42509;0xF8A4F;0x807A153
Scathecraw,0x4017E97,Silence,0x73F27,113,0,72,0,1,1,0,0,1,1,1,MagicAlchHarmful;MagicAlchDurationBased;MagicAlchSilence_CACO,0x73F27,0x73F27,,0,72,1,3,991.161011,,113,4197383,34,0x42509;0xF8A4F;0x807A150,Silence,,113,4197383,34,0x42509;0xF8A4F;0x807A150
Screaming Maw,0x100306E,Magicka Regeneration,0x3EB07,0.0252,6.90999985,240,1,0,0,0,1,0,0,0,MagicAlchFortifyMagickaRate;MagicAlchBeneficial,0x3EB07,0x3EB07,,6.90999985,240,1,0,6.96720839,,0.0252,2099202,34,0x65A34;0xF8A4E,Magicka Regeneration,,0.0252,2099202,34,0x65A34;0xF8A4E
Screaming Maw,0x100306E,Fortify Alteration,0x3EB24,0.172000006,4.57000017,60,1,0,0,0,1,0,0,0,MagicAlchFortifyAlteration;MagicAlchBeneficial,0x3EB24,0x3EB24,,4.57000017,60,1,1,6.56754017,,0.172000006,2099202,34,0x65A1D;0xF8A4E,Fortify Alteration,,0.172000006,2099202,34,0x65A1D;0xF8A4E
Screaming Maw,0x100306E,Invisibility,0x3EB3D,27,0,281,0,1,1,0,1,0,0,1,MagicInvisibility;MagicAlchBeneficial;MagicAlchDurationBased,0x3EB3D,0x3EB3D,,0,281,0,2,1059.10925,,27,4201474,11,0x1EA6F;0xF8A4E;0xF8A4F,Invisibility,,27,4201474,11,0x1EA6F;0xF8A4E;0xF8A4F
Screaming Maw,0x100306E,Health Regeneration,0x3EB06,0.0252,4.1500001,180,1,0,0,0,1,0,0,0,MagicAlchFortifyHealRate;MagicAlchBeneficial,0x3EB06,0x3EB06,,4.1500001,180,1,3,2.89769912,,0.0252,2099202,34,0x65A30;0xF8A4E,Health Regeneration,,0.0252,2099202,34,0x65A30;0xF8A4E
Scrib Jelly,0xFE00481C,Fortify Restoration,0x3EB28,0.234999999,2.48000002,60,1,0,0,0,1,0,0,0,MagicAlchFortifyRestoration;MagicAlchBeneficial,0x3EB28,0x3EB28,,2.48000002,60,1,0,4.58069229,,0.234999999,2099202,34,0x65A2D;0xF8A4E,Fortify Restoration,,0.234999999,2099202,34,0x65A2D;0xF8A4E
Scrib Jelly,0xFE00481C,Cure Poison,0x109ADD,35,1,0,0,0,0,1,1,0,0,0,MagicAlchBeneficial;MagicAlchCurePoison_CACO,0x109ADD,0x109ADD,,1,0,0,1,35,,35,6656,29,0xF8A4E;0x890B903,Cure Poison,,35,6656,29,0xF8A4E;0x890B903
Scrib Jelly,0xFE00481C,Cure Disease,0xAE722,45,1,0,0,0,0,1,1,0,0,0,MagicAlchBeneficial;MagicAlchCureDisease_CACO,0xAE722,0xAE722,,1,0,0,2,45,,45,6656,3,0xF8A4E;0x890B902,Cure Disease,,45,6656,3,0xF8A4E;0x890B902
Scrib Jelly,0xFE00481C,Fortify Alteration,0x3EB24,0.172000006,2.49000001,60,1,0,0,0,1,0,0,0,MagicAlchFortifyAlteration;MagicAlchBeneficial,0x3EB24,0x3EB24,,2.49000001,60,1,3,3.36755085,,0.172000006,2099202,34,0x65A1D;0xF8A4E,Fortify Alteration,,0.172000006,2099202,34,0x65A1D;0xF8A4E
Scrib Jelly,0x1CCA140,Fortify Restoration,0x3EB28,0.234999999,2.48000002,60,1,0,0,0,1,0,0,0,MagicAlchFortifyRestoration;MagicAlchBeneficial,0x3EB28,0x3EB28,,2.48000002,60,1,0,4.58069229,,0.234999999,2099202,34,0x65A2D;0xF8A4E,Fortify Restoration,,0.234999999,2099202,34,0x65A2D;0xF8A4E
Scrib Jelly,0x1CCA140,Cure Poison,0x109ADD,35,1,0,0,0,0,1,1,0,0,0,MagicAlchBeneficial;MagicAlchCurePoison_CACO,0x109ADD,0x109ADD,,1,0,0,1,35,,35,6656,29,0xF8A4E;0x890B903,Cure Poison,,35,6656,29,0xF8A4E;0x890B903
Scrib Jelly,0x1CCA140,Cure Disease,0xAE722,45,1,0,0,0,0,1,1,0,0,0,MagicAlchBeneficial;MagicAlchCureDisease_CACO,0xAE722,0xAE722,,1,0,0,2,45,,45,6656,3,0xF8A4E;0x890B902,Cure Disease,,45,6656,3,0xF8A4E;0x890B902
Scrib Jelly,0x1CCA140,Fortify Alteration,0x3EB24,0.172000006,2.49000001,60,1,0,0,0,1,0,0,0,MagicAlchFortifyAlteration;MagicAlchBeneficial,0x3EB24,0x3EB24,,2.49000001,60,1,3,3.36755085,,0.172000006,2099202,34,0x65A1D;0xF8A4E,Fortify Alteration,,0.172000006,2099202,34,0x65A1D;0xF8A4E
Scrib Jerky,0xFE00481D,Stamina,0x3EB16,4.69999981,13.8800001,1,1,0,0,0,1,0,0,0,MagicAlchRestoreStamina;MagicAlchBeneficial,0x3EB16,0x3EB16,,13.8800001,1,1,0,6.74103022,,4.69999981,2099200,34,0x42504;0xF8A4E,Stamina,,4.69999981,2099200,34,0x42504;0xF8A4E
Scrib Jerky,0xFE00481D,Resist Poison,0x90041,0.157000005,3.30999994,60,1,0,0,0,1,0,0,0,MagicAlchResistPoison;MagicAlchBeneficial,0x90041,0x90041,,3.30999994,60,1,1,4.20413733,,0.157000005,2101250,34,0x10EB5F;0xF8A4E,Resist Poison,,0.157000005,2101250,34,0x10EB5F;0xF8A4E
Scrib Jerky,0xFE00481D,Resist Disease,0x806AE45,0.0149999997,100,1665,0,1,0,0,1,0,0,1,MagicAlchResistDisease_CACO;MagicAlchBeneficial;MagicAlchDurationBased,0x806AE45,0x806AE45,,100,1665,1,2,660.156677,,0.0149999997,4198402,34,0x806AE46;0xF8A4E;0xF8A4F,Resist Disease,,0.0149999997,4198402,34,0x806AE46;0xF8A4E;0xF8A4F
Scrib Jerky,0xFE00481D,Fortify Block,0x3EB1C,0.49000001,0.779999971,60,1,0,0,0,1,0,0,0,MagicAlchFortifyBlock;MagicAlchBeneficial,0x3EB1C,0x3EB1C,,0.779999971,60,1,3,3.51692009,,0.49000001,2099202,34,0x65A1E;0xF8A4E,Fortify Block,,0.49000001,2099202,34,0x65A1E;0xF8A4E
Silverjaw Minnow,0x833F5D7,Damage Undead,0x10DE5F,8.30000019,8.34000015,1,1,0,0,0,0,1,1,0,MagicAlchHarmful;MagicAlchDamageHealth,0x10DE5F,0x10DE5F,,8.34000015,1,0,0,6.79768085,,8.30000019,2099205,0,0x42509;0x10F9DD,Damage Undead,,8.30000019,2099205,0,0x42509;0x10F9DD
Silverjaw Minnow,0x833F5D7,Waterbreathing,0x3AC2D,7.69999981,0,698,0,1,1,0,1,0,0,1,MagicAlchBeneficial;MagicAlchDurationBased,0x3AC2D,0x3AC2D,,0,698,1,1,821.734924,,7.69999981,4197378,34,0xF8A4E;0xF8A4F,Waterbreathing,,7.69999981,4197378,34,0xF8A4E;0xF8A4F
Silverjaw Minnow,0x833F5D7,Lingering Damage Undead,0x10DE5E,12.8000002,0.400000006,10,1,0,0,0,0,1,1,0,MagicAlchHarmful,0x10DE5E,0x10DE5E,,0.400000006,10,0,2,12.8000002,,12.8000002,2099205,0,0x42509,Lingering Damage Undead,,12.8000002,2099205,0,0x42509
Silverjaw Minnow,0x833F5D7,Cure Disease,0xAE722,45,1,0,0,0,0,1,1,0,0,0,MagicAlchBeneficial;MagicAlchCureDisease_CACO,0xAE722,0xAE722,,1,0,0,3,45,,45,6656,3,0xF8A4E;0x890B902,Cure Disease,,45,6656,3,0xF8A4E;0x890B902
Silverside,0x106E1C,Damage Stamina Regen,0x73F2C,0.344999999,3.3499999,30,1,0,0,0,0,1,1,0,MagicAlchHarmful,0x73F2C,0x73F2C,,3.3499999,30,0,0,4.36718655,,0.344999999,2099207,5,0x42509,Damage Stamina Regen,,0.344999999,2099207,5,0x42509
Silverside,0x106E1C,Resist Frost,0x3EAEB,0.36500001,1.53999996,60,1,0,0,0,1,0,0,0,MagicAlchResistFrost;MagicAlchBeneficial,0x3EAEB,0x3EAEB,,1.53999996,60,1,1,4.2124238,,0.36500001,2101250,34,0x65A38;0xF8A4E,Resist Frost,,0.36500001,2101250,34,0x65A38;0xF8A4E
Silverside,0x106E1C,Stamina,0x3EB16,4.69999981,4.63000011,1,1,0,0,0,1,0,0,0,MagicAlchRestoreStamina;MagicAlchBeneficial,0x3EB16,0x3EB16,,4.63000011,1,1,2,2.0148232,,4.69999981,2099200,34,0x42504;0xF8A4E,Stamina,,4.69999981,2099200,34,0x42504;0xF8A4E
Silverside,0x106E1C,Ravage Health,0x73F26,0.550000012,2.43000007,10,1,0,0,0,0,1,1,0,MagicAlchHarmful,0x73F26,0x73F26,,2.43000007,10,0,3,1.46059442,,0.550000012,2099207,0,0x42509,Ravage Health,,0.550000012,2099207,0,0x42509
Skeever Tail,0x3AD6F,Damage Stamina Regen,0x73F2C,0.344999999,4.01999998,30,1,0,0,0,0,1,1,0,MagicAlchHarmful,0x73F2C,0x73F2C,,4.01999998,30,0,0,5.33704853,,0.344999999,2099207,5,0x42509,Damage Stamina Regen,,0.344999999,2099207,5,0x42509
Skeever Tail,0x3AD6F,Fortify Sneak,0x3EB22,0.889999986,0.99000001,60,1,0,0,0,1,0,0,0,MagicAlchFortifySneak;MagicAlchBeneficial,0x3EB22,0x3EB22,,0.99000001,60,1,1,6.38787508,,0.889999986,2099202,34,0x65A27;0xF8A4E,Fortify Sneak,,0.889999986,2099202,34,0x65A27;0xF8A4E
Skeever Tail,0x3AD6F,Ravage Health,0x73F26,0.550000012,3.48000002,10,1,0,0,0,0,1,1,0,MagicAlchHarmful,0x73F26,0x73F26,,3.48000002,10,0,2,2.16820264,,0.550000012,2099207,0,0x42509,Ravage Health,,0.550000012,2099207,0,0x42509
Skeever Tail,0x3AD6F,Damage Health,0x3EB42,7.9000001,2.08999991,1,1,0,0,0,0,1,1,0,MagicAlchHarmful;MagicAlchDamageHealth,0x3EB42,0x3EB42,,2.08999991,1,0,3,1.41184807,,7.9000001,2099205,0,0x42509;0x10F9DD,Damage Health,,7.9000001,2099205,0,0x42509;0x10F9DD
Slaughterfish Egg,0x7E8C5,Waterbreathing,0x3AC2D,7.69999981,0,532,0,1,1,0,1,0,0,1,MagicAlchBeneficial;MagicAlchDurationBased,0x3AC2D,0x3AC2D,,0,532,1,0,609.527832,,7.69999981,4197378,34,0xF8A4E;0xF8A4F,Waterbreathing,,7.69999981,4197378,34,0xF8A4E;0xF8A4F
Slaughterfish Egg,0x7E8C5,Stamina Fortification,0x3EAF9,0.129999995,3.32999992,60,1,0,0,0,1,0,0,0,MagicAlchFortifyStamina;MagicAlchBeneficial,0x3EAF9,0x3EAF9,,3.32999992,60,1,1,3.50427651,,0.129999995,2099202,34,0x65A32;0xF8A4E,Stamina Fortification,,0.129999995,2099202,34,0x65A32;0xF8A4E
Slaughterfish Egg,0x7E8C5,Lingering Damage Health,0x10AA4A,12.3999996,0.239999995,10,1,0,0,0,0,1,1,0,MagicAlchHarmful,0x10AA4A,0x10AA4A,,0.239999995,10,0,2,12.3999996,,12.3999996,2099205,0,0x42509,Lingering Damage Health,,12.3999996,2099205,0,0x42509
Slaughterfish Egg,0x7E8C5,Fortify Pickpocket,0x3EB20,0.270000011,1.67999995,60,1,0,0,0,1,0,0,0,MagicAlchFortifyPickPocket;MagicAlchBeneficial,0x3EB20,0x3EB20,,1.67999995,60,1,3,3.42902303,,0.270000011,2099202,34,0x65A25;0xF8A4E,Fortify Pickpocket,,0.270000011,2099202,34,0x65A25;0xF8A4E
Slaughterfish Scales,0x3AD70,Fortify Block,0x3EB1C,0.49000001,1.39999998,60,1,0,0,0,1,0,0,0,MagicAlchFortifyBlock;MagicAlchBeneficial,0x3EB1C,0x3EB1C,,1.39999998,60,1,0,5.09217453,,0.49000001,2099202,34,0x65A1E;0xF8A4E,Fortify Block,,0.49000001,2099202,34,0x65A1E;0xF8A4E
Slaughterfish Scales,0x3AD70,Lingering Damage Health,0x10AA4A,12.3999996,0.360000014,10,1,0,0,0,0,1,1,0,MagicAlchHarmful,0x10AA4A,0x10AA4A,,0.360000014,10,0,1,12.3999996,,12.3999996,2099205,0,0x42509,Lingering Damage Health,,12.3999996,2099205,0,0x42509
Slaughterfish Scales,0x3AD70,Fortify Heavy Armor,0x3EB1E,0.50999999,1.09000003,60,1,0,0,0,1,0,0,0,MagicAlchFortifyHeavyArmor;MagicAlchBeneficial,0x3EB1E,0x3EB1E,,1.09000003,60,1,2,4.0244422,,0.50999999,2099202,34,0x65A23;0xF8A4E,Fortify Heavy Armor,,0.50999999,2099202,34,0x65A23;0xF8A4E
Slaughterfish Scales,0x3AD70,Waterwalking,0x40390E1,9.39999962,0,266,0,1,1,0,1,0,0,1,MagicAlchBeneficial;MagicAlchDurationBased,0x40390E1,0x40390E1,,0,266,1,3,347.13443,,9.39999962,4197378,34,0xF8A4E;0xF8A4F,Waterwalking,,9.39999962,4197378,34,0xF8A4E;0xF8A4F
Sload Soap,0xFE00481E,Damage Undead,0x10DE5F,8.30000019,9.72999954,1,1,0,0,0,0,1,1,0,MagicAlchHarmful;MagicAlchDamageHealth,0x10DE5F,0x10DE5F,,9.72999954,1,0,0,8.05382538,,8.30000019,2099205,0,0x42509;0x10F9DD,Damage Undead,,8.30000019,2099205,0,0x42509;0x10F9DD
Sload Soap,0xFE00481E,Fortify Pickpocket,0x3EB20,0.270000011,3.6400001,60,1,0,0,0,1,0,0,0,MagicAlchFortifyPickPocket;MagicAlchBeneficial,0x3EB20,0x3EB20,,3.6400001,60,1,1,8.0267868,,0.270000011,2099202,34,0x65A25;0xF8A4E,Fortify Pickpocket,,0.270000011,2099202,34,0x65A25;0xF8A4E
Sload Soap,0xFE00481E,Resist Fire,0x3EAEA,0.36500001,2.20000005,60,1,0,0,0,1,0,0,0,MagicAlchResistFire;MagicAlchBeneficial,0x3EAEA,0x3EAEA,,2.20000005,60,1,2,6.23626089,,0.36500001,2101250,34,0x65A37;0xF8A4E,Resist Fire,,0.36500001,2101250,34,0x65A37;0xF8A4E
Sload Soap,0xFE00481E,Fortify Sneak,0x3EB22,0.889999986,0.939999998,60,1,0,0,0,1,0,0,0,MagicAlchFortifySneak;MagicAlchBeneficial,0x3EB22,0x3EB22,,0.939999998,60,1,3,6.38787508,,0.889999986,2099202,34,0x65A27;0xF8A4E,Fortify Sneak,,0.889999986,2099202,34,0x65A27;0xF8A4E
Sload Soap,0x1CCA141,Damage Undead,0x10DE5F,8.30000019,9.72999954,1,1,0,0,0,0,1,1,0,MagicAlchHarmful;MagicAlchDamageHealth,0x10DE5F,0x10DE5F,,9.72999954,1,0,0,8.05382538,,8.30000019,2099205,0,0x42509;0x10F9DD,Damage Undead,,8.30000019,2099205,0,0x42509;0x10F9DD
Sload Soap,0x1CCA141,Fortify Pickpocket,0x3EB20,0.270000011,3.6400001,60,1,0,0,0,1,0,0,0,MagicAlchFortifyPickPocket;MagicAlchBeneficial,0x3EB20,0x3EB20,,3.6400001,60,1,1,8.0267868,,0.270000011,2099202,34,0x65A25;0xF8A4E,Fortify Pickpocket,,0.270000011,2099202,34,0x65A25;0xF8A4E
Sload Soap,0x1CCA141,Resist Fire,0x3EAEA,0.36500001,2.20000005,60,1,0,0,0,1,0,0,0,MagicAlchResistFire;MagicAlchBeneficial,0x3EAEA,0x3EAEA,,2.20000005,60,1,2,6.23626089,,0.36500001,2101250,34,0x65A37;0xF8A4E,Resist Fire,,0.36500001,2101250,34,0x65A37;0xF8A4E
Sload Soap,0x1CCA141,Fortify Sneak,0x3EB22,0.889999986,0.939999998,60,1,0,0,0,1,0,0,0,MagicAlchFortifySneak;MagicAlchBeneficial,0x3EB22,0x3EB22,,0.939999998,60,1,3,6.38787508,,0.889999986,2099202,34,0x65A27;0xF8A4E,Fortify Sneak,,0.889999986,2099202,34,0x65A27;0xF8A4E
Small Antlers,0x6BC0B,Fortify Restoration,0x3EB28,0.234999999,3.0999999,60,1,0,0,0,1,0,0,0,MagicAlchFortifyRestoration;MagicAlchBeneficial,0x3EB28,0x3EB28,,3.0999999,60,1,0,5.85507011,,0.234999999,2099202,34,0x65A2D;0xF8A4E,Fortify Restoration,,0.234999999,2099202,34,0x65A2D;0xF8A4E
Small Antlers,0x6BC0B,Damage Undead,0x10DE5F,8.30000019,5.55999994,1,1,0,0,0,0,1,1,0,MagicAlchHarmful;MagicAlchDamageHealth,0x10DE5F,0x10DE5F,,5.55999994,1,0,1,4.35171413,,8.30000019,2099205,0,0x42509;0x10F9DD,Damage Undead,,8.30000019,2099205,0,0x42509;0x10F9DD
Small Antlers,0x6BC0B,Poison Aversion,0x90042,0.389999986,1.34000003,30,1,0,0,0,0,1,1,0,MagicAlchHarmful;USKPMagicAlchWeaknessPoison,0x90042,0x90042,,1.34000003,30,1,2,1.80182779,,0.389999986,2101255,34,0x42509;0x706EE3A,Poison Aversion,,0.389999986,2101255,34,0x42509;0x706EE3A
Small Antlers,0x6BC0B,Speed,0x80425F1,0.0979999974,1,60,1,0,0,0,1,0,0,0,MagicAlchBeneficial;MagicAlchFortifySpeed_CACO,0x80425F1,0x80425F1,,1,60,1,3,0.703383982,,0.0979999974,2101250,34,0xF8A4E;0x806AE48,Speed,,0.0979999974,2101250,34,0xF8A4E;0x806AE48
Snowberries,0x1B3BD,Fortify Enchanting,0x3EB29,0.709999979,1.12,60,1,0,0,0,1,0,0,0,MagicAlchFortifyEnchanting;MagicAlchBeneficial,0x3EB29,0x3EB29,,1.12,60,1,0,5.77250862,,0.709999979,2099202,34,0x65A2E;0xF8A4E,Fortify Enchanting,,0.709999979,2099202,34,0x65A2E;0xF8A4E
Snowberries,0x1B3BD,Resist Fire,0x3EAEA,0.36500001,0.550000012,60,1,0,0,0,1,0,0,0,MagicAlchResistFire;MagicAlchBeneficial,0x3EAEA,0x3EAEA,,0.550000012,60,1,1,2.61974669,,0.36500001,2101250,34,0x65A37;0xF8A4E,Resist Fire,,0.36500001,2101250,34,0x65A37;0xF8A4E
Snowberries,0x1B3BD,Resist Frost,0x3EAEB,0.36500001,0.550000012,60,1,0,0,0,1,0,0,0,MagicAlchResistFrost;MagicAlchBeneficial,0x3EAEB,0x3EAEB,,0.550000012,60,1,2,2.61974669,,0.36500001,2101250,34,0x65A38;0xF8A4E,Resist Frost,,0.36500001,2101250,34,0x65A38;0xF8A4E
Snowberries,0x1B3BD,Resist Shock,0x3EAEC,0.36500001,0.550000012,60,1,0,0,0,1,0,0,0,MagicAlchResistShock;MagicAlchBeneficial,0x3EAEC,0x3EAEC,,0.550000012,60,1,3,2.61974669,,0.36500001,2101250,34,0x65A39;0xF8A4E,Resist Shock,,0.36500001,2101250,34,0x65A39;0xF8A4E
Snowberry Extract,0x85A46BE,Fortify Enchanting,0x3EB29,0.709999979,1.39999998,60,1,0,0,0,1,0,0,0,MagicAlchFortifyEnchanting;MagicAlchBeneficial,0x3EB29,0x3EB29,,1.39999998,60,1,0,7.37845659,,0.709999979,2099202,34,0x65A2E;0xF8A4E,Fortify Enchanting,,0.709999979,2099202,34,0x65A2E;0xF8A4E
Snowberry Extract,0x85A46BE,Resist Fire,0x3EAEA,0.36500001,2.20000005,60,1,0,0,0,1,0,0,0,MagicAlchResistFire;MagicAlchBeneficial,0x3EAEA,0x3EAEA,,2.20000005,60,1,1,6.23626089,,0.36500001,2101250,34,0x65A37;0xF8A4E,Resist Fire,,0.36500001,2101250,34,0x65A37;0xF8A4E
Snowberry Extract,0x85A46BE,Resist Frost,0x3EAEB,0.36500001,2.20000005,60,1,0,0,0,1,0,0,0,MagicAlchResistFrost;MagicAlchBeneficial,0x3EAEB,0x3EAEB,,2.20000005,60,1,2,6.23626089,,0.36500001,2101250,34,0x65A38;0xF8A4E,Resist Frost,,0.36500001,2101250,34,0x65A38;0xF8A4E
Snowberry Extract,0x85A46BE,Resist Shock,0x3EAEC,0.36500001,2.20000005,60,1,0,0,0,1,0,0,0,MagicAlchResistShock;MagicAlchBeneficial,0x3EAEC,0x3EAEC,,2.20000005,60,1,3,6.23626089,,0.36500001,2101250,34,0x65A39;0xF8A4E,Resist Shock,,0.36500001,2101250,34,0x65A39;0xF8A4E
Soul Husk,0x1CCA132,Protect Soul,0x2014DC5,1,1,1000,1,0,0,0,1,0,0,0,,0x2014DC5,0x2014DC5,,1,1000,1,0,158.489334,,1,2099200,34,,Protect Soul,,1,2099200,34,
Soul Husk,0x1CCA132,Resist Paralysis,0x806AE49,19,0,497,0,1,1,0,1,0,0,1,MagicAlchResistParalysis_CACO;MagicAlchDurationBased;MagicAlchBeneficial,0x806AE49,0x806AE49,,0,497,1,1,1395.5509,,19,4201474,34,0x806AE4A;0xF8A4F;0xF8A4E,Resist Paralysis,,19,4201474,34,0x806AE4A;0xF8A4F;0xF8A4E
Soul Husk,0x1CCA132,Paralysis,0x73F30,204,0,48,0,1,1,0,0,1,1,1,MagicParalysis;MagicAlchHarmful;MagicAlchDurationBased,0x73F30,0x73F30,,0,48,0,2,1145.50122,,204,4197379,1,0x1EA70;0x42509;0xF8A4F,Paralysis,,204,4197379,1,0x1EA70;0x42509;0xF8A4F
Soul Husk,0x1CCA132,Etherealize,0x80425EF,174,0,48,0,1,1,0,1,0,0,1,MagicAlchDurationBased;MagicAlchBeneficial;MagicAlchEtherealize_CACO,0x80425EF,0x80425EF,,0,48,0,3,977.045166,,174,4201472,41,0xF8A4F;0xF8A4E;0x807A151,Etherealize,,174,4201472,41,0xF8A4F;0xF8A4E;0x807A151
Spadefish,0x50008F3,Health,0x3EB15,5.30000019,12.0299997,1,1,0,0,0,1,0,0,0,MagicAlchRestoreHealth;MagicAlchBeneficial,0x3EB15,0x3EB15,,12.0299997,1,1,0,6.49483442,,5.30000019,2099200,34,0x42503;0xF8A4E,Health,,5.30000019,2099200,34,0x42503;0xF8A4E
Spadefish,0x50008F3,Fortify Lockpicking,0x3EB21,0.579999983,2.79999995,30,1,0,0,0,1,0,0,0,MagicAlchFortifyLockpicking;MagicAlchBeneficial,0x3EB21,0x3EB21,,2.79999995,30,1,1,6.02747154,,0.579999983,2099202,34,0x65A26;0xF8A4E,Fortify Lockpicking,,0.579999983,2099202,34,0x65A26;0xF8A4E
Spadefish,0x50008F3,Fortify Pickpocket,0x3EB20,0.270000011,2.24000001,60,1,0,0,0,1,0,0,0,MagicAlchFortifyPickPocket;MagicAlchBeneficial,0x3EB20,0x3EB20,,2.24000001,60,1,2,4.70547009,,0.270000011,2099202,34,0x65A25;0xF8A4E,Fortify Pickpocket,,0.270000011,2099202,34,0x65A25;0xF8A4E
Spadefish,0x50008F3,Cure Disease,0xAE722,45,1,0,0,0,0,1,1,0,0,0,MagicAlchBeneficial;MagicAlchCureDisease_CACO,0xAE722,0xAE722,,1,0,0,3,45,,45,6656,3,0xF8A4E;0x890B902,Cure Disease,,45,6656,3,0xF8A4E;0x890B902
Spider Egg,0x9151B,Fortify Archery,0x3EB1B,0.324999988,3.22000003,60,1,0,0,0,1,0,0,0,MagicAlchFortifyMarksman;MagicAlchBeneficial,0x3EB1B,0x3EB1B,,3.22000003,60,1,0,8.44289112,,0.324999988,2099202,34,0x65A21;0xF8A4E,Fortify Archery,,0.324999988,2099202,34,0x65A21;0xF8A4E
Spider Egg,0x9151B,Damage Stamina,0x3A2C6,4.5999999,13.8800001,1,1,0,0,0,0,1,1,0,MagicAlchHarmful;MagicAlchDamageStamina,0x3A2C6,0x3A2C6,,13.8800001,1,0,1,6.59760427,,4.5999999,2099205,0,0x42509;0x10F9DC,Damage Stamina,,4.5999999,2099205,0,0x42509;0x10F9DC
Spider Egg,0x9151B,Damage Magicka Regen,0x73F2B,0.360000014,3.69000006,30,1,0,0,0,0,1,1,0,MagicAlchHarmful;MagicAlchDamageMagickaRegen_CACO,0x73F2B,0x73F2B,,3.69000006,30,0,2,5.06833029,,0.360000014,2099207,5,0x42509;0x807A152,Damage Magicka Regen,,0.360000014,2099207,5,0x42509;0x807A152
Spider Egg,0x9151B,Detect Life,0x804C7FF,18.6000004,0,333,0,1,1,0,1,0,0,1,MagicAlchBeneficial;MagicAlchDurationBased;MagicAlchDetectLife_CACO,0x804C7FF,0x804C7FF,,0,333,0,3,879.430725,,18.6000004,205528082,1,0xF8A4E;0xF8A4F;0x8084356,Detect Life,,18.6000004,205528082,1,0xF8A4E;0xF8A4F;0x8084356
Spider Silk,0x1CC0638,Damage Stamina Regen,0x73F2C,0.344999999,4.36000013,30,1,0,0,0,0,1,1,0,MagicAlchHarmful,0x73F2C,0x73F2C,,4.36000013,30,0,0,5.83562851,,0.344999999,2099207,5,0x42509,Damage Stamina Regen,,0.344999999,2099207,5,0x42509
Spider Silk,0x1CC0638,Resist Disease,0x806AE45,0.0149999997,100,2498,0,1,0,0,1,0,0,1,MagicAlchResistDisease_CACO;MagicAlchBeneficial;MagicAlchDurationBased,0x806AE45,0x806AE45,,100,2498,1,1,1031.43787,,0.0149999997,4198402,34,0x806AE46;0xF8A4E;0xF8A4F,Resist Disease,,0.0149999997,4198402,34,0x806AE46;0xF8A4E;0xF8A4F
Spider Silk,0x1CC0638,Fortify Light Armor,0x3EB1F,0.50999999,1.71000004,60,1,0,0,0,1,0,0,0,MagicAlchFortifyLightArmor;MagicAlchBeneficial,0x3EB1F,0x3EB1F,,1.71000004,60,1,2,6.60438347,,0.50999999,2099202,34,0x65A24;0xF8A4E,Fortify Light Armor,,0.50999999,2099202,34,0x65A24;0xF8A4E
Spider Silk,0x1CC0638,Fortify Lockpicking,0x3EB21,0.579999983,3.3599999,30,1,0,0,0,1,0,0,0,MagicAlchFortifyLockpicking;MagicAlchBeneficial,0x3EB21,0x3EB21,,3.3599999,30,1,3,7.36604881,,0.579999983,2099202,34,0x65A26;0xF8A4E,Fortify Lockpicking,,0.579999983,2099202,34,0x65A26;0xF8A4E
Spiky Grass Extract,0x85A46D6,Drain Intelligence,0x804C7FB,0.670000017,2.75,30,1,0,0,0,0,1,1,0,MagicAlchHarmful;MagicAlchDrainIntelligence_CACO,0x804C7FB,0x804C7FB,,2.75,30,0,0,6.82612419,,0.670000017,2103303,0,0x42509;0x825B701,Drain Intelligence,,0.670000017,2103303,0,0x42509;0x825B701
Spiky Grass Extract,0x85A46D6,Cure Poison,0x109ADD,35,1,0,0,0,0,1,1,0,0,0,MagicAlchBeneficial;MagicAlchCurePoison_CACO,0x109ADD,0x109ADD,,1,0,0,1,35,,35,6656,29,0xF8A4E;0x890B903,Cure Poison,,35,6656,29,0xF8A4E;0x890B903
Spiky Grass Extract,0x85A46D6,Fortify Alteration,0x3EB24,0.172000006,4.1500001,60,1,0,0,0,1,0,0,0,MagicAlchFortifyAlteration;MagicAlchBeneficial,0x3EB24,0x3EB24,,4.1500001,60,1,2,5.90673923,,0.172000006,2099202,34,0x65A1D;0xF8A4E,Fortify Alteration,,0.172000006,2099202,34,0x65A1D;0xF8A4E
Spiky Grass Extract,0x85A46D6,Magicka,0x3EB17,4.69999981,9.25,1,1,0,0,0,1,0,0,0,MagicAlchRestoreMagicka;MagicAlchBeneficial,0x3EB17,0x3EB17,,9.25,1,1,3,4.31373787,,4.69999981,2099200,34,0x42508;0xF8A4E,Magicka,,4.69999981,2099200,34,0x42508;0xF8A4E
Spriggan Sap,0x63B5F,Fortify Alteration,0x3EB24,0.172000006,4.98000002,60,1,0,0,0,1,0,0,0,MagicAlchFortifyAlteration;MagicAlchBeneficial,0x3EB24,0x3EB24,,4.98000002,60,1,0,7.218503,,0.172000006,2099202,34,0x65A1D;0xF8A4E,Fortify Alteration,,0.172000006,2099202,34,0x65A1D;0xF8A4E
Spriggan Sap,0x63B5F,Fortify Smithing,0x3EB1D,1.51999998,1.53999996,30,1,0,0,0,1,0,0,0,MagicAlchFortifySmithing;MagicAlchBeneficial,0x3EB1D,0x3EB1D,,1.53999996,30,1,1,8.18370152,,1.51999998,2099202,34,0x65A22;0xF8A4E,Fortify Smithing,,1.51999998,2099202,34,0x65A22;0xF8A4E
Spriggan Sap,0x63B5F,Damage Magicka Regen,0x73F2B,0.360000014,4.19000006,30,1,0,0,0,0,1,1,0,MagicAlchHarmful;MagicAlchDamageMagickaRegen_CACO,0x73F2B,0x73F2B,,4.19000006,30,0,2,5.82869482,,0.360000014,2099207,5,0x42509;0x807A152,Damage Magicka Regen,,0.360000014,2099207,5,0x42509;0x807A152
Spriggan Sap,0x63B5F,Fortify Enchanting,0x3EB29,0.709999979,1.39999998,60,1,0,0,0,1,0,0,0,MagicAlchFortifyEnchanting;MagicAlchBeneficial,0x3EB29,0x3EB29,,1.39999998,60,1,3,7.37845659,,0.709999979,2099202,34,0x65A2E;0xF8A4E,Fortify Enchanting,,0.709999979,2099202,34,0x65A2E;0xF8A4E
St. Jahn's Wort Nectar,0x80D042C,Waterbreathing,0x3AC2D,7.69999981,0,665,0,1,1,0,1,0,0,1,MagicAlchBeneficial;MagicAlchDurationBased,0x3AC2D,0x3AC2D,,0,665,1,0,779.102417,,7.69999981,4197378,34,0xF8A4E;0xF8A4F,Waterbreathing,,7.69999981,4197378,34,0xF8A4E;0xF8A4F
St. Jahn's Wort Nectar,0x80D042C,Cure Poison,0x109ADD,35,1,0,0,0,0,1,1,0,0,0,MagicAlchBeneficial;MagicAlchCurePoison_CACO,0x109ADD,0x109ADD,,1,0,0,1,35,,35,6656,29,0xF8A4E;0x890B903,Cure Poison,,35,6656,29,0xF8A4E;0x890B903
St. Jahn's Wort Nectar,0x80D042C,Resist Shock,0x3EAEC,0.36500001,1.98000002,60,1,0,0,0,1,0,0,0,MagicAlchResistShock;MagicAlchBeneficial,0x3EAEC,0x3EAEC,,1.98000002,60,1,2,5.55380964,,0.36500001,2101250,34,0x65A39;0xF8A4E,Resist Shock,,0.36500001,2101250,34,0x65A39;0xF8A4E
St. Jahn's Wort Nectar,0x80D042C,Etherealize,0x80425EF,174,0,27,0,1,1,0,1,0,0,1,MagicAlchDurationBased;MagicAlchBeneficial;MagicAlchEtherealize_CACO,0x80425EF,0x80425EF,,0,27,0,3,518.85907,,174,4201472,41,0xF8A4F;0xF8A4E;0x807A151,Etherealize,,174,4201472,41,0xF8A4F;0xF8A4E;0x807A151
Stoneflower,0xFE00481F,Lingering Damage Undead,0x10DE5E,12.8000002,0.460000008,10,1,0,0,0,0,1,1,0,MagicAlchHarmful,0x10DE5E,0x10DE5E,,0.460000008,10,0,0,12.8000002,,12.8000002,2099205,0,0x42509,Lingering Damage Undead,,12.8000002,2099205,0,0x42509
Stoneflower,0xFE00481F,Stamina,0x3EB16,4.69999981,9.71000004,1,1,0,0,0,1,0,0,0,MagicAlchRestoreStamina;MagicAlchBeneficial,0x3EB16,0x3EB16,,9.71000004,1,1,1,4.55028915,,4.69999981,2099200,34,0x42504;0xF8A4E,Stamina,,4.69999981,2099200,34,0x42504;0xF8A4E
Stoneflower,0xFE00481F,Fortify Speech,0xD6947,0.270000011,2.75,60,1,0,0,0,1,0,0,0,MagicAlchFortifySpeechcraft;MagicAlchBeneficial,0xD6947,0xD6947,,2.75,60,1,2,5.89652538,,0.270000011,2099202,34,0x65A29;0xF8A4E,Fortify Speech,,0.270000011,2099202,34,0x65A29;0xF8A4E
Stoneflower,0xFE00481F,Magicka,0x3EB17,4.69999981,9.25,1,1,0,0,0,1,0,0,0,MagicAlchRestoreMagicka;MagicAlchBeneficial,0x3EB17,0x3EB17,,9.25,1,1,3,4.31373787,,4.69999981,2099200,34,0x42508;0xF8A4E,Magicka,,4.69999981,2099200,34,0x42508;0xF8A4E
Stoneflower,0x821E932,Lingering Damage Undead,0x10DE5E,12.8000002,0.460000008,10,1,0,0,0,0,1,1,0,MagicAlchHarmful,0x10DE5E,0x10DE5E,,0.460000008,10,0,0,12.8000002,,12.8000002,2099205,0,0x42509,Lingering Damage Undead,,12.8000002,2099205,0,0x42509
Stoneflower,0x821E932,Stamina,0x3EB16,4.69999981,9.71000004,1,1,0,0,0,1,0,0,0,MagicAlchRestoreStamina;MagicAlchBeneficial,0x3EB16,0x3EB16,,9.71000004,1,1,1,4.55028915,,4.69999981,2099200,34,0x42504;0xF8A4E,Stamina,,4.69999981,2099200,34,0x42504;0xF8A4E
Stoneflower,0x821E932,Fortify Speech,0xD6947,0.270000011,2.75,60,1,0,0,0,1,0,0,0,MagicAlchFortifySpeechcraft;MagicAlchBeneficial,0xD6947,0xD6947,,2.75,60,1,2,5.89652538,,0.270000011,2099202,34,0x65A29;0xF8A4E,Fortify Speech,,0.270000011,2099202,34,0x65A29;0xF8A4E
Stoneflower,0x821E932,Magicka,0x3EB17,4.69999981,9.25,1,1,0,0,0,1,0,0,0,MagicAlchRestoreMagicka;MagicAlchBeneficial,0x3EB17,0x3EB17,,9.25,1,1,3,4.31373787,,4.69999981,2099200,34,0x42508;0xF8A4E,Magicka,,4.69999981,2099200,34,0x42508;0xF8A4E
Sulfur,0x1CC0637,Resist Disease,0x806AE45,0.0149999997,100,1998,0,1,0,0,1,0,0,1,MagicAlchResistDisease_CACO;MagicAlchBeneficial;MagicAlchDurationBased,0x806AE45,0x806AE45,,100,1998,1,0,806.763794,,0.0149999997,4198402,34,0x806AE46;0xF8A4E;0xF8A4F,Resist Disease,,0.0149999997,4198402,34,0x806AE46;0xF8A4E;0xF8A4F
Sulfur,0x1CC0637,Lingering Damage Undead,0x10DE5E,12.8000002,0.419999987,10,1,0,0,0,0,1,1,0,MagicAlchHarmful,0x10DE5E,0x10DE5E,,0.419999987,10,0,1,12.8000002,,12.8000002,2099205,0,0x42509,Lingering Damage Undead,,12.8000002,2099205,0,0x42509
Sulfur,0x1CC0637,Stamina,0x3EB16,4.69999981,8.32999992,1,1,0,0,0,1,0,0,0,MagicAlchRestoreStamina;MagicAlchBeneficial,0x3EB16,0x3EB16,,8.32999992,1,1,2,3.84421229,,4.69999981,2099200,34,0x42504;0xF8A4E,Stamina,,4.69999981,2099200,34,0x42504;0xF8A4E
Sulfur,0x1CC0637,Ravage Health,0x73F26,0.550000012,5.55999994,10,1,0,0,0,0,1,1,0,MagicAlchHarmful,0x73F26,0x73F26,,5.55999994,10,0,3,3.63032055,,0.550000012,2099207,0,0x42509,Ravage Health,,0.550000012,2099207,0,0x42509
Swamp Betty,0x833F5DA,Shock Aversion,0x73F2F,0.319999993,5.34000015,30,1,0,0,0,0,1,1,0,MagicAlchHarmful;MagicAlchWeaknessShock,0x73F2F,0x73F2F,,5.34000015,30,1,0,6.76517057,,0.319999993,2101255,34,0x42509;0x74F50,Shock Aversion,,0.319999993,2101255,34,0x42509;0x74F50
Swamp Betty,0x833F5DA,Fortify Heavy Armor,0x3EB1E,0.50999999,1.54999995,60,1,0,0,0,1,0,0,0,MagicAlchFortifyHeavyArmor;MagicAlchBeneficial,0x3EB1E,0x3EB1E,,1.54999995,60,1,1,5.92790699,,0.50999999,2099202,34,0x65A23;0xF8A4E,Fortify Heavy Armor,,0.50999999,2099202,34,0x65A23;0xF8A4E
Swamp Betty,0x833F5DA,Fortify Two-handed,0x3EB1A,0.324999988,2.79999995,60,1,0,0,0,1,0,0,0,MagicAlchFortifyTwoHanded;MagicAlchBeneficial,0x3EB1A,0x3EB1A,,2.79999995,60,1,2,7.23974943,,0.324999988,2099202,34,0x65A20;0xF8A4E,Fortify Two-handed,,0.324999988,2099202,34,0x65A20;0xF8A4E
Swamp Betty,0x833F5DA,Paralysis,0x73F30,204,0,53,0,1,1,0,0,1,1,1,MagicParalysis;MagicAlchHarmful;MagicAlchDurationBased,0x73F30,0x73F30,,0,53,0,3,1277.4198,,204,4197379,1,0x1EA70;0x42509;0xF8A4F,Paralysis,,204,4197379,1,0x1EA70;0x42509;0xF8A4F
Swamp Fungal Pod,0x7E8B7,Lingering Damage Undead,0x10DE5E,12.8000002,0.479999989,10,1,0,0,0,0,1,1,0,MagicAlchHarmful,0x10DE5E,0x10DE5E,,0.479999989,10,0,0,12.8000002,,12.8000002,2099205,0,0x42509,Lingering Damage Undead,,12.8000002,2099205,0,0x42509
Swamp Fungal Pod,0x7E8B7,Resist Shock,0x3EAEC,0.36500001,2.30999994,60,1,0,0,0,1,0,0,0,MagicAlchResistShock;MagicAlchBeneficial,0x3EAEC,0x3EAEC,,2.30999994,60,1,1,6.58009911,,0.36500001,2101250,34,0x65A39;0xF8A4E,Resist Shock,,0.36500001,2101250,34,0x65A39;0xF8A4E
Swamp Fungal Pod,0x7E8B7,Damage Magicka Regen,0x73F2B,0.360000014,2.68000007,30,1,0,0,0,0,1,1,0,MagicAlchHarmful;MagicAlchDamageMagickaRegen_CACO,0x73F2B,0x73F2B,,2.68000007,30,0,2,3.56520224,,0.360000014,2099207,5,0x42509;0x807A152,Damage Magicka Regen,,0.360000014,2099207,5,0x42509;0x807A152
Swamp Fungal Pod,0x7E8B7,Paralysis,0x73F30,204,0,42,0,1,1,0,0,1,1,1,MagicParalysis;MagicAlchHarmful;MagicAlchDurationBased,0x73F30,0x73F30,,0,42,0,3,989.018555,,204,4197379,1,0x1EA70;0x42509;0xF8A4F,Paralysis,,204,4197379,1,0x1EA70;0x42509;0xF8A4F
Taproot,0x3AD71,Fortify Illusion,0x3EB27,0.172000006,6.23000002,60,1,0,0,0,1,0,0,0,MagicAlchFortifyIllusion;MagicAlchBeneficial,0x3EB27,0x3EB27,,6.23000002,60,1,0,9.23488998,,0.172000006,2099202,34,0x65A2C;0xF8A4E,Fortify Illusion,,0.172000006,2099202,34,0x65A2C;0xF8A4E
Taproot,0x3AD71,Magicka,0x3EB17,4.69999981,12.0299997,1,1,0,0,0,1,0,0,0,MagicAlchRestoreMagicka;MagicAlchBeneficial,0x3EB17,0x3EB17,,12.0299997,1,1,1,5.75956964,,4.69999981,2099200,34,0x42508;0xF8A4E,Magicka,,4.69999981,2099200,34,0x42508;0xF8A4E
Taproot,0x3AD71,Magicka Regeneration,0x3EB07,0.0252,9.68000031,180,1,0,0,0,1,0,0,0,MagicAlchFortifyMagickaRate;MagicAlchBeneficial,0x3EB07,0x3EB07,,9.68000031,180,1,2,7.3563652,,0.0252,2099202,34,0x65A34;0xF8A4E,Magicka Regeneration,,0.0252,2099202,34,0x65A34;0xF8A4E
Taproot,0x3AD71,Magic Aversion,0x73F51,0.430000007,4.98000002,30,1,0,0,0,0,1,1,0,MagicAlchHarmful;MagicAlchWeaknessMagic,0x73F51,0x73F51,,4.98000002,30,1,3,8.41887665,,0.430000007,2101255,34,0x42509;0x74F51,Magic Aversion,,0.430000007,2101255,34,0x42509;0x74F51
Thistle Branch,0x134AA,Fatigue,0x73F23,23.6000004,0,266,0,1,1,0,0,1,1,1,MagicAlchHarmful;MagicAlchDurationBased;MagicAlchFatigue_CACO,0x73F23,0x73F23,,0,266,1,0,871.529053,,23.6000004,4197383,34,0x42509;0xF8A4F;0x807A153,Fatigue,,23.6000004,4197383,34,0x42509;0xF8A4F;0x807A153
Thistle Branch,0x134AA,Fortify Heavy Armor,0x3EB1E,0.50999999,1.15999997,60,1,0,0,0,1,0,0,0,MagicAlchFortifyHeavyArmor;MagicAlchBeneficial,0x3EB1E,0x3EB1E,,1.15999997,60,1,1,4.30963373,,0.50999999,2099202,34,0x65A23;0xF8A4E,Fortify Heavy Armor,,0.50999999,2099202,34,0x65A23;0xF8A4E
Thistle Branch,0x134AA,Resist Poison,0x90041,0.157000005,1.32000005,60,1,0,0,0,1,0,0,0,MagicAlchResistPoison;MagicAlchBeneficial,0x90041,0x90041,,1.32000005,60,1,2,1.52931654,,0.157000005,2101250,34,0x10EB5F;0xF8A4E,Resist Poison,,0.157000005,2101250,34,0x10EB5F;0xF8A4E
Thistle Branch,0x134AA,Resist Frost,0x3EAEB,0.36500001,0.550000012,60,1,0,0,0,1,0,0,0,MagicAlchResistFrost;MagicAlchBeneficial,0x3EAEB,0x3EAEB,,0.550000012,60,1,3,2.61974669,,0.36500001,2101250,34,0x65A38;0xF8A4E,Resist Frost,,0.36500001,2101250,34,0x65A38;0xF8A4E
Thistle Extract,0x85A46BC,Fatigue,0x73F23,23.6000004,0,333,0,1,1,0,0,1,1,1,MagicAlchHarmful;MagicAlchDurationBased;MagicAlchFatigue_CACO,0x73F23,0x73F23,,0,333,1,0,1115.83679,,23.6000004,4197383,34,0x42509;0xF8A4F;0x807A153,Fatigue,,23.6000004,4197383,34,0x42509;0xF8A4F;0x807A153
Thistle Extract,0x85A46BC,Fortify Heavy Armor,0x3EB1E,0.50999999,1.54999995,60,1,0,0,0,1,0,0,0,MagicAlchFortifyHeavyArmor;MagicAlchBeneficial,0x3EB1E,0x3EB1E,,1.54999995,60,1,1,5.92790699,,0.50999999,2099202,34,0x65A23;0xF8A4E,Fortify Heavy Armor,,0.50999999,2099202,34,0x65A23;0xF8A4E
Thistle Extract,0x85A46BC,Resist Poison,0x90041,0.157000005,3.30999994,60,1,0,0,0,1,0,0,0,MagicAlchResistPoison;MagicAlchBeneficial,0x90041,0x90041,,3.30999994,60,1,2,4.20413733,,0.157000005,2101250,34,0x10EB5F;0xF8A4E,Resist Poison,,0.157000005,2101250,34,0x10EB5F;0xF8A4E
Thistle Extract,0x85A46BC,Resist Frost,0x3EAEB,0.36500001,2.20000005,60,1,0,0,0,1,0,0,0,MagicAlchResistFrost;MagicAlchBeneficial,0x3EAEB,0x3EAEB,,2.20000005,60,1,3,6.23626089,,0.36500001,2101250,34,0x65A38;0xF8A4E,Resist Frost,,0.36500001,2101250,34,0x65A38;0xF8A4E
Thorn Hook,0x100306F,Lingering Damage Health,0x10AA4A,12.3999996,0.519999981,10,1,0,0,0,0,1,1,0,MagicAlchHarmful,0x10AA4A,0x10AA4A,,0.519999981,10,0,0,12.3999996,,12.3999996,2099205,0,0x42509,Lingering Damage Health,,12.3999996,2099205,0,0x42509
Thorn Hook,0x100306F,Paralysis,0x73F30,204,0,53,0,1,1,0,0,1,1,1,MagicParalysis;MagicAlchHarmful;MagicAlchDurationBased,0x73F30,0x73F30,,0,53,0,1,1277.4198,,204,4197379,1,0x1EA70;0x42509;0xF8A4F,Paralysis,,204,4197379,1,0x1EA70;0x42509;0xF8A4F
Thorn Hook,0x100306F,Magicka Regeneration,0x3EB07,0.0252,4.1500001,240,1,0,0,0,1,0,0,0,MagicAlchFortifyMagickaRate;MagicAlchBeneficial,0x3EB07,0x3EB07,,4.1500001,240,1,2,3.97636175,,0.0252,2099202,34,0x65A34;0xF8A4E,Magicka Regeneration,,0.0252,2099202,34,0x65A34;0xF8A4E
Thorn Hook,0x100306F,Health Regeneration,0x3EB06,0.0252,4.1500001,180,1,0,0,0,1,0,0,0,MagicAlchFortifyHealRate;MagicAlchBeneficial,0x3EB06,0x3EB06,,4.1500001,180,1,3,2.89769912,,0.0252,2099202,34,0x65A30;0xF8A4E,Health Regeneration,,0.0252,2099202,34,0x65A30;0xF8A4E
Tiger Lily Nectar,0x80D042E,Waterwalking,0x40390E1,9.39999962,0,665,0,1,1,0,1,0,0,1,MagicAlchBeneficial;MagicAlchDurationBased,0x40390E1,0x40390E1,,0,665,1,0,951.112061,,9.39999962,4197378,34,0xF8A4E;0xF8A4F,Waterwalking,,9.39999962,4197378,34,0xF8A4E;0xF8A4F
Tiger Lily Nectar,0x80D042E,Fortify Smithing,0x3EB1D,1.51999998,1.25999999,30,1,0,0,0,1,0,0,0,MagicAlchFortifySmithing;MagicAlchBeneficial,0x3EB1D,0x3EB1D,,1.25999999,30,1,1,6.56273079,,1.51999998,2099202,34,0x65A22;0xF8A4E,Fortify Smithing,,1.51999998,2099202,34,0x65A22;0xF8A4E
Tiger Lily Nectar,0x80D042E,Drain Strength,0x80476F6,0.670000017,1.38,30,1,0,0,0,0,1,1,0,MagicAlchHarmful,0x80476F6,0x80476F6,,1.38,30,0,2,3.19723964,,0.670000017,2103303,5,0x42509,Drain Strength,,0.670000017,2103303,5,0x42509
Tiger Lily Nectar,0x80D042E,Frenzy,0x73F29,0.620000005,1.39999998,30,1,0,0,0,0,1,1,0,MagicAlchHarmful;MagicInfluence;MagicInfluenceFrenzy,0x73F29,0x73F29,,1.39999998,30,0,3,3.00584006,,0.620000005,2099463,8,0x42509;0x78098;0xC44B6,Frenzy,,0.620000005,2099463,8,0x42509;0x78098;0xC44B6
Tinder Polypore Cap,0x8A1001E,Fortify Alteration,0x3EB24,0.172000006,3.31999993,60,1,0,0,0,1,0,0,0,MagicAlchFortifyAlteration;MagicAlchBeneficial,0x3EB24,0x3EB24,,3.31999993,60,1,0,4.62111473,,0.172000006,2099202,34,0x65A1D;0xF8A4E,Fortify Alteration,,0.172000006,2099202,34,0x65A1D;0xF8A4E
Tinder Polypore Cap,0x8A1001E,Damage Magicka,0x3A2B6,4.5999999,6.11000013,1,1,0,0,0,0,1,1,0,MagicAlchHarmful;MagicAlchDamageMagicka,0x3A2B6,0x3A2B6,,6.11000013,1,0,1,2.67548895,,4.5999999,2099205,0,0x42509;0x10F9DE,Damage Magicka,,4.5999999,2099205,0,0x42509;0x10F9DE
Tinder Polypore Cap,0x8A1001E,Invisibility,0x3EB3D,27,0,248,0,1,1,0,1,0,0,1,MagicInvisibility;MagicAlchBeneficial;MagicAlchDurationBased,0x3EB3D,0x3EB3D,,0,248,0,2,923.125305,,27,4201474,11,0x1EA6F;0xF8A4E;0xF8A4F,Invisibility,,27,4201474,11,0x1EA6F;0xF8A4E;0xF8A4F
Tinder Polypore Cap,0x8A1001E,Resist Disease,0x806AE45,0.0149999997,100,1,0,1,0,0,1,0,0,1,MagicAlchResistDisease_CACO;MagicAlchBeneficial;MagicAlchDurationBased,0x806AE45,0x806AE45,,100,1,1,3,175.775497,,0.0149999997,4198402,34,0x806AE46;0xF8A4E;0xF8A4F,Resist Disease,,0.0149999997,4198402,34,0x806AE46;0xF8A4E;0xF8A4F
Torchbug Abdomen,0x4DA73,Lingering Damage Undead,0x10DE5E,12.8000002,0.419999987,10,1,0,0,0,0,1,1,0,MagicAlchHarmful,0x10DE5E,0x10DE5E,,0.419999987,10,0,0,12.8000002,,12.8000002,2099205,0,0x42509,Lingering Damage Undead,,12.8000002,2099205,0,0x42509
Torchbug Abdomen,0x4DA73,Stamina Fortification,0x3EAF9,0.129999995,5,60,1,0,0,0,1,0,0,0,MagicAlchFortifyStamina;MagicAlchBeneficial,0x3EAF9,0x3EAF9,,5,60,1,1,5.47995186,,0.129999995,2099202,34,0x65A32;0xF8A4E,Stamina Fortification,,0.129999995,2099202,34,0x65A32;0xF8A4E
Torchbug Abdomen,0x4DA73,Magic Aversion,0x73F51,0.430000007,3.74000001,30,1,0,0,0,0,1,1,0,MagicAlchHarmful;MagicAlchWeaknessMagic,0x73F51,0x73F51,,3.74000001,30,1,2,6.14413357,,0.430000007,2101255,34,0x42509;0x74F51,Magic Aversion,,0.430000007,2101255,34,0x42509;0x74F51
Torchbug Abdomen,0x4DA73,Detect Life,0x804C7FF,18.6000004,0,167,0,1,1,0,1,0,0,1,MagicAlchBeneficial;MagicAlchDurationBased;MagicAlchDetectLife_CACO,0x804C7FF,0x804C7FF,,0,167,0,3,411.62442,,18.6000004,205528082,1,0xF8A4E;0xF8A4F;0x8084356,Detect Life,,18.6000004,205528082,1,0xF8A4E;0xF8A4F;0x8084356
Trama Root,0x4017008,Shock Aversion,0x73F2F,0.319999993,6.23000002,30,1,0,0,0,0,1,1,0,MagicAlchHarmful;MagicAlchWeaknessShock,0x73F2F,0x73F2F,,6.23000002,30,1,0,8.01530838,,0.319999993,2101255,34,0x42509;0x74F50,Shock Aversion,,0.319999993,2101255,34,0x42509;0x74F50
Trama Root,0x4017008,Damage Magicka,0x3A2B6,4.5999999,11.1000004,1,1,0,0,0,0,1,1,0,MagicAlchHarmful;MagicAlchDamageMagicka,0x3A2B6,0x3A2B6,,11.1000004,1,0,1,5.15956497,,4.5999999,2099205,0,0x42509;0x10F9DE,Damage Magicka,,4.5999999,2099205,0,0x42509;0x10F9DE
Trama Root,0x4017008,Drain Strength,0x80476F6,0.670000017,2.75,30,1,0,0,0,0,1,1,0,MagicAlchHarmful,0x80476F6,0x80476F6,,2.75,30,0,2,6.82612419,,0.670000017,2103303,5,0x42509,Drain Strength,,0.670000017,2103303,5,0x42509
Trama Root,0x4017008,Feather,0x3EB01,0.0469999984,1.99000001,300,1,0,0,0,1,0,0,0,MagicAlchFortifyCarryWeight;MagicAlchBeneficial,0x3EB01,0x3EB01,,1.99000001,300,1,3,4.22347212,,0.0469999984,2099202,34,0x65A2F;0xF8A4E,Feather,,0.0469999984,2099202,34,0x65A2F;0xF8A4E
Troll Fat,0x3AD72,Resist Disease,0x806AE45,0.0149999997,100,3080,0,1,0,0,1,0,0,1,MagicAlchResistDisease_CACO;MagicAlchBeneficial;MagicAlchDurationBased,0x806AE45,0x806AE45,,100,3080,1,0,1298.66504,,0.0149999997,4198402,34,0x806AE46;0xF8A4E;0xF8A4F,Resist Disease,,0.0149999997,4198402,34,0x806AE46;0xF8A4E;0xF8A4F
Troll Fat,0x3AD72,Frenzy,0x73F29,0.620000005,3.07999992,30,1,0,0,0,0,1,1,0,MagicAlchHarmful;MagicInfluence;MagicInfluenceFrenzy,0x73F29,0x73F29,,3.07999992,30,0,1,7.15534973,,0.620000005,2099463,8,0x42509;0x78098;0xC44B6,Frenzy,,0.620000005,2099463,8,0x42509;0x78098;0xC44B6
Troll Fat,0x3AD72,Fortify Two-handed,0x3EB1A,0.324999988,2.94000006,60,1,0,0,0,1,0,0,0,MagicAlchFortifyTwoHanded;MagicAlchBeneficial,0x3EB1A,0x3EB1A,,2.94000006,60,1,2,7.63891745,,0.324999988,2099202,34,0x65A20;0xF8A4E,Fortify Two-handed,,0.324999988,2099202,34,0x65A20;0xF8A4E
Troll Fat,0x3AD72,Lingering Damage Health,0x10AA4A,12.3999996,0.400000006,10,1,0,0,0,0,1,1,0,MagicAlchHarmful,0x10AA4A,0x10AA4A,,0.400000006,10,0,3,12.3999996,,12.3999996,2099205,0,0x42509,Lingering Damage Health,,12.3999996,2099205,0,0x42509
Troll's Blood,0x8102EA0,Health Regeneration,0x3EB06,0.0252,6.90999985,300,1,0,0,0,1,0,0,0,MagicAlchFortifyHealRate;MagicAlchBeneficial,0x3EB06,0x3EB06,,6.90999985,300,1,0,8.90553093,,0.0252,2099202,34,0x65A30;0xF8A4E,Health Regeneration,,0.0252,2099202,34,0x65A30;0xF8A4E
Troll's Blood,0x8102EA0,Fire Aversion,0x73F2D,0.319999993,6.23000002,30,1,0,0,0,0,1,1,0,MagicAlchHarmful;MagicAlchWeaknessFire,0x73F2D,0x73F2D,,6.23000002,30,1,1,8.01530838,,0.319999993,2101255,34,0x42509;0x74F4E,Fire Aversion,,0.319999993,2101255,34,0x42509;0x74F4E
Troll's Blood,0x8102EA0,Health Fortification,0x3EAF3,0.129999995,6.94000006,60,1,0,0,0,1,0,0,0,MagicAlchFortifyHealth;MagicAlchBeneficial,0x3EAF3,0x3EAF3,,6.94000006,60,1,2,7.85968542,,0.129999995,2099202,34,0x65A31;0xF8A4E,Health Fortification,,0.129999995,2099202,34,0x65A31;0xF8A4E
Troll's Blood,0x8102EA0,Ravage Health,0x73F26,0.550000012,7.6500001,10,1,0,0,0,0,1,1,0,MagicAlchHarmful,0x73F26,0x73F26,,7.6500001,10,0,3,5.156919,,0.550000012,2099207,0,0x42509,Ravage Health,,0.550000012,2099207,0,0x42509
Tundra Cotton,0x3F7F8,Fortify Unarmed,0x804C7FE,1.42999995,0.479999989,60,1,0,0,0,1,0,0,0,MagicAlchBeneficial;MagicAlchFortifyUnarmed_CACO,0x804C7FE,0x804C7FE,,0.479999989,60,1,0,10.2636642,,1.42999995,2099202,34,0xF8A4E;0x806AE47,Fortify Unarmed,,1.42999995,2099202,34,0xF8A4E;0x806AE47
Tundra Cotton,0x3F7F8,Resist Paralysis,0x806AE49,19,0,199,0,1,1,0,1,0,0,1,MagicAlchResistParalysis_CACO;MagicAlchDurationBased;MagicAlchBeneficial,0x806AE49,0x806AE49,,0,199,1,1,509.908203,,19,4201474,34,0x806AE4A;0xF8A4F;0xF8A4E,Resist Paralysis,,19,4201474,34,0x806AE4A;0xF8A4F;0xF8A4E
Tundra Cotton,0x3F7F8,Fortify Block,0x3EB1C,0.49000001,0.779999971,60,1,0,0,0,1,0,0,0,MagicAlchFortifyBlock;MagicAlchBeneficial,0x3EB1C,0x3EB1C,,0.779999971,60,1,2,3.51692009,,0.49000001,2099202,34,0x65A1E;0xF8A4E,Fortify Block,,0.49000001,2099202,34,0x65A1E;0xF8A4E
Tundra Cotton,0x3F7F8,Fortify Speech,0xD6947,0.270000011,1.38,60,1,0,0,0,1,0,0,0,MagicAlchFortifySpeechcraft;MagicAlchBeneficial,0xD6947,0xD6947,,1.38,60,1,3,2.76183152,,0.270000011,2099202,34,0x65A29;0xF8A4E,Fortify Speech,,0.270000011,2099202,34,0x65A29;0xF8A4E
Tundra Cotton Extract,0x85A46BB,Fortify Unarmed,0x804C7FE,1.42999995,0.529999971,60,1,0,0,0,1,0,0,0,MagicAlchBeneficial;MagicAlchFortifyUnarmed_CACO,0x804C7FE,0x804C7FE,,0.529999971,60,1,0,10.2636642,,1.42999995,2099202,34,0xF8A4E;0x806AE47,Fortify Unarmed,,1.42999995,2099202,34,0xF8A4E;0x806AE47
Tundra Cotton Extract,0x85A46BB,Resist Paralysis,0x806AE49,19,0,331,0,1,1,0,1,0,0,1,MagicAlchResistParalysis_CACO;MagicAlchDurationBased;MagicAlchBeneficial,0x806AE49,0x806AE49,,0,331,1,1,892.410095,,19,4201474,34,0x806AE4A;0xF8A4F;0xF8A4E,Resist Paralysis,,19,4201474,34,0x806AE4A;0xF8A4F;0xF8A4E
Tundra Cotton Extract,0x85A46BB,Fortify Block,0x3EB1C,0.49000001,1.54999995,60,1,0,0,0,1,0,0,0,MagicAlchFortifyBlock;MagicAlchBeneficial,0x3EB1C,0x3EB1C,,1.54999995,60,1,2,5.69544029,,0.49000001,2099202,34,0x65A1E;0xF8A4E,Fortify Block,,0.49000001,2099202,34,0x65A1E;0xF8A4E
Tundra Cotton Extract,0x85A46BB,Fortify Speech,0xD6947,0.270000011,2.75,60,1,0,0,0,1,0,0,0,MagicAlchFortifySpeechcraft;MagicAlchBeneficial,0xD6947,0xD6947,,2.75,60,1,3,5.89652538,,0.270000011,2099202,34,0x65A29;0xF8A4E,Fortify Speech,,0.270000011,2099202,34,0x65A29;0xF8A4E
Vampire Dust,0x3AD76,Health Regeneration,0x3EB06,0.0252,8.30000019,240,1,0,0,0,1,0,0,0,MagicAlchFortifyHealRate;MagicAlchBeneficial,0x3EB06,0x3EB06,,8.30000019,240,1,0,8.52351856,,0.0252,2099202,34,0x65A30;0xF8A4E,Health Regeneration,,0.0252,2099202,34,0x65A30;0xF8A4E
Vampire Dust,0x3AD76,Silence,0x73F27,113,0,98,0,1,1,0,0,1,1,1,MagicAlchHarmful;MagicAlchDurationBased;MagicAlchSilence_CACO,0x73F27,0x73F27,,0,98,1,1,1391.32043,,113,4197383,34,0x42509;0xF8A4F;0x807A150,Silence,,113,4197383,34,0x42509;0xF8A4F;0x807A150
Vampire Dust,0x3AD76,Invisibility,0x3EB3D,27,0,331,0,1,1,0,1,0,0,1,MagicInvisibility;MagicAlchBeneficial;MagicAlchDurationBased,0x3EB3D,0x3EB3D,,0,331,0,2,1268.16174,,27,4201474,11,0x1EA6F;0xF8A4E;0xF8A4F,Invisibility,,27,4201474,11,0x1EA6F;0xF8A4E;0xF8A4F
Vampire Dust,0x3AD76,Cure Disease,0xAE722,45,1,0,0,0,0,1,1,0,0,0,MagicAlchBeneficial;MagicAlchCureDisease_CACO,0xAE722,0xAE722,,1,0,0,3,45,,45,6656,3,0xF8A4E;0x890B902,Cure Disease,,45,6656,3,0xF8A4E;0x890B902
Violet Coprinus,0x8A10060,Fatigue,0x73F23,23.6000004,0,416,0,1,1,0,0,1,1,1,MagicAlchHarmful;MagicAlchDurationBased;MagicAlchFatigue_CACO,0x73F23,0x73F23,,0,416,1,0,1425.32776,,23.6000004,4197383,34,0x42509;0xF8A4F;0x807A153,Fatigue,,23.6000004,4197383,34,0x42509;0xF8A4F;0x807A153
Violet Coprinus,0x8A10060,Ravage Health,0x73F26,0.550000012,8.34000015,10,1,0,0,0,0,1,1,0,MagicAlchHarmful,0x73F26,0x73F26,,8.34000015,10,0,1,5.67081404,,0.550000012,2099207,0,0x42509,Ravage Health,,0.550000012,2099207,0,0x42509
Violet Coprinus,0x8A10060,Speed,0x80425F1,0.0979999974,1.75,120,1,0,0,0,1,0,0,0,MagicAlchBeneficial;MagicAlchFortifySpeed_CACO,0x80425F1,0x80425F1,,1.75,120,1,2,2.79040551,,0.0979999974,2101250,34,0xF8A4E;0x806AE48,Speed,,0.0979999974,2101250,34,0xF8A4E;0x806AE48
Violet Coprinus,0x8A10060,Waterwalking,0x40390E1,9.39999962,0,532,0,1,1,0,1,0,0,1,MagicAlchBeneficial;MagicAlchDurationBased,0x40390E1,0x40390E1,,0,532,1,3,744.098938,,9.39999962,4197378,34,0xF8A4E;0xF8A4F,Waterwalking,,9.39999962,4197378,34,0xF8A4E;0xF8A4F
Void Essence,0xFE004820,Health,0x3EB15,5.30000019,12.1999998,1,1,0,0,0,1,0,0,0,MagicAlchRestoreHealth;MagicAlchBeneficial,0x3EB15,0x3EB15,,12.1999998,1,1,0,6.5958643,,5.30000019,2099200,34,0x42503;0xF8A4E,Health,,5.30000019,2099200,34,0x42503;0xF8A4E
Void Essence,0xFE004820,Health Fortification,0x3EAF3,0.129999995,5.4000001,60,1,0,0,0,1,0,0,0,MagicAlchFortifyHealth;MagicAlchBeneficial,0x3EAF3,0x3EAF3,,5.4000001,60,1,1,5.9640727,,0.129999995,2099202,34,0x65A31;0xF8A4E,Health Fortification,,0.129999995,2099202,34,0x65A31;0xF8A4E
Void Essence,0xFE004820,Stamina Fortification,0x3EAF9,0.129999995,5.55000019,60,1,0,0,0,1,0,0,0,MagicAlchFortifyStamina;MagicAlchBeneficial,0x3EAF9,0x3EAF9,,5.55000019,60,1,2,6.14655924,,0.129999995,2099202,34,0x65A32;0xF8A4E,Stamina Fortification,,0.129999995,2099202,34,0x65A32;0xF8A4E
Void Essence,0xFE004820,Health Regeneration,0x3EB06,0.0252,4.80000019,240,1,0,0,0,1,0,0,0,MagicAlchFortifyHealRate;MagicAlchBeneficial,0x3EB06,0x3EB06,,4.80000019,240,1,3,4.66657591,,0.0252,2099202,34,0x65A30;0xF8A4E,Health Regeneration,,0.0252,2099202,34,0x65A30;0xF8A4E
Void Salts,0x3AD60,Shock Aversion,0x73F2F,0.319999993,6.67999983,30,1,0,0,0,0,1,1,0,MagicAlchHarmful;MagicAlchWeaknessShock,0x73F2F,0x73F2F,,6.67999983,30,1,0,8.65441036,,0.319999993,2101255,34,0x42509;0x74F50,Shock Aversion,,0.319999993,2101255,34,0x42509;0x74F50
Void Salts,0x3AD60,Resist Shock,0x3EAEC,0.36500001,2.75,60,1,0,0,0,1,0,0,0,MagicAlchResistShock;MagicAlchBeneficial,0x3EAEC,0x3EAEC,,2.75,60,1,1,7.9712286,,0.36500001,2101250,34,0x65A39;0xF8A4E,Resist Shock,,0.36500001,2101250,34,0x65A39;0xF8A4E
Void Salts,0x3AD60,Silence,0x73F27,113,0,94,0,1,1,0,0,1,1,1,MagicAlchHarmful;MagicAlchDurationBased;MagicAlchSilence_CACO,0x73F27,0x73F27,,0,94,1,2,1328.98206,,113,4197383,34,0x42509;0xF8A4F;0x807A150,Silence,,113,4197383,34,0x42509;0xF8A4F;0x807A150
Void Salts,0x3AD60,Magicka,0x3EB17,4.69999981,10.6400003,1,1,0,0,0,1,0,0,0,MagicAlchRestoreMagicka;MagicAlchBeneficial,0x3EB17,0x3EB17,,10.6400003,1,1,3,5.031919,,4.69999981,2099200,34,0x42508;0xF8A4E,Magicka,,4.69999981,2099200,34,0x42508;0xF8A4E
Warpaint Shiner,0x83302A6,Damage Stamina Regen,0x73F2C,0.344999999,4.19000006,30,1,0,0,0,0,1,1,0,MagicAlchHarmful,0x73F2C,0x73F2C,,4.19000006,30,0,0,5.5858326,,0.344999999,2099207,5,0x42509,Damage Stamina Regen,,0.344999999,2099207,5,0x42509
Warpaint Shiner,0x83302A6,Fortify Illusion,0x3EB27,0.172000006,4.1500001,60,1,0,0,0,1,0,0,0,MagicAlchFortifyIllusion;MagicAlchBeneficial,0x3EB27,0x3EB27,,4.1500001,60,1,1,5.90673923,,0.172000006,2099202,34,0x65A2C;0xF8A4E,Fortify Illusion,,0.172000006,2099202,34,0x65A2C;0xF8A4E
Warpaint Shiner,0x83302A6,Damage Magicka Regen,0x73F2B,0.360000014,3.01999998,30,1,0,0,0,0,1,1,0,MagicAlchHarmful;MagicAlchDamageMagickaRegen_CACO,0x73F2B,0x73F2B,,3.01999998,30,0,2,4.06577682,,0.360000014,2099207,5,0x42509;0x807A152,Damage Magicka Regen,,0.360000014,2099207,5,0x42509;0x807A152
Warpaint Shiner,0x83302A6,Health Fortification,0x3EAF3,0.129999995,5,60,1,0,0,0,1,0,0,0,MagicAlchFortifyHealth;MagicAlchBeneficial,0x3EAF3,0x3EAF3,,5,60,1,3,5.47995186,,0.129999995,2099202,34,0x65A31;0xF8A4E,Health Fortification,,0.129999995,2099202,34,0x65A31;0xF8A4E
Watcher's Eye,0xFE004821,Light,0xFE004846,0.5,0,60,0,1,0,0,1,0,0,0,WISpellColorful;MagicAlchBeneficial,0xFE004846,0xFE004846,,0,60,0,0,3.58869386,,0.5,4198400,12,0xA9B1E;0xF8A4E,Light,,0.5,4198400,12,0xA9B1E;0xF8A4E
Watcher's Eye,0xFE004821,Detect Life,0x804C7FF,18.6000004,0,366,0,1,1,0,1,0,0,1,MagicAlchBeneficial;MagicAlchDurationBased;MagicAlchDetectLife_CACO,0x804C7FF,0x804C7FF,,0,366,0,1,975.758179,,18.6000004,205528082,1,0xF8A4E;0xF8A4F;0x8084356,Detect Life,,18.6000004,205528082,1,0xF8A4E;0xF8A4F;0x8084356
Watcher's Eye,0xFE004821,Fortify Illusion,0x3EB27,0.172000006,4.1500001,60,1,0,0,0,1,0,0,0,MagicAlchFortifyIllusion;MagicAlchBeneficial,0x3EB27,0x3EB27,,4.1500001,60,1,2,5.90673923,,0.172000006,2099202,34,0x65A2C;0xF8A4E,Fortify Illusion,,0.172000006,2099202,34,0x65A2C;0xF8A4E
Watcher's Eye,0xFE004821,Spell Absorption,0xFE004812,0.100000001,50,60,0,1,0,0,1,0,0,0,MagicAlchBeneficial,0xFE004812,0xFE004812,,50,60,1,3,53.0680923,,0.100000001,4194306,34,0xF8A4E,Spell Absorption,,0.100000001,4194306,34,0xF8A4E
Water Hyacinth Nectar,0x80D0430,Waterbreathing,0x3AC2D,7.69999981,0,732,0,1,1,0,1,0,0,1,MagicAlchBeneficial;MagicAlchDurationBased,0x3AC2D,0x3AC2D,,0,732,1,0,865.870605,,7.69999981,4197378,34,0xF8A4E;0xF8A4F,Waterbreathing,,7.69999981,4197378,34,0xF8A4E;0xF8A4F
Water Hyacinth Nectar,0x80D0430,Magic Aversion,0x73F51,0.430000007,4.1500001,30,1,0,0,0,0,1,1,0,MagicAlchHarmful;MagicAlchWeaknessMagic,0x73F51,0x73F51,,4.1500001,30,1,1,6.88897848,,0.430000007,2101255,34,0x42509;0x74F51,Magic Aversion,,0.430000007,2101255,34,0x42509;0x74F51
Water Hyacinth Nectar,0x80D0430,Magicka,0x3EB17,4.69999981,5.55000019,1,1,0,0,0,1,0,0,0,MagicAlchRestoreMagicka;MagicAlchBeneficial,0x3EB17,0x3EB17,,5.55000019,1,1,2,2.45934868,,4.69999981,2099200,34,0x42508;0xF8A4E,Magicka,,4.69999981,2099200,34,0x42508;0xF8A4E
Water Hyacinth Nectar,0x80D0430,Fatigue,0x73F23,23.6000004,0,167,0,1,1,0,0,1,1,1,MagicAlchHarmful;MagicAlchDurationBased;MagicAlchFatigue_CACO,0x73F23,0x73F23,,0,167,1,3,522.276123,,23.6000004,4197383,34,0x42509;0xF8A4F;0x807A153,Fatigue,,23.6000004,4197383,34,0x42509;0xF8A4F;0x807A153
Werebear Claws,0x80F3B77,Fortify Block,0x3EB1C,0.49000001,2.31999993,60,1,0,0,0,1,0,0,0,MagicAlchFortifyBlock;MagicAlchBeneficial,0x3EB1C,0x3EB1C,,2.31999993,60,1,0,8.87563133,,0.49000001,2099202,34,0x65A1E;0xF8A4E,Fortify Block,,0.49000001,2099202,34,0x65A1E;0xF8A4E
Werebear Claws,0x80F3B77,Fortify One-handed,0x3EB19,0.324999988,3.6400001,60,1,0,0,0,1,0,0,0,MagicAlchFortifyOneHanded;MagicAlchBeneficial,0x3EB19,0x3EB19,,3.6400001,60,1,1,9.66187191,,0.324999988,2099202,34,0x65A1F;0xF8A4E,Fortify One-handed,,0.324999988,2099202,34,0x65A1F;0xF8A4E
Werebear Claws,0x80F3B77,Fortify Two-handed,0x3EB1A,0.324999988,3.22000003,60,1,0,0,0,1,0,0,0,MagicAlchFortifyTwoHanded;MagicAlchBeneficial,0x3EB1A,0x3EB1A,,3.22000003,60,1,2,8.44289112,,0.324999988,2099202,34,0x65A20;0xF8A4E,Fortify Two-handed,,0.324999988,2099202,34,0x65A20;0xF8A4E
Werebear Claws,0x80F3B77,Resist Poison,0x90041,0.157000005,3.30999994,60,1,0,0,0,1,0,0,0,MagicAlchResistPoison;MagicAlchBeneficial,0x90041,0x90041,,3.30999994,60,1,3,4.20413733,,0.157000005,2101250,34,0x10EB5F;0xF8A4E,Resist Poison,,0.157000005,2101250,34,0x10EB5F;0xF8A4E
Werewolf Blood,0x8102EA9,Detect Life,0x804C7FF,18.6000004,0,500,0,1,1,0,1,0,0,1,MagicAlchBeneficial;MagicAlchDurationBased;MagicAlchDetectLife_CACO,0x804C7FF,0x804C7FF,,0,500,0,0,1375.24475,,18.6000004,205528082,1,0xF8A4E;0xF8A4F;0x8084356,Detect Life,,18.6000004,205528082,1,0xF8A4E;0xF8A4F;0x8084356
Werewolf Blood,0x8102EA9,Fear,0x73F20,0.620000005,3.77999997,30,1,0,0,0,0,1,1,0,MagicAlchHarmful;MagicInfluence;MagicInfluenceFear,0x73F20,0x73F20,,3.77999997,30,0,1,8.9632616,,0.620000005,2099463,7,0x42509;0x78098;0x424E0,Fear,,0.620000005,2099463,7,0x42509;0x78098;0x424E0
Werewolf Blood,0x8102EA9,Fortify Alteration,0x3EB24,0.172000006,5.4000001,60,1,0,0,0,1,0,0,0,MagicAlchFortifyAlteration;MagicAlchBeneficial,0x3EB24,0x3EB24,,5.4000001,60,1,2,7.89092731,,0.172000006,2099202,34,0x65A1D;0xF8A4E,Fortify Alteration,,0.172000006,2099202,34,0x65A1D;0xF8A4E
Werewolf Blood,0x8102EA9,Cure Disease,0xAE722,45,1,0,0,0,0,1,1,0,0,0,MagicAlchBeneficial;MagicAlchCureDisease_CACO,0xAE722,0xAE722,,1,0,0,3,45,,45,6656,3,0xF8A4E;0x890B902,Cure Disease,,45,6656,3,0xF8A4E;0x890B902
Wheat,0x4B0BA,Health,0x3EB15,5.30000019,3.70000005,1,1,0,0,0,1,0,0,0,MagicAlchRestoreHealth;MagicAlchBeneficial,0x3EB15,0x3EB15,,3.70000005,1,1,0,1.77540648,,5.30000019,2099200,34,0x42503;0xF8A4E,Health,,5.30000019,2099200,34,0x42503;0xF8A4E
Wheat,0x4B0BA,Health Fortification,0x3EAF3,0.129999995,2.22000003,60,1,0,0,0,1,0,0,0,MagicAlchFortifyHealth;MagicAlchBeneficial,0x3EAF3,0x3EAF3,,2.22000003,60,1,1,2.2433548,,0.129999995,2099202,34,0x65A31;0xF8A4E,Health Fortification,,0.129999995,2099202,34,0x65A31;0xF8A4E
Wheat,0x4B0BA,Damage Magicka Regen,0x73F2B,0.360000014,1.00999999,30,1,0,0,0,0,1,1,0,MagicAlchHarmful;MagicAlchDamageMagickaRegen_CACO,0x73F2B,0x73F2B,,1.00999999,30,0,2,1.21867931,,0.360000014,2099207,5,0x42509;0x807A152,Damage Magicka Regen,,0.360000014,2099207,5,0x42509;0x807A152
Wheat,0x4B0BA,Damage Stamina Regen,0x73F2C,0.344999999,1.00999999,30,1,0,0,0,0,1,1,0,MagicAlchHarmful,0x73F2C,0x73F2C,,1.00999999,30,0,3,1.16790092,,0.344999999,2099207,5,0x42509,Damage Stamina Regen,,0.344999999,2099207,5,0x42509
Wheat Extract,0x85A46B8,Health,0x3EB15,5.30000019,9.25,1,1,0,0,0,1,0,0,0,MagicAlchRestoreHealth;MagicAlchBeneficial,0x3EB15,0x3EB15,,9.25,1,1,0,4.86442804,,5.30000019,2099200,34,0x42503;0xF8A4E,Health,,5.30000019,2099200,34,0x42503;0xF8A4E
Wheat Extract,0x85A46B8,Health Fortification,0x3EAF3,0.129999995,5.55000019,60,1,0,0,0,1,0,0,0,MagicAlchFortifyHealth;MagicAlchBeneficial,0x3EAF3,0x3EAF3,,5.55000019,60,1,1,6.14655924,,0.129999995,2099202,34,0x65A31;0xF8A4E,Health Fortification,,0.129999995,2099202,34,0x65A31;0xF8A4E
Wheat Extract,0x85A46B8,Damage Magicka Regen,0x73F2B,0.360000014,3.3499999,30,1,0,0,0,0,1,1,0,MagicAlchHarmful;MagicAlchDamageMagickaRegen_CACO,0x73F2B,0x73F2B,,3.3499999,30,0,2,4.55706453,,0.360000014,2099207,5,0x42509;0x807A152,Damage Magicka Regen,,0.360000014,2099207,5,0x42509;0x807A152
Wheat Extract,0x85A46B8,Damage Stamina Regen,0x73F2C,0.344999999,3.3499999,30,1,0,0,0,0,1,1,0,MagicAlchHarmful,0x73F2C,0x73F2C,,3.3499999,30,0,3,4.36718655,,0.344999999,2099207,5,0x42509,Damage Stamina Regen,,0.344999999,2099207,5,0x42509
White Cap,0x4DA22,Frost Aversion,0x73F2E,0.319999993,4.01000023,30,1,0,0,0,0,1,1,0,MagicAlchHarmful;MagicAlchWeaknessFrost,0x73F2E,0x73F2E,,4.01000023,30,1,0,4.93676233,,0.319999993,2101255,34,0x42509;0x74F4F,Frost Aversion,,0.319999993,2101255,34,0x42509;0x74F4F
White Cap,0x4DA22,Drain Intelligence,0x804C7FB,0.670000017,2.05999994,30,1,0,0,0,0,1,1,0,MagicAlchHarmful;MagicAlchDrainIntelligence_CACO,0x804C7FB,0x804C7FB,,2.05999994,30,0,1,4.96777773,,0.670000017,2103303,0,0x42509;0x825B701,Drain Intelligence,,0.670000017,2103303,0,0x42509;0x825B701
White Cap,0x4DA22,Fortify Restoration,0x3EB28,0.234999999,1.54999995,60,1,0,0,0,1,0,0,0,MagicAlchFortifyRestoration;MagicAlchBeneficial,0x3EB28,0x3EB28,,1.54999995,60,1,2,2.73148656,,0.234999999,2099202,34,0x65A2D;0xF8A4E,Fortify Restoration,,0.234999999,2099202,34,0x65A2D;0xF8A4E
White Cap,0x4DA22,Fortify Heavy Armor,0x3EB1E,0.50999999,0.779999971,60,1,0,0,0,1,0,0,0,MagicAlchFortifyHeavyArmor;MagicAlchBeneficial,0x3EB1E,0x3EB1E,,0.779999971,60,1,3,3.66046762,,0.50999999,2099202,34,0x65A23;0xF8A4E,Fortify Heavy Armor,,0.50999999,2099202,34,0x65A23;0xF8A4E
White Witch Moth,0x83353BE,Poison Aversion,0x90042,0.389999986,4.01999998,30,1,0,0,0,0,1,1,0,MagicAlchHarmful;USKPMagicAlchWeaknessPoison,0x90042,0x90042,,4.01999998,30,1,0,6.03318501,,0.389999986,2101255,34,0x42509;0x706EE3A,Poison Aversion,,0.389999986,2101255,34,0x42509;0x706EE3A
White Witch Moth,0x83353BE,Silence,0x73F27,113,0,85,0,1,1,0,0,1,1,1,MagicAlchHarmful;MagicAlchDurationBased;MagicAlchSilence_CACO,0x73F27,0x73F27,,0,85,1,1,1189.70508,,113,4197383,34,0x42509;0xF8A4F;0x807A150,Silence,,113,4197383,34,0x42509;0xF8A4F;0x807A150
White Witch Moth,0x83353BE,Fortify Sneak,0x3EB22,0.889999986,1.10000002,60,1,0,0,0,1,0,0,0,MagicAlchFortifySneak;MagicAlchBeneficial,0x3EB22,0x3EB22,,1.10000002,60,1,2,7.09395409,,0.889999986,2099202,34,0x65A27;0xF8A4E,Fortify Sneak,,0.889999986,2099202,34,0x65A27;0xF8A4E
White Witch Moth,0x83353BE,Fortify One-handed,0x3EB19,0.324999988,2.51999998,60,1,0,0,0,1,0,0,0,MagicAlchFortifyOneHanded;MagicAlchBeneficial,0x3EB19,0x3EB19,,2.51999998,60,1,3,6.44748449,,0.324999988,2099202,34,0x65A1F;0xF8A4E,Fortify One-handed,,0.324999988,2099202,34,0x65A1F;0xF8A4E
Widow Skimmer,0x8660002,Waterwalking,0x40390E1,9.39999962,0,798,0,1,1,0,1,0,0,1,MagicAlchBeneficial;MagicAlchDurationBased,0x40390E1,0x40390E1,,0,798,1,0,1162.33435,,9.39999962,4197378,34,0xF8A4E;0xF8A4F,Waterwalking,,9.39999962,4197378,34,0xF8A4E;0xF8A4F
Widow Skimmer,0x8660002,Shock Aversion,0x73F2F,0.319999993,4.9000001,30,1,0,0,0,0,1,1,0,MagicAlchHarmful;MagicAlchWeaknessShock,0x73F2F,0x73F2F,,4.9000001,30,1,1,6.15458965,,0.319999993,2101255,34,0x42509;0x74F50,Shock Aversion,,0.319999993,2101255,34,0x42509;0x74F50
Widow Skimmer,0x8660002,Ravage Health,0x73F26,0.550000012,6.94999981,10,1,0,0,0,0,1,1,0,MagicAlchHarmful,0x73F26,0x73F26,,6.94999981,10,0,2,4.64029932,,0.550000012,2099207,0,0x42509,Ravage Health,,0.550000012,2099207,0,0x42509
Widow Skimmer,0x8660002,Fortify Lockpicking,0x3EB21,0.579999983,2.79999995,30,1,0,0,0,1,0,0,0,MagicAlchFortifyLockpicking;MagicAlchBeneficial,0x3EB21,0x3EB21,,2.79999995,30,1,3,6.02747154,,0.579999983,2099202,34,0x65A26;0xF8A4E,Fortify Lockpicking,,0.579999983,2099202,34,0x65A26;0xF8A4E
Wisp Stalks,0xFE004823,Waterwalking,0x40390E1,9.39999962,0,931,0,1,1,0,1,0,0,1,MagicAlchBeneficial;MagicAlchDurationBased,0x40390E1,0x40390E1,,0,931,1,0,1377.12231,,9.39999962,4197378,34,0xF8A4E;0xF8A4F,Waterwalking,,9.39999962,4197378,34,0xF8A4E;0xF8A4F
Wisp Stalks,0xFE004823,Damage Stamina,0x3A2C6,4.5999999,6.11000013,1,1,0,0,0,0,1,1,0,MagicAlchHarmful;MagicAlchDamageStamina,0x3A2C6,0x3A2C6,,6.11000013,1,0,1,2.67548895,,4.5999999,2099205,0,0x42509;0x10F9DC,Damage Stamina,,4.5999999,2099205,0,0x42509;0x10F9DC
Wisp Stalks,0xFE004823,Damage Health,0x3EB42,7.9000001,3.48000002,1,1,0,0,0,0,1,1,0,MagicAlchHarmful;MagicAlchDamageHealth,0x3EB42,0x3EB42,,3.48000002,1,0,2,2.47379827,,7.9000001,2099205,0,0x42509;0x10F9DD,Damage Health,,7.9000001,2099205,0,0x42509;0x10F9DD
Wisp Stalks,0xFE004823,Damage Magicka,0x3A2B6,4.5999999,5,1,1,0,0,0,0,1,1,0,MagicAlchHarmful;MagicAlchDamageMagicka,0x3A2B6,0x3A2B6,,5,1,0,3,2.14597583,,4.5999999,2099205,0,0x42509;0x10F9DE,Damage Magicka,,4.5999999,2099205,0,0x42509;0x10F9DE
Wisp Stalks,0x8A10088,Waterwalking,0x40390E1,9.39999962,0,931,0,1,1,0,1,0,0,1,MagicAlchBeneficial;MagicAlchDurationBased,0x40390E1,0x40390E1,,0,931,1,0,1377.12231,,9.39999962,4197378,34,0xF8A4E;0xF8A4F,Waterwalking,,9.39999962,4197378,34,0xF8A4E;0xF8A4F
Wisp Stalks,0x8A10088,Damage Stamina,0x3A2C6,4.5999999,6.11000013,1,1,0,0,0,0,1,1,0,MagicAlchHarmful;MagicAlchDamageStamina,0x3A2C6,0x3A2C6,,6.11000013,1,0,1,2.67548895,,4.5999999,2099205,0,0x42509;0x10F9DC,Damage Stamina,,4.5999999,2099205,0,0x42509;0x10F9DC
Wisp Stalks,0x8A10088,Damage Health,0x3EB42,7.9000001,3.48000002,1,1,0,0,0,0,1,1,0,MagicAlchHarmful;MagicAlchDamageHealth,0x3EB42,0x3EB42,,3.48000002,1,0,2,2.47379827,,7.9000001,2099205,0,0x42509;0x10F9DD,Damage Health,,7.9000001,2099205,0,0x42509;0x10F9DD
Wisp Stalks,0x8A10088,Damage Magicka,0x3A2B6,4.5999999,5,1,1,0,0,0,0,1,1,0,MagicAlchHarmful;MagicAlchDamageMagicka,0x3A2B6,0x3A2B6,,5,1,0,3,2.14597583,,4.5999999,2099205,0,0x42509;0x10F9DE,Damage Magicka,,4.5999999,2099205,0,0x42509;0x10F9DE
Wisp Wrappings,0x6BC0E,Etherealize,0x80425EF,174,0,58,0,1,1,0,1,0,0,1,MagicAlchDurationBased;MagicAlchBeneficial;MagicAlchEtherealize_CACO,0x80425EF,0x80425EF,,0,58,0,0,1203.15088,,174,4201472,41,0xF8A4F;0xF8A4E;0x807A151,Etherealize,,174,4201472,41,0xF8A4F;0xF8A4E;0x807A151
Wisp Wrappings,0x6BC0E,Detect Life,0x804C7FF,18.6000004,0,366,0,1,1,0,1,0,0,1,MagicAlchBeneficial;MagicAlchDurationBased;MagicAlchDetectLife_CACO,0x804C7FF,0x804C7FF,,0,366,0,1,975.758179,,18.6000004,205528082,1,0xF8A4E;0xF8A4F;0x8084356,Detect Life,,18.6000004,205528082,1,0xF8A4E;0xF8A4F;0x8084356
Wisp Wrappings,0x6BC0E,Fortify Destruction,0x3EB26,0.324999988,2.79999995,60,1,0,0,0,1,0,0,0,MagicAlchFortifyDestruction;MagicAlchBeneficial,0x3EB26,0x3EB26,,2.79999995,60,1,2,7.23974943,,0.324999988,2099202,34,0x65A2B;0xF8A4E,Fortify Destruction,,0.324999988,2099202,34,0x65A2B;0xF8A4E
Wisp Wrappings,0x6BC0E,Resist Magic,0x39E51,1.24000001,0.720000029,60,1,0,0,0,1,0,0,0,MagicAlchResistMagic;MagicAlchBeneficial,0x39E51,0x39E51,,0.720000029,60,1,3,8.89996052,,1.24000001,2103298,34,0x65A3A;0xF8A4E,Resist Magic,,1.24000001,2103298,34,0x65A3A;0xF8A4E
Withering Moon,0xFE004824,Magicka,0x3EB17,4.69999981,10.1999998,1,1,0,0,0,1,0,0,0,MagicAlchRestoreMagicka;MagicAlchBeneficial,0x3EB17,0x3EB17,,10.1999998,1,1,0,4.80350256,,4.69999981,2099200,34,0x42508;0xF8A4E,Magicka,,4.69999981,2099200,34,0x42508;0xF8A4E
Withering Moon,0xFE004824,Spell Absorption,0xFE004812,0.100000001,50,60,0,1,0,0,1,0,0,0,MagicAlchBeneficial,0xFE004812,0xFE004812,,50,60,1,1,53.0680923,,0.100000001,4194306,34,0xF8A4E,Spell Absorption,,0.100000001,4194306,34,0xF8A4E
Withering Moon,0xFE004824,Fortify Light Armor,0x3EB1F,0.50999999,1.54999995,60,1,0,0,0,1,0,0,0,MagicAlchFortifyLightArmor;MagicAlchBeneficial,0x3EB1F,0x3EB1F,,1.54999995,60,1,2,5.92790699,,0.50999999,2099202,34,0x65A24;0xF8A4E,Fortify Light Armor,,0.50999999,2099202,34,0x65A24;0xF8A4E
Withering Moon,0xFE004824,Lingering Damage Undead,0x10DE5E,12.8000002,0.140000001,10,1,0,0,0,0,1,1,0,MagicAlchHarmful,0x10DE5E,0x10DE5E,,0.140000001,10,0,3,12.8000002,,12.8000002,2099205,0,0x42509,Lingering Damage Undead,,12.8000002,2099205,0,0x42509
Wolf Liver,0x81FB127,Fortify Unarmed,0x804C7FE,1.42999995,0.479999989,60,1,0,0,0,1,0,0,0,MagicAlchBeneficial;MagicAlchFortifyUnarmed_CACO,0x804C7FE,0x804C7FE,,0.479999989,60,1,0,10.2636642,,1.42999995,2099202,34,0xF8A4E;0x806AE47,Fortify Unarmed,,1.42999995,2099202,34,0xF8A4E;0x806AE47
Wolf Liver,0x81FB127,Fire Aversion,0x73F2D,0.319999993,3.55999994,30,1,0,0,0,0,1,1,0,MagicAlchHarmful;MagicAlchWeaknessFire,0x73F2D,0x73F2D,,3.55999994,30,1,1,4.3309021,,0.319999993,2101255,34,0x42509;0x74F4E,Fire Aversion,,0.319999993,2101255,34,0x42509;0x74F4E
Wolf Liver,0x81FB127,Resist Disease,0x806AE45,0.0149999997,100,666,0,1,0,0,1,0,0,1,MagicAlchResistDisease_CACO;MagicAlchBeneficial;MagicAlchDurationBased,0x806AE45,0x806AE45,,100,666,1,2,240.942276,,0.0149999997,4198402,34,0x806AE46;0xF8A4E;0xF8A4F,Resist Disease,,0.0149999997,4198402,34,0x806AE46;0xF8A4E;0xF8A4F
Wolf Liver,0x81FB127,Detect Life,0x804C7FF,18.6000004,0,167,0,1,1,0,1,0,0,1,MagicAlchBeneficial;MagicAlchDurationBased;MagicAlchDetectLife_CACO,0x804C7FF,0x804C7FF,,0,167,0,3,411.62442,,18.6000004,205528082,1,0xF8A4E;0xF8A4F;0x8084356,Detect Life,,18.6000004,205528082,1,0xF8A4E;0xF8A4F;0x8084356
Worm's Head Cap,0xFE004825,Fortify Lockpicking,0x3EB21,0.579999983,3.5,30,1,0,0,0,1,0,0,0,MagicAlchFortifyLockpicking;MagicAlchBeneficial,0x3EB21,0x3EB21,,3.5,30,1,0,7.70435381,,0.579999983,2099202,34,0x65A26;0xF8A4E,Fortify Lockpicking,,0.579999983,2099202,34,0x65A26;0xF8A4E
Worm's Head Cap,0xFE004825,Night Eye,0x804C7FD,10.5,0,665,0,1,1,0,1,0,0,1,MagicNightEye;MagicAlchBeneficial;MagicAlchDurationBased,0x804C7FD,0x804C7FD,,0,665,1,1,1062.41248,,10.5,138546178,34,0xAD7C6;0xF8A4E;0xF8A4F,Night Eye,,10.5,138546178,34,0xAD7C6;0xF8A4E;0xF8A4F
Worm's Head Cap,0xFE004825,Feather,0x3EB01,0.0469999984,3.30999994,300,1,0,0,0,1,0,0,0,MagicAlchFortifyCarryWeight;MagicAlchBeneficial,0x3EB01,0x3EB01,,3.30999994,300,1,2,7.39166117,,0.0469999984,2099202,34,0x65A2F;0xF8A4E,Feather,,0.0469999984,2099202,34,0x65A2F;0xF8A4E
Worm's Head Cap,0xFE004825,Paralysis,0x73F30,204,0,53,0,1,1,0,0,1,1,1,MagicParalysis;MagicAlchHarmful;MagicAlchDurationBased,0x73F30,0x73F30,,0,53,0,3,1277.4198,,204,4197379,1,0x1EA70;0x42509;0xF8A4F,Paralysis,,204,4197379,1,0x1EA70;0x42509;0xF8A4F
Wormwood Leaves,0x8A1013F,Lingering Damage Health,0x10AA4A,12.3999996,0.460000008,10,1,0,0,0,0,1,1,0,MagicAlchHarmful,0x10AA4A,0x10AA4A,,0.460000008,10,0,0,12.3999996,,12.3999996,2099205,0,0x42509,Lingering Damage Health,,12.3999996,2099205,0,0x42509
Wormwood Leaves,0x8A1013F,Lingering Damage Undead,0x10DE5E,12.8000002,0.439999998,10,1,0,0,0,0,1,1,0,MagicAlchHarmful,0x10DE5E,0x10DE5E,,0.439999998,10,0,1,12.8000002,,12.8000002,2099205,0,0x42509,Lingering Damage Undead,,12.8000002,2099205,0,0x42509
Wormwood Leaves,0x8A1013F,Fortify Sneak,0x3EB22,0.889999986,0.939999998,60,1,0,0,0,1,0,0,0,MagicAlchFortifySneak;MagicAlchBeneficial,0x3EB22,0x3EB22,,0.939999998,60,1,2,6.38787508,,0.889999986,2099202,34,0x65A27;0xF8A4E,Fortify Sneak,,0.889999986,2099202,34,0x65A27;0xF8A4E
Wormwood Leaves,0x8A1013F,Fortify Archery,0x3EB1B,0.324999988,1.67999995,60,1,0,0,0,1,0,0,0,MagicAlchFortifyMarksman;MagicAlchBeneficial,0x3EB1B,0x3EB1B,,1.67999995,60,1,3,4.12752724,,0.324999988,2099202,34,0x65A21;0xF8A4E,Fortify Archery,,0.324999988,2099202,34,0x65A21;0xF8A4E
Yellow Mountain Flower,0x2002A78,Fortify Restoration,0x3EB28,0.234999999,4.6500001,60,1,0,0,0,1,0,0,0,MagicAlchFortifyRestoration;MagicAlchBeneficial,0x3EB28,0x3EB28,,4.6500001,60,1,0,9.14602852,,0.234999999,2099202,34,0x65A2D;0xF8A4E,Fortify Restoration,,0.234999999,2099202,34,0x65A2D;0xF8A4E
Yellow Mountain Flower,0x2002A78,Health Fortification,0x3EAF3,0.129999995,5.82999992,60,1,0,0,0,1,0,0,0,MagicAlchFortifyHealth;MagicAlchBeneficial,0x3EAF3,0x3EAF3,,5.82999992,60,1,1,6.48851252,,0.129999995,2099202,34,0x65A31;0xF8A4E,Health Fortification,,0.129999995,2099202,34,0x65A31;0xF8A4E
Yellow Mountain Flower,0x2002A78,Damage Stamina Regen,0x73F2C,0.344999999,3.51999998,30,1,0,0,0,0,1,1,0,MagicAlchHarmful,0x73F2C,0x73F2C,,3.51999998,30,0,2,4.61157656,,0.344999999,2099207,5,0x42509,Damage Stamina Regen,,0.344999999,2099207,5,0x42509
Yellow Mountain Flower,0x2002A78,Resist Poison,0x90041,0.157000005,3.48000002,60,1,0,0,0,1,0,0,0,MagicAlchResistPoison;MagicAlchBeneficial,0x90041,0x90041,,3.48000002,60,1,3,4.44225264,,0.157000005,2101250,34,0x10EB5F;0xF8A4E,Resist Poison,,0.157000005,2101250,34,0x10EB5F;0xF8A4E
