mode,ingredient_name,form_id,effect_index,effect_name,effect_form_id,base_cost,magnitude,duration
vanilla,Abecean Longfin,0x106E1B,0,Weakness to Frost,0x73F2E,0.5,3,30
vanilla,Abecean Longfin,0x106E1B,1,Fortify Sneak,0x3EB22,0.5,4,60
vanilla,Abecean Longfin,0x106E1B,2,Weakness to Poison,0x90042,1,2,30
vanilla,Abecean Longfin,0x106E1B,3,Fortify Restoration,0x3EB28,0.5,4,60
vanilla,Alocasia Fruit,0xFE004D62,0,Regenerate Stamina,0x3EB08,0.100000001,6,300
vanilla,Alocasia Fruit,0xFE004D62,1,Light,0xFE004846,0.5,0,60
vanilla,Alocasia Fruit,0xFE004D62,2,Ravage Magicka,0x73F27,1,3,10
vanilla,Alocasia Fruit,0xFE004D62,3,Regenerate Health,0x3EB06,0.100000001,6,300
vanilla,Aloe Vera Leaves,0xFE0060D0,0,Restore Health,0x3EB15,0.5,5,0
vanilla,Aloe Vera Leaves,0xFE0060D0,1,Restore Stamina,0x3EB16,0.600000024,5,0
vanilla,Aloe Vera Leaves,0xFE0060D0,2,Damage Magicka,0x3A2B6,2.20000005,5,0
vanilla,Aloe Vera Leaves,0xFE0060D0,3,Invisibility,0x3EB3D,100,0,2
vanilla,Ambrosia,0xFE004836,0,Restore Health,0x3EB15,0.5,6,0
vanilla,Ambrosia,0xFE004836,1,Regenerate Health,0x3EB06,0.100000001,6,300
vanilla,Ambrosia,0xFE004836,2,Fortify Health,0x3EAF3,0.349999994,5,60
vanilla,Ambrosia,0xFE004836,3,Cure Poison,0x109ADD,0.200000003,3,0
vanilla,Ancestor Moth Wing,0x20059BA,0,Damage Stamina,0x3A2C6,1.79999995,3,0
vanilla,Ancestor Moth Wing,0x20059BA,1,Fortify Conjuration,0x3EB25,0.25,5,60
vanilla,Ancestor Moth Wing,0x20059BA,2,Damage Magicka Regen,0x73F2B,0.5,100,5
vanilla,Ancestor Moth Wing,0x20059BA,3,Fortify Enchanting,0x3EB29,0.600000024,1,30
vanilla,Angelfish,0x50008EB,0,Regenerate Health,0x3EB06,0.100000001,5,300
vanilla,Angelfish,0x50008EB,1,Resist Fire,0x3EAEA,0.5,3,60
vanilla,Angelfish,0x50008EB,2,Fortify Archery,0x3EB1B,0.5,4,60
vanilla,Angelfish,0x50008EB,3,Waterbreathing,0x3AC2D,30,0,5
vanilla,Angler Larvae,0x50008F0,0,Lingering Damage Health,0x10AA4A,12,1,10
vanilla,Angler Larvae,0x50008F0,1,Regenerate Stamina,0x3EB08,0.100000001,5,300
vanilla,Angler Larvae,0x50008F0,2,Waterbreathing,0x3AC2D,30,0,5
vanilla,Angler Larvae,0x50008F0,3,Fortify Two-handed,0x3EB1A,0.5,4,60
vanilla,Ash Creep Cluster,0x401CD74,0,Damage Stamina,0x3A2C6,1.79999995,3,0
vanilla,Ash Creep Cluster,0x401CD74,1,Invisibility,0x3EB3D,100,0,4
vanilla,Ash Creep Cluster,0x401CD74,2,Resist Fire,0x3EAEA,0.5,3,60
vanilla,Ash Creep Cluster,0x401CD74,3,Fortify Destruction,0x3EB26,0.5,5,60
vanilla,Ash Hopper Jelly,0x401CD71,0,Restore Health,0x3EB15,0.5,5,0
vanilla,Ash Hopper Jelly,0x401CD71,1,Fortify Light Armor,0x3EB1F,0.5,2,60
vanilla,Ash Hopper Jelly,0x401CD71,2,Resist Shock,0x3EAEC,0.5,3,60
vanilla,Ash Hopper Jelly,0x401CD71,3,Weakness to Frost,0x73F2E,0.5,3,30
vanilla,Ashen Grass Pod,0x4016E26,0,Resist Fire,0x3EAEA,0.5,4,60
vanilla,Ashen Grass Pod,0x4016E26,1,Weakness to Shock,0x73F2F,0.699999988,3,30
vanilla,Ashen Grass Pod,0x4016E26,2,Fortify Lockpicking,0x3EB21,0.5,2,30
vanilla,Ashen Grass Pod,0x4016E26,3,Fortify Sneak,0x3EB22,0.5,4,60
vanilla,Aster Bloom Core,0xFE004D66,0,Resist Magic,0x39E51,1,2,60
vanilla,Aster Bloom Core,0xFE004D66,1,Fortify Light Armor,0x3EB1F,0.5,4,60
vanilla,Aster Bloom Core,0xFE004D66,2,Fortify Block,0x3EB1C,0.5,5,60
vanilla,Aster Bloom Core,0xFE004D66,3,Paralysis,0x73F30,500,0,2
vanilla,Bear Claws,0x6BC02,0,Restore Stamina,0x3EB16,0.600000024,4,0
vanilla,Bear Claws,0x6BC02,1,Fortify Health,0x3EAF3,0.349999994,4,60
vanilla,Bear Claws,0x6BC02,2,Fortify One-handed,0x3EB19,0.5,4,60
vanilla,Bear Claws,0x6BC02,3,Damage Magicka Regen,0x73F2B,0.5,100,5
vanilla,Bee,0xA9195,0,Restore Stamina,0x3EB16,0.600000024,5,0
vanilla,Bee,0xA9195,1,Ravage Stamina,0x73F23,1.60000002,2,10
vanilla,Bee,0xA9195,2,Regenerate Stamina,0x3EB08,0.100000001,5,300
vanilla,Bee,0xA9195,3,Weakness to Shock,0x73F2F,0.699999988,3,30
vanilla,Beehive Husk,0xA9191,0,Resist Poison,0x90041,0.5,2,60
vanilla,Beehive Husk,0xA9191,1,Fortify Light Armor,0x3EB1F,0.5,2,60
vanilla,Beehive Husk,0xA9191,2,Fortify Sneak,0x3EB22,0.5,2,60
vanilla,Beehive Husk,0xA9191,3,Fortify Destruction,0x3EB26,0.5,5,60
vanilla,Berit's Ashes,0x705B7,0,Damage Stamina,0x3A2C6,1.79999995,3,0
vanilla,Berit's Ashes,0x705B7,1,Resist Fire,0x3EAEA,0.5,3,60
vanilla,Berit's Ashes,0x705B7,2,Fortify Conjuration,0x3EB25,0.25,5,60
vanilla,Berit's Ashes,0x705B7,3,Ravage Stamina,0x73F23,1.60000002,2,10
vanilla,Bittergreen Petals,0xFE004D68,0,Lingering Damage Stamina,0x10DE5E,1.79999995,2,10
vanilla,Bittergreen Petals,0xFE004D68,1,Invisibility,0x3EB3D,100,0,6
vanilla,Bittergreen Petals,0xFE004D68,2,Cure Poison,0x109ADD,0.200000003,2,0
vanilla,Bittergreen Petals,0xFE004D68,3,Damage Magicka,0x3A2B6,2.20000005,4,0
vanilla,Bleeding Crown,0x4DA20,0,Weakness to Fire,0x73F2D,0.600000024,3,30
vanilla,Bleeding Crown,0x4DA20,1,Fortify Block,0x3EB1C,0.5,4,60
vanilla,Bleeding Crown,0x4DA20,2,Weakness to Poison,0x90042,1,2,30
vanilla,Bleeding Crown,0x4DA20,3,Resist Magic,0x39E51,1,1,60
vanilla,Blind Watcher's Eye,0xFE004822,0,Light,0xFE004846,0.5,0,60
vanilla,Blind Watcher's Eye,0xFE004822,1,Fortify Magicka,0x3EAF8,0.300000012,5,60
vanilla,Blind Watcher's Eye,0xFE004822,2,Fortify Alteration,0x3EB24,0.200000003,5,60
vanilla,Blind Watcher's Eye,0xFE004822,3,Spell Absorption,0xFE004812,0.100000001,50,60
vanilla,Bliss Bug Thorax,0x6059155,0,Weakness to Fire,0x73F2D,0.600000024,3,30
vanilla,Bliss Bug Thorax,0x6059155,1,Resist Fire,0x3EAEA,0.5,3,60
vanilla,Bliss Bug Thorax,0x6059155,2,Fortify Heavy Armor,0x3EB1E,0.5,2,60
vanilla,Bliss Bug Thorax,0x6059155,3,Fortify Illusion,0x3EB27,0.400000006,1,60
vanilla,Blister Pod Cap,0xFE004D6A,0,Restore Magicka,0x3EB17,0.600000024,6,0
vanilla,Blister Pod Cap,0xFE004D6A,1,Fortify Magicka,0x3EAF8,0.300000012,5,60
vanilla,Blister Pod Cap,0xFE004D6A,2,Night Eye,0xFE004803,0.75,0,60
vanilla,Blister Pod Cap,0xFE004D6A,3,Invisibility,0x3EB3D,100,0,6
vanilla,Blisterwort,0x4DA25,0,Damage Stamina,0x3A2C6,1.79999995,3,0
vanilla,Blisterwort,0x4DA25,1,Frenzy,0x73F29,15,1,10
vanilla,Blisterwort,0x4DA25,2,Restore Health,0x3EB15,0.5,3,0
vanilla,Blisterwort,0x4DA25,3,Fortify Smithing,0x3EB1D,0.75,4,30
vanilla,Blue Butterfly Wing,0x727DE,0,Damage Stamina,0x3A2C6,1.79999995,3,0
vanilla,Blue Butterfly Wing,0x727DE,1,Fortify Conjuration,0x3EB25,0.25,5,60
vanilla,Blue Butterfly Wing,0x727DE,2,Damage Magicka Regen,0x73F2B,0.5,100,5
vanilla,Blue Butterfly Wing,0x727DE,3,Fortify Enchanting,0x3EB29,0.600000024,1,30
vanilla,Blue Dartwing,0xE4F0C,0,Resist Shock,0x3EAEC,0.5,3,60
vanilla,Blue Dartwing,0xE4F0C,1,Fortify Pickpocket,0x3EB20,0.5,4,60
vanilla,Blue Dartwing,0xE4F0C,2,Restore Health,0x3EB15,0.5,5,0
vanilla,Blue Dartwing,0xE4F0C,3,Fear,0x73F20,5,1,30
vanilla,Blue Mountain Flower,0x77E1C,0,Restore Health,0x3EB15,0.5,5,0
vanilla,Blue Mountain Flower,0x77E1C,1,Fortify Conjuration,0x3EB25,0.25,5,60
vanilla,Blue Mountain Flower,0x77E1C,2,Fortify Health,0x3EAF3,0.349999994,4,60
vanilla,Blue Mountain Flower,0x77E1C,3,Damage Magicka Regen,0x73F2B,0.5,100,5
vanilla,Boar Tusk,0x401CD6F,0,Fortify Stamina,0x3EAF9,0.300000012,5,300
vanilla,Boar Tusk,0x401CD6F,1,Fortify Health,0x3EAF3,0.349999994,4,300
vanilla,Boar Tusk,0x401CD6F,2,Fortify Block,0x3EB1C,0.5,4,60
vanilla,Boar Tusk,0x401CD6F,3,Frenzy,0x73F29,15,1,10
vanilla,Bog Beacon,0xFE004D6C,0,Restore Magicka,0x3EB17,0.600000024,6,0
vanilla,Bog Beacon,0xFE004D6C,1,Fortify Heavy Armor,0x3EB1E,0.5,3,60
vanilla,Bog Beacon,0xFE004D6C,2,Fear,0x73F20,5,2,30
vanilla,Bog Beacon,0xFE004D6C,3,Damage Stamina,0x3A2C6,1.79999995,4,0
vanilla,Bone Meal,0x34CDD,0,Damage Stamina,0x3A2C6,1.79999995,3,0
vanilla,Bone Meal,0x34CDD,1,Resist Fire,0x3EAEA,0.5,3,60
vanilla,Bone Meal,0x34CDD,2,Fortify Conjuration,0x3EB25,0.25,5,60
vanilla,Bone Meal,0x34CDD,3,Ravage Stamina,0x73F23,1.60000002,2,10
vanilla,Briar Heart,0x3AD61,0,Restore Magicka,0x3EB17,0.600000024,5,0
vanilla,Briar Heart,0x3AD61,1,Fortify Block,0x3EB1C,0.5,2,60
vanilla,Briar Heart,0x3AD61,2,Paralysis,0x73F30,500,0,1
vanilla,Briar Heart,0x3AD61,3,Fortify Magicka,0x3EAF8,0.300000012,4,60
vanilla,Bungler's Bane,0xFE004802,0,Slow,0x73F25,1,50,10
vanilla,Bungler's Bane,0xFE004802,1,Ravage Stamina,0x73F23,1.60000002,3,20
vanilla,Bungler's Bane,0xFE004802,2,Damage Stamina Regen,0x73F2C,0.300000012,100,10
vanilla,Bungler's Bane,0xFE004802,3,Resist Magic,0x39E51,1,2,60
vanilla,Burnt Spriggan Wood,0x401CD6E,0,Weakness to Fire,0x73F2D,0.600000024,3,30
vanilla,Burnt Spriggan Wood,0x401CD6E,1,Fortify Alteration,0x3EB24,0.200000003,4,60
vanilla,Burnt Spriggan Wood,0x401CD6E,2,Damage Magicka Regen,0x73F2B,0.5,100,5
vanilla,Burnt Spriggan Wood,0x401CD6E,3,Slow,0x73F25,1,50,5
vanilla,Butterfly Wing,0x727E0,0,Restore Health,0x3EB15,0.5,5,0
vanilla,Butterfly Wing,0x727E0,1,Fortify Barter,0x3EB23,2,1,30
vanilla,Butterfly Wing,0x727E0,2,Lingering Damage Stamina,0x10DE5E,1.79999995,1,10
vanilla,Butterfly Wing,0x727E0,3,Damage Magicka,0x3A2B6,2.20000005,3,0
vanilla,Canis Root,0x6ABCB,0,Damage Stamina,0x3A2C6,1.79999995,3,0
vanilla,Canis Root,0x6ABCB,1,Fortify One-handed,0x3EB19,0.5,4,60
vanilla,Canis Root,0x6ABCB,2,Fortify Archery,0x3EB1B,0.5,4,60
vanilla,Canis Root,0x6ABCB,3,Paralysis,0x73F30,500,0,1
vanilla,Charred Skeever Hide,0x52695,0,Restore Stamina,0x3EB16,0.600000024,5,0
vanilla,Charred Skeever Hide,0x52695,1,Cure Disease,0xAE722,0.5,2,0
vanilla,Charred Skeever Hide,0x52695,2,Resist Poison,0x90041,0.5,4,60
vanilla,Charred Skeever Hide,0x52695,3,Restore Health,0x3EB15,0.5,5,0
vanilla,Chaurus Eggs,0x3AD56,0,Weakness to Poison,0x90042,1,2,30
vanilla,Chaurus Eggs,0x3AD56,1,Fortify Stamina,0x3EAF9,0.300000012,4,60
vanilla,Chaurus Eggs,0x3AD56,2,Damage Magicka,0x3A2B6,2.20000005,3,0
vanilla,Chaurus Eggs,0x3AD56,3,Invisibility,0x3EB3D,100,0,4
vanilla,Chaurus Hunter Antennae,0x20183B7,0,Damage Stamina,0x3A2C6,1.79999995,3,0
vanilla,Chaurus Hunter Antennae,0x20183B7,1,Fortify Conjuration,0x3EB25,0.25,5,60
vanilla,Chaurus Hunter Antennae,0x20183B7,2,Damage Magicka Regen,0x73F2B,0.5,100,5
vanilla,Chaurus Hunter Antennae,0x20183B7,3,Fortify Enchanting,0x3EB29,0.600000024,1,30
vanilla,Chicken's Egg,0x23D77,0,Resist Magic,0x39E51,1,1,60
vanilla,Chicken's Egg,0x23D77,1,Damage Magicka Regen,0x73F2B,0.5,100,5
vanilla,Chicken's Egg,0x23D77,2,Waterbreathing,0x3AC2D,30,0,5
vanilla,Chicken's Egg,0x23D77,3,Lingering Damage Stamina,0x10DE5E,1.79999995,1,10
vanilla,Chokeberry,0xFE004838,0,Damage Health,0x3EB42,3,3,1
vanilla,Chokeberry,0xFE004838,1,Ravage Health,0x73F26,0.400000006,3,20
vanilla,Chokeberry,0xFE004838,2,Lingering Damage Health,0x10AA4A,12,2,10
vanilla,Chokeberry,0xFE004838,3,Weakness to Poison,0x90042,1,3,30
vanilla,Chokeweed,0xFE004804,0,Weakness to Frost,0x73F2E,0.5,4,30
vanilla,Chokeweed,0xFE004804,1,Restore Stamina,0x3EB16,0.600000024,6,0
vanilla,Chokeweed,0xFE004804,2,Cure Disease,0xAE722,0.5,2,0
vanilla,Chokeweed,0xFE004804,3,Damage Magicka,0x3A2B6,2.20000005,4,0
vanilla,Coda Flower,0xFE004805,0,Damage Health,0x3EB42,3,3,1
vanilla,Coda Flower,0xFE004805,1,Lingering Damage Stamina,0x10DE5E,1.79999995,2,10
vanilla,Coda Flower,0xFE004805,2,Ravage Magicka,0x73F27,1,3,10
vanilla,Coda Flower,0xFE004805,3,Fortify Carry Weight,0x3EB01,0.150000006,5,300
vanilla,Comberry,0xFE004806,0,Damage Stamina,0x3A2C6,1.79999995,4,0
vanilla,Comberry,0xFE004806,1,Spell Absorption,0xFE004812,0.100000001,50,60
vanilla,Comberry,0xFE004806,2,Restore Magicka,0x3EB17,0.600000024,6,0
vanilla,Comberry,0xFE004806,3,Fortify Destruction,0x3EB26,0.5,6,60
vanilla,Congealed Putrescence,0xFE004807,0,Ravage Health,0x73F26,0.400000006,3,20
vanilla,Congealed Putrescence,0xFE004807,1,Restore Magicka,0x3EB17,0.600000024,6,0
vanilla,Congealed Putrescence,0xFE004807,2,Weakness to Fire,0x73F2D,0.600000024,4,30
vanilla,Congealed Putrescence,0xFE004807,3,Fortify Conjuration,0x3EB25,0.25,6,60
vanilla,Corkbulb Root,0xFE004809,0,Paralysis,0x73F30,500,0,2
vanilla,Corkbulb Root,0xFE004809,1,Restore Health,0x3EB15,0.5,6,0
vanilla,Corkbulb Root,0xFE004809,2,Resist Shock,0x3EAEC,0.5,4,60
vanilla,Corkbulb Root,0xFE004809,3,Fortify Archery,0x3EB1B,0.5,5,60
vanilla,Creep Cluster,0xB2183,0,Restore Magicka,0x3EB17,0.600000024,5,0
vanilla,Creep Cluster,0xB2183,1,Damage Stamina Regen,0x73F2C,0.300000012,100,5
vanilla,Creep Cluster,0xB2183,2,Fortify Carry Weight,0x3EB01,0.150000006,4,300
vanilla,Creep Cluster,0xB2183,3,Weakness to Magic,0x73F51,1,2,30
vanilla,Crimson Nirnroot,0xB701A,0,Damage Health,0x3EB42,3,6,1
vanilla,Crimson Nirnroot,0xB701A,1,Damage Stamina,0x3A2C6,1.79999995,9,0
vanilla,Crimson Nirnroot,0xB701A,2,Invisibility,0x3EB3D,100,0,4
vanilla,Crimson Nirnroot,0xB701A,3,Resist Magic,0x39E51,1,1,60
vanilla,Cyrodilic Spadetail,0x106E19,0,Damage Stamina,0x3A2C6,1.79999995,3,0
vanilla,Cyrodilic Spadetail,0x106E19,1,Fortify Restoration,0x3EB28,0.5,4,60
vanilla,Cyrodilic Spadetail,0x106E19,2,Fear,0x73F20,5,1,30
vanilla,Cyrodilic Spadetail,0x106E19,3,Ravage Health,0x73F26,0.400000006,2,10
vanilla,Daedra Heart,0x3AD5B,0,Restore Health,0x3EB15,0.5,5,0
vanilla,Daedra Heart,0x3AD5B,1,Damage Stamina Regen,0x73F2C,0.300000012,100,5
vanilla,Daedra Heart,0x3AD5B,2,Damage Magicka,0x3A2B6,2.20000005,3,0
vanilla,Daedra Heart,0x3AD5B,3,Fear,0x73F20,5,1,30
vanilla,Daedra Silk,0xFE00480A,0,Lingering Damage Stamina,0x10DE5E,1.79999995,2,10
vanilla,Daedra Silk,0xFE00480A,1,Paralysis,0x73F30,500,0,2
vanilla,Daedra Silk,0xFE00480A,2,Night Eye,0xFE004803,0.75,0,60
vanilla,Daedra Silk,0xFE00480A,3,Invisibility,0x3EB3D,100,0,6
vanilla,Daedra Venin,0xFE00480B,0,Ravage Health,0x73F26,0.400000006,3,20
vanilla,Daedra Venin,0xFE00480B,1,Paralysis,0x73F30,500,0,2
vanilla,Daedra Venin,0xFE00480B,2,Fortify Destruction,0x3EB26,0.5,6,60
vanilla,Daedra Venin,0xFE00480B,3,Spell Absorption,0xFE004812,0.100000001,50,60
vanilla,Daedroth Teeth,0xFE004826,0,Resist Frost,0x3EAEB,0.5,4,60
vanilla,Daedroth Teeth,0xFE004826,1,Light,0xFE004846,0.5,0,60
vanilla,Daedroth Teeth,0xFE004826,2,Damage Magicka Regen,0x73F2B,0.5,100,10
vanilla,Daedroth Teeth,0xFE004826,3,Regenerate Stamina,0x3EB08,0.100000001,6,300
vanilla,Deathbell,0x516C8,0,Damage Health,0x3EB42,3,3,1
vanilla,Deathbell,0x516C8,1,Ravage Stamina,0x73F23,1.60000002,2,20
vanilla,Deathbell,0x516C8,2,Slow,0x73F25,1,50,5
vanilla,Deathbell,0x516C8,3,Weakness to Poison,0x90042,1,2,30
vanilla,Dragon's Tongue,0x889A2,0,Resist Fire,0x3EAEA,0.5,3,60
vanilla,Dragon's Tongue,0x889A2,1,Fortify Barter,0x3EB23,2,1,30
vanilla,Dragon's Tongue,0x889A2,2,Fortify Illusion,0x3EB27,0.400000006,1,60
vanilla,Dragon's Tongue,0x889A2,3,Fortify Two-handed,0x3EB1A,0.5,4,60
vanilla,Dreugh Wax,0xFE004827,0,Weakness to Magic,0x73F51,1,3,30
vanilla,Dreugh Wax,0xFE004827,1,Frenzy,0x73F29,15,1,20
vanilla,Dreugh Wax,0xFE004827,2,Fortify Enchanting,0x3EB29,0.600000024,2,30
vanilla,Dreugh Wax,0xFE004827,3,Fortify Smithing,0x3EB1D,0.75,5,30
vanilla,Dwarven Oil,0xF11C0,0,Weakness to Magic,0x73F51,1,2,30
vanilla,Dwarven Oil,0xF11C0,1,Fortify Illusion,0x3EB27,0.400000006,4,60
vanilla,Dwarven Oil,0xF11C0,2,Regenerate Magicka,0x3EB07,0.100000001,5,300
vanilla,Dwarven Oil,0xF11C0,3,Restore Magicka,0x3EB17,0.600000024,5,0
vanilla,Ectoplasm,0x3AD63,0,Restore Magicka,0x3EB17,0.600000024,5,0
vanilla,Ectoplasm,0x3AD63,1,Fortify Destruction,0x3EB26,0.5,4,60
vanilla,Ectoplasm,0x3AD63,2,Fortify Magicka,0x3EAF8,0.300000012,4,60
vanilla,Ectoplasm,0x3AD63,3,Damage Health,0x3EB42,3,2,1
vanilla,Elves Ear,0x34D31,0,Restore Magicka,0x3EB17,0.600000024,5,0
vanilla,Elves Ear,0x34D31,1,Fortify Archery,0x3EB1B,0.5,4,60
vanilla,Elves Ear,0x34D31,2,Weakness to Frost,0x73F2E,0.5,2,30
vanilla,Elves Ear,0x34D31,3,Resist Fire,0x3EAEA,0.5,3,30
vanilla,Elytra Ichor,0xFE004828,0,Restore Magicka,0x3EB17,0.600000024,6,0
vanilla,Elytra Ichor,0xFE004828,1,Invisibility,0x3EB3D,100,0,6
vanilla,Elytra Ichor,0xFE004828,2,Slow,0x73F25,1,50,10
vanilla,Elytra Ichor,0xFE004828,3,Fear,0x73F20,5,2,30
vanilla,Emperor Parasol Moss,0x401FF75,0,Damage Health,0x3EB42,3,3,0
vanilla,Emperor Parasol Moss,0x401FF75,1,Fortify Magicka,0x3EAF8,0.300000012,4,60
vanilla,Emperor Parasol Moss,0x401FF75,2,Regenerate Health,0x3EB06,0.100000001,5,300
vanilla,Emperor Parasol Moss,0x401FF75,3,Fortify Two-handed,0x3EB1A,0.5,4,60
vanilla,Eye of Sabre Cat,0x6BC07,0,Restore Stamina,0x3EB16,0.600000024,5,0
vanilla,Eye of Sabre Cat,0x6BC07,1,Ravage Health,0x73F26,0.400000006,2,10
vanilla,Eye of Sabre Cat,0x6BC07,2,Damage Magicka,0x3A2B6,2.20000005,3,0
vanilla,Eye of Sabre Cat,0x6BC07,3,Restore Health,0x3EB15,0.5,5,0
vanilla,Falmer Ear,0x3AD5D,0,Damage Health,0x3EB42,3,2,1
vanilla,Falmer Ear,0x3AD5D,1,Frenzy,0x73F29,15,1,10
vanilla,Falmer Ear,0x3AD5D,2,Resist Poison,0x90041,0.5,4,60
vanilla,Falmer Ear,0x3AD5D,3,Fortify Lockpicking,0x3EB21,0.5,2,30
vanilla,Felsaad Tern Feathers,0x403CD8E,0,Restore Health,0x3EB15,0.5,1,0
vanilla,Felsaad Tern Feathers,0x403CD8E,1,Fortify Light Armor,0x3EB1F,0.5,2,60
vanilla,Felsaad Tern Feathers,0x403CD8E,2,Cure Disease,0xAE722,0.5,5,0
vanilla,Felsaad Tern Feathers,0x403CD8E,3,Resist Magic,0x39E51,1,1,60
vanilla,Fire Petal,0xFE004829,0,Damage Health,0x3EB42,3,3,1
vanilla,Fire Petal,0xFE004829,1,Resist Fire,0x3EAEA,0.5,4,60
vanilla,Fire Petal,0xFE004829,2,Spell Absorption,0xFE004812,0.100000001,50,60
vanilla,Fire Petal,0xFE004829,3,Paralysis,0x73F30,500,0,2
vanilla,Fire Salts,0x3AD5E,0,Weakness to Frost,0x73F2E,0.5,3,30
vanilla,Fire Salts,0x3AD5E,1,Resist Fire,0x3EAEA,0.5,3,60
vanilla,Fire Salts,0x3AD5E,2,Restore Magicka,0x3EB17,0.600000024,5,0
vanilla,Fire Salts,0x3AD5E,3,Regenerate Magicka,0x3EB07,0.100000001,5,300
vanilla,Flame Stalk,0xFE00482A,0,Restore Health,0x3EB15,0.5,6,0
vanilla,Flame Stalk,0xFE00482A,1,Resist Frost,0x3EAEB,0.5,4,60
vanilla,Flame Stalk,0xFE00482A,2,Weakness to Fire,0x73F2D,0.600000024,4,30
vanilla,Flame Stalk,0xFE00482A,3,Invisibility,0x3EB3D,100,0,6
vanilla,Flame Stalk,0x6095E23,0,Restore Health,0x3EB15,0.5,6,0
vanilla,Flame Stalk,0x6095E23,1,Resist Frost,0x3EAEB,0.5,4,60
vanilla,Flame Stalk,0x6095E23,2,Weakness to Fire,0x73F2D,0.600000024,4,30
vanilla,Flame Stalk,0x6095E23,3,Invisibility,0x3EB3D,100,0,6
vanilla,Fly Amanita,0x4DA00,0,Resist Fire,0x3EAEA,0.5,3,60
vanilla,Fly Amanita,0x4DA00,1,Fortify Two-handed,0x3EB1A,0.5,4,60
vanilla,Fly Amanita,0x4DA00,2,Frenzy,0x73F29,15,1,10
vanilla,Fly Amanita,0x4DA00,3,Regenerate Stamina,0x3EB08,0.100000001,5,300
vanilla,Frost Mirriam,0x34D32,0,Resist Frost,0x3EAEB,0.5,3,60
vanilla,Frost Mirriam,0x34D32,1,Fortify Sneak,0x3EB22,0.5,4,60
vanilla,Frost Mirriam,0x34D32,2,Ravage Magicka,0x73F27,1,2,10
vanilla,Frost Mirriam,0x34D32,3,Damage Stamina Regen,0x73F2C,0.300000012,100,5
vanilla,Frost Salts,0x3AD5F,0,Weakness to Fire,0x73F2D,0.600000024,3,30
vanilla,Frost Salts,0x3AD5F,1,Resist Frost,0x3EAEB,0.5,3,60
vanilla,Frost Salts,0x3AD5F,2,Restore Magicka,0x3EB17,0.600000024,5,0
vanilla,Frost Salts,0x3AD5F,3,Fortify Conjuration,0x3EB25,0.25,5,60
vanilla,Fungus Stalk,0xFE00482B,0,Restore Magicka,0x3EB17,0.600000024,6,0
vanilla,Fungus Stalk,0xFE00482B,1,Fortify Health,0x3EAF3,0.349999994,5,300
vanilla,Fungus Stalk,0xFE00482B,2,Fortify Stamina,0x3EAF9,0.300000012,5,300
vanilla,Fungus Stalk,0xFE00482B,3,Waterbreathing,0x3AC2D,30,0,8
vanilla,Garlic,0x34D22,0,Resist Poison,0x90041,0.5,4,60
vanilla,Garlic,0x34D22,1,Fortify Stamina,0x3EAF9,0.300000012,4,60
vanilla,Garlic,0x34D22,2,Regenerate Magicka,0x3EB07,0.100000001,5,300
vanilla,Garlic,0x34D22,3,Regenerate Health,0x3EB06,0.100000001,5,300
vanilla,Giant Lichen,0x7E8C1,0,Weakness to Shock,0x73F2F,0.699999988,3,30
vanilla,Giant Lichen,0x7E8C1,1,Ravage Health,0x73F26,0.400000006,2,10
vanilla,Giant Lichen,0x7E8C1,2,Weakness to Poison,0x90042,1,2,30
vanilla,Giant Lichen,0x7E8C1,3,Restore Magicka,0x3EB17,0.600000024,5,0
vanilla,Giant's Toe,0x3AD64,0,Damage Stamina,0x3A2C6,1.79999995,3,0
vanilla,Giant's Toe,0x3AD64,1,Fortify Health,0x3EAF3,0.349999994,4,300
vanilla,Giant's Toe,0x3AD64,2,Fortify Carry Weight,0x3EB01,0.150000006,4,300
vanilla,Giant's Toe,0x3AD64,3,Damage Stamina Regen,0x73F2C,0.300000012,100,5
vanilla,Glassfish,0x50008EE,0,Restore Magicka,0x3EB17,0.600000024,5,0
vanilla,Glassfish,0x50008EE,1,Invisibility,0x3EB3D,100,0,4
vanilla,Glassfish,0x50008EE,2,Fortify Illusion,0x3EB27,0.400000006,1,60
vanilla,Glassfish,0x50008EE,3,Fortify Persuasion,0xD6947,0.5,1,30
vanilla,Gleamblossom,0x200B097,0,Resist Magic,0x39E51,1,1,60
vanilla,Gleamblossom,0x200B097,1,Fear,0x73F20,5,1,30
vanilla,Gleamblossom,0x200B097,2,Regenerate Health,0x3EB06,0.100000001,5,300
vanilla,Gleamblossom,0x200B097,3,Paralysis,0x73F30,500,0,1
vanilla,Glow Dust,0x3AD73,0,Damage Magicka,0x3A2B6,2.20000005,3,0
vanilla,Glow Dust,0x3AD73,1,Damage Magicka Regen,0x73F2B,0.5,100,5
vanilla,Glow Dust,0x3AD73,2,Fortify Destruction,0x3EB26,0.5,5,60
vanilla,Glow Dust,0x3AD73,3,Resist Shock,0x3EAEC,0.5,3,60
vanilla,Glowing Mushroom,0x7EE01,0,Resist Shock,0x3EAEC,0.5,3,60
vanilla,Glowing Mushroom,0x7EE01,1,Fortify Destruction,0x3EB26,0.5,5,60
vanilla,Glowing Mushroom,0x7EE01,2,Fortify Smithing,0x3EB1D,0.75,4,30
vanilla,Glowing Mushroom,0x7EE01,3,Fortify Health,0x3EAF3,0.349999994,4,60
vanilla,Gnarl Bark,0xFE00482C,0,Damage Health,0x3EB42,3,3,1
vanilla,Gnarl Bark,0xFE00482C,1,Regenerate Health,0x3EB06,0.100000001,6,300
vanilla,Gnarl Bark,0xFE00482C,2,Fortify Heavy Armor,0x3EB1E,0.5,3,60
vanilla,Gnarl Bark,0xFE00482C,3,Resist Fire,0x3EAEA,0.5,4,60
vanilla,Gold Kanet,0xFE00482D,0,Paralysis,0x73F30,500,0,2
vanilla,Gold Kanet,0xFE00482D,1,Ravage Health,0x73F26,0.400000006,3,20
vanilla,Gold Kanet,0xFE00482D,2,Weakness to Frost,0x73F2E,0.5,4,30
vanilla,Gold Kanet,0xFE00482D,3,Fortify Smithing,0x3EB1D,0.75,5,30
vanilla,Goldfish,0x50008EF,0,Restore Stamina,0x3EB16,0.600000024,5,0
vanilla,Goldfish,0x50008EF,1,Fortify Heavy Armor,0x3EB1E,0.5,2,60
vanilla,Goldfish,0x50008EF,2,Waterbreathing,0x3AC2D,30,0,5
vanilla,Goldfish,0x50008EF,3,Resist Frost,0x3EAEB,0.5,3,60
vanilla,Grass Pod,0x83E64,0,Resist Poison,0x90041,0.5,4,60
vanilla,Grass Pod,0x83E64,1,Ravage Magicka,0x73F27,1,2,10
vanilla,Grass Pod,0x83E64,2,Fortify Alteration,0x3EB24,0.200000003,4,60
vanilla,Grass Pod,0x83E64,3,Restore Magicka,0x3EB17,0.600000024,5,0
vanilla,Green Butterfly Wing,0x6059151,0,Restore Magicka,0x3EB17,0.600000024,5,0
vanilla,Green Butterfly Wing,0x6059151,1,Fear,0x73F20,5,1,30
vanilla,Green Butterfly Wing,0x6059151,2,Slow,0x73F25,1,5,30
vanilla,Green Butterfly Wing,0x6059151,3,Invisibility,0x3EB3D,100,0,4
vanilla,Hackle-Lo Leaf,0xFE00482E,0,Restore Stamina,0x3EB16,0.600000024,6,0
vanilla,Hackle-Lo Leaf,0xFE00482E,1,Paralysis,0x73F30,500,0,2
vanilla,Hackle-Lo Leaf,0xFE00482E,2,Waterbreathing,0x3AC2D,30,0,8
vanilla,Hackle-Lo Leaf,0xFE00482E,3,Fortify Restoration,0x3EB28,0.5,5,60
vanilla,Hagraven Claw,0x6B689,0,Resist Magic,0x39E51,1,1,60
vanilla,Hagraven Claw,0x6B689,1,Lingering Damage Magicka,0x10DE5F,10,1,10
vanilla,Hagraven Claw,0x6B689,2,Fortify Enchanting,0x3EB29,0.600000024,1,30
vanilla,Hagraven Claw,0x6B689,3,Fortify Barter,0x3EB23,2,1,30
vanilla,Hagraven Feathers,0x3AD66,0,Damage Magicka,0x3A2B6,2.20000005,3,0
vanilla,Hagraven Feathers,0x3AD66,1,Fortify Conjuration,0x3EB25,0.25,5,60
vanilla,Hagraven Feathers,0x3AD66,2,Frenzy,0x73F29,15,1,10
vanilla,Hagraven Feathers,0x3AD66,3,Weakness to Shock,0x73F2F,0.699999988,3,30
vanilla,Hanging Moss,0x57F91,0,Damage Magicka,0x3A2B6,2.20000005,3,0
vanilla,Hanging Moss,0x57F91,1,Fortify Health,0x3EAF3,0.349999994,4,60
vanilla,Hanging Moss,0x57F91,2,Damage Magicka Regen,0x73F2B,0.5,100,5
vanilla,Hanging Moss,0x57F91,3,Fortify One-handed,0x3EB19,0.5,4,60
vanilla,Hawk Beak,0xE7EBC,0,Restore Stamina,0x3EB16,0.600000024,5,0
vanilla,Hawk Beak,0xE7EBC,1,Resist Frost,0x3EAEB,0.5,3,60
vanilla,Hawk Beak,0xE7EBC,2,Fortify Carry Weight,0x3EB01,0.150000006,4,300
vanilla,Hawk Beak,0xE7EBC,3,Resist Shock,0x3EAEC,0.5,3,60
vanilla,Hawk Feathers,0xE7ED0,0,Cure Disease,0xAE722,0.5,2,0
vanilla,Hawk Feathers,0xE7ED0,1,Fortify Light Armor,0x3EB1F,0.5,2,60
vanilla,Hawk Feathers,0xE7ED0,2,Fortify One-handed,0x3EB19,0.5,4,60
vanilla,Hawk Feathers,0xE7ED0,3,Fortify Sneak,0x3EB22,0.5,4,60
vanilla,Hawk's Egg,0x300F1CC,0,Resist Magic,0x39E51,1,1,60
vanilla,Hawk's Egg,0x300F1CC,1,Damage Magicka Regen,0x73F2B,0.5,100,5
vanilla,Hawk's Egg,0x300F1CC,2,Waterbreathing,0x3AC2D,30,0,5
vanilla,Hawk's Egg,0x300F1CC,3,Lingering Damage Stamina,0x10DE5E,1.79999995,1,10
vanilla,Heart of Order,0xFE004851,0,Restore Health,0x3EB15,0.5,6,0
vanilla,Heart of Order,0xFE004851,1,Fortify Health,0x3EAF3,0.349999994,5,300
vanilla,Heart of Order,0xFE004851,2,Fortify One-handed,0x3EB19,0.5,5,60
vanilla,Heart of Order,0xFE004851,3,Fortify Two-handed,0x3EB1A,0.5,5,60
vanilla,Histcarp,0x106E18,0,Restore Stamina,0x3EB16,0.600000024,5,0
vanilla,Histcarp,0x106E18,1,Fortify Magicka,0x3EAF8,0.300000012,4,60
vanilla,Histcarp,0x106E18,2,Damage Stamina Regen,0x73F2C,0.300000012,100,5
vanilla,Histcarp,0x106E18,3,Waterbreathing,0x3AC2D,30,0,5
vanilla,Honeycomb,0xB08C5,0,Restore Stamina,0x3EB16,0.600000024,5,0
vanilla,Honeycomb,0xB08C5,1,Fortify Block,0x3EB1C,0.5,2,60
vanilla,Honeycomb,0xB08C5,2,Fortify Light Armor,0x3EB1F,0.5,2,60
vanilla,Honeycomb,0xB08C5,3,Ravage Stamina,0x73F23,1.60000002,2,10
vanilla,Human Flesh,0x1016B3,0,Damage Health,0x3EB42,3,2,1
vanilla,Human Flesh,0x1016B3,1,Paralysis,0x73F30,500,0,1
vanilla,Human Flesh,0x1016B3,2,Restore Magicka,0x3EB17,0.600000024,5,0
vanilla,Human Flesh,0x1016B3,3,Fortify Sneak,0x3EB22,0.5,4,60
vanilla,Human Heart,0xB18CD,0,Damage Health,0x3EB42,3,2,1
vanilla,Human Heart,0xB18CD,1,Damage Magicka,0x3A2B6,2.20000005,3,0
vanilla,Human Heart,0xB18CD,2,Damage Magicka Regen,0x73F2B,0.5,100,5
vanilla,Human Heart,0xB18CD,3,Frenzy,0x73F29,15,1,10
vanilla,Hunger Tongue,0xFE00480C,0,Weakness to Fire,0x73F2D,0.600000024,4,60
vanilla,Hunger Tongue,0xFE00480C,1,Cure Disease,0xAE722,0.5,2,0
vanilla,Hunger Tongue,0xFE00480C,2,Cure Poison,0x109ADD,0.200000003,2,0
vanilla,Hunger Tongue,0xFE00480C,3,Fortify Magicka,0x3EAF8,0.300000012,5,60
vanilla,Hydnum Azure Giant Spore,0xFE00480D,0,Resist Frost,0x3EAEB,0.5,4,60
vanilla,Hydnum Azure Giant Spore,0xFE00480D,1,Fortify Health,0x3EAF3,0.349999994,5,300
vanilla,Hydnum Azure Giant Spore,0xFE00480D,2,Regenerate Health,0x3EB06,0.100000001,6,300
vanilla,Hydnum Azure Giant Spore,0xFE00480D,3,Light,0xFE004846,0.5,0,60
vanilla,Hypha Facia,0xFE00480E,0,Weakness to Poison,0x90042,1,3,30
vanilla,Hypha Facia,0xFE00480E,1,Frenzy,0x73F29,15,1,20
vanilla,Hypha Facia,0xFE00480E,2,Ravage Stamina,0x73F23,1.60000002,3,20
vanilla,Hypha Facia,0xFE00480E,3,Resist Magic,0x39E51,1,2,60
vanilla,Ice Wraith Teeth,0x3AD6A,0,Weakness to Frost,0x73F2E,0.5,3,30
vanilla,Ice Wraith Teeth,0x3AD6A,1,Fortify Heavy Armor,0x3EB1E,0.5,2,60
vanilla,Ice Wraith Teeth,0x3AD6A,2,Invisibility,0x3EB3D,100,0,4
vanilla,Ice Wraith Teeth,0x3AD6A,3,Weakness to Fire,0x73F2D,0.600000024,3,30
vanilla,Imp Gall,0xFE00480F,0,Damage Health,0x3EB42,3,3,1
vanilla,Imp Gall,0xFE00480F,1,Weakness to Fire,0x73F2D,0.600000024,4,30
vanilla,Imp Gall,0xFE00480F,2,Fortify Barter,0x3EB23,2,2,30
vanilla,Imp Gall,0xFE00480F,3,Cure Poison,0x109ADD,0.200000003,2,0
vanilla,Imp Stool,0x4DA23,0,Damage Health,0x3EB42,3,2,1
vanilla,Imp Stool,0x4DA23,1,Lingering Damage Health,0x10AA4A,12,1,10
vanilla,Imp Stool,0x4DA23,2,Paralysis,0x73F30,500,0,1
vanilla,Imp Stool,0x4DA23,3,Restore Health,0x3EB15,0.5,3,0
vanilla,Jarrin Root,0x1BCBC,0,Damage Health,0x3EB42,3,200,1
vanilla,Jarrin Root,0x1BCBC,1,Damage Magicka,0x3A2B6,2.20000005,3,0
vanilla,Jarrin Root,0x1BCBC,2,Damage Stamina,0x3A2C6,1.79999995,3,0
vanilla,Jarrin Root,0x1BCBC,3,Damage Magicka Regen,0x73F2B,0.5,100,5
vanilla,Jazbay Grapes,0x6AC4A,0,Weakness to Magic,0x73F51,1,2,30
vanilla,Jazbay Grapes,0x6AC4A,1,Fortify Magicka,0x3EAF8,0.300000012,4,60
vanilla,Jazbay Grapes,0x6AC4A,2,Regenerate Magicka,0x3EB07,0.100000001,5,300
vanilla,Jazbay Grapes,0x6AC4A,3,Ravage Health,0x73F26,0.400000006,2,10
vanilla,Juniper Berries,0x5076E,0,Weakness to Fire,0x73F2D,0.600000024,3,30
vanilla,Juniper Berries,0x5076E,1,Fortify Archery,0x3EB1B,0.5,4,60
vanilla,Juniper Berries,0x5076E,2,Regenerate Health,0x3EB06,0.100000001,5,300
vanilla,Juniper Berries,0x5076E,3,Damage Stamina Regen,0x73F2C,0.300000012,100,5
vanilla,Juvenile Mudcrab,0x50008F2,0,Regenerate Stamina,0x3EB08,0.100000001,5,300
vanilla,Juvenile Mudcrab,0x50008F2,1,Fortify Carry Weight,0x3EB01,0.150000006,4,300
vanilla,Juvenile Mudcrab,0x50008F2,2,Cure Disease,0xAE722,0.5,5,0
vanilla,Juvenile Mudcrab,0x50008F2,3,Fortify Two-handed,0x3EB1A,0.5,4,60
vanilla,Kagouti Hide,0xFE004810,0,Lingering Damage Stamina,0x10DE5E,1.79999995,2,10
vanilla,Kagouti Hide,0xFE004810,1,Night Eye,0xFE004803,0.75,0,60
vanilla,Kagouti Hide,0xFE004810,2,Fortify Carry Weight,0x3EB01,0.150000006,5,300
vanilla,Kagouti Hide,0xFE004810,3,Resist Shock,0x3EAEC,0.5,4,60
vanilla,Kresh Fiber,0xFE004811,0,Weakness to Magic,0x73F51,1,3,30
vanilla,Kresh Fiber,0xFE004811,1,Slow,0x73F25,1,50,10
vanilla,Kresh Fiber,0xFE004811,2,Fortify Sneak,0x3EB22,0.5,5,60
vanilla,Kresh Fiber,0xFE004811,3,Fortify Pickpocket,0x3EB20,0.5,5,60
vanilla,Large Antlers,0x6BC0A,0,Restore Stamina,0x3EB16,0.600000024,5,0
vanilla,Large Antlers,0x6BC0A,1,Fortify Stamina,0x3EAF9,0.300000012,4,60
vanilla,Large Antlers,0x6BC0A,2,Slow,0x73F25,1,50,5
vanilla,Large Antlers,0x6BC0A,3,Damage Stamina Regen,0x73F2C,0.300000012,100,5
vanilla,Lavender,0x45C28,0,Resist Magic,0x39E51,1,1,60
vanilla,Lavender,0x45C28,1,Fortify Stamina,0x3EAF9,0.300000012,4,60
vanilla,Lavender,0x45C28,2,Ravage Magicka,0x73F27,1,2,10
vanilla,Lavender,0x45C28,3,Fortify Conjuration,0x3EB25,0.25,4,60
vanilla,Lichor,0xFE004837,0,Restore Magicka,0x3EB17,0.600000024,6,0
vanilla,Lichor,0xFE004837,1,Regenerate Magicka,0x3EB07,0.100000001,6,300
vanilla,Lichor,0xFE004837,2,Fortify Magicka,0x3EAF8,0.300000012,5,60
vanilla,Lichor,0xFE004837,3,Spell Absorption,0xFE004812,0.100000001,50,60
vanilla,Luminous Russula,0xFE004813,0,Lingering Damage Stamina,0x10DE5E,1.79999995,2,10
vanilla,Luminous Russula,0xFE004813,1,Lingering Damage Health,0x10AA4A,12,2,10
vanilla,Luminous Russula,0xFE004813,2,Waterbreathing,0x3AC2D,30,0,8
vanilla,Luminous Russula,0xFE004813,3,Fear,0x73F20,5,2,30
vanilla,Luna Moth Wing,0x727DF,0,Damage Magicka,0x3A2B6,2.20000005,3,0
vanilla,Luna Moth Wing,0x727DF,1,Fortify Light Armor,0x3EB1F,0.5,2,60
vanilla,Luna Moth Wing,0x727DF,2,Regenerate Health,0x3EB06,0.100000001,5,300
vanilla,Luna Moth Wing,0x727DF,3,Invisibility,0x3EB3D,100,0,4
vanilla,Lyretail Anthias,0x50008F1,0,Restore Magicka,0x3EB17,0.600000024,5,0
vanilla,Lyretail Anthias,0x50008F1,1,Fortify Alteration,0x3EB24,0.200000003,4,60
vanilla,Lyretail Anthias,0x50008F1,2,Fortify Conjuration,0x3EB25,0.25,5,60
vanilla,Lyretail Anthias,0x50008F1,3,Fortify Carry Weight,0x3EB01,0.150000006,4,300
vanilla,Marshmerrow,0xFE004814,0,Restore Health,0x3EB15,0.5,6,0
vanilla,Marshmerrow,0xFE004814,1,Fortify Carry Weight,0x3EB01,0.150000006,5,300
vanilla,Marshmerrow,0xFE004814,2,Weakness to Magic,0x73F51,1,3,30
vanilla,Marshmerrow,0xFE004814,3,Damage Stamina,0x3A2C6,1.79999995,4,0
vanilla,Minotaur Horn,0xFE004815,0,Resist Poison,0x90041,0.5,5,60
vanilla,Minotaur Horn,0xFE004815,1,Damage Magicka Regen,0x73F2B,0.5,100,10
vanilla,Minotaur Horn,0xFE004815,2,Regenerate Health,0x3EB06,0.100000001,6,300
vanilla,Minotaur Horn,0xFE004815,3,Regenerate Magicka,0x3EB07,0.100000001,6,300
vanilla,Moon Sugar,0xD8E3F,0,Weakness to Fire,0x73F2D,0.600000024,3,30
vanilla,Moon Sugar,0xD8E3F,1,Resist Frost,0x3EAEB,0.5,3,60
vanilla,Moon Sugar,0xD8E3F,2,Restore Magicka,0x3EB17,0.600000024,5,0
vanilla,Moon Sugar,0xD8E3F,3,Regenerate Magicka,0x3EB07,0.100000001,5,300
vanilla,Mora Tapinella,0xEC870,0,Restore Magicka,0x3EB17,0.600000024,5,0
vanilla,Mora Tapinella,0xEC870,1,Lingering Damage Health,0x10AA4A,12,1,10
vanilla,Mora Tapinella,0xEC870,2,Regenerate Stamina,0x3EB08,0.100000001,5,300
vanilla,Mora Tapinella,0xEC870,3,Fortify Illusion,0x3EB27,0.400000006,4,60
vanilla,Mudcrab Chitin,0x6BC00,0,Restore Stamina,0x3EB16,0.600000024,5,0
vanilla,Mudcrab Chitin,0x6BC00,1,Cure Disease,0xAE722,0.5,5,0
vanilla,Mudcrab Chitin,0x6BC00,2,Resist Poison,0x90041,0.5,4,60
vanilla,Mudcrab Chitin,0x6BC00,3,Resist Fire,0x3EAEA,0.5,3,60
vanilla,Namira's Rot,0x4DA24,0,Damage Magicka,0x3A2B6,2.20000005,3,0
vanilla,Namira's Rot,0x4DA24,1,Fortify Lockpicking,0x3EB21,0.5,2,30
vanilla,Namira's Rot,0x4DA24,2,Fear,0x73F20,5,1,30
vanilla,Namira's Rot,0x4DA24,3,Regenerate Health,0x3EB06,0.100000001,5,300
vanilla,Netch Jelly,0x401CD72,0,Paralysis,0x73F30,500,0,1
vanilla,Netch Jelly,0x401CD72,1,Fortify Carry Weight,0x3EB01,0.150000006,4,300
vanilla,Netch Jelly,0x401CD72,2,Restore Stamina,0x3EB16,0.600000024,10,0
vanilla,Netch Jelly,0x401CD72,3,Fear,0x73F20,5,1,30
vanilla,Nightshade,0x2F44C,0,Damage Health,0x3EB42,3,2,1
vanilla,Nightshade,0x2F44C,1,Damage Magicka Regen,0x73F2B,0.5,100,5
vanilla,Nightshade,0x2F44C,2,Lingering Damage Stamina,0x10DE5E,1.79999995,1,10
vanilla,Nightshade,0x2F44C,3,Fortify Destruction,0x3EB26,0.5,4,60
vanilla,Nirnroot,0x59B86,0,Damage Health,0x3EB42,3,2,0
vanilla,Nirnroot,0x59B86,1,Damage Stamina,0x3A2C6,1.79999995,3,0
vanilla,Nirnroot,0x59B86,2,Invisibility,0x3EB3D,100,0,4
vanilla,Nirnroot,0x59B86,3,Resist Magic,0x39E51,1,1,60
vanilla,Nordic Barnacle,0x7EDF5,0,Damage Magicka,0x3A2B6,2.20000005,3,0
vanilla,Nordic Barnacle,0x7EDF5,1,Waterbreathing,0x3AC2D,30,0,5
vanilla,Nordic Barnacle,0x7EDF5,2,Regenerate Health,0x3EB06,0.100000001,5,300
vanilla,Nordic Barnacle,0x7EDF5,3,Fortify Pickpocket,0x3EB20,0.5,4,60
vanilla,Ogre's Teeth,0xFE004816,0,Weakness to Shock,0x73F2F,0.699999988,4,30
vanilla,Ogre's Teeth,0xFE004816,1,Resist Poison,0x90041,0.5,5,60
vanilla,Ogre's Teeth,0xFE004816,2,Lingering Damage Magicka,0x10DE5F,10,2,10
vanilla,Ogre's Teeth,0xFE004816,3,Regenerate Health,0x3EB06,0.100000001,6,300
vanilla,Orange Dartwing,0xBB956,0,Restore Stamina,0x3EB16,0.600000024,5,0
vanilla,Orange Dartwing,0xBB956,1,Ravage Magicka,0x73F27,1,2,10
vanilla,Orange Dartwing,0xBB956,2,Fortify Pickpocket,0x3EB20,0.5,4,60
vanilla,Orange Dartwing,0xBB956,3,Lingering Damage Health,0x10AA4A,12,1,10
vanilla,Pearl,0x854FE,0,Restore Stamina,0x3EB16,0.600000024,5,0
vanilla,Pearl,0x854FE,1,Fortify Block,0x3EB1C,0.5,4,60
vanilla,Pearl,0x854FE,2,Restore Magicka,0x3EB17,0.600000024,5,0
vanilla,Pearl,0x854FE,3,Resist Shock,0x3EAEC,0.5,3,60
vanilla,Pearlfish,0x50008EC,0,Restore Stamina,0x3EB16,0.600000024,5,0
vanilla,Pearlfish,0x50008EC,1,Resist Frost,0x3EAEB,0.5,3,60
vanilla,Pearlfish,0x50008EC,2,Fortify Smithing,0x3EB1D,0.75,4,30
vanilla,Pearlfish,0x50008EC,3,Fortify One-handed,0x3EB19,0.5,4,60
vanilla,Pine Thrush Egg,0x23D6F,0,Restore Stamina,0x3EB16,0.600000024,5,0
vanilla,Pine Thrush Egg,0x23D6F,1,Fortify Lockpicking,0x3EB21,0.5,2,30
vanilla,Pine Thrush Egg,0x23D6F,2,Weakness to Poison,0x90042,1,2,30
vanilla,Pine Thrush Egg,0x23D6F,3,Resist Shock,0x3EAEC,0.5,3,60
vanilla,Poison Bloom,0x20185FB,0,Damage Health,0x3EB42,3,3,1
vanilla,Poison Bloom,0x20185FB,1,Slow,0x73F25,1,50,5
vanilla,Poison Bloom,0x20185FB,2,Fortify Carry Weight,0x3EB01,0.150000006,4,300
vanilla,Poison Bloom,0x20185FB,3,Fear,0x73F20,5,1,30
vanilla,Powdered Mammoth Tusk,0x6BC10,0,Restore Stamina,0x3EB16,0.600000024,5,0
vanilla,Powdered Mammoth Tusk,0x6BC10,1,Fortify Sneak,0x3EB22,0.5,4,60
vanilla,Powdered Mammoth Tusk,0x6BC10,2,Weakness to Fire,0x73F2D,0.600000024,3,30
vanilla,Powdered Mammoth Tusk,0x6BC10,3,Fear,0x73F20,5,1,30
vanilla,Purple Butterfly Wing,0x6059153,0,Regenerate Health,0x3EB06,0.100000001,5,300
vanilla,Purple Butterfly Wing,0x6059153,1,Regenerate Magicka,0x3EB07,0.100000001,5,300
vanilla,Purple Butterfly Wing,0x6059153,2,Regenerate Stamina,0x3EB08,0.100000001,5,300
vanilla,Purple Butterfly Wing,0x6059153,3,Paralysis,0x73F30,500,0,1
vanilla,Purple Mountain Flower,0x77E1E,0,Restore Stamina,0x3EB16,0.600000024,5,0
vanilla,Purple Mountain Flower,0x77E1E,1,Fortify Sneak,0x3EB22,0.5,4,60
vanilla,Purple Mountain Flower,0x77E1E,2,Lingering Damage Magicka,0x10DE5F,10,1,10
vanilla,Purple Mountain Flower,0x77E1E,3,Resist Frost,0x3EAEB,0.5,3,60
vanilla,Pygmy Sunfish,0x50008ED,0,Restore Stamina,0x3EB16,0.600000024,5,0
vanilla,Pygmy Sunfish,0x50008ED,1,Lingering Damage Magicka,0x10DE5F,10,1,10
vanilla,Pygmy Sunfish,0x50008ED,2,Damage Magicka Regen,0x73F2B,0.5,100,5
vanilla,Pygmy Sunfish,0x50008ED,3,Fortify Restoration,0x3EB28,0.5,4,60
vanilla,Red Kelp Gas Bladder,0xFE004817,0,Regenerate Stamina,0x3EB08,0.100000001,6,300
vanilla,Red Kelp Gas Bladder,0xFE004817,1,Waterbreathing,0x3AC2D,30,0,8
vanilla,Red Kelp Gas Bladder,0xFE004817,2,Cure Disease,0xAE722,0.5,2,0
vanilla,Red Kelp Gas Bladder,0xFE004817,3,Fortify Magicka,0x3EAF8,0.300000012,5,60
vanilla,Red Mountain Flower,0x77E1D,0,Restore Magicka,0x3EB17,0.600000024,5,0
vanilla,Red Mountain Flower,0x77E1D,1,Ravage Magicka,0x73F27,1,2,10
vanilla,Red Mountain Flower,0x77E1D,2,Fortify Magicka,0x3EAF8,0.300000012,4,60
vanilla,Red Mountain Flower,0x77E1D,3,Damage Health,0x3EB42,3,2,1
vanilla,Redwort Flower,0xFE004818,0,Resist Frost,0x3EAEB,0.5,4,60
vanilla,Redwort Flower,0xFE004818,1,Cure Poison,0x109ADD,0.200000003,2,0
vanilla,Redwort Flower,0xFE004818,2,Damage Health,0x3EB42,3,3,1
vanilla,Redwort Flower,0xFE004818,3,Invisibility,0x3EB3D,100,0,6
vanilla,River Betty,0x106E1A,0,Damage Health,0x3EB42,3,5,0
vanilla,River Betty,0x106E1A,1,Fortify Alteration,0x3EB24,0.200000003,4,60
vanilla,River Betty,0x106E1A,2,Slow,0x73F25,1,50,5
vanilla,River Betty,0x106E1A,3,Fortify Carry Weight,0x3EB01,0.150000006,4,300
vanilla,Rock Warbler Egg,0x7E8C8,0,Restore Health,0x3EB15,0.5,5,0
vanilla,Rock Warbler Egg,0x7E8C8,1,Fortify One-handed,0x3EB19,0.5,4,60
vanilla,Rock Warbler Egg,0x7E8C8,2,Damage Stamina,0x3A2C6,1.79999995,3,0
vanilla,Rock Warbler Egg,0x7E8C8,3,Weakness to Magic,0x73F51,1,2,30
vanilla,Roobrush,0xFE004819,0,Weakness to Magic,0x73F51,1,3,30
vanilla,Roobrush,0xFE004819,1,Fortify Sneak,0x3EB22,0.5,5,60
vanilla,Roobrush,0xFE004819,2,Lingering Damage Health,0x10AA4A,12,2,10
vanilla,Roobrush,0xFE004819,3,Cure Poison,0x109ADD,0.200000003,2,0
vanilla,Rot Scale,0x100306D,0,Slow,0x73F25,1,5,30
vanilla,Rot Scale,0x100306D,1,Lingering Damage Health,0x10AA4A,12,1,30
vanilla,Rot Scale,0x100306D,2,Fear,0x73F20,5,1,5
vanilla,Rot Scale,0x100306D,3,Paralysis,0x73F30,500,0,1
vanilla,Sabre Cat Tooth,0x6BC04,0,Restore Stamina,0x3EB16,0.600000024,5,0
vanilla,Sabre Cat Tooth,0x6BC04,1,Fortify Heavy Armor,0x3EB1E,0.5,2,60
vanilla,Sabre Cat Tooth,0x6BC04,2,Fortify Smithing,0x3EB1D,0.75,4,30
vanilla,Sabre Cat Tooth,0x6BC04,3,Weakness to Poison,0x90042,1,2,30
vanilla,Salmon Roe,0x3003545,0,Restore Stamina,0x3EB16,0.600000024,2,0
vanilla,Salmon Roe,0x3003545,1,Waterbreathing,0x3AC2D,30,0,60
vanilla,Salmon Roe,0x3003545,2,Fortify Magicka,0x3EAF8,0.300000012,50,5
vanilla,Salmon Roe,0x3003545,3,Regenerate Magicka,0x3EB07,0.100000001,5,300
vanilla,Salt Pile,0x74A19,0,Weakness to Magic,0x73F51,1,2,30
vanilla,Salt Pile,0x74A19,1,Fortify Restoration,0x3EB28,0.5,4,60
vanilla,Salt Pile,0x74A19,2,Slow,0x73F25,1,50,5
vanilla,Salt Pile,0x74A19,3,Regenerate Magicka,0x3EB07,0.100000001,5,300
vanilla,Salt Pile,0x34CDF,0,Weakness to Magic,0x73F51,1,2,30
vanilla,Salt Pile,0x34CDF,1,Fortify Restoration,0x3EB28,0.5,4,60
vanilla,Salt Pile,0x34CDF,2,Slow,0x73F25,1,50,5
vanilla,Salt Pile,0x34CDF,3,Regenerate Magicka,0x3EB07,0.100000001,5,300
vanilla,Saltrice,0xFE00481A,0,Restore Stamina,0x3EB16,0.600000024,6,0
vanilla,Saltrice,0xFE00481A,1,Fortify Magicka,0x3EAF8,0.300000012,5,60
vanilla,Saltrice,0xFE00481A,2,Damage Stamina Regen,0x73F2C,0.300000012,100,10
vanilla,Saltrice,0xFE00481A,3,Restore Health,0x3EB15,0.5,6,0
vanilla,Scalon Fin,0xFE00481B,0,Waterbreathing,0x3AC2D,30,0,8
vanilla,Scalon Fin,0xFE00481B,1,Damage Health,0x3EB42,3,3,1
vanilla,Scalon Fin,0xFE00481B,2,Lingering Damage Magicka,0x10DE5F,10,2,10
vanilla,Scalon Fin,0xFE00481B,3,Damage Magicka Regen,0x73F2B,0.5,100,10
vanilla,Scaly Pholiota,0x6F950,0,Weakness to Magic,0x73F51,1,2,30
vanilla,Scaly Pholiota,0x6F950,1,Fortify Illusion,0x3EB27,0.400000006,4,60
vanilla,Scaly Pholiota,0x6F950,2,Regenerate Stamina,0x3EB08,0.100000001,5,300
vanilla,Scaly Pholiota,0x6F950,3,Fortify Carry Weight,0x3EB01,0.150000006,4,300
vanilla,Scathecraw,0x4017E97,0,Ravage Health,0x73F26,0.400000006,2,10
vanilla,Scathecraw,0x4017E97,1,Ravage Stamina,0x73F23,1.60000002,2,10
vanilla,Scathecraw,0x4017E97,2,Ravage Magicka,0x73F27,1,2,10
vanilla,Scathecraw,0x4017E97,3,Lingering Damage Health,0x10AA4A,12,1,10
vanilla,Screaming Maw,0x100306E,0,Regenerate Magicka,0x3EB07,0.100000001,20,60
vanilla,Screaming Maw,0x100306E,1,Fortify Alteration,0x3EB24,0.200000003,5,60
vanilla,Screaming Maw,0x100306E,2,Invisibility,0x3EB3D,100,0,1
vanilla,Screaming Maw,0x100306E,3,Regenerate Health,0x3EB06,0.100000001,20,10
vanilla,Scrib Jelly,0xFE00481C,0,Regenerate Magicka,0x3EB07,0.100000001,6,300
vanilla,Scrib Jelly,0xFE00481C,1,Cure Poison,0x109ADD,0.200000003,2,0
vanilla,Scrib Jelly,0xFE00481C,2,Cure Disease,0xAE722,0.5,2,0
vanilla,Scrib Jelly,0xFE00481C,3,Regenerate Stamina,0x3EB08,0.100000001,6,300
vanilla,Scrib Jerky,0xFE00481D,0,Restore Stamina,0x3EB16,0.600000024,6,0
vanilla,Scrib Jerky,0xFE00481D,1,Fortify Stamina,0x3EAF9,0.300000012,5,300
vanilla,Scrib Jerky,0xFE00481D,2,Paralysis,0x73F30,500,0,2
vanilla,Scrib Jerky,0xFE00481D,3,Waterbreathing,0x3AC2D,30,0,8
vanilla,Silverside Perch,0x106E1C,0,Restore Stamina,0x3EB16,0.600000024,5,0
vanilla,Silverside Perch,0x106E1C,1,Damage Stamina Regen,0x73F2C,0.300000012,100,5
vanilla,Silverside Perch,0x106E1C,2,Ravage Health,0x73F26,0.400000006,2,10
vanilla,Silverside Perch,0x106E1C,3,Resist Frost,0x3EAEB,0.5,3,60
vanilla,Skeever Tail,0x3AD6F,0,Damage Stamina Regen,0x73F2C,0.300000012,100,5
vanilla,Skeever Tail,0x3AD6F,1,Ravage Health,0x73F26,0.400000006,2,10
vanilla,Skeever Tail,0x3AD6F,2,Damage Health,0x3EB42,3,2,1
vanilla,Skeever Tail,0x3AD6F,3,Fortify Light Armor,0x3EB1F,0.5,2,60
vanilla,Slaughterfish Egg,0x7E8C5,0,Resist Poison,0x90041,0.5,4,60
vanilla,Slaughterfish Egg,0x7E8C5,1,Fortify Pickpocket,0x3EB20,0.5,4,60
vanilla,Slaughterfish Egg,0x7E8C5,2,Lingering Damage Health,0x10AA4A,12,1,10
vanilla,Slaughterfish Egg,0x7E8C5,3,Fortify Stamina,0x3EAF9,0.300000012,4,60
vanilla,Slaughterfish Scales,0x3AD70,0,Resist Frost,0x3EAEB,0.5,3,60
vanilla,Slaughterfish Scales,0x3AD70,1,Lingering Damage Health,0x10AA4A,12,1,10
vanilla,Slaughterfish Scales,0x3AD70,2,Fortify Heavy Armor,0x3EB1E,0.5,2,60
vanilla,Slaughterfish Scales,0x3AD70,3,Fortify Block,0x3EB1C,0.5,4,60
vanilla,Sload Soap,0xFE00481E,0,Resist Fire,0x3EAEA,0.5,4,60
vanilla,Sload Soap,0xFE00481E,1,Fear,0x73F20,5,2,30
vanilla,Sload Soap,0xFE00481E,2,Fortify Conjuration,0x3EB25,0.25,6,60
vanilla,Sload Soap,0xFE00481E,3,Fortify Alteration,0x3EB24,0.200000003,5,60
vanilla,Small Antlers,0x6BC0B,0,Weakness to Poison,0x90042,1,2,30
vanilla,Small Antlers,0x6BC0B,1,Fortify Restoration,0x3EB28,0.5,4,60
vanilla,Small Antlers,0x6BC0B,2,Lingering Damage Stamina,0x10DE5E,1.79999995,1,10
vanilla,Small Antlers,0x6BC0B,3,Damage Health,0x3EB42,3,2,1
vanilla,Small Pearl,0x85500,0,Restore Stamina,0x3EB16,0.600000024,5,0
vanilla,Small Pearl,0x85500,1,Fortify One-handed,0x3EB19,0.5,4,60
vanilla,Small Pearl,0x85500,2,Fortify Restoration,0x3EB28,0.5,4,60
vanilla,Small Pearl,0x85500,3,Resist Frost,0x3EAEB,0.5,3,60
vanilla,Snowberries,0x1B3BD,0,Resist Fire,0x3EAEA,0.5,3,60
vanilla,Snowberries,0x1B3BD,1,Fortify Enchanting,0x3EB29,0.600000024,1,30
vanilla,Snowberries,0x1B3BD,2,Resist Frost,0x3EAEB,0.5,3,60
vanilla,Snowberries,0x1B3BD,3,Resist Shock,0x3EAEC,0.5,3,60
vanilla,Spadefish,0x50008F3,0,Restore Health,0x3EB15,0.5,5,0
vanilla,Spadefish,0x50008F3,1,Fortify Lockpicking,0x3EB21,0.5,2,30
vanilla,Spadefish,0x50008F3,2,Fortify Pickpocket,0x3EB20,0.5,4,60
vanilla,Spadefish,0x50008F3,3,Cure Disease,0xAE722,0.5,5,0
vanilla,Spawn Ash,0x401CD6D,0,Ravage Stamina,0x73F23,1.60000002,2,10
vanilla,Spawn Ash,0x401CD6D,1,Resist Fire,0x3EAEA,0.5,3,60
vanilla,Spawn Ash,0x401CD6D,2,Fortify Enchanting,0x3EB29,0.600000024,1,30
vanilla,Spawn Ash,0x401CD6D,3,Ravage Magicka,0x73F27,1,2,10
vanilla,Spider Egg,0x9151B,0,Damage Stamina,0x3A2C6,1.79999995,3,0
vanilla,Spider Egg,0x9151B,1,Damage Magicka Regen,0x73F2B,0.5,100,5
vanilla,Spider Egg,0x9151B,2,Fortify Lockpicking,0x3EB21,0.5,2,30
vanilla,Spider Egg,0x9151B,3,Fortify Archery,0x3EB1B,0.5,4,60
vanilla,Spriggan Sap,0x63B5F,0,Damage Magicka Regen,0x73F2B,0.5,100,5
vanilla,Spriggan Sap,0x63B5F,1,Fortify Enchanting,0x3EB29,0.600000024,1,30
vanilla,Spriggan Sap,0x63B5F,2,Fortify Smithing,0x3EB1D,0.75,4,30
vanilla,Spriggan Sap,0x63B5F,3,Fortify Alteration,0x3EB24,0.200000003,4,60
vanilla,Stoneflower Petals,0xFE00481F,0,Weakness to Shock,0x73F2F,0.699999988,4,30
vanilla,Stoneflower Petals,0xFE00481F,1,Fortify One-handed,0x3EB19,0.5,5,60
vanilla,Stoneflower Petals,0xFE00481F,2,Fortify Magicka,0x3EAF8,0.300000012,5,60
vanilla,Stoneflower Petals,0xFE00481F,3,Fortify Enchanting,0x3EB29,0.600000024,2,30
vanilla,Swamp Fungal Pod,0x7E8B7,0,Resist Shock,0x3EAEC,0.5,3,60
vanilla,Swamp Fungal Pod,0x7E8B7,1,Lingering Damage Magicka,0x10DE5F,10,1,10
vanilla,Swamp Fungal Pod,0x7E8B7,2,Paralysis,0x73F30,500,0,1
vanilla,Swamp Fungal Pod,0x7E8B7,3,Restore Health,0x3EB15,0.5,5,0
vanilla,Taproot,0x3AD71,0,Weakness to Magic,0x73F51,1,2,30
vanilla,Taproot,0x3AD71,1,Fortify Illusion,0x3EB27,0.400000006,4,60
vanilla,Taproot,0x3AD71,2,Regenerate Magicka,0x3EB07,0.100000001,5,300
vanilla,Taproot,0x3AD71,3,Restore Magicka,0x3EB17,0.600000024,5,0
vanilla,Thistle Branch,0x134AA,0,Resist Frost,0x3EAEB,0.5,3,60
vanilla,Thistle Branch,0x134AA,1,Ravage Stamina,0x73F23,1.60000002,2,10
vanilla,Thistle Branch,0x134AA,2,Resist Poison,0x90041,0.5,3,0
vanilla,Thistle Branch,0x134AA,3,Fortify Heavy Armor,0x3EB1E,0.5,2,60
vanilla,Thorn Hook,0x100306F,0,Lingering Damage Health,0x10AA4A,12,1,10
vanilla,Thorn Hook,0x100306F,1,Paralysis,0x73F30,500,0,1
vanilla,Thorn Hook,0x100306F,2,Regenerate Magicka,0x3EB07,0.100000001,3,180
vanilla,Thorn Hook,0x100306F,3,Regenerate Health,0x3EB06,0.100000001,3,180
vanilla,Torchbug Thorax,0x4DA73,0,Restore Stamina,0x3EB16,0.600000024,5,0
vanilla,Torchbug Thorax,0x4DA73,1,Lingering Damage Magicka,0x10DE5F,10,1,10
vanilla,Torchbug Thorax,0x4DA73,2,Weakness to Magic,0x73F51,1,2,30
vanilla,Torchbug Thorax,0x4DA73,3,Fortify Stamina,0x3EAF9,0.300000012,4,60
vanilla,Trama Root,0x4017008,0,Weakness to Shock,0x73F2F,0.699999988,3,30
vanilla,Trama Root,0x4017008,1,Fortify Carry Weight,0x3EB01,0.150000006,4,300
vanilla,Trama Root,0x4017008,2,Damage Magicka,0x3A2B6,2.20000005,3,0
vanilla,Trama Root,0x4017008,3,Slow,0x73F25,1,50,5
vanilla,Troll Fat,0x3AD72,0,Resist Poison,0x90041,0.5,4,60
vanilla,Troll Fat,0x3AD72,1,Fortify Two-handed,0x3EB1A,0.5,4,60
vanilla,Troll Fat,0x3AD72,2,Frenzy,0x73F29,15,1,10
vanilla,Troll Fat,0x3AD72,3,Damage Health,0x3EB42,3,2,1
vanilla,Tundra Cotton,0x3F7F8,0,Resist Magic,0x39E51,1,1,60
vanilla,Tundra Cotton,0x3F7F8,1,Fortify Magicka,0x3EAF8,0.300000012,4,60
vanilla,Tundra Cotton,0x3F7F8,2,Fortify Block,0x3EB1C,0.5,4,60
vanilla,Tundra Cotton,0x3F7F8,3,Fortify Barter,0x3EB23,2,1,30
vanilla,Vampire Dust,0x3AD76,0,Invisibility,0x3EB3D,100,0,4
vanilla,Vampire Dust,0x3AD76,1,Restore Magicka,0x3EB17,0.600000024,5,0
vanilla,Vampire Dust,0x3AD76,2,Regenerate Health,0x3EB06,0.100000001,5,300
vanilla,Vampire Dust,0x3AD76,3,Cure Disease,0xAE722,0.5,5,0
vanilla,Void Essence,0xFE004820,0,Restore Health,0x3EB15,0.5,6,0
vanilla,Void Essence,0xFE004820,1,Fortify Health,0x3EAF3,0.349999994,5,300
vanilla,Void Essence,0xFE004820,2,Fortify Stamina,0x3EAF9,0.300000012,5,300
vanilla,Void Essence,0xFE004820,3,Regenerate Health,0x3EB06,0.100000001,6,300
vanilla,Void Salts,0x3AD60,0,Weakness to Shock,0x73F2F,0.699999988,3,30
vanilla,Void Salts,0x3AD60,1,Resist Magic,0x39E51,1,1,60
vanilla,Void Salts,0x3AD60,2,Damage Health,0x3EB42,3,2,1
vanilla,Void Salts,0x3AD60,3,Fortify Magicka,0x3EAF8,0.300000012,4,60
vanilla,Watcher's Eye,0xFE004821,0,Night Eye,0xFE004803,0.75,0,60
vanilla,Watcher's Eye,0xFE004821,1,Fortify Magicka,0x3EAF8,0.300000012,5,60
vanilla,Watcher's Eye,0xFE004821,2,Fortify Illusion,0x3EB27,0.400000006,5,60
vanilla,Watcher's Eye,0xFE004821,3,Spell Absorption,0xFE004812,0.100000001,50,60
vanilla,Wheat,0x4B0BA,0,Restore Health,0x3EB15,0.5,5,0
vanilla,Wheat,0x4B0BA,1,Fortify Health,0x3EAF3,0.349999994,4,60
vanilla,Wheat,0x4B0BA,2,Damage Stamina Regen,0x73F2C,0.300000012,100,5
vanilla,Wheat,0x4B0BA,3,Lingering Damage Magicka,0x10DE5F,10,1,10
vanilla,White Cap,0x4DA22,0,Weakness to Frost,0x73F2E,0.5,3,30
vanilla,White Cap,0x4DA22,1,Fortify Heavy Armor,0x3EB1E,0.5,2,60
vanilla,White Cap,0x4DA22,2,Restore Magicka,0x3EB17,0.600000024,5,0
vanilla,White Cap,0x4DA22,3,Ravage Magicka,0x73F27,1,2,10
vanilla,Wisp Stalk Caps,0xFE004823,0,Damage Health,0x3EB42,3,3,1
vanilla,Wisp Stalk Caps,0xFE004823,1,Weakness to Poison,0x90042,1,3,30
vanilla,Wisp Stalk Caps,0xFE004823,2,Frenzy,0x73F29,15,1,20
vanilla,Wisp Stalk Caps,0xFE004823,3,Regenerate Stamina,0x3EB08,0.100000001,6,300
vanilla,Wisp Wrappings,0x6BC0E,0,Restore Stamina,0x3EB16,0.600000024,5,0
vanilla,Wisp Wrappings,0x6BC0E,1,Fortify Destruction,0x3EB26,0.5,5,60
vanilla,Wisp Wrappings,0x6BC0E,2,Fortify Carry Weight,0x3EB01,0.150000006,4,300
vanilla,Wisp Wrappings,0x6BC0E,3,Resist Magic,0x39E51,1,1,60
vanilla,Withering Moon,0xFE004824,0,Restore Magicka,0x3EB17,0.600000024,6,0
vanilla,Withering Moon,0xFE004824,1,Spell Absorption,0xFE004812,0.100000001,50,60
vanilla,Withering Moon,0xFE004824,2,Fortify Light Armor,0x3EB1F,0.5,3,60
vanilla,Withering Moon,0xFE004824,3,Cure Disease,0xAE722,0.5,2,0
vanilla,Worm's Head Cap,0xFE004825,0,Fortify Lockpicking,0x3EB21,0.5,3,30
vanilla,Worm's Head Cap,0xFE004825,1,Night Eye,0xFE004803,0.75,0,60
vanilla,Worm's Head Cap,0xFE004825,2,Fortify Carry Weight,0x3EB01,0.150000006,5,300
vanilla,Worm's Head Cap,0xFE004825,3,Slow,0x73F25,1,50,10
vanilla,Yellow Mountain Flower,0x2002A78,0,Resist Poison,0x90041,0.5,4,60
vanilla,Yellow Mountain Flower,0x2002A78,1,Fortify Restoration,0x3EB28,0.5,5,60
vanilla,Yellow Mountain Flower,0x2002A78,2,Fortify Health,0x3EAF3,0.349999994,4,60
vanilla,Yellow Mountain Flower,0x2002A78,3,Damage Stamina Regen,0x73F2C,0.300000012,100,5
caco,Abecean Longfin,0x106E1B,0,Frost Aversion,0x73F2E,0.319999993,4.9000001,30
caco,Abecean Longfin,0x106E1B,1,Fortify Light Armor,0x3EB1F,0.50999999,1.63,60
caco,Abecean Longfin,0x106E1B,2,Fortify Restoration,0x3EB28,0.234999999,3.0999999,60
caco,Abecean Longfin,0x106E1B,3,Poison Aversion,0x90042,0.389999986,2.68000007,30
caco,Akatosh Butterfly,0x833F5DE,0,Fortify Restoration,0x3EB28,0.234999999,3.0999999,60
caco,Akatosh Butterfly,0x833F5DE,1,Fortify One-handed,0x3EB19,0.324999988,2.79999995,60
caco,Akatosh Butterfly,0x833F5DE,2,Frost Aversion,0x73F2E,0.319999993,3.55999994,30
caco,Akatosh Butterfly,0x833F5DE,3,Fortify Destruction,0x3EB26,0.324999988,2.24000001,60
caco,Alkanet Flower,0x8316D7D,0,Resist Poison,0x90041,0.157000005,3.80999994,60
caco,Alkanet Flower,0x8316D7D,1,Magicka,0x3EB17,4.69999981,10.1800003,1
caco,Alkanet Flower,0x8316D7D,2,Detect Life,0x804C7FF,18.6000004,0,333
caco,Alkanet Flower,0x8316D7D,3,Damage Stamina,0x3A2C6,4.5999999,11.1000004,1
caco,Alocasia Fruit,0xFE004D62,0,Stamina Fortification,0x3EAF9,0.129999995,6.07999992,60
caco,Alocasia Fruit,0xFE004D62,1,Light,0xFE004846,0.5,0,60
caco,Alocasia Fruit,0xFE004D62,2,Silence,0x73F27,113,0,85
caco,Alocasia Fruit,0xFE004D62,3,Health Regeneration,0x3EB06,0.0252,4.98000002,240
caco,Aloe Vera,0x8A100AD,0,Health,0x3EB15,5.30000019,11.5600004,1
caco,Aloe Vera,0x8A100AD,1,Stamina,0x3EB16,4.69999981,11.1000004,1
caco,Aloe Vera,0x8A100AD,2,Lingering Damage Undead,0x10DE5E,12.8000002,0.400000006,10
caco,Aloe Vera,0x8A100AD,3,Etherealize,0x80425EF,174,0,40
caco,Aloe Vera Leaves,0xFE0060D0,0,Health,0x3EB15,5.30000019,5,0
caco,Aloe Vera Leaves,0xFE0060D0,1,Stamina,0x3EB16,4.69999981,5,0
caco,Aloe Vera Leaves,0xFE0060D0,2,Damage Magicka,0x3A2B6,4.5999999,5,0
caco,Aloe Vera Leaves,0xFE0060D0,3,Invisibility,0x3EB3D,27,0,2
caco,Ambrosia,0xFE004836,0,Health,0x3EB15,5.30000019,10.1800003,1
caco,Ambrosia,0xFE004836,1,Health Regeneration,0x3EB06,0.0252,5.53000021,240
caco,Ambrosia,0xFE004836,2,Health Fortification,0x3EAF3,0.129999995,5.55000019,60
caco,Ambrosia,0xFE004836,3,Cure Poison,0x109ADD,35,1,0
caco,Ancestor Moth,0x20059BA,0,Damage Magicka Regen,0x73F2B,0.360000014,4.86000013,30
caco,Ancestor Moth,0x20059BA,1,Detect Life,0x804C7FF,18.6000004,0,466
caco,Ancestor Moth,0x20059BA,2,Fortify Conjuration,0x3EB25,0.172000006,5.80999994,60
caco,Ancestor Moth,0x20059BA,3,Fortify Enchanting,0x3EB29,0.709999979,1.75,60
caco,Angelfish,0x50008EB,0,Health Regeneration,0x3EB06,0.0252,5.53000021,300
caco,Angelfish,0x50008EB,1,Resist Fire,0x3EAEA,0.36500001,2.20000005,60
caco,Angelfish,0x50008EB,2,Fortify Archery,0x3EB1B,0.324999988,2.51999998,60
caco,Angelfish,0x50008EB,3,Waterbreathing,0x3AC2D,7.69999981,0,233
caco,Angler Larvae,0x50008F0,0,Lingering Damage Health,0x10AA4A,12.3999996,0.519999981,10
caco,Angler Larvae,0x50008F0,1,Stamina Regeneration,0x3EB08,0.0252,5.53000021,240
caco,Angler Larvae,0x50008F0,2,Waterbreathing,0x3AC2D,7.69999981,0,299
caco,Angler Larvae,0x50008F0,3,Fortify Two-handed,0x3EB1A,0.324999988,1.67999995,60
caco,Argonian Scales,0x1CCA135,0,Resist Poison,0x90041,0.157000005,6.61999989,60
caco,Argonian Scales,0x1CCA135,1,Resist Disease,0x806AE45,0.0149999997,100,3164
caco,Argonian Scales,0x1CCA135,2,Fortify Light Armor,0x3EB1F,0.50999999,2.32999992,60
caco,Argonian Scales,0x1CCA135,3,Fortify Lockpicking,0x3EB21,0.579999983,3.92000008,30
caco,Arrowroot,0x8102EA7,0,Slow,0x73F25,0.300000012,50,369
caco,Arrowroot,0x8102EA7,1,Fortify Archery,0x3EB1B,0.324999988,2.79999995,60
caco,Arrowroot,0x8102EA7,2,Fortify Unarmed,0x804C7FE,1.42999995,0.400000006,60
caco,Arrowroot,0x8102EA7,3,Speed,0x80425F1,0.0979999974,6,60
caco,Ash Creep Cluster,0x401CD74,0,Resist Fire,0x3EAEA,0.36500001,2.52999997,60
caco,Ash Creep Cluster,0x401CD74,1,Damage Stamina,0x3A2C6,4.5999999,12.21,1
caco,Ash Creep Cluster,0x401CD74,2,Invisibility,0x3EB3D,27,0,331
caco,Ash Creep Cluster,0x401CD74,3,Fortify Destruction,0x3EB26,0.324999988,1.96000004,60
caco,Ash Hopper Jelly,0x401CD71,0,Health,0x3EB15,5.30000019,11.1000004,1
caco,Ash Hopper Jelly,0x401CD71,1,Frost Aversion,0x73F2E,0.319999993,5.34000015,30
caco,Ash Hopper Jelly,0x401CD71,2,Fortify Illusion,0x3EB27,0.172000006,4.1500001,60
caco,Ash Hopper Jelly,0x401CD71,3,Fortify Light Armor,0x3EB1F,0.50999999,1.24000001,60
caco,Ash Salts,0x401CD6D,0,Drain Strength,0x80476F6,0.670000017,3.8499999,30
caco,Ash Salts,0x401CD6D,1,Fortify Enchanting,0x3EB29,0.709999979,1.67999995,60
caco,Ash Salts,0x401CD6D,2,Fatigue,0x73F23,23.6000004,0,383
caco,Ash Salts,0x401CD6D,3,Resist Magic,0x39E51,1.24000001,0.949999988,60
caco,Ashen Grass Pod,0x4016E26,0,Resist Fire,0x3EAEA,0.36500001,2.42000008,60
caco,Ashen Grass Pod,0x4016E26,1,Fortify Sneak,0x3EB22,0.889999986,1.10000002,60
caco,Ashen Grass Pod,0x4016E26,2,Fortify Lockpicking,0x3EB21,0.579999983,1.96000004,30
caco,Ashen Grass Pod,0x4016E26,3,Shock Aversion,0x73F2F,0.319999993,3.11999989,30
caco,Aster Bloom Core,0xFE004D66,0,Stamina Regeneration,0x3EB08,0.0252,6.07999992,240
caco,Aster Bloom Core,0xFE004D66,1,Fortify Light Armor,0x3EB1F,0.50999999,1.54999995,60
caco,Aster Bloom Core,0xFE004D66,2,Fortify Block,0x3EB1C,0.49000001,1.50999999,60
caco,Aster Bloom Core,0xFE004D66,3,Slow,0x73F25,0.300000012,50,335
caco,Atlas Moth,0x83353B8,0,Damage Stamina Regen,0x73F2C,0.344999999,3.8499999,30
caco,Atlas Moth,0x83353B8,1,Detect Life,0x804C7FF,18.6000004,0,366
caco,Atlas Moth,0x83353B8,2,Magic Aversion,0x73F51,0.430000007,4.1500001,30
caco,Atlas Moth,0x83353B8,3,Night Eye,0x804C7FD,10.5,0,599
caco,Ayleid Moon Moth,0x832B1A3,0,Drain Intelligence,0x804C7FB,0.670000017,3.16000009,30
caco,Ayleid Moon Moth,0x832B1A3,1,Fortify Alteration,0x3EB24,0.172000006,4.57000017,60
caco,Ayleid Moon Moth,0x832B1A3,2,Fortify Restoration,0x3EB28,0.234999999,3.41000009,60
caco,Ayleid Moon Moth,0x832B1A3,3,Shock Aversion,0x73F2F,0.319999993,2.67000008,30
caco,Banded Pennant,0x8660004,0,Lingering Damage Undead,0x10DE5E,12.8000002,0.560000002,10
caco,Banded Pennant,0x8660004,1,Stamina Regeneration,0x3EB08,0.0252,4.1500001,240
caco,Banded Pennant,0x8660004,2,Magicka Regeneration,0x3EB07,0.0252,5.53000021,180
caco,Banded Pennant,0x8660004,3,Waterwalking,0x40390E1,9.39999962,0,266
caco,Barley,0x897B010,0,Magicka,0x3EB17,4.69999981,3.70000005,1
caco,Barley,0x897B010,1,Magicka Fortification,0x3EAF8,0.129999995,2.22000003,60
caco,Barley,0x897B010,2,Fortify Heavy Armor,0x3EB1E,0.50999999,0.779999971,60
caco,Barley,0x897B010,3,Damage Stamina Regen,0x73F2C,0.344999999,1.00999999,30
caco,Barley Extract,0x89EA788,0,Magicka,0x3EB17,4.69999981,9.25,1
caco,Barley Extract,0x89EA788,1,Magicka Fortification,0x3EAF8,0.129999995,5.55000019,60
caco,Barley Extract,0x89EA788,2,Fortify Heavy Armor,0x3EB1E,0.50999999,1.54999995,60
caco,Barley Extract,0x89EA788,3,Damage Stamina Regen,0x73F2C,0.344999999,3.3499999,30
caco,Bear Bile,0x8326085,0,Fortify Heavy Armor,0x3EB1E,0.50999999,1.86000001,60
caco,Bear Bile,0x8326085,1,Fortify Speech,0xD6947,0.270000011,3.02999997,60
caco,Bear Bile,0x8326085,2,Fortify Light Armor,0x3EB1F,0.50999999,1.54999995,60
caco,Bear Bile,0x8326085,3,Frenzy,0x73F29,0.620000005,2.79999995,30
caco,Bear Claws,0x6BC02,0,Health Fortification,0x3EAF3,0.129999995,6.38000011,60
caco,Bear Claws,0x6BC02,1,Stamina,0x3EB16,4.69999981,10.1800003,1
caco,Bear Claws,0x6BC02,2,Fortify One-handed,0x3EB19,0.324999988,3.07999992,60
caco,Bear Claws,0x6BC02,3,Fortify Block,0x3EB1C,0.49000001,1.54999995,60
caco,Bear Fat,0x1CCA143,0,Resist Poison,0x90041,0.157000005,4.30000019,60
caco,Bear Fat,0x1CCA143,1,Stamina,0x3EB16,4.69999981,11.1000004,1
caco,Bear Fat,0x1CCA143,2,Health,0x3EB15,5.30000019,10.1800003,1
caco,Bear Fat,0x1CCA143,3,Cure Disease,0xAE722,45,1,0
caco,Bee,0xA9195,0,Stamina,0x3EB16,4.69999981,11.5600004,1
caco,Bee,0xA9195,1,Stamina Regeneration,0x3EB08,0.0252,6.90999985,240
caco,Bee,0xA9195,2,Fatigue,0x73F23,23.6000004,0,333
caco,Bee,0xA9195,3,Shock Aversion,0x73F2F,0.319999993,3.55999994,30
caco,Beehive Husk,0xA9191,0,Fortify Light Armor,0x3EB1F,0.50999999,1.24000001,60
caco,Beehive Husk,0xA9191,1,Cure Poison,0x109ADD,35,1,0
caco,Beehive Husk,0xA9191,2,Fortify Sneak,0x3EB22,0.889999986,0.829999983,60
caco,Beehive Husk,0xA9191,3,Fortify Destruction,0x3EB26,0.324999988,1.67999995,60
caco,Bergamot Seeds,0x80CB2B6,0,Resist Paralysis,0x806AE49,19,0,348
caco,Bergamot Seeds,0x80CB2B6,1,Lingering Damage Undead,0x10DE5E,12.8000002,0.319999993,10
caco,Bergamot Seeds,0x80CB2B6,2,Resist Disease,0x806AE45,0.0149999997,100,1332
caco,Bergamot Seeds,0x80CB2B6,3,Silence,0x73F27,113,0,43
caco,Berit's Ashes,0x705B7,0,Damage Stamina,0x3A2C6,4.5999999,12.21,1
caco,Berit's Ashes,0x705B7,1,Fortify Conjuration,0x3EB25,0.172000006,4.1500001,60
caco,Berit's Ashes,0x705B7,2,Resist Fire,0x3EAEA,0.36500001,1.98000002,60
caco,Berit's Ashes,0x705B7,3,Night Eye,0x804C7FD,10.5,0,399
caco,Bittergreen Petals,0xFE004D68,0,Drain Strength,0x80476F6,0.670000017,2.79999995,30
caco,Bittergreen Petals,0xFE004D68,1,Invisibility,0x3EB3D,27,0,331
caco,Bittergreen Petals,0xFE004D68,2,Magicka,0x3EB17,4.69999981,9.25,1
caco,Bittergreen Petals,0xFE004D68,3,Drain Intelligence,0x804C7FB,0.670000017,3.0999999,30
caco,Bitterling,0x833F5DC,0,Waterbreathing,0x3AC2D,7.69999981,0,665
caco,Bitterling,0x833F5DC,1,Frost Aversion,0x73F2E,0.319999993,4.44999981,30
caco,Bitterling,0x833F5DC,2,Cure Disease,0xAE722,45,1,0
caco,Bitterling,0x833F5DC,3,Health,0x3EB15,5.30000019,6.94000006,1
caco,Black Lichen,0x8A10056,0,Slow,0x73F25,0.300000012,50,335
caco,Black Lichen,0x8A10056,1,Cure Poison,0x109ADD,35,1,0
caco,Black Lichen,0x8A10056,2,Resist Frost,0x3EAEB,0.36500001,1.98000002,60
caco,Black Lichen,0x8A10056,3,Drain Strength,0x80476F6,0.670000017,1.92999995,30
caco,Black Pearl,0x1CC0635,0,Damage Undead,0x10DE5F,8.30000019,9.03999996,1
caco,Black Pearl,0x1CC0635,1,Resist Paralysis,0x806AE49,19,0,364
caco,Black Pearl,0x1CC0635,2,Cure Poison,0x109ADD,35,1,0
caco,Black Pearl,0x1CC0635,3,Night Eye,0x804C7FD,10.5,0,333
caco,Blackbrow Bleak,0x8326087,0,Frost Aversion,0x73F2E,0.319999993,2.67000008,30
caco,Blackbrow Bleak,0x8326087,1,Cure Poison,0x109ADD,35,1,0
caco,Blackbrow Bleak,0x8326087,2,Fire Aversion,0x73F2D,0.319999993,2.23000002,30
caco,Blackbrow Bleak,0x8326087,3,Shock Aversion,0x73F2F,0.319999993,2.23000002,30
caco,Bleeding Crown,0x4DA20,0,Fire Aversion,0x73F2D,0.319999993,4.44999981,30
caco,Bleeding Crown,0x4DA20,1,Poison Aversion,0x90042,0.389999986,3.01999998,30
caco,Bleeding Crown,0x4DA20,2,Fortify Light Armor,0x3EB1F,0.50999999,0.930000007,60
caco,Bleeding Crown,0x4DA20,3,Fortify Block,0x3EB1C,0.49000001,0.930000007,60
caco,Blind Betty,0x8326088,0,Lingering Damage Undead,0x10DE5E,12.8000002,0.600000024,10
caco,Blind Betty,0x8326088,1,Damage Magicka Regen,0x73F2B,0.360000014,4.51999998,30
caco,Blind Betty,0x8326088,2,Fortify Unarmed,0x804C7FE,1.42999995,0.529999971,60
caco,Blind Betty,0x8326088,3,Cure Poison,0x109ADD,35,1,0
caco,Blind Watcher's Eye,0xFE004822,0,Light,0xFE004846,0.5,0,60
caco,Blind Watcher's Eye,0xFE004822,1,Magicka Fortification,0x3EAF8,0.129999995,5.55000019,60
caco,Blind Watcher's Eye,0xFE004822,2,Fortify Alteration,0x3EB24,0.172000006,3.79999995,60
caco,Blind Watcher's Eye,0xFE004822,3,Spell Absorption,0xFE004812,0.100000001,50,60
caco,Bliss Bug Thorax,0x6059155,0,Fire Aversion,0x73F2D,0.319999993,5.78999996,30
caco,Bliss Bug Thorax,0x6059155,1,Resist Fire,0x3EAEA,0.36500001,2.30999994,60
caco,Bliss Bug Thorax,0x6059155,2,Fortify Heavy Armor,0x3EB1E,0.50999999,1.54999995,60
caco,Bliss Bug Thorax,0x6059155,3,Fortify Illusion,0x3EB27,0.172000006,2.49000001,60
caco,Blister Pod,0xFE004D6A,0,Magicka,0x3EB17,4.69999981,11.1000004,1
caco,Blister Pod,0xFE004D6A,1,Magicka Fortification,0x3EAF8,0.129999995,6.38000011,60
caco,Blister Pod,0xFE004D6A,2,Night Eye,0x804C7FD,10.5,0,765
caco,Blister Pod,0xFE004D6A,3,Invisibility,0x3EB3D,27,0,331
caco,Blister Pod,0x8A10057,0,Magicka,0x3EB17,4.69999981,11.1000004,1
caco,Blister Pod,0x8A10057,1,Magicka Fortification,0x3EAF8,0.129999995,6.38000011,60
caco,Blister Pod,0x8A10057,2,Night Eye,0x804C7FD,10.5,0,765
caco,Blister Pod,0x8A10057,3,Invisibility,0x3EB3D,27,0,331
caco,Blisterwort,0x4DA25,0,Damage Stamina,0x3A2C6,4.5999999,9.98999977,1
caco,Blisterwort,0x4DA25,1,Frenzy,0x73F29,0.620000005,2.24000001,30
caco,Blisterwort,0x4DA25,2,Fortify Smithing,0x3EB1D,1.51999998,0.980000019,30
caco,Blisterwort,0x4DA25,3,Health,0x3EB15,5.30000019,4.63000011,1
caco,Bloatspore,0x8A1007F,0,Drain Intelligence,0x804C7FB,0.670000017,3.29999995,30
caco,Bloatspore,0x8A1007F,1,Fortify Alteration,0x3EB24,0.172000006,3.74000001,60
caco,Bloatspore,0x8A1007F,2,Detect Life,0x804C7FF,18.6000004,0,200
caco,Bloatspore,0x8A1007F,3,Fortify Conjuration,0x3EB25,0.172000006,2.49000001,60
caco,Blood of a Bosmer,0x80EEA6F,0,Blood,0x80E4857,5.30000019,9.25,1
caco,Blood of a Bosmer,0x80EEA6F,1,Resist Disease,0x806AE45,0.0149999997,100,3330
caco,Blood of a Bosmer,0x80EEA6F,2,Fortify Archery,0x3EB1B,0.324999988,3.5,60
caco,Blood of a Bosmer,0x80EEA6F,3,Resist Poison,0x90041,0.157000005,3.97000003,60
caco,Blood of a Breton,0x80EEA5C,0,Blood,0x80E4857,5.30000019,9.25,1
caco,Blood of a Breton,0x80EEA5C,1,Resist Magic,0x39E51,1.24000001,1.08000004,60
caco,Blood of a Breton,0x80EEA5C,2,Fortify Restoration,0x3EB28,0.234999999,4.5,60
caco,Blood of a Breton,0x80EEA5C,3,Fortify Conjuration,0x3EB25,0.172000006,4.98000002,60
caco,Blood of a Dunmer,0x80EEA69,0,Blood,0x80E4857,5.30000019,9.25,1
caco,Blood of a Dunmer,0x80EEA69,1,Resist Fire,0x3EAEA,0.36500001,2.6400001,60
caco,Blood of a Dunmer,0x80EEA69,2,Fortify Destruction,0x3EB26,0.324999988,3.5,60
caco,Blood of a Dunmer,0x80EEA69,3,Fortify Enchanting,0x3EB29,0.709999979,1.53999996,60
caco,Blood of a Khajiit,0x80EEA74,0,Blood,0x80E4857,5.30000019,9.25,1
caco,Blood of a Khajiit,0x80EEA74,1,Speed,0x80425F1,0.0979999974,1,300
caco,Blood of a Khajiit,0x80EEA74,2,Fortify Sneak,0x3EB22,0.889999986,1.38,60
caco,Blood of a Khajiit,0x80EEA74,3,Night Eye,0x804C7FD,10.5,0,665
caco,Blood of a Nord,0x80EEA5B,0,Blood,0x80E4857,5.30000019,9.25,1
caco,Blood of a Nord,0x80EEA5B,1,Resist Frost,0x3EAEB,0.36500001,2.6400001,60
caco,Blood of a Nord,0x80EEA5B,2,Fortify Two-handed,0x3EB1A,0.324999988,3.5,60
caco,Blood of a Nord,0x80EEA5B,3,Stamina Fortification,0x3EAF9,0.129999995,6.65999985,60
caco,Blood of a Redguard,0x80EEA5F,0,Blood,0x80E4857,5.30000019,9.25,1
caco,Blood of a Redguard,0x80EEA5F,1,Resist Poison,0x90041,0.157000005,5.30000019,60
caco,Blood of a Redguard,0x80EEA5F,2,Stamina Regeneration,0x3EB08,0.0252,8.30000019,240
caco,Blood of a Redguard,0x80EEA5F,3,Fortify One-handed,0x3EB19,0.324999988,3.5,60
caco,Blood of an Altmer,0x80EEA67,0,Blood,0x80E4857,5.30000019,9.25,1
caco,Blood of an Altmer,0x80EEA67,1,Magicka Regeneration,0x3EB07,0.0252,6.90999985,300
caco,Blood of an Altmer,0x80EEA67,2,Magicka Fortification,0x3EAF8,0.129999995,7.76999998,60
caco,Blood of an Altmer,0x80EEA67,3,Magic Aversion,0x73F51,0.430000007,5.80999994,30
caco,Blood of an Argonian,0x80EEA72,0,Blood,0x80E4857,5.30000019,9.25,1
caco,Blood of an Argonian,0x80EEA72,1,Resist Disease,0x806AE45,0.0149999997,100,4163
caco,Blood of an Argonian,0x80EEA72,2,Waterbreathing,0x3AC2D,7.69999981,0,798
caco,Blood of an Argonian,0x80EEA72,3,Health Regeneration,0x3EB06,0.0252,5.53000021,300
caco,Blood of an Imperial,0x80EEA66,0,Blood,0x80E4857,5.30000019,9.25,1
caco,Blood of an Imperial,0x80EEA66,1,Fortify Speech,0xD6947,0.270000011,4.13000011,60
caco,Blood of an Imperial,0x80EEA66,2,Fortify Heavy Armor,0x3EB1E,0.50999999,2.08999991,60
caco,Blood of an Imperial,0x80EEA66,3,Fortify Block,0x3EB1C,0.49000001,1.71000004,60
caco,Blood of an Orc,0x80EEA70,0,Blood,0x80E4857,5.30000019,9.25,1
caco,Blood of an Orc,0x80EEA70,1,Fortify Heavy Armor,0x3EB1E,0.50999999,2.17000008,60
caco,Blood of an Orc,0x80EEA70,2,Fortify One-handed,0x3EB19,0.324999988,3.3599999,60
caco,Blood of an Orc,0x80EEA70,3,Frenzy,0x73F29,0.620000005,3.22000003,30
caco,Blue Clipper Butterfly,0x833F5E0,0,Fortify Alteration,0x3EB24,0.172000006,4.1500001,60
caco,Blue Clipper Butterfly,0x833F5E0,1,Damage Undead,0x10DE5F,8.30000019,6.94999981,1
caco,Blue Clipper Butterfly,0x833F5E0,2,Fortify Illusion,0x3EB27,0.172000006,3.31999993,60
caco,Blue Clipper Butterfly,0x833F5E0,3,Fortify Speech,0xD6947,0.270000011,1.92999995,60
caco,Blue Dartwing,0xE4F0C,0,Fortify Pickpocket,0x3EB20,0.270000011,3.07999992,60
caco,Blue Dartwing,0xE4F0C,1,Resist Shock,0x3EAEC,0.36500001,1.75999999,60
caco,Blue Dartwing,0xE4F0C,2,Health,0x3EB15,5.30000019,5.55000019,1
caco,Blue Dartwing,0xE4F0C,3,Fear,0x73F20,0.620000005,1.67999995,30
caco,Blue Mountain Flower,0x77E1C,0,Fortify Conjuration,0x3EB25,0.172000006,2.49000001,60
caco,Blue Mountain Flower,0x77E1C,1,Magicka Fortification,0x3EAF8,0.129999995,2.22000003,60
caco,Blue Mountain Flower,0x77E1C,2,Damage Health,0x3EB42,7.9000001,2.08999991,1
caco,Blue Mountain Flower,0x77E1C,3,Magicka,0x3EB17,4.69999981,2.77999997,1
caco,Blue Mountain Flower Extract,0x85A97EA,0,Fortify Conjuration,0x3EB25,0.172000006,4.1500001,60
caco,Blue Mountain Flower Extract,0x85A97EA,1,Magicka Fortification,0x3EAF8,0.129999995,5.55000019,60
caco,Blue Mountain Flower Extract,0x85A97EA,2,Damage Health,0x3EB42,7.9000001,6.94999981,1
caco,Blue Mountain Flower Extract,0x85A97EA,3,Magicka,0x3EB17,4.69999981,9.25,1
caco,Blue Orfe,0x832608F,0,Health,0x3EB15,5.30000019,9.25,1
caco,Blue Orfe,0x832608F,1,Cure Disease,0xAE722,45,1,0
caco,Blue Orfe,0x832608F,2,Fatigue,0x73F23,23.6000004,0,300
caco,Blue Orfe,0x832608F,3,Drain Intelligence,0x804C7FB,0.670000017,2.20000005,30
caco,Blue Swallowtail,0x727DE,0,Fortify Conjuration,0x3EB25,0.172000006,3.31999993,60
caco,Blue Swallowtail,0x727DE,1,Fortify Smithing,0x3EB1D,1.51999998,0.980000019,30
caco,Blue Swallowtail,0x727DE,2,Fortify Enchanting,0x3EB29,0.709999979,0.980000019,60
caco,Blue Swallowtail,0x727DE,3,Damage Stamina,0x3A2C6,4.5999999,3.8900001,1
caco,Boar Tusk,0x401CD6F,0,Fortify Block,0x3EB1C,0.49000001,1.86000001,60
caco,Boar Tusk,0x401CD6F,1,Stamina Fortification,0x3EAF9,0.129999995,5.82999992,60
caco,Boar Tusk,0x401CD6F,2,Health Fortification,0x3EAF3,0.129999995,5.55000019,60
caco,Boar Tusk,0x401CD6F,3,Frenzy,0x73F29,0.620000005,2.79999995,30
caco,Bog Beacon,0xFE004D6C,0,Magicka,0x3EB17,4.69999981,10.5,1
caco,Bog Beacon,0xFE004D6C,1,Fortify Heavy Armor,0x3EB1E,0.50999999,1.54999995,60
caco,Bog Beacon,0xFE004D6C,2,Fear,0x73F20,0.620000005,2.79999995,30
caco,Bog Beacon,0xFE004D6C,3,Damage Stamina,0x3A2C6,4.5999999,9.98999977,1
caco,Bone Hawk Claw,0x1CCA133,0,Damage Stamina Regen,0x73F2C,0.344999999,4.69000006,30
caco,Bone Hawk Claw,0x1CCA133,1,Fortify Archery,0x3EB1B,0.324999988,3.6400001,60
caco,Bone Hawk Claw,0x1CCA133,2,Fortify Conjuration,0x3EB25,0.172000006,4.55999994,60
caco,Bone Hawk Claw,0x1CCA133,3,Drain Strength,0x80476F6,0.670000017,2.20000005,30
caco,Bone Hawk Feathers,0x1CCA134,0,Poison Aversion,0x90042,0.389999986,4.69000006,30
caco,Bone Hawk Feathers,0x1CCA134,1,Ravage Health,0x73F26,0.550000012,9.03999996,10
caco,Bone Hawk Feathers,0x1CCA134,2,Fortify Pickpocket,0x3EB20,0.270000011,3.92000008,60
caco,Bone Hawk Feathers,0x1CCA134,3,Fortify Enchanting,0x3EB29,0.709999979,1.25999999,60
caco,Bone Meal,0x34CDD,0,Damage Stamina,0x3A2C6,4.5999999,12.21,1
caco,Bone Meal,0x34CDD,1,Fortify Conjuration,0x3EB25,0.172000006,4.1500001,60
caco,Bone Meal,0x34CDD,2,Resist Fire,0x3EAEA,0.36500001,1.98000002,60
caco,Bone Meal,0x34CDD,3,Night Eye,0x804C7FD,10.5,0,399
caco,Briar Heart,0x3AD61,0,Health Fortification,0x3EAF3,0.129999995,7.76999998,60
caco,Briar Heart,0x3AD61,1,Fortify Destruction,0x3EB26,0.324999988,3.6400001,60
caco,Briar Heart,0x3AD61,2,Magicka Fortification,0x3EAF8,0.129999995,6.65999985,60
caco,Briar Heart,0x3AD61,3,Paralysis,0x73F30,204,0,61
caco,Bungler's Bane,0xFE004802,0,Slow,0x73F25,0.300000012,50,335
caco,Bungler's Bane,0xFE004802,1,Fatigue,0x73F23,23.6000004,0,333
caco,Bungler's Bane,0xFE004802,2,Drain Strength,0x80476F6,0.670000017,2.79999995,30
caco,Bungler's Bane,0xFE004802,3,Resist Magic,0x39E51,1.24000001,0.810000002,60
caco,Burnt Spriggan Wood,0x401CD6E,0,Damage Magicka Regen,0x73F2B,0.360000014,5.03000021,30
caco,Burnt Spriggan Wood,0x401CD6E,1,Fire Aversion,0x73F2D,0.319999993,5.78999996,30
caco,Burnt Spriggan Wood,0x401CD6E,2,Fortify Alteration,0x3EB24,0.172000006,5.80999994,60
caco,Burnt Spriggan Wood,0x401CD6E,3,Slow,0x73F25,0.300000012,50,385
caco,Canis Root,0x6ABCB,0,Damage Stamina,0x3A2C6,4.5999999,9.98999977,1
caco,Canis Root,0x6ABCB,1,Fortify Archery,0x3EB1B,0.324999988,2.51999998,60
caco,Canis Root,0x6ABCB,2,Silence,0x73F27,113,0,43
caco,Canis Root,0x6ABCB,3,Fortify Light Armor,0x3EB1F,0.50999999,0.779999971,60
caco,Canis Root Extract,0x85A97E8,0,Damage Stamina,0x3A2C6,4.5999999,11.1000004,1
caco,Canis Root Extract,0x85A97E8,1,Fortify Archery,0x3EB1B,0.324999988,2.79999995,60
caco,Canis Root Extract,0x85A97E8,2,Silence,0x73F27,113,0,85
caco,Canis Root Extract,0x85A97E8,3,Fortify Light Armor,0x3EB1F,0.50999999,1.54999995,60
caco,Cavefish,0x8326092,0,Damage Undead,0x10DE5F,8.30000019,10.4300003,1
caco,Cavefish,0x8326092,1,Detect Life,0x804C7FF,18.6000004,0,450
caco,Cavefish,0x8326092,2,Resist Disease,0x806AE45,0.0149999997,100,2914
caco,Cavefish,0x8326092,3,Waterbreathing,0x3AC2D,7.69999981,0,765
caco,Ceanothus Moth,0x8326094,0,Fortify Pickpocket,0x3EB20,0.270000011,3.22000003,60
caco,Ceanothus Moth,0x8326094,1,Fortify Lockpicking,0x3EB21,0.579999983,2.79999995,30
caco,Ceanothus Moth,0x8326094,2,Cure Poison,0x109ADD,35,1,0
caco,Ceanothus Moth,0x8326094,3,Lingering Damage Undead,0x10DE5E,12.8000002,0.280000001,10
caco,Cecropia Moth,0x8326096,0,Ravage Health,0x73F26,0.550000012,6.94999981,10
caco,Cecropia Moth,0x8326096,1,Damage Health,0x3EB42,7.9000001,6.26000023,1
caco,Cecropia Moth,0x8326096,2,Fear,0x73F20,0.620000005,2.24000001,30
caco,Cecropia Moth,0x8326096,3,Resist Poison,0x90041,0.157000005,1.65999997,60
caco,Charred Skeever Meat,0x52695,0,Resist Poison,0x90041,0.157000005,4.30000019,60
caco,Charred Skeever Meat,0x52695,1,Stamina,0x3EB16,4.69999981,11.1000004,1
caco,Charred Skeever Meat,0x52695,2,Health,0x3EB15,5.30000019,10.1800003,1
caco,Charred Skeever Meat,0x52695,3,Cure Disease,0xAE722,45,1,0
caco,Chaurus Eggs,0x3AD56,0,Poison Aversion,0x90042,0.389999986,3.8499999,30
caco,Chaurus Eggs,0x3AD56,1,Night Eye,0x804C7FD,10.5,0,665
caco,Chaurus Eggs,0x3AD56,2,Invisibility,0x3EB3D,27,0,281
caco,Chaurus Eggs,0x3AD56,3,Damage Magicka,0x3A2B6,4.5999999,7.21999979,1
caco,Chaurus Hunter Antennae,0x20183B7,0,Fortify Conjuration,0x3EB25,0.172000006,6.23000002,60
caco,Chaurus Hunter Antennae,0x20183B7,1,Damage Stamina,0x3A2C6,4.5999999,19.4300003,1
caco,Chaurus Hunter Antennae,0x20183B7,2,Damage Magicka Regen,0x73F2B,0.360000014,4.36000013,30
caco,Chaurus Hunter Antennae,0x20183B7,3,Fortify Enchanting,0x3EB29,0.709999979,1.39999998,60
caco,Chicken Egg,0x23D77,0,Fortify Alteration,0x3EB24,0.172000006,2.91000009,60
caco,Chicken Egg,0x23D77,1,Resist Paralysis,0x806AE49,19,0,166
caco,Chicken Egg,0x23D77,2,Resist Poison,0x90041,0.157000005,0.99000001,60
caco,Chicken Egg,0x23D77,3,Damage Magicka Regen,0x73F2B,0.360000014,1.00999999,30
caco,Chicken Feathers,0x1CC0640,0,Fortify Unarmed,0x804C7FE,1.42999995,0.270000011,60
caco,Chicken Feathers,0x1CC0640,1,Fortify Pickpocket,0x3EB20,0.270000011,1.39999998,60
caco,Chicken Feathers,0x1CC0640,2,Cure Poison,0x109ADD,35,1,0
caco,Chicken Feathers,0x1CC0640,3,Shock Aversion,0x73F2F,0.319999993,2.23000002,30
caco,Chokeberries,0xFE004838,0,Poison Aversion,0x90042,0.389999986,5.03000021,45
caco,Chokeberries,0xFE004838,1,Damage Health,0x3EB42,7.9000001,13.8999996,1
caco,Chokeberries,0xFE004838,2,Silence,0x73F27,113,0,85
caco,Chokeberries,0xFE004838,3,Frenzy,0x73F29,0.620000005,1.39999998,30
caco,Chokeberries,0x8181825,0,Poison Aversion,0x90042,0.389999986,5.03000021,45
caco,Chokeberries,0x8181825,1,Damage Health,0x3EB42,7.9000001,13.8999996,1
caco,Chokeberries,0x8181825,2,Silence,0x73F27,113,0,85
caco,Chokeberries,0x8181825,3,Frenzy,0x73F29,0.620000005,1.39999998,30
caco,Chokeweed,0xFE004804,0,Frost Aversion,0x73F2E,0.319999993,5,30
caco,Chokeweed,0xFE004804,1,Stamina,0x3EB16,4.69999981,9.30000019,1
caco,Chokeweed,0xFE004804,2,Resist Disease,0x806AE45,0.0149999997,100,30
caco,Chokeweed,0xFE004804,3,Drain Intelligence,0x804C7FB,0.670000017,2.5,30
caco,Clouded Funnel Cap,0x8A10059,0,Damage Magicka,0x3A2B6,4.5999999,8.32999992,1
caco,Clouded Funnel Cap,0x8A10059,1,Magicka,0x3EB17,4.69999981,6.94000006,1
caco,Clouded Funnel Cap,0x8A10059,2,Damage Stamina,0x3A2C6,4.5999999,7.21999979,1
caco,Clouded Funnel Cap,0x8A10059,3,Fortify Conjuration,0x3EB25,0.172000006,2.07999992,60
caco,Coda Flower,0xFE004805,0,Lingering Damage Health,0x10AA4A,12.3999996,0.5,10
caco,Coda Flower,0xFE004805,1,Drain Intelligence,0x804C7FB,0.670000017,2.75,30
caco,Coda Flower,0xFE004805,2,Silence,0x73F27,113,0,85
caco,Coda Flower,0xFE004805,3,Waterwalking,0x40390E1,9.39999962,0,665
caco,Columbine Root Extract,0x85A97E6,0,Fortify Speech,0xD6947,0.270000011,2.75,60
caco,Columbine Root Extract,0x85A97E6,1,Magicka Fortification,0x3EAF8,0.129999995,5.55000019,60
caco,Columbine Root Extract,0x85A97E6,2,Resist Frost,0x3EAEB,0.36500001,2.20000005,60
caco,Columbine Root Extract,0x85A97E6,3,Etherealize,0x80425EF,174,0,53
caco,Columbine Root Pulp,0x8102EC0,0,Fortify Speech,0xD6947,0.270000011,2.75,60
caco,Columbine Root Pulp,0x8102EC0,1,Magicka Fortification,0x3EAF8,0.129999995,4.71999979,60
caco,Columbine Root Pulp,0x8102EC0,2,Resist Frost,0x3EAEB,0.36500001,0.99000001,60
caco,Columbine Root Pulp,0x8102EC0,3,Etherealize,0x80425EF,174,0,27
caco,Comberry,0xFE004806,0,Drain Strength,0x80476F6,0.670000017,3.0999999,30
caco,Comberry,0xFE004806,1,Spell Absorption,0xFE004812,0.100000001,50,60
caco,Comberry,0xFE004806,2,Magicka,0x3EB17,4.69999981,9.19999981,1
caco,Comberry,0xFE004806,3,Fortify Destruction,0x3EB26,0.324999988,2.20000005,60
caco,Comet Moth,0x832609C,0,Damage Stamina Regen,0x73F2C,0.344999999,2.68000007,30
caco,Comet Moth,0x832609C,1,Fortify Alteration,0x3EB24,0.172000006,3.31999993,60
caco,Comet Moth,0x832609C,2,Fortify Block,0x3EB1C,0.49000001,1.09000003,60
caco,Comet Moth,0x832609C,3,Fortify Heavy Armor,0x3EB1E,0.50999999,0.930000007,60
caco,Common Blue Butterfly,0x832609A,0,Frost Aversion,0x73F2E,0.319999993,4.44999981,30
caco,Common Blue Butterfly,0x832609A,1,Cure Disease,0xAE722,45,1,0
caco,Common Blue Butterfly,0x832609A,2,Health Regeneration,0x3EB06,0.0252,4.1500001,300
caco,Common Blue Butterfly,0x832609A,3,Magicka Regeneration,0x3EB07,0.0252,4.1500001,180
caco,Common Shiner,0x832609E,0,Resist Disease,0x806AE45,0.0149999997,100,1998
caco,Common Shiner,0x832609E,1,Fortify Smithing,0x3EB1D,1.51999998,1.12,30
caco,Common Shiner,0x832609E,2,Fortify Unarmed,0x804C7FE,1.42999995,0.319999993,60
caco,Common Shiner,0x832609E,3,Waterbreathing,0x3AC2D,7.69999981,0,233
caco,Congealed Putrescence,0xFE004807,0,Ravage Health,0x73F26,0.550000012,8,10
caco,Congealed Putrescence,0xFE004807,1,Magicka,0x3EB17,4.69999981,9.19999981,1
caco,Congealed Putrescence,0xFE004807,2,Fire Aversion,0x73F2D,0.319999993,4.44999981,30
caco,Congealed Putrescence,0xFE004807,3,Fortify Conjuration,0x3EB25,0.172000006,3.0999999,60
caco,Corkbulb Root,0xFE004809,0,Resist Paralysis,0x806AE49,19,0,331
caco,Corkbulb Root,0xFE004809,1,Health,0x3EB15,5.30000019,9.25,1
caco,Corkbulb Root,0xFE004809,2,Resist Shock,0x3EAEC,0.36500001,2.0999999,60
caco,Corkbulb Root,0xFE004809,3,Fortify Archery,0x3EB1B,0.324999988,2.0999999,60
caco,Creep Cluster,0xB2183,0,Feather,0x3EB01,0.0469999984,2.98000002,300
caco,Creep Cluster,0xB2183,1,Damage Stamina Regen,0x73F2C,0.344999999,3.01999998,30
caco,Creep Cluster,0xB2183,2,Magic Aversion,0x73F51,0.430000007,2.70000005,30
caco,Creep Cluster,0xB2183,3,Magicka,0x3EB17,4.69999981,6.48000002,1
caco,Creep Cluster Extract,0x85A97E4,0,Feather,0x3EB01,0.0469999984,3.30999994,300
caco,Creep Cluster Extract,0x85A97E4,1,Damage Stamina Regen,0x73F2C,0.344999999,3.3499999,30
caco,Creep Cluster Extract,0x85A97E4,2,Magic Aversion,0x73F51,0.430000007,4.1500001,30
caco,Creep Cluster Extract,0x85A97E4,3,Magicka,0x3EB17,4.69999981,9.25,1
caco,Crimson Marsh Glider,0x8660005,0,Resist Paralysis,0x806AE49,19,0,298
caco,Crimson Marsh Glider,0x8660005,1,Cure Disease,0xAE722,45,1,0
caco,Crimson Marsh Glider,0x8660005,2,Waterwalking,0x40390E1,9.39999962,0,333
caco,Crimson Marsh Glider,0x8660005,3,Poison Aversion,0x90042,0.389999986,2.3499999,30
caco,Crimson Nirnroot,0xB701A,0,Damage Health,0x3EB42,7.9000001,12.1599998,1
caco,Crimson Nirnroot,0xB701A,1,Invisibility,0x3EB3D,27,0,397
caco,Crimson Nirnroot,0xB701A,2,Resist Magic,0x39E51,1.24000001,0.99000001,60
caco,Crimson Nirnroot,0xB701A,3,Drain Strength,0x80476F6,0.670000017,2.75,30
caco,Crushed Amber,0x1CC0634,0,Health,0x3EB15,5.30000019,12.4899998,1
caco,Crushed Amber,0x1CC0634,1,Resist Fire,0x3EAEA,0.36500001,2.20000005,60
caco,Crushed Amber,0x1CC0634,2,Resist Disease,0x806AE45,0.0149999997,100,1665
caco,Crushed Amber,0x1CC0634,3,Speed,0x80425F1,0.0979999974,1,120
caco,Crushed Ant Paste,0x83260A0,0,Fortify Unarmed,0x804C7FE,1.42999995,0.579999983,60
caco,Crushed Ant Paste,0x83260A0,1,Feather,0x3EB01,0.0469999984,3.30999994,300
caco,Crushed Ant Paste,0x83260A0,2,Cure Poison,0x109ADD,35,1,0
caco,Crushed Ant Paste,0x83260A0,3,Fortify Lockpicking,0x3EB21,0.579999983,2.51999998,30
caco,Crushed Onyx,0x1CC0636,0,Fortify Block,0x3EB1C,0.49000001,2.01999998,60
caco,Crushed Onyx,0x1CC0636,1,Fortify Smithing,0x3EB1D,1.51999998,1.47000003,30
caco,Crushed Onyx,0x1CC0636,2,Shock Aversion,0x73F2F,0.319999993,4.44999981,30
caco,Crushed Onyx,0x1CC0636,3,Resist Shock,0x3EAEC,0.36500001,0.99000001,60
caco,Cyrodilic Spadetail,0x106E19,0,Fortify Restoration,0x3EB28,0.234999999,3.72000003,60
caco,Cyrodilic Spadetail,0x106E19,1,Damage Stamina,0x3A2C6,4.5999999,8.32999992,1
caco,Cyrodilic Spadetail,0x106E19,2,Fear,0x73F20,0.620000005,1.39999998,30
caco,Cyrodilic Spadetail,0x106E19,3,Ravage Health,0x73F26,0.550000012,2.43000007,10
caco,Daedra Heart,0x3AD5B,0,Health,0x3EB15,5.30000019,13.8800001,1
caco,Daedra Heart,0x3AD5B,1,Fear,0x73F20,0.620000005,3.92000008,30
caco,Daedra Heart,0x3AD5B,2,Silence,0x73F27,113,0,106
caco,Daedra Heart,0x3AD5B,3,Damage Magicka,0x3A2B6,4.5999999,22.2000008,1
caco,Daedra Silk,0xFE00480A,0,Slow,0x73F25,0.300000012,50,469
caco,Daedra Silk,0xFE00480A,1,Night Eye,0x804C7FD,10.5,0,931
caco,Daedra Silk,0xFE00480A,2,Damage Stamina,0x3A2C6,4.5999999,22.2000008,1
caco,Daedra Silk,0xFE00480A,3,Etherealize,0x80425EF,174,0,74
caco,Daedra Silk,0x1CCA137,0,Slow,0x73F25,0.300000012,50,469
caco,Daedra Silk,0x1CCA137,1,Night Eye,0x804C7FD,10.5,0,931
caco,Daedra Silk,0x1CCA137,2,Damage Stamina,0x3A2C6,4.5999999,22.2000008,1
caco,Daedra Silk,0x1CCA137,3,Etherealize,0x80425EF,174,0,74
caco,Daedra Venin,0xFE00480B,0,Paralysis,0x73F30,204,0,70
caco,Daedra Venin,0xFE00480B,1,Ravage Health,0x73F26,0.550000012,10.4300003,10
caco,Daedra Venin,0xFE00480B,2,Drain Intelligence,0x804C7FB,0.670000017,3.71000004,30
caco,Daedra Venin,0xFE00480B,3,Stamina,0x3EB16,4.69999981,12.4899998,1
caco,Daedra Venin,0x80CB2B2,0,Paralysis,0x73F30,204,0,70
caco,Daedra Venin,0x80CB2B2,1,Ravage Health,0x73F26,0.550000012,10.4300003,10
caco,Daedra Venin,0x80CB2B2,2,Drain Intelligence,0x804C7FB,0.670000017,3.71000004,30
caco,Daedra Venin,0x80CB2B2,3,Stamina,0x3EB16,4.69999981,12.4899998,1
caco,Daedroth Teeth,0xFE004826,0,Stamina Fortification,0x3EAF9,0.129999995,7.76999998,60
caco,Daedroth Teeth,0xFE004826,1,Frenzy,0x73F29,0.620000005,3.3599999,30
caco,Daedroth Teeth,0xFE004826,2,Night Eye,0x804C7FD,10.5,0,798
caco,Daedroth Teeth,0xFE004826,3,Drain Strength,0x80476F6,0.670000017,3.16000009,30
caco,Daedroth Teeth,0x80A7B4B,0,Stamina Fortification,0x3EAF9,0.129999995,7.76999998,60
caco,Daedroth Teeth,0x80A7B4B,1,Frenzy,0x73F29,0.620000005,3.3599999,30
caco,Daedroth Teeth,0x80A7B4B,2,Night Eye,0x804C7FD,10.5,0,798
caco,Daedroth Teeth,0x80A7B4B,3,Drain Strength,0x80476F6,0.670000017,3.16000009,30
caco,Darkwater Minnow,0x833F5D9,0,Fire Aversion,0x73F2D,0.319999993,4.44999981,30
caco,Darkwater Minnow,0x833F5D9,1,Fortify Block,0x3EB1C,0.49000001,1.24000001,60
caco,Darkwater Minnow,0x833F5D9,2,Waterbreathing,0x3AC2D,7.69999981,0,466
caco,Darkwater Minnow,0x833F5D9,3,Fortify Speech,0xD6947,0.270000011,1.64999998,60
caco,Deathbell,0x516C8,0,Poison Aversion,0x90042,0.389999986,3.69000006,30
caco,Deathbell,0x516C8,1,Fatigue,0x73F23,23.6000004,0,366
caco,Deathbell,0x516C8,2,Slow,0x73F25,0.300000012,50,268
caco,Deathbell,0x516C8,3,Damage Health,0x3EB42,7.9000001,5.55999994,1
caco,Demented Swallowtail,0x6059153,0,Health Regeneration,0x3EB06,0.0252,6.90999985,240
caco,Demented Swallowtail,0x6059153,1,Magicka Regeneration,0x3EB07,0.0252,5.53000021,240
caco,Demented Swallowtail,0x6059153,2,Stamina Regeneration,0x3EB08,0.0252,4.1500001,180
caco,Demented Swallowtail,0x6059153,3,Paralysis,0x73F30,204,0,42
caco,Direnni's Dartwing,0x8660000,0,Fortify Conjuration,0x3EB25,0.172000006,4.98000002,60
caco,Direnni's Dartwing,0x8660000,1,Frost Aversion,0x73F2E,0.319999993,5.11999989,30
caco,Direnni's Dartwing,0x8660000,2,Speed,0x80425F1,0.0979999974,1.35000002,120
caco,Direnni's Dartwing,0x8660000,3,Drain Strength,0x80476F6,0.670000017,1.38,30
caco,Dragon Heartscales,0x80A2A42,0,Fortify Alteration,0x3EB24,0.172000006,6.23000002,60
caco,Dragon Heartscales,0x80A2A42,1,Drain Intelligence,0x804C7FB,0.670000017,4.13000011,30
caco,Dragon Heartscales,0x80A2A42,2,Resist Magic,0x39E51,1.24000001,1.12,60
caco,Dragon Heartscales,0x80A2A42,3,Fortify Heavy Armor,0x3EB1E,0.50999999,1.71000004,60
caco,Dragon Tooth,0x1CC0639,0,Magicka,0x3EB17,4.69999981,13.8800001,1
caco,Dragon Tooth,0x1CC0639,1,Fortify Two-handed,0x3EB1A,0.324999988,3.6400001,60
caco,Dragon Tooth,0x1CC0639,2,Magic Aversion,0x73F51,0.430000007,5.4000001,30
caco,Dragon Tooth,0x1CC0639,3,Resist Paralysis,0x806AE49,19,0,397
caco,Dragon's Tongue,0x889A2,0,Fortify Speech,0xD6947,0.270000011,2.20000005,60
caco,Dragon's Tongue,0x889A2,1,Resist Fire,0x3EAEA,0.36500001,1.53999996,60
caco,Dragon's Tongue,0x889A2,2,Fortify Two-handed,0x3EB1A,0.324999988,1.67999995,60
caco,Dragon's Tongue,0x889A2,3,Fortify Illusion,0x3EB27,0.172000006,2.07999992,60
caco,Dragon's Tongue Extract,0x85A97E2,0,Fortify Speech,0xD6947,0.270000011,2.75,60
caco,Dragon's Tongue Extract,0x85A97E2,1,Resist Fire,0x3EAEA,0.36500001,2.20000005,60
caco,Dragon's Tongue Extract,0x85A97E2,2,Fortify Two-handed,0x3EB1A,0.324999988,2.79999995,60
caco,Dragon's Tongue Extract,0x85A97E2,3,Fortify Illusion,0x3EB27,0.172000006,4.1500001,60
caco,Dreugh Wax,0xFE004827,0,Waterbreathing,0x3AC2D,7.69999981,0,998
caco,Dreugh Wax,0xFE004827,1,Fatigue,0x73F23,23.6000004,0,450
caco,Dreugh Wax,0xFE004827,2,Lingering Damage Health,0x10AA4A,12.3999996,0.560000002,10
caco,Dreugh Wax,0xFE004827,3,Resist Poison,0x90041,0.157000005,4.63000011,60
caco,Dreugh Wax,0x1CCA138,0,Waterbreathing,0x3AC2D,7.69999981,0,998
caco,Dreugh Wax,0x1CCA138,1,Fatigue,0x73F23,23.6000004,0,450
caco,Dreugh Wax,0x1CCA138,2,Lingering Damage Health,0x10AA4A,12.3999996,0.560000002,10
caco,Dreugh Wax,0x1CCA138,3,Resist Poison,0x90041,0.157000005,4.63000011,60
caco,Druadach Dart,0x83302A5,0,Lingering Damage Undead,0x10DE5E,12.8000002,0.519999981,10
caco,Druadach Dart,0x83302A5,1,Speed,0x80425F1,0.0979999974,2,120
caco,Druadach Dart,0x83302A5,2,Fortify Archery,0x3EB1B,0.324999988,3.07999992,60
caco,Druadach Dart,0x83302A5,3,Waterbreathing,0x3AC2D,7.69999981,0,399
caco,Dwarven Oil,0xF11C0,0,Fortify Sneak,0x3EB22,0.889999986,1.21000004,60
caco,Dwarven Oil,0xF11C0,1,Magic Aversion,0x73F51,0.430000007,4.57000017,30
caco,Dwarven Oil,0xF11C0,2,Fortify Illusion,0x3EB27,0.172000006,3.74000001,60
caco,Dwarven Oil,0xF11C0,3,Fortify Lockpicking,0x3EB21,0.579999983,2.24000001,30
caco,Ebony Jewelwing,0x8660003,0,Resist Paralysis,0x806AE49,19,0,381
caco,Ebony Jewelwing,0x8660003,1,Damage Magicka Regen,0x73F2B,0.360000014,3.3499999,30
caco,Ebony Jewelwing,0x8660003,2,Resist Shock,0x3EAEC,0.36500001,2.20000005,60
caco,Ebony Jewelwing,0x8660003,3,Detect Life,0x804C7FF,18.6000004,0,300
caco,Ectoplasm,0x3AD63,0,Etherealize,0x80425EF,174,0,80
caco,Ectoplasm,0x3AD63,1,Fortify Illusion,0x3EB27,0.172000006,5.80999994,60
caco,Ectoplasm,0x3AD63,2,Magicka Fortification,0x3EAF8,0.129999995,7.21999979,60
caco,Ectoplasm,0x3AD63,3,Damage Health,0x3EB42,7.9000001,4.86999989,1
caco,Elven Heart,0x8A100FF,0,Magicka Regeneration,0x3EB07,0.0252,8.30000019,240
caco,Elven Heart,0x8A100FF,1,Fortify Conjuration,0x3EB25,0.172000006,5.4000001,60
caco,Elven Heart,0x8A100FF,2,Fortify Destruction,0x3EB26,0.324999988,3.22000003,60
caco,Elven Heart,0x8A100FF,3,Fortify Illusion,0x3EB27,0.172000006,4.98000002,60
caco,Elves Ear,0x34D31,0,Magicka,0x3EB17,4.69999981,3.70000005,1
caco,Elves Ear,0x34D31,1,Health,0x3EB15,5.30000019,2.76999998,1
caco,Elves Ear,0x34D31,2,Frost Aversion,0x73F2E,0.319999993,2.23000002,30
caco,Elves Ear,0x34D31,3,Resist Fire,0x3EAEA,0.36500001,0.550000012,60
caco,Elves Ear Extract,0x85A97E0,0,Magicka,0x3EB17,4.69999981,9.25,1
caco,Elves Ear Extract,0x85A97E0,1,Health,0x3EB15,5.30000019,9.25,1
caco,Elves Ear Extract,0x85A97E0,2,Frost Aversion,0x73F2E,0.319999993,4.44999981,30
caco,Elves Ear Extract,0x85A97E0,3,Resist Fire,0x3EAEA,0.36500001,2.20000005,60
caco,Elytra Ichor,0xFE004828,0,Magicka,0x3EB17,4.69999981,11,1
caco,Elytra Ichor,0xFE004828,1,Etherealize,0x80425EF,174,0,53
caco,Elytra Ichor,0xFE004828,2,Lingering Damage Undead,0x10DE5E,12.8000002,0.400000006,10
caco,Elytra Ichor,0xFE004828,3,Silence,0x73F27,113,0,85
caco,Emerald Darner,0x8660013,0,Waterwalking,0x40390E1,9.39999962,0,732
caco,Emerald Darner,0x8660013,1,Cure Disease,0xAE722,45,1,0
caco,Emerald Darner,0x8660013,2,Damage Undead,0x10DE5F,8.30000019,4.86999989,1
caco,Emerald Darner,0x8660013,3,Speed,0x80425F1,0.0979999974,1.5,60
caco,Emerald Swallowtail,0x83353B9,0,Drain Intelligence,0x804C7FB,0.670000017,2.75,30
caco,Emerald Swallowtail,0x83353B9,1,Fortify One-handed,0x3EB19,0.324999988,2.24000001,60
caco,Emerald Swallowtail,0x83353B9,2,Resist Disease,0x806AE45,0.0149999997,100,1166
caco,Emerald Swallowtail,0x83353B9,3,Fortify Alteration,0x3EB24,0.172000006,2.07999992,60
caco,Emperor Dartwing,0x8660011,0,Fortify Restoration,0x3EB28,0.234999999,4.03000021,60
caco,Emperor Dartwing,0x8660011,1,Fortify Illusion,0x3EB27,0.172000006,4.57000017,60
caco,Emperor Dartwing,0x8660011,2,Fortify Unarmed,0x804C7FE,1.42999995,0.529999971,60
caco,Emperor Dartwing,0x8660011,3,Damage Undead,0x10DE5F,8.30000019,5.55999994,1
caco,Emperor Moth,0x83302A8,0,Magicka Fortification,0x3EAF8,0.129999995,5.55000019,60
caco,Emperor Moth,0x83302A8,1,Cure Disease,0xAE722,45,1,0
caco,Emperor Moth,0x83302A8,2,Fire Aversion,0x73F2D,0.319999993,4.01000023,30
caco,Emperor Moth,0x83302A8,3,Magicka,0x3EB17,4.69999981,7.4000001,1
caco,Emperor Parasol Moss,0x401FF75,0,Health Regeneration,0x3EB06,0.0252,9.68000031,180
caco,Emperor Parasol Moss,0x401FF75,1,Fortify Two-handed,0x3EB1A,0.324999988,3.07999992,60
caco,Emperor Parasol Moss,0x401FF75,2,Damage Health,0x3EB42,7.9000001,6.94999981,1
caco,Emperor Parasol Moss,0x401FF75,3,Fortify Heavy Armor,0x3EB1E,0.50999999,1.39999998,60
caco,Falkreath Minnow,0x83302AA,0,Fortify Light Armor,0x3EB1F,0.50999999,1.39999998,60
caco,Falkreath Minnow,0x83302AA,1,Poison Aversion,0x90042,0.389999986,1.67999995,30
caco,Falkreath Minnow,0x83302AA,2,Fortify Lockpicking,0x3EB21,0.579999983,1.39999998,30
caco,Falkreath Minnow,0x83302AA,3,Resist Paralysis,0x806AE49,19,0,166
caco,Falmer Blood,0x8102EA3,0,Fortify Sneak,0x3EB22,0.889999986,1.42999995,60
caco,Falmer Blood,0x8102EA3,1,Resist Poison,0x90041,0.157000005,5.96000004,60
caco,Falmer Blood,0x8102EA3,2,Magicka,0x3EB17,4.69999981,12.4899998,1
caco,Falmer Blood,0x8102EA3,3,Stamina,0x3EB16,4.69999981,12.0299997,1
caco,Falmer Ear,0x3AD5D,0,Fortify Lockpicking,0x3EB21,0.579999983,4.19999981,30
caco,Falmer Ear,0x3AD5D,1,Frenzy,0x73F29,0.620000005,3.6400001,30
caco,Falmer Ear,0x3AD5D,2,Resist Poison,0x90041,0.157000005,3.6400001,60
caco,Falmer Ear,0x3AD5D,3,Damage Health,0x3EB42,7.9000001,6.94999981,1
caco,Felsaad Tern Feathers,0x403CD8E,0,Fortify Light Armor,0x3EB1F,0.50999999,2.08999991,60
caco,Felsaad Tern Feathers,0x403CD8E,1,Health,0x3EB15,5.30000019,12.0299997,1
caco,Felsaad Tern Feathers,0x403CD8E,2,Cure Disease,0xAE722,45,1,0
caco,Felsaad Tern Feathers,0x403CD8E,3,Resist Magic,0x39E51,1.24000001,0.629999995,60
caco,Fennel Seed Extract,0x85A97DE,0,Magicka Fortification,0x3EAF8,0.129999995,5.55000019,60
caco,Fennel Seed Extract,0x85A97DE,1,Stamina Fortification,0x3EAF9,0.129999995,5.55000019,60
caco,Fennel Seed Extract,0x85A97DE,2,Fortify Two-handed,0x3EB1A,0.324999988,2.79999995,60
caco,Fennel Seed Extract,0x85A97DE,3,Poison Aversion,0x90042,0.389999986,3.3499999,30
caco,Fennel Seeds,0x1CCA117,0,Magicka Fortification,0x3EAF8,0.129999995,2.77999997,60
caco,Fennel Seeds,0x1CCA117,1,Stamina Fortification,0x3EAF9,0.129999995,2.77999997,60
caco,Fennel Seeds,0x1CCA117,2,Fortify Two-handed,0x3EB1A,0.324999988,1.67999995,60
caco,Fennel Seeds,0x1CCA117,3,Poison Aversion,0x90042,0.389999986,1.16999996,30
caco,Fine-Cut Ash Salts,0x85A980E,0,Drain Strength,0x80476F6,0.670000017,3.8499999,30
caco,Fine-Cut Ash Salts,0x85A980E,1,Fortify Enchanting,0x3EB29,0.709999979,1.67999995,60
caco,Fine-Cut Ash Salts,0x85A980E,2,Fatigue,0x73F23,23.6000004,0,383
caco,Fine-Cut Ash Salts,0x85A980E,3,Resist Magic,0x39E51,1.24000001,0.949999988,60
caco,Fine-Cut Fire Salts,0x85A9807,0,Fire Aversion,0x73F2D,0.319999993,6.67999983,30
caco,Fine-Cut Fire Salts,0x85A9807,1,Resist Frost,0x3EAEB,0.36500001,2.75,60
caco,Fine-Cut Fire Salts,0x85A9807,2,Magicka Regeneration,0x3EB07,0.0252,5.53000021,300
caco,Fine-Cut Fire Salts,0x85A9807,3,Magicka,0x3EB17,4.69999981,10.6400003,1
caco,Fine-Cut Frost Salts,0x85A9808,0,Frost Aversion,0x73F2E,0.319999993,6.67999983,30
caco,Fine-Cut Frost Salts,0x85A9808,1,Resist Fire,0x3EAEA,0.36500001,2.75,60
caco,Fine-Cut Frost Salts,0x85A9808,2,Damage Health,0x3EB42,7.9000001,9.72999954,1
caco,Fine-Cut Frost Salts,0x85A9808,3,Magicka,0x3EB17,4.69999981,10.6400003,1
caco,Fine-Cut Void Salts,0x85A980A,0,Shock Aversion,0x73F2F,0.319999993,6.67999983,30
caco,Fine-Cut Void Salts,0x85A980A,1,Resist Shock,0x3EAEC,0.36500001,2.75,60
caco,Fine-Cut Void Salts,0x85A980A,2,Silence,0x73F27,113,0,94
caco,Fine-Cut Void Salts,0x85A980A,3,Magicka,0x3EB17,4.69999981,10.6400003,1
caco,Finely Ground Bone Meal,0x85A980C,0,Damage Stamina,0x3A2C6,4.5999999,12.21,1
caco,Finely Ground Bone Meal,0x85A980C,1,Fortify Conjuration,0x3EB25,0.172000006,4.1500001,60
caco,Finely Ground Bone Meal,0x85A980C,2,Resist Fire,0x3EAEA,0.36500001,1.98000002,60
caco,Finely Ground Bone Meal,0x85A980C,3,Night Eye,0x804C7FD,10.5,0,399
caco,Fire Petals,0xFE004829,0,Lingering Damage Health,0x10AA4A,12.3999996,0.439999998,10
caco,Fire Petals,0xFE004829,1,Resist Fire,0x3EAEA,0.36500001,2.30999994,60
caco,Fire Petals,0xFE004829,2,Resist Paralysis,0x806AE49,19,0,331
caco,Fire Petals,0xFE004829,3,Ravage Health,0x73F26,0.550000012,5.55999994,10
caco,Fire Petals,0x8A100B1,0,Lingering Damage Health,0x10AA4A,12.3999996,0.439999998,10
caco,Fire Petals,0x8A100B1,1,Resist Fire,0x3EAEA,0.36500001,2.30999994,60
caco,Fire Petals,0x8A100B1,2,Resist Paralysis,0x806AE49,19,0,331
caco,Fire Petals,0x8A100B1,3,Ravage Health,0x73F26,0.550000012,5.55999994,10
caco,Fire Salts,0x3AD5E,0,Fire Aversion,0x73F2D,0.319999993,6.67999983,30
caco,Fire Salts,0x3AD5E,1,Resist Frost,0x3EAEB,0.36500001,2.75,60
caco,Fire Salts,0x3AD5E,2,Magicka Regeneration,0x3EB07,0.0252,5.53000021,300
caco,Fire Salts,0x3AD5E,3,Magicka,0x3EB17,4.69999981,10.6400003,1
caco,Flame Skimmer,0x8660007,0,Frost Aversion,0x73F2E,0.319999993,5.78999996,30
caco,Flame Skimmer,0x8660007,1,Speed,0x80425F1,0.0979999974,1.64999998,120
caco,Flame Skimmer,0x8660007,2,Cure Poison,0x109ADD,35,1,0
caco,Flame Skimmer,0x8660007,3,Damage Magicka Regen,0x73F2B,0.360000014,2.00999999,30
caco,Flame Stalk,0xFE00482A,0,Health,0x3EB15,5.30000019,11,1
caco,Flame Stalk,0xFE00482A,1,Resist Frost,0x3EAEB,0.36500001,2.20000005,60
caco,Flame Stalk,0xFE00482A,2,Fire Aversion,0x73F2D,0.319999993,4.44999981,30
caco,Flame Stalk,0xFE00482A,3,Invisibility,0x3EB3D,27,0,331
caco,Flame Stalk,0x6095E23,0,Health,0x3EB15,5.30000019,11.5600004,1
caco,Flame Stalk,0x6095E23,1,Resist Frost,0x3EAEB,0.36500001,2.42000008,60
caco,Flame Stalk,0x6095E23,2,Fire Aversion,0x73F2D,0.319999993,4.01000023,30
caco,Flame Stalk,0x6095E23,3,Invisibility,0x3EB3D,27,0,248
caco,Flax Seed Extract,0x85A97DC,0,Feather,0x3EB01,0.0469999984,3.30999994,300
caco,Flax Seed Extract,0x85A97DC,1,Fortify Block,0x3EB1C,0.49000001,1.54999995,60
caco,Flax Seed Extract,0x85A97DC,2,Lingering Damage Health,0x10AA4A,12.3999996,0.400000006,10
caco,Flax Seed Extract,0x85A97DC,3,Magicka,0x3EB17,4.69999981,9.25,1
caco,Flax Seeds,0x1CCA118,0,Feather,0x3EB01,0.0469999984,1.99000001,300
caco,Flax Seeds,0x1CCA118,1,Fortify Block,0x3EB1C,0.49000001,0.779999971,60
caco,Flax Seeds,0x1CCA118,2,Lingering Damage Health,0x10AA4A,12.3999996,0.140000001,10
caco,Flax Seeds,0x1CCA118,3,Magicka,0x3EB17,4.69999981,2.77999997,1
caco,Fly Amanita,0x4DA00,0,Stamina Regeneration,0x3EB08,0.0252,5.53000021,240
caco,Fly Amanita,0x4DA00,1,Resist Fire,0x3EAEA,0.36500001,1.75999999,60
caco,Fly Amanita,0x4DA00,2,Fortify Two-handed,0x3EB1A,0.324999988,2.24000001,60
caco,Fly Amanita,0x4DA00,3,Frenzy,0x73F29,0.620000005,1.67999995,30
caco,Fox Fat,0x1CCA144,0,Fortify Lockpicking,0x3EB21,0.579999983,3.07999992,30
caco,Fox Fat,0x1CCA144,1,Fortify Speech,0xD6947,0.270000011,2.75,60
caco,Fox Fat,0x1CCA144,2,Fortify Pickpocket,0x3EB20,0.270000011,2.51999998,60
caco,Fox Fat,0x1CCA144,3,Lingering Damage Undead,0x10DE5E,12.8000002,0.159999996,10
caco,Foxglove Nectar,0x80D0413,0,Resist Poison,0x90041,0.157000005,2.98000002,60
caco,Foxglove Nectar,0x80D0413,1,Resist Disease,0x806AE45,0.0149999997,100,833
caco,Foxglove Nectar,0x80D0413,2,Resist Paralysis,0x806AE49,19,0,248
caco,Foxglove Nectar,0x80D0413,3,Night Eye,0x804C7FD,10.5,0,333
caco,Frogspawn,0x816009F,0,Waterbreathing,0x3AC2D,7.69999981,0,831
caco,Frogspawn,0x816009F,1,Cure Disease,0xAE722,45,1,0
caco,Frogspawn,0x816009F,2,Frost Aversion,0x73F2E,0.319999993,3.33999991,30
caco,Frogspawn,0x816009F,3,Fortify Pickpocket,0x3EB20,0.270000011,1.96000004,60
caco,Frost Mirriam,0x34D32,0,Resist Frost,0x3EAEB,0.36500001,1.21000004,60
caco,Frost Mirriam,0x34D32,1,Stamina Fortification,0x3EAF9,0.129999995,2.22000003,60
caco,Frost Mirriam,0x34D32,2,Magicka Fortification,0x3EAF8,0.129999995,2.22000003,60
caco,Frost Mirriam,0x34D32,3,Fire Aversion,0x73F2D,0.319999993,2.23000002,30
caco,Frost Mirriam Extract,0x85A97DA,0,Resist Frost,0x3EAEB,0.36500001,2.20000005,60
caco,Frost Mirriam Extract,0x85A97DA,1,Stamina Fortification,0x3EAF9,0.129999995,5.55000019,60
caco,Frost Mirriam Extract,0x85A97DA,2,Magicka Fortification,0x3EAF8,0.129999995,5.55000019,60
caco,Frost Mirriam Extract,0x85A97DA,3,Fire Aversion,0x73F2D,0.319999993,4.44999981,30
caco,Frost Salts,0x3AD5F,0,Frost Aversion,0x73F2E,0.319999993,6.67999983,30
caco,Frost Salts,0x3AD5F,1,Resist Fire,0x3EAEA,0.36500001,2.75,60
caco,Frost Salts,0x3AD5F,2,Damage Health,0x3EB42,7.9000001,9.72999954,1
caco,Frost Salts,0x3AD5F,3,Magicka,0x3EB17,4.69999981,10.6400003,1
caco,Frost Skimmer,0x8660006,0,Fire Aversion,0x73F2D,0.319999993,5.11999989,30
caco,Frost Skimmer,0x8660006,1,Resist Frost,0x3EAEB,0.36500001,2.30999994,60
caco,Frost Skimmer,0x8660006,2,Stamina,0x3EB16,4.69999981,6.94000006,1
caco,Frost Skimmer,0x8660006,3,Waterwalking,0x40390E1,9.39999962,0,399
caco,Fungus Stalk,0xFE00482B,0,Magicka,0x3EB17,4.69999981,10.1999998,1
caco,Fungus Stalk,0xFE00482B,1,Health Fortification,0x3EAF3,0.129999995,5.5,60
caco,Fungus Stalk,0xFE00482B,2,Stamina Fortification,0x3EAF9,0.129999995,5.30000019,60
caco,Fungus Stalk,0xFE00482B,3,Waterwalking,0x40390E1,9.39999962,0,665
caco,Garlic,0x34D22,0,Resist Disease,0x806AE45,0.0149999997,100,1332
caco,Garlic,0x34D22,1,Stamina Regeneration,0x3EB08,0.0252,4.1500001,180
caco,Garlic,0x34D22,2,Health Regeneration,0x3EB06,0.0252,2.76999998,180
caco,Garlic,0x34D22,3,Magicka Regeneration,0x3EB07,0.0252,2.76999998,180
caco,Garlic Extract,0x85A97D9,0,Resist Disease,0x806AE45,0.0149999997,100,1665
caco,Garlic Extract,0x85A97D9,1,Stamina Regeneration,0x3EB08,0.0252,5.53000021,240
caco,Garlic Extract,0x85A97D9,2,Health Regeneration,0x3EB06,0.0252,5.53000021,240
caco,Garlic Extract,0x85A97D9,3,Magicka Regeneration,0x3EB07,0.0252,5.53000021,240
caco,Ghostfish,0x83353AF,0,Resist Poison,0x90041,0.157000005,4.96999979,60
caco,Ghostfish,0x83353AF,1,Speed,0x80425F1,0.0979999974,1.75,120
caco,Ghostfish,0x83353AF,2,Etherealize,0x80425EF,174,0,53
caco,Ghostfish,0x83353AF,3,Shock Aversion,0x73F2F,0.319999993,3.33999991,30
caco,Giant Lichen,0x7E8C1,0,Poison Aversion,0x90042,0.389999986,3.51999998,30
caco,Giant Lichen,0x7E8C1,1,Shock Aversion,0x73F2F,0.319999993,4.44999981,30
caco,Giant Lichen,0x7E8C1,2,Ravage Health,0x73F26,0.550000012,6.94999981,10
caco,Giant Lichen,0x7E8C1,3,Magicka,0x3EB17,4.69999981,8.32999992,1
caco,Giant's Blood,0x8102EA1,0,Fortify Unarmed,0x804C7FE,1.42999995,0.800000012,60
caco,Giant's Blood,0x8102EA1,1,Fortify Smithing,0x3EB1D,1.51999998,1.67999995,30
caco,Giant's Blood,0x8102EA1,2,Shock Aversion,0x73F2F,0.319999993,4.9000001,30
caco,Giant's Blood,0x8102EA1,3,Resist Disease,0x806AE45,0.0149999997,100,1499
caco,Giant's Toe,0x3AD64,0,Damage Stamina Regen,0x73F2C,0.344999999,5.03000021,30
caco,Giant's Toe,0x3AD64,1,Feather,0x3EB01,0.0469999984,4.63000011,300
caco,Giant's Toe,0x3AD64,2,Health Fortification,0x3EAF3,0.129999995,7.21999979,60
caco,Giant's Toe,0x3AD64,3,Drain Strength,0x80476F6,0.670000017,3.44000006,30
caco,Ginseng,0x80D0415,0,Magicka Fortification,0x3EAF8,0.129999995,5.55000019,60
caco,Ginseng,0x80D0415,1,Cure Poison,0x109ADD,35,1,0
caco,Ginseng,0x80D0415,2,Slow,0x73F25,0.300000012,50,168
caco,Ginseng,0x80D0415,3,Damage Undead,0x10DE5F,8.30000019,3.48000002,1
caco,Glassfish,0x50008EE,0,Magicka,0x3EB17,4.69999981,11.5600004,1
caco,Glassfish,0x50008EE,1,Invisibility,0x3EB3D,27,0,331
caco,Glassfish,0x50008EE,2,Fortify Illusion,0x3EB27,0.172000006,2.49000001,60
caco,Glassfish,0x50008EE,3,Fortify Speech,0xD6947,0.270000011,1.38,60
caco,Gleamblossom,0x200B097,0,Etherealize,0x80425EF,174,0,66
caco,Gleamblossom,0x200B097,1,Paralysis,0x73F30,204,0,53
caco,Gleamblossom,0x200B097,2,Health Regeneration,0x3EB06,0.0252,6.90999985,240
caco,Gleamblossom,0x200B097,3,Fear,0x73F20,0.620000005,2.38000011,30
caco,Glow Dust,0x3AD73,0,Resist Shock,0x3EAEC,0.36500001,2.52999997,60
caco,Glow Dust,0x3AD73,1,Fortify Destruction,0x3EB26,0.324999988,3.3599999,60
caco,Glow Dust,0x3AD73,2,Damage Magicka Regen,0x73F2B,0.360000014,4.01999998,30
caco,Glow Dust,0x3AD73,3,Damage Magicka,0x3A2B6,4.5999999,12.21,1
caco,Glowing Mushroom,0x7EE01,0,Etherealize,0x80425EF,174,0,45
caco,Glowing Mushroom,0x7EE01,1,Resist Shock,0x3EAEC,0.36500001,1.21000004,60
caco,Glowing Mushroom,0x7EE01,2,Fortify Destruction,0x3EB26,0.324999988,1.67999995,60
caco,Glowing Mushroom,0x7EE01,3,Health Fortification,0x3EAF3,0.129999995,2.77999997,60
caco,Glowing Mushroom Extract,0x85A46D8,0,Etherealize,0x80425EF,174,0,53
caco,Glowing Mushroom Extract,0x85A46D8,1,Resist Shock,0x3EAEC,0.36500001,2.20000005,60
caco,Glowing Mushroom Extract,0x85A46D8,2,Fortify Destruction,0x3EB26,0.324999988,2.79999995,60
caco,Glowing Mushroom Extract,0x85A46D8,3,Health Fortification,0x3EAF3,0.129999995,5.55000019,60
caco,Gnarl Bark,0xFE00482C,0,Damage Health,0x3EB42,7.9000001,9,1
caco,Gnarl Bark,0xFE00482C,1,Stamina Regeneration,0x3EB08,0.0252,5.53000021,240
caco,Gnarl Bark,0xFE00482C,2,Fortify Heavy Armor,0x3EB1E,0.50999999,1.54999995,60
caco,Gnarl Bark,0xFE00482C,3,Resist Fire,0x3EAEA,0.36500001,1.79999995,60
caco,Goat Eye,0x81FB129,0,Damage Stamina,0x3A2C6,4.5999999,11.1000004,1
caco,Goat Eye,0x81FB129,1,Fortify Illusion,0x3EB27,0.172000006,2.91000009,60
caco,Goat Eye,0x81FB129,2,Damage Magicka Regen,0x73F2B,0.360000014,1.67999995,30
caco,Goat Eye,0x81FB129,3,Damage Stamina Regen,0x73F2C,0.344999999,1.34000003,30
caco,Gold Kanet,0xFE00482D,0,Slow,0x73F25,0.300000012,50,335
caco,Gold Kanet,0xFE00482D,1,Ravage Health,0x73F26,0.550000012,6.94999981,10
caco,Gold Kanet,0xFE00482D,2,Stamina,0x3EB16,4.69999981,9,1
caco,Gold Kanet,0xFE00482D,3,Fortify Smithing,0x3EB1D,1.51999998,1.25999999,30
caco,Golden Rudd,0x83353B0,0,Fortify Unarmed,0x804C7FE,1.42999995,0.639999986,60
caco,Golden Rudd,0x83353B0,1,Fortify Restoration,0x3EB28,0.234999999,2.48000002,60
caco,Golden Rudd,0x83353B0,2,Resist Disease,0x806AE45,0.0149999997,100,999
caco,Golden Rudd,0x83353B0,3,Lingering Damage Health,0x10AA4A,12.3999996,0.200000003,10
caco,Golden Skimmer,0x8660016,0,Shock Aversion,0x73F2F,0.319999993,4.01000023,30
caco,Golden Skimmer,0x8660016,1,Waterwalking,0x40390E1,9.39999962,0,599
caco,Golden Skimmer,0x8660016,2,Frenzy,0x73F29,0.620000005,2.51999998,30
caco,Golden Skimmer,0x8660016,3,Resist Poison,0x90041,0.157000005,1.99000001,60
caco,Golden-Ringed Darner,0x8660012,0,Fortify Lockpicking,0x3EB21,0.579999983,3.6400001,30
caco,Golden-Ringed Darner,0x8660012,1,Fortify Light Armor,0x3EB1F,0.50999999,1.86000001,60
caco,Golden-Ringed Darner,0x8660012,2,Damage Stamina Regen,0x73F2C,0.344999999,3.69000006,30
caco,Golden-Ringed Darner,0x8660012,3,Fortify Block,0x3EB1C,0.49000001,1.71000004,60
caco,Goldfish,0x50008EF,0,Stamina,0x3EB16,4.69999981,11.5600004,1
caco,Goldfish,0x50008EF,1,Fortify Heavy Armor,0x3EB1E,0.50999999,1.54999995,60
caco,Goldfish,0x50008EF,2,Waterbreathing,0x3AC2D,7.69999981,0,366
caco,Goldfish,0x50008EF,3,Resist Frost,0x3EAEB,0.36500001,0.99000001,60
caco,Grass Pod,0x83E64,0,Drain Intelligence,0x804C7FB,0.670000017,1.64999998,30
caco,Grass Pod,0x83E64,1,Cure Poison,0x109ADD,35,1,0
caco,Grass Pod,0x83E64,2,Fortify Alteration,0x3EB24,0.172000006,2.07999992,60
caco,Grass Pod,0x83E64,3,Magicka,0x3EB17,4.69999981,3.70000005,1
caco,Gravedust,0x80D0439,0,Fortify Smithing,0x3EB1D,1.51999998,1.61000001,30
caco,Gravedust,0x80D0439,1,Drain Intelligence,0x804C7FB,0.670000017,3.02999997,30
caco,Gravedust,0x80D0439,2,Damage Undead,0x10DE5F,8.30000019,6.94999981,1
caco,Gravedust,0x80D0439,3,Cure Disease,0xAE722,45,1,0
caco,Gravetar,0x1CCA139,0,Fear,0x73F20,0.620000005,3.3599999,30
caco,Gravetar,0x1CCA139,1,Resist Frost,0x3EAEB,0.36500001,2.42000008,60
caco,Gravetar,0x1CCA139,2,Ravage Health,0x73F26,0.550000012,7.30000019,10
caco,Gravetar,0x1CCA139,3,Fortify Two-handed,0x3EB1A,0.324999988,2.51999998,60
caco,Green Tench,0x832608E,0,Poison Aversion,0x90042,0.389999986,4.36000013,30
caco,Green Tench,0x832608E,1,Fortify Two-handed,0x3EB1A,0.324999988,2.79999995,60
caco,Green Tench,0x832608E,2,Resist Shock,0x3EAEC,0.36500001,2.20000005,60
caco,Green Tench,0x832608E,3,Ravage Health,0x73F26,0.550000012,4.17000008,10
caco,Gudgeon,0x832608D,0,Resist Disease,0x806AE45,0.0149999997,100,2165
caco,Gudgeon,0x832608D,1,Health Regeneration,0x3EB06,0.0252,8.30000019,180
caco,Gudgeon,0x832608D,2,Lingering Damage Health,0x10AA4A,12.3999996,0.419999987,10
caco,Gudgeon,0x832608D,3,Health Fortification,0x3EAF3,0.129999995,4.44000006,60
caco,Hackle-Lo Leaf,0xFE00482E,0,Stamina,0x3EB16,4.69999981,11,1
caco,Hackle-Lo Leaf,0xFE00482E,1,Paralysis,0x73F30,204,0,53
caco,Hackle-Lo Leaf,0xFE00482E,2,Waterbreathing,0x3AC2D,7.69999981,0,665
caco,Hackle-Lo Leaf,0xFE00482E,3,Fortify Restoration,0x3EB28,0.234999999,2.70000005,60
caco,Hagraven Claw,0x6B689,0,Fortify Enchanting,0x3EB29,0.709999979,1.61000001,60
caco,Hagraven Claw,0x6B689,1,Fortify Speech,0xD6947,0.270000011,3.57999992,60
caco,Hagraven Claw,0x6B689,2,Drain Strength,0x80476F6,0.670000017,3.02999997,30
caco,Hagraven Claw,0x6B689,3,Resist Magic,0x39E51,1.24000001,0.899999976,60
caco,Hagraven Feathers,0x3AD66,0,Shock Aversion,0x73F2F,0.319999993,5.11999989,30
caco,Hagraven Feathers,0x3AD66,1,Damage Magicka,0x3A2B6,4.5999999,12.21,1
caco,Hagraven Feathers,0x3AD66,2,Fortify Conjuration,0x3EB25,0.172000006,4.55999994,60
caco,Hagraven Feathers,0x3AD66,3,Frenzy,0x73F29,0.620000005,2.79999995,30
caco,Hanging Moss,0x57F91,0,Damage Magicka Regen,0x73F2B,0.360000014,2.50999999,30
caco,Hanging Moss,0x57F91,1,Stamina Fortification,0x3EAF9,0.129999995,2.77999997,60
caco,Hanging Moss,0x57F91,2,Fortify One-handed,0x3EB19,0.324999988,1.67999995,60
caco,Hanging Moss,0x57F91,3,Damage Magicka,0x3A2B6,4.5999999,3.8900001,1
caco,Hanging Moss Extract,0x85A46D4,0,Damage Magicka Regen,0x73F2B,0.360000014,3.3499999,30
caco,Hanging Moss Extract,0x85A46D4,1,Stamina Fortification,0x3EAF9,0.129999995,5.55000019,60
caco,Hanging Moss Extract,0x85A46D4,2,Fortify One-handed,0x3EB19,0.324999988,2.79999995,60
caco,Hanging Moss Extract,0x85A46D4,3,Damage Magicka,0x3A2B6,4.5999999,11.1000004,1
caco,Hawk Beak,0xE7EBC,0,Feather,0x3EB01,0.0469999984,4.30000019,300
caco,Hawk Beak,0xE7EBC,1,Resist Shock,0x3EAEC,0.36500001,2.42000008,60
caco,Hawk Beak,0xE7EBC,2,Fortify Archery,0x3EB1B,0.324999988,2.94000006,60
caco,Hawk Beak,0xE7EBC,3,Stamina Regeneration,0x3EB08,0.0252,8.30000019,180
caco,Hawk Egg,0x300F1CC,0,Damage Undead,0x10DE5F,8.30000019,7.6500001,1
caco,Hawk Egg,0x300F1CC,1,Night Eye,0x804C7FD,10.5,0,732
caco,Hawk Egg,0x300F1CC,2,Fortify Smithing,0x3EB1D,1.51999998,1.39999998,30
caco,Hawk Egg,0x300F1CC,3,Lingering Damage Undead,0x10DE5E,12.8000002,0.239999995,10
caco,Hawk Feathers,0xE7ED0,0,Speed,0x80425F1,0.0979999974,3.75,60
caco,Hawk Feathers,0xE7ED0,1,Cure Disease,0xAE722,45,1,0
caco,Hawk Feathers,0xE7ED0,2,Fortify Light Armor,0x3EB1F,0.50999999,1.54999995,60
caco,Hawk Feathers,0xE7ED0,3,Fortify One-handed,0x3EB19,0.324999988,1.67999995,60
caco,Heart of Order,0xFE004851,0,Health,0x3EB15,5.30000019,11.3000002,1
caco,Heart of Order,0xFE004851,1,Health Fortification,0x3EAF3,0.129999995,5.55999994,60
caco,Heart of Order,0xFE004851,2,Fortify One-handed,0x3EB19,0.324999988,2.79999995,60
caco,Heart of Order,0xFE004851,3,Fortify Two-handed,0x3EB1A,0.324999988,2.5,60
caco,Heather,0x8A100B3,0,Damage Stamina Regen,0x73F2C,0.344999999,2.3499999,30
caco,Heather,0x8A100B3,1,Fortify Speech,0xD6947,0.270000011,1.64999998,60
caco,Heather,0x8A100B3,2,Slow,0x73F25,0.300000012,50,201
caco,Heather,0x8A100B3,3,Fortify Lockpicking,0x3EB21,0.579999983,1.39999998,30
caco,Heather Extract,0x85A46D2,0,Damage Stamina Regen,0x73F2C,0.344999999,3.3499999,30
caco,Heather Extract,0x85A46D2,1,Fortify Speech,0xD6947,0.270000011,2.75,60
caco,Heather Extract,0x85A46D2,2,Slow,0x73F25,0.300000012,50,335
caco,Heather Extract,0x85A46D2,3,Fortify Lockpicking,0x3EB21,0.579999983,2.79999995,30
caco,Histcarp,0x106E18,0,Damage Stamina Regen,0x73F2C,0.344999999,3.3499999,30
caco,Histcarp,0x106E18,1,Stamina,0x3EB16,4.69999981,9.25,1
caco,Histcarp,0x106E18,2,Waterbreathing,0x3AC2D,7.69999981,0,366
caco,Histcarp,0x106E18,3,Resist Disease,0x806AE45,0.0149999997,100,500
caco,Honeycomb,0xB08C5,0,Magicka Regeneration,0x3EB07,0.0252,5.53000021,240
caco,Honeycomb,0xB08C5,1,Fortify One-handed,0x3EB19,0.324999988,2.79999995,60
caco,Honeycomb,0xB08C5,2,Fatigue,0x73F23,23.6000004,0,233
caco,Honeycomb,0xB08C5,3,Fortify Illusion,0x3EB27,0.172000006,2.49000001,60
caco,Horker Tusk,0x1CCA131,0,Magicka Fortification,0x3EAF8,0.129999995,5.82999992,60
caco,Horker Tusk,0x1CCA131,1,Fortify Conjuration,0x3EB25,0.172000006,3.74000001,60
caco,Horker Tusk,0x1CCA131,2,Lingering Damage Undead,0x10DE5E,12.8000002,0.360000014,10
caco,Horker Tusk,0x1CCA131,3,Detect Life,0x804C7FF,18.6000004,0,233
caco,Horse Hair,0x1CC0641,0,Speed,0x80425F1,0.0979999974,1.5,60
caco,Horse Hair,0x1CC0641,1,Cure Poison,0x109ADD,35,1,0
caco,Horse Hair,0x1CC0641,2,Resist Shock,0x3EAEC,0.36500001,0.550000012,60
caco,Horse Hair,0x1CC0641,3,Poison Aversion,0x90042,0.389999986,1.16999996,30
caco,Human Flesh,0x1016B3,0,Damage Health,0x3EB42,7.9000001,6.94999981,1
caco,Human Flesh,0x1016B3,1,Paralysis,0x73F30,204,0,53
caco,Human Flesh,0x1016B3,2,Magicka,0x3EB17,4.69999981,9.25,1
caco,Human Flesh,0x1016B3,3,Fortify Sneak,0x3EB22,0.889999986,1.10000002,60
caco,Human Heart,0xB18CD,0,Stamina Regeneration,0x3EB08,0.0252,6.90999985,300
caco,Human Heart,0xB18CD,1,Detect Life,0x804C7FF,18.6000004,0,416
caco,Human Heart,0xB18CD,2,Damage Magicka,0x3A2B6,4.5999999,13.8800001,1
caco,Human Heart,0xB18CD,3,Damage Magicka Regen,0x73F2B,0.360000014,3.8499999,30
caco,Hunger Tongue,0xFE00480C,0,Fire Aversion,0x73F2D,0.319999993,4.9000001,30
caco,Hunger Tongue,0xFE00480C,1,Cure Disease,0xAE722,45,1,0
caco,Hunger Tongue,0xFE00480C,2,Cure Poison,0x109ADD,35,1,0
caco,Hunger Tongue,0xFE00480C,3,Magicka Fortification,0x3EAF8,0.129999995,4,60
caco,Hydnum Azure Giant Spore,0xFE00480D,0,Resist Frost,0x3EAEB,0.36500001,2.5,60
caco,Hydnum Azure Giant Spore,0xFE00480D,1,Health Fortification,0x3EAF3,0.129999995,5.55000019,60
caco,Hydnum Azure Giant Spore,0xFE00480D,2,Stamina Regeneration,0x3EB08,0.0252,5.5,240
caco,Hydnum Azure Giant Spore,0xFE00480D,3,Light,0xFE004846,0.5,0,60
caco,Hypha Facia,0xFE00480E,0,Poison Aversion,0x90042,0.389999986,3.9000001,39
caco,Hypha Facia,0xFE00480E,1,Frenzy,0x73F29,0.620000005,2.79999995,30
caco,Hypha Facia,0xFE00480E,2,Fatigue,0x73F23,23.6000004,0,333
caco,Hypha Facia,0xFE00480E,3,Drain Strength,0x80476F6,0.670000017,2,30
caco,Ice Wraith Teeth,0x3AD6A,0,Frost Aversion,0x73F2E,0.319999993,6.23000002,30
caco,Ice Wraith Teeth,0x3AD6A,1,Magicka Regeneration,0x3EB07,0.0252,8.30000019,180
caco,Ice Wraith Teeth,0x3AD6A,2,Etherealize,0x80425EF,174,0,53
caco,Ice Wraith Teeth,0x3AD6A,3,Fortify Heavy Armor,0x3EB1E,0.50999999,1.39999998,60
caco,Imp Gall,0xFE00480F,0,Fortify Speech,0xD6947,0.270000011,3.8499999,60
caco,Imp Gall,0xFE00480F,1,Resist Paralysis,0x806AE49,19,0,414
caco,Imp Gall,0xFE00480F,2,Lingering Damage Health,0x10AA4A,12.3999996,0.519999981,10
caco,Imp Gall,0xFE00480F,3,Fire Aversion,0x73F2D,0.319999993,4.9000001,30
caco,Imp Gall,0x80D0417,0,Fortify Speech,0xD6947,0.270000011,3.8499999,60
caco,Imp Gall,0x80D0417,1,Resist Paralysis,0x806AE49,19,0,414
caco,Imp Gall,0x80D0417,2,Lingering Damage Health,0x10AA4A,12.3999996,0.519999981,10
caco,Imp Gall,0x80D0417,3,Fire Aversion,0x73F2D,0.319999993,4.9000001,30
caco,Imp Stool,0x4DA23,0,Lingering Damage Health,0x10AA4A,12.3999996,0.400000006,10
caco,Imp Stool,0x4DA23,1,Health Regeneration,0x3EB06,0.0252,4.1500001,240
caco,Imp Stool,0x4DA23,2,Health,0x3EB15,5.30000019,6.48000002,1
caco,Imp Stool,0x4DA23,3,Damage Health,0x3EB42,7.9000001,4.17000008,1
caco,Ironwood Extract,0x85A46D0,0,Health Fortification,0x3EAF3,0.129999995,5.55000019,60
caco,Ironwood Extract,0x85A46D0,1,Fortify Conjuration,0x3EB25,0.172000006,4.1500001,60
caco,Ironwood Extract,0x85A46D0,2,Resist Fire,0x3EAEA,0.36500001,2.20000005,60
caco,Ironwood Extract,0x85A46D0,3,Fatigue,0x73F23,23.6000004,0,333
caco,Ironwood Nuts,0x1CCA115,0,Health Fortification,0x3EAF3,0.129999995,4.15999985,60
caco,Ironwood Nuts,0x1CCA115,1,Fortify Conjuration,0x3EB25,0.172000006,2.91000009,60
caco,Ironwood Nuts,0x1CCA115,2,Resist Fire,0x3EAEA,0.36500001,1.21000004,60
caco,Ironwood Nuts,0x1CCA115,3,Fatigue,0x73F23,23.6000004,0,167
caco,Jarrin Root,0x1BCBC,0,Damage Health,0x3EB42,7.9000001,208.5,1
caco,Jarrin Root,0x1BCBC,1,Damage Stamina,0x3A2C6,4.5999999,27.75,1
caco,Jarrin Root,0x1BCBC,2,Damage Magicka,0x3A2B6,4.5999999,27.75,1
caco,Jarrin Root,0x1BCBC,3,Drain Strength,0x80476F6,0.670000017,4.13000011,30
caco,Jazbay Extract,0x85A46CE,0,Magicka Fortification,0x3EAF8,0.129999995,5.55000019,60
caco,Jazbay Extract,0x85A46CE,1,Magic Aversion,0x73F51,0.430000007,4.1500001,30
caco,Jazbay Extract,0x85A46CE,2,Ravage Health,0x73F26,0.550000012,6.94999981,10
caco,Jazbay Extract,0x85A46CE,3,Magicka Regeneration,0x3EB07,0.0252,5.53000021,240
caco,Jazbay Grapes,0x6AC4A,0,Magicka Fortification,0x3EAF8,0.129999995,3.6099999,60
caco,Jazbay Grapes,0x6AC4A,1,Magic Aversion,0x73F51,0.430000007,2.07999992,30
caco,Jazbay Grapes,0x6AC4A,2,Ravage Health,0x73F26,0.550000012,2.77999997,10
caco,Jazbay Grapes,0x6AC4A,3,Magicka Regeneration,0x3EB07,0.0252,2.76999998,180
caco,Juniper Berries,0x5076E,0,Fortify Archery,0x3EB1B,0.324999988,1.96000004,60
caco,Juniper Berries,0x5076E,1,Damage Stamina Regen,0x73F2C,0.344999999,1.67999995,30
caco,Juniper Berries,0x5076E,2,Health Regeneration,0x3EB06,0.0252,2.76999998,180
caco,Juniper Berries,0x5076E,3,Fire Aversion,0x73F2D,0.319999993,2.67000008,30
caco,Juniper Berry Extract,0x85A46CC,0,Fortify Archery,0x3EB1B,0.324999988,2.79999995,60
caco,Juniper Berry Extract,0x85A46CC,1,Damage Stamina Regen,0x73F2C,0.344999999,3.3499999,30
caco,Juniper Berry Extract,0x85A46CC,2,Health Regeneration,0x3EB06,0.0252,5.53000021,240
caco,Juniper Berry Extract,0x85A46CC,3,Fire Aversion,0x73F2D,0.319999993,4.44999981,30
caco,Juvenile Mudcrab,0x50008F2,0,Stamina Regeneration,0x3EB08,0.0252,5.53000021,300
caco,Juvenile Mudcrab,0x50008F2,1,Feather,0x3EB01,0.0469999984,3.30999994,300
caco,Juvenile Mudcrab,0x50008F2,2,Cure Disease,0xAE722,45,1,0
caco,Juvenile Mudcrab,0x50008F2,3,Fortify Two-handed,0x3EB1A,0.324999988,1.67999995,60
caco,Kagouti Hide,0xFE004810,0,Drain Strength,0x80476F6,0.670000017,3.32999992,30
caco,Kagouti Hide,0xFE004810,1,Night Eye,0x804C7FD,10.5,0,665
caco,Kagouti Hide,0xFE004810,2,Speed,0x80425F1,0.0979999974,1.64999998,120
caco,Kagouti Hide,0xFE004810,3,Resist Disease,0x806AE45,0.0149999997,100,1665
caco,Khajiit Eye,0x8102EB9,0,Night Eye,0x804C7FD,10.5,0,998
caco,Khajiit Eye,0x8102EB9,1,Fortify Pickpocket,0x3EB20,0.270000011,4.19999981,60
caco,Khajiit Eye,0x8102EB9,2,Detect Life,0x804C7FF,18.6000004,0,383
caco,Khajiit Eye,0x8102EB9,3,Fear,0x73F20,0.620000005,2.0999999,30
caco,Kresh Fiber,0xFE004811,0,Fortify Speech,0xD6947,0.270000011,3.29999995,60
caco,Kresh Fiber,0xFE004811,1,Slow,0x73F25,0.300000012,50,335
caco,Kresh Fiber,0xFE004811,2,Fortify Sneak,0x3EB22,0.889999986,1.10000002,60
caco,Kresh Fiber,0xFE004811,3,Fortify Pickpocket,0x3EB20,0.270000011,2.5,60
caco,Kwama Cuttle,0x8A10100,0,Waterwalking,0x40390E1,9.39999962,0,466
caco,Kwama Cuttle,0x8A10100,1,Resist Poison,0x90041,0.157000005,2.31999993,60
caco,Kwama Cuttle,0x8A10100,2,Fatigue,0x73F23,23.6000004,0,200
caco,Kwama Cuttle,0x8A10100,3,Waterbreathing,0x3AC2D,7.69999981,0,299
caco,Kwama Egg,0x8A10101,0,Health Fortification,0x3EAF3,0.129999995,5.55000019,60
caco,Kwama Egg,0x8A10101,1,Stamina,0x3EB16,4.69999981,9.25,1
caco,Kwama Egg,0x8A10101,2,Resist Frost,0x3EAEB,0.36500001,1.75999999,60
caco,Kwama Egg,0x8A10101,3,Resist Paralysis,0x806AE49,19,0,265
caco,Large Antlers,0x6BC0A,0,Stamina Fortification,0x3EAF9,0.129999995,5.55000019,60
caco,Large Antlers,0x6BC0A,1,Stamina,0x3EB16,4.69999981,8.32999992,1
caco,Large Antlers,0x6BC0A,2,Damage Stamina Regen,0x73F2C,0.344999999,2.50999999,30
caco,Large Antlers,0x6BC0A,3,Slow,0x73F25,0.300000012,50,201
caco,Lavender,0x45C28,0,Fortify Speech,0xD6947,0.270000011,2.48000002,60
caco,Lavender,0x45C28,1,Stamina Fortification,0x3EAF9,0.129999995,4.15999985,60
caco,Lavender,0x45C28,2,Drain Intelligence,0x804C7FB,0.670000017,1.38,30
caco,Lavender,0x45C28,3,Fortify Conjuration,0x3EB25,0.172000006,2.07999992,60
caco,Lavender Extract,0x85A46CA,0,Fortify Speech,0xD6947,0.270000011,2.75,60
caco,Lavender Extract,0x85A46CA,1,Stamina Fortification,0x3EAF9,0.129999995,5.55000019,60
caco,Lavender Extract,0x85A46CA,2,Drain Intelligence,0x804C7FB,0.670000017,2.75,30
caco,Lavender Extract,0x85A46CA,3,Fortify Conjuration,0x3EB25,0.172000006,4.1500001,60
caco,Lichor,0xFE004837,0,Magicka,0x3EB17,4.69999981,10.1000004,1
caco,Lichor,0xFE004837,1,Magicka Regeneration,0x3EB07,0.0252,5.5,240
caco,Lichor,0xFE004837,2,Magicka Fortification,0x3EAF8,0.129999995,5.55000019,60
caco,Lichor,0xFE004837,3,Spell Absorption,0xFE004812,0.100000001,50,60
caco,Lotus Seeds,0x80D0429,0,Waterwalking,0x40390E1,9.39999962,0,998
caco,Lotus Seeds,0x80D0429,1,Feather,0x3EB01,0.0469999984,3.6400001,300
caco,Lotus Seeds,0x80D0429,2,Cure Poison,0x109ADD,35,1,0
caco,Lotus Seeds,0x80D0429,3,Lingering Damage Health,0x10AA4A,12.3999996,0.140000001,10
caco,Luminous Russula,0xFE004813,0,Drain Strength,0x80476F6,0.670000017,3.0999999,30
caco,Luminous Russula,0xFE004813,1,Lingering Damage Health,0x10AA4A,12.3999996,0.400000006,10
caco,Luminous Russula,0xFE004813,2,Waterbreathing,0x3AC2D,7.69999981,0,665
caco,Luminous Russula,0xFE004813,3,Fear,0x73F20,0.620000005,2.5,30
caco,Luna Moth,0x727DF,0,Damage Magicka,0x3A2B6,4.5999999,9.43999958,1
caco,Luna Moth,0x727DF,1,Magicka Regeneration,0x3EB07,0.0252,4.1500001,300
caco,Luna Moth,0x727DF,2,Fortify Light Armor,0x3EB1F,0.50999999,1.09000003,60
caco,Luna Moth,0x727DF,3,Invisibility,0x3EB3D,27,0,248
caco,Lyretail Anthias,0x50008F1,0,Magicka,0x3EB17,4.69999981,12.0299997,1
caco,Lyretail Anthias,0x50008F1,1,Fortify Alteration,0x3EB24,0.172000006,4.57000017,60
caco,Lyretail Anthias,0x50008F1,2,Fortify Conjuration,0x3EB25,0.172000006,3.74000001,60
caco,Lyretail Anthias,0x50008F1,3,Feather,0x3EB01,0.0469999984,2.31999993,300
caco,Mandrake Root,0x80A2A39,0,Fear,0x73F20,0.620000005,2.79999995,30
caco,Mandrake Root,0x80A2A39,1,Cure Disease,0xAE722,45,1,0
caco,Mandrake Root,0x80A2A39,2,Fortify Destruction,0x3EB26,0.324999988,2.51999998,60
caco,Mandrake Root,0x80A2A39,3,Resist Poison,0x90041,0.157000005,1.32000005,60
caco,Manic Monarch Butterfly,0x6059151,0,Magicka,0x3EB17,4.69999981,11.5600004,1
caco,Manic Monarch Butterfly,0x6059151,1,Fear,0x73F20,0.620000005,3.07999992,30
caco,Manic Monarch Butterfly,0x6059151,2,Slow,0x73F25,0.300000012,50,302
caco,Manic Monarch Butterfly,0x6059151,3,Invisibility,0x3EB3D,27,0,248
caco,Marsh Fritillary,0x833F5E5,0,Speed,0x80425F1,0.0979999974,1.64999998,120
caco,Marsh Fritillary,0x833F5E5,1,Fortify Light Armor,0x3EB1F,0.50999999,1.54999995,60
caco,Marsh Fritillary,0x833F5E5,2,Fortify Illusion,0x3EB27,0.172000006,2.07999992,60
caco,Marsh Fritillary,0x833F5E5,3,Fear,0x73F20,0.620000005,1.39999998,30
caco,Marshmerrow,0xFE004814,0,Health Regeneration,0x3EB06,0.0252,5.53000021,180
caco,Marshmerrow,0xFE004814,1,Damage Stamina Regen,0x73F2C,0.344999999,2.00999999,30
caco,Marshmerrow,0xFE004814,2,Health,0x3EB15,5.30000019,3.70000005,1
caco,Marshmerrow,0xFE004814,3,Fortify Enchanting,0x3EB29,0.709999979,0.980000019,60
caco,Marshmerrow,0x80A2A38,0,Health Regeneration,0x3EB06,0.0252,5.53000021,180
caco,Marshmerrow,0x80A2A38,1,Damage Stamina Regen,0x73F2C,0.344999999,2.00999999,30
caco,Marshmerrow,0x80A2A38,2,Health,0x3EB15,5.30000019,3.70000005,1
caco,Marshmerrow,0x80A2A38,3,Fortify Enchanting,0x3EB29,0.709999979,0.980000019,60
caco,Marshmerrow Extract,0x85A46C8,0,Health Regeneration,0x3EB06,0.0252,5.53000021,240
caco,Marshmerrow Extract,0x85A46C8,1,Damage Stamina Regen,0x73F2C,0.344999999,3.3499999,30
caco,Marshmerrow Extract,0x85A46C8,2,Health,0x3EB15,5.30000019,9.25,1
caco,Marshmerrow Extract,0x85A46C8,3,Fortify Enchanting,0x3EB29,0.709999979,1.39999998,60
caco,Minotaur Horn,0xFE004815,0,Resist Poison,0x90041,0.157000005,4,60
caco,Minotaur Horn,0xFE004815,1,Damage Magicka Regen,0x73F2B,0.360000014,0,331
caco,Minotaur Horn,0xFE004815,2,Health Regeneration,0x3EB06,0.0252,5.5,60
caco,Minotaur Horn,0xFE004815,3,Magicka Regeneration,0x3EB07,0.0252,0.529999971,60
caco,Monarch Butterfly,0x727E0,0,Damage Undead,0x10DE5F,8.30000019,3.48000002,1
caco,Monarch Butterfly,0x727E0,1,Fortify Speech,0xD6947,0.270000011,1.38,60
caco,Monarch Butterfly,0x727E0,2,Damage Magicka,0x3A2B6,4.5999999,5,1
caco,Monarch Butterfly,0x727E0,3,Damage Magicka Regen,0x73F2B,0.360000014,1.34000003,30
caco,Monkshood Root Pulp,0x80D041D,0,Fortify Unarmed,0x804C7FE,1.42999995,0.720000029,60
caco,Monkshood Root Pulp,0x80D041D,1,Drain Intelligence,0x804C7FB,0.670000017,2.75,30
caco,Monkshood Root Pulp,0x80D041D,2,Slow,0x73F25,0.300000012,50,60
caco,Monkshood Root Pulp,0x80D041D,3,Fortify Heavy Armor,0x3EB1E,0.50999999,0.779999971,60
caco,Moon Sugar,0xD8E3F,0,Magicka,0x3EB17,4.69999981,11.5600004,1
caco,Moon Sugar,0xD8E3F,1,Resist Frost,0x3EAEB,0.36500001,2.52999997,60
caco,Moon Sugar,0xD8E3F,2,Magicka Regeneration,0x3EB07,0.0252,6.90999985,240
caco,Moon Sugar,0xD8E3F,3,Fire Aversion,0x73F2D,0.319999993,3.33999991,30
caco,Mora Tapinella,0xEC870,0,Fortify Alteration,0x3EB24,0.172000006,4.1500001,60
caco,Mora Tapinella,0xEC870,1,Fortify Illusion,0x3EB27,0.172000006,3.31999993,60
caco,Mora Tapinella,0xEC870,2,Magicka Fortification,0x3EAF8,0.129999995,4.15999985,60
caco,Mora Tapinella,0xEC870,3,Lingering Damage Health,0x10AA4A,12.3999996,0.319999993,10
caco,Morning Glory Root Pulp,0x80D0421,0,Fortify Illusion,0x3EB27,0.172000006,4.1500001,60
caco,Morning Glory Root Pulp,0x80D0421,1,Resist Frost,0x3EAEB,0.36500001,2.20000005,60
caco,Morning Glory Root Pulp,0x80D0421,2,Slow,0x73F25,0.300000012,50,235
caco,Morning Glory Root Pulp,0x80D0421,3,Lingering Damage Undead,0x10DE5E,12.8000002,0.200000003,10
caco,Mother of Pearl,0x854FE,0,Magicka,0x3EB17,4.69999981,9.71000004,1
caco,Mother of Pearl,0x854FE,1,Resist Paralysis,0x806AE49,19,0,331
caco,Mother of Pearl,0x854FE,2,Waterwalking,0x40390E1,9.39999962,0,665
caco,Mother of Pearl,0x854FE,3,Stamina,0x3EB16,4.69999981,6.48000002,1
caco,Mourning Cloak,0x83353BC,0,Damage Undead,0x10DE5F,8.30000019,4.17000008,1
caco,Mourning Cloak,0x83353BC,1,Fortify Lockpicking,0x3EB21,0.579999983,1.67999995,30
caco,Mourning Cloak,0x83353BC,2,Resist Disease,0x806AE45,0.0149999997,100,666
caco,Mourning Cloak,0x83353BC,3,Lingering Damage Undead,0x10DE5E,12.8000002,0.140000001,10
caco,Mudcrab Chitin,0x6BC00,0,Resist Disease,0x806AE45,0.0149999997,100,1832
caco,Mudcrab Chitin,0x6BC00,1,Cure Disease,0xAE722,45,1,0
caco,Mudcrab Chitin,0x6BC00,2,Stamina,0x3EB16,4.69999981,7.4000001,1
caco,Mudcrab Chitin,0x6BC00,3,Resist Fire,0x3EAEA,0.36500001,0.99000001,60
caco,Mugwort Seeds,0x80D0423,0,Health,0x3EB15,5.30000019,10.6400003,1
caco,Mugwort Seeds,0x80D0423,1,Fortify One-handed,0x3EB19,0.324999988,1.96000004,60
caco,Mugwort Seeds,0x80D0423,2,Fortify Light Armor,0x3EB1F,0.50999999,0.779999971,60
caco,Mugwort Seeds,0x80D0423,3,Stamina Regeneration,0x3EB08,0.0252,2.76999998,180
caco,Namira's Rot,0x4DA24,0,Fear,0x73F20,0.620000005,2.79999995,30
caco,Namira's Rot,0x4DA24,1,Damage Magicka,0x3A2B6,4.5999999,11.1000004,1
caco,Namira's Rot,0x4DA24,2,Health Regeneration,0x3EB06,0.0252,5.53000021,240
caco,Namira's Rot,0x4DA24,3,Fortify Lockpicking,0x3EB21,0.579999983,2.24000001,30
caco,Netch Jelly,0x401CD72,0,Stamina,0x3EB16,4.69999981,13.8800001,1
caco,Netch Jelly,0x401CD72,1,Resist Paralysis,0x806AE49,19,0,430
caco,Netch Jelly,0x401CD72,2,Feather,0x3EB01,0.0469999984,3.97000003,300
caco,Netch Jelly,0x401CD72,3,Paralysis,0x73F30,204,0,42
caco,Nightshade,0x2F44C,0,Fortify Destruction,0x3EB26,0.324999988,2.79999995,60
caco,Nightshade,0x2F44C,1,Damage Undead,0x10DE5F,8.30000019,6.26000023,1
caco,Nightshade,0x2F44C,2,Damage Magicka Regen,0x73F2B,0.360000014,2.3499999,30
caco,Nightshade,0x2F44C,3,Damage Health,0x3EB42,7.9000001,3.48000002,1
caco,Nightshade Extract,0x85A46C6,0,Fortify Destruction,0x3EB26,0.324999988,2.79999995,60
caco,Nightshade Extract,0x85A46C6,1,Damage Undead,0x10DE5F,8.30000019,6.94999981,1
caco,Nightshade Extract,0x85A46C6,2,Damage Magicka Regen,0x73F2B,0.360000014,3.3499999,30
caco,Nightshade Extract,0x85A46C6,3,Damage Health,0x3EB42,7.9000001,6.94999981,1
caco,Nirnroot,0x59B86,0,Damage Health,0x3EB42,7.9000001,9.38000011,1
caco,Nirnroot,0x59B86,1,Invisibility,0x3EB3D,27,0,364
caco,Nirnroot,0x59B86,2,Resist Magic,0x39E51,1.24000001,0.810000002,60
caco,Nirnroot,0x59B86,3,Drain Strength,0x80476F6,0.670000017,1.64999998,30
caco,Nordic Barnacle,0x7EDF5,0,Waterbreathing,0x3AC2D,7.69999981,0,599
caco,Nordic Barnacle,0x7EDF5,1,Fortify Pickpocket,0x3EB20,0.270000011,2.24000001,60
caco,Nordic Barnacle,0x7EDF5,2,Health Regeneration,0x3EB06,0.0252,4.1500001,180
caco,Nordic Barnacle,0x7EDF5,3,Damage Magicka,0x3A2B6,4.5999999,3.8900001,1
caco,Nordic Swallowtail,0x83353C0,0,Health,0x3EB15,5.30000019,7.4000001,1
caco,Nordic Swallowtail,0x83353C0,1,Fire Aversion,0x73F2D,0.319999993,3.11999989,30
caco,Nordic Swallowtail,0x83353C0,2,Fortify Two-handed,0x3EB1A,0.324999988,1.96000004,60
caco,Nordic Swallowtail,0x83353C0,3,Resist Magic,0x39E51,1.24000001,0.629999995,60
caco,Ogre Teeth,0xFE004816,0,Frenzy,0x73F29,0.620000005,3.92000008,30
caco,Ogre Teeth,0xFE004816,1,Fortify Unarmed,0x804C7FE,1.42999995,0.689999998,60
caco,Ogre Teeth,0xFE004816,2,Shock Aversion,0x73F2F,0.319999993,5.78999996,30
caco,Ogre Teeth,0xFE004816,3,Resist Poison,0x90041,0.157000005,3.30999994,60
caco,Ogre Teeth,0x80A7B4F,0,Frenzy,0x73F29,0.620000005,3.92000008,30
caco,Ogre Teeth,0x80A7B4F,1,Fortify Unarmed,0x804C7FE,1.42999995,0.689999998,60
caco,Ogre Teeth,0x80A7B4F,2,Shock Aversion,0x73F2F,0.319999993,5.78999996,30
caco,Ogre Teeth,0x80A7B4F,3,Resist Poison,0x90041,0.157000005,3.30999994,60
caco,Orange Dartwing,0xBB956,0,Fortify Pickpocket,0x3EB20,0.270000011,2.79999995,60
caco,Orange Dartwing,0xBB956,1,Lingering Damage Health,0x10AA4A,12.3999996,0.400000006,10
caco,Orange Dartwing,0xBB956,2,Silence,0x73F27,113,0,64
caco,Orange Dartwing,0xBB956,3,Speed,0x80425F1,0.0979999974,1,60
caco,Orange Tip Butterfly,0x83353B2,0,Fire Aversion,0x73F2D,0.319999993,4.9000001,30
caco,Orange Tip Butterfly,0x83353B2,1,Detect Life,0x804C7FF,18.6000004,0,333
caco,Orange Tip Butterfly,0x83353B2,2,Cure Disease,0xAE722,45,1,0
caco,Orange Tip Butterfly,0x83353B2,3,Fortify Archery,0x3EB1B,0.324999988,2.24000001,60
caco,Orc Liver,0x8102EBA,0,Fortify Smithing,0x3EB1D,1.51999998,1.75,30
caco,Orc Liver,0x8102EBA,1,Fortify Heavy Armor,0x3EB1E,0.50999999,2.32999992,60
caco,Orc Liver,0x8102EBA,2,Stamina Fortification,0x3EAF9,0.129999995,7.21999979,60
caco,Orc Liver,0x8102EBA,3,Stamina Regeneration,0x3EB08,0.0252,9.68000031,180
caco,Oxgall,0x83353C3,0,Damage Stamina,0x3A2C6,4.5999999,11.1000004,1
caco,Oxgall,0x83353C3,1,Fortify Unarmed,0x804C7FE,1.42999995,0.529999971,60
caco,Oxgall,0x83353C3,2,Fortify Heavy Armor,0x3EB1E,0.50999999,1.24000001,60
caco,Oxgall,0x83353C3,3,Fortify Restoration,0x3EB28,0.234999999,2.17000008,60
caco,Padomaic Tigerfish,0x833F5D5,0,Fortify Unarmed,0x804C7FE,1.42999995,0.419999987,60
caco,Padomaic Tigerfish,0x833F5D5,1,Frenzy,0x73F29,0.620000005,1.96000004,30
caco,Padomaic Tigerfish,0x833F5D5,2,Fortify Alteration,0x3EB24,0.172000006,2.07999992,60
caco,Padomaic Tigerfish,0x833F5D5,3,Waterbreathing,0x3AC2D,7.69999981,0,233
caco,Painted Lady,0x83353C6,0,Damage Magicka Regen,0x73F2B,0.360000014,3.3499999,30
caco,Painted Lady,0x83353C6,1,Poison Aversion,0x90042,0.389999986,3.3499999,30
caco,Painted Lady,0x83353C6,2,Cure Poison,0x109ADD,35,1,0
caco,Painted Lady,0x83353C6,3,Resist Poison,0x90041,0.157000005,2.6500001,60
caco,Peacock Butterfly,0x83353C8,0,Fortify Block,0x3EB1C,0.49000001,1.54999995,60
caco,Peacock Butterfly,0x83353C8,1,Cure Disease,0xAE722,45,1,0
caco,Peacock Butterfly,0x83353C8,2,Fortify Pickpocket,0x3EB20,0.270000011,1.67999995,60
caco,Peacock Butterfly,0x83353C8,3,Fortify Sneak,0x3EB22,0.889999986,0.550000012,60
caco,Pearl,0x85500,0,Waterwalking,0x40390E1,9.39999962,0,865
caco,Pearl,0x85500,1,Stamina,0x3EB16,4.69999981,9.71000004,1
caco,Pearl,0x85500,2,Magicka Fortification,0x3EAF8,0.129999995,5.55000019,60
caco,Pearl,0x85500,3,Fortify Restoration,0x3EB28,0.234999999,2.78999996,60
caco,Pearlfish,0x50008EC,0,Stamina,0x3EB16,4.69999981,9.71000004,1
caco,Pearlfish,0x50008EC,1,Resist Frost,0x3EAEB,0.36500001,2.20000005,60
caco,Pearlfish,0x50008EC,2,Fortify Smithing,0x3EB1D,1.51999998,1.25999999,30
caco,Pearlfish,0x50008EC,3,Fortify One-handed,0x3EB19,0.324999988,1.96000004,60
caco,Peony Seeds,0x80D0426,0,Stamina Fortification,0x3EAF9,0.129999995,5.55000019,60
caco,Peony Seeds,0x80D0426,1,Slow,0x73F25,0.300000012,50,168
caco,Peony Seeds,0x80D0426,2,Lingering Damage Health,0x10AA4A,12.3999996,0.159999996,10
caco,Peony Seeds,0x80D0426,3,Stamina,0x3EB16,4.69999981,3.70000005,1
caco,Pheasant Feathers,0x83353CA,0,Fortify Pickpocket,0x3EB20,0.270000011,1.39999998,60
caco,Pheasant Feathers,0x83353CA,1,Fortify Restoration,0x3EB28,0.234999999,1.54999995,60
caco,Pheasant Feathers,0x83353CA,2,Cure Disease,0xAE722,45,1,0
caco,Pheasant Feathers,0x83353CA,3,Damage Stamina,0x3A2C6,4.5999999,3.8900001,1
caco,Pine Thrush Egg,0x23D6F,0,Fortify Lockpicking,0x3EB21,0.579999983,2.79999995,30
caco,Pine Thrush Egg,0x23D6F,1,Resist Shock,0x3EAEC,0.36500001,1.53999996,60
caco,Pine Thrush Egg,0x23D6F,2,Poison Aversion,0x90042,0.389999986,2.00999999,30
caco,Pine Thrush Egg,0x23D6F,3,Stamina,0x3EB16,4.69999981,5.55000019,1
caco,Poison Bloom,0x20185FB,0,Slow,0x73F25,0.300000012,50,436
caco,Poison Bloom,0x20185FB,1,Damage Health,0x3EB42,7.9000001,11.1199999,1
caco,Poison Bloom,0x20185FB,2,Fear,0x73F20,0.620000005,3.22000003,30
caco,Poison Bloom,0x20185FB,3,Feather,0x3EB01,0.0469999984,2.31999993,300
caco,Polyphemus Moth,0x83353CC,0,Fortify Illusion,0x3EB27,0.172000006,5.4000001,60
caco,Polyphemus Moth,0x83353CC,1,Fear,0x73F20,0.620000005,3.07999992,30
caco,Polyphemus Moth,0x83353CC,2,Fortify Conjuration,0x3EB25,0.172000006,4.1500001,60
caco,Polyphemus Moth,0x83353CC,3,Detect Life,0x804C7FF,18.6000004,0,266
caco,Powdered Mammoth Tusk,0x6BC10,0,Fortify Block,0x3EB1C,0.49000001,2.17000008,60
caco,Powdered Mammoth Tusk,0x6BC10,1,Fire Aversion,0x73F2D,0.319999993,5.34000015,30
caco,Powdered Mammoth Tusk,0x6BC10,2,Fortify Unarmed,0x804C7FE,1.42999995,0.610000014,60
caco,Powdered Mammoth Tusk,0x6BC10,3,Fear,0x73F20,0.620000005,2.51999998,30
caco,Purple Mountain Flower,0x77E1E,0,Fortify Sneak,0x3EB22,0.889999986,0.550000012,60
caco,Purple Mountain Flower,0x77E1E,1,Fortify Archery,0x3EB1B,0.324999988,1.67999995,60
caco,Purple Mountain Flower,0x77E1E,2,Lingering Damage Undead,0x10DE5E,12.8000002,0.140000001,10
caco,Purple Mountain Flower,0x77E1E,3,Stamina,0x3EB16,4.69999981,2.77999997,1
caco,Purple Mountain Flower Extract,0x85A46C4,0,Fortify Sneak,0x3EB22,0.889999986,1.10000002,60
caco,Purple Mountain Flower Extract,0x85A46C4,1,Fortify Archery,0x3EB1B,0.324999988,2.79999995,60
caco,Purple Mountain Flower Extract,0x85A46C4,2,Lingering Damage Undead,0x10DE5E,12.8000002,0.400000006,10
caco,Purple Mountain Flower Extract,0x85A46C4,3,Stamina,0x3EB16,4.69999981,9.25,1
caco,Putrefied Flesh,0x1CCA136,0,Ravage Health,0x73F26,0.550000012,7.98999977,10
caco,Putrefied Flesh,0x1CCA136,1,Damage Magicka Regen,0x73F2B,0.360000014,3.69000006,30
caco,Putrefied Flesh,0x1CCA136,2,Drain Strength,0x80476F6,0.670000017,2.48000002,30
caco,Putrefied Flesh,0x1CCA136,3,Resist Poison,0x90041,0.157000005,0.99000001,60
caco,Pygmy Sunfish,0x50008ED,0,Stamina,0x3EB16,4.69999981,10.6400003,1
caco,Pygmy Sunfish,0x50008ED,1,Lingering Damage Undead,0x10DE5E,12.8000002,0.400000006,10
caco,Pygmy Sunfish,0x50008ED,2,Damage Magicka Regen,0x73F2B,0.360000014,2.3499999,30
caco,Pygmy Sunfish,0x50008ED,3,Fortify Restoration,0x3EB28,0.234999999,1.54999995,60
caco,Racer Plumes,0x1CCA142,0,Speed,0x80425F1,0.0979999974,2.20000005,120
caco,Racer Plumes,0x1CCA142,1,Fortify Sneak,0x3EB22,0.889999986,1.26999998,60
caco,Racer Plumes,0x1CCA142,2,Stamina Regeneration,0x3EB08,0.0252,5.53000021,300
caco,Racer Plumes,0x1CCA142,3,Damage Undead,0x10DE5F,8.30000019,7.6500001,1
caco,Red Admiral Butterfly,0x833F5E6,0,Magic Aversion,0x73F51,0.430000007,4.76999998,30
caco,Red Admiral Butterfly,0x833F5E6,1,Health,0x3EB15,5.30000019,8.32999992,1
caco,Red Admiral Butterfly,0x833F5E6,2,Damage Stamina Regen,0x73F2C,0.344999999,3.01999998,30
caco,Red Admiral Butterfly,0x833F5E6,3,Resist Poison,0x90041,0.157000005,2.31999993,60
caco,Red Cracker Butterfly,0x833A4CF,0,Fortify Pickpocket,0x3EB20,0.270000011,2.79999995,60
caco,Red Cracker Butterfly,0x833A4CF,1,Poison Aversion,0x90042,0.389999986,3.3499999,30
caco,Red Cracker Butterfly,0x833A4CF,2,Cure Poison,0x109ADD,35,1,0
caco,Red Cracker Butterfly,0x833A4CF,3,Ravage Health,0x73F26,0.550000012,6.26000023,10
caco,Red Kelp Gas Bladder,0xFE004817,0,Speed,0x80425F1,0.0979999974,2,120
caco,Red Kelp Gas Bladder,0xFE004817,1,Waterbreathing,0x3AC2D,7.69999981,0,21
caco,Red Kelp Gas Bladder,0xFE004817,2,Cure Disease,0xAE722,45,1,0
caco,Red Kelp Gas Bladder,0xFE004817,3,Magicka Fortification,0x3EAF8,0.129999995,4.80000019,60
caco,Red Lichen,0x8A1005D,0,Slow,0x73F25,0.300000012,50,402
caco,Red Lichen,0x8A1005D,1,Fortify Speech,0xD6947,0.270000011,3.29999995,60
caco,Red Lichen,0x8A1005D,2,Cure Disease,0xAE722,45,1,0
caco,Red Lichen,0x8A1005D,3,Drain Intelligence,0x804C7FB,0.670000017,2.48000002,30
caco,Red Mountain Flower,0x77E1D,0,Drain Intelligence,0x804C7FB,0.670000017,1.38,30
caco,Red Mountain Flower,0x77E1D,1,Health Fortification,0x3EAF3,0.129999995,2.22000003,60
caco,Red Mountain Flower,0x77E1D,2,Damage Magicka Regen,0x73F2B,0.360000014,1.34000003,30
caco,Red Mountain Flower,0x77E1D,3,Health,0x3EB15,5.30000019,2.76999998,1
caco,Red Mountain Flower Extract,0x85A46C2,0,Drain Intelligence,0x804C7FB,0.670000017,2.75,30
caco,Red Mountain Flower Extract,0x85A46C2,1,Health Fortification,0x3EAF3,0.129999995,5.55000019,60
caco,Red Mountain Flower Extract,0x85A46C2,2,Damage Magicka Regen,0x73F2B,0.360000014,3.3499999,30
caco,Red Mountain Flower Extract,0x85A46C2,3,Health,0x3EB15,5.30000019,9.25,1
caco,Redbelly Dace,0x83353B6,0,Fortify Restoration,0x3EB28,0.234999999,2.8599999,60
caco,Redbelly Dace,0x83353B6,1,Cure Disease,0xAE722,45,1,0
caco,Redbelly Dace,0x83353B6,2,Cure Poison,0x109ADD,35,1,0
caco,Redbelly Dace,0x83353B6,3,Frost Aversion,0x73F2E,0.319999993,2.23000002,30
caco,Redwort Flower,0xFE004818,0,Fortify Destruction,0x3EB26,0.324999988,3.07999992,60
caco,Redwort Flower,0xFE004818,1,Ravage Health,0x73F26,0.550000012,7.30000019,10
caco,Redwort Flower,0xFE004818,2,Resist Frost,0x3EAEB,0.36500001,2.20000005,60
caco,Redwort Flower,0xFE004818,3,Cure Poison,0x109ADD,35,1,0
caco,Redwort Flower,0x8A10000,0,Fortify Destruction,0x3EB26,0.324999988,3.07999992,60
caco,Redwort Flower,0x8A10000,1,Ravage Health,0x73F26,0.550000012,7.30000019,10
caco,Redwort Flower,0x8A10000,2,Resist Frost,0x3EAEB,0.36500001,2.20000005,60
caco,Redwort Flower,0x8A10000,3,Cure Poison,0x109ADD,35,1,0
caco,River Betty,0x106E1A,0,Damage Health,0x3EB42,7.9000001,8.68999958,1
caco,River Betty,0x106E1A,1,Fortify Alteration,0x3EB24,0.172000006,4.57000017,60
caco,River Betty,0x106E1A,2,Slow,0x73F25,0.300000012,50,335
caco,River Betty,0x106E1A,3,Feather,0x3EB01,0.0469999984,2.6500001,300
caco,Rock Warbler Egg,0x7E8C8,0,Health,0x3EB15,5.30000019,9.25,1
caco,Rock Warbler Egg,0x7E8C8,1,Cure Poison,0x109ADD,35,1,0
caco,Rock Warbler Egg,0x7E8C8,2,Magic Aversion,0x73F51,0.430000007,3.31999993,30
caco,Rock Warbler Egg,0x7E8C8,3,Damage Stamina,0x3A2C6,4.5999999,3.8900001,1
caco,Roobrush,0xFE004819,0,Fortify Pickpocket,0x3EB20,0.270000011,3.3599999,60
caco,Roobrush,0xFE004819,1,Damage Stamina Regen,0x73F2C,0.344999999,3.8499999,30
caco,Roobrush,0xFE004819,2,Cure Poison,0x109ADD,35,1,0
caco,Roobrush,0xFE004819,3,Lingering Damage Health,0x10AA4A,12.3999996,0.280000001,10
caco,Roobrush,0x833A4D0,0,Fortify Pickpocket,0x3EB20,0.270000011,3.3599999,60
caco,Roobrush,0x833A4D0,1,Damage Stamina Regen,0x73F2C,0.344999999,3.8499999,30
caco,Roobrush,0x833A4D0,2,Cure Poison,0x109ADD,35,1,0
caco,Roobrush,0x833A4D0,3,Lingering Damage Health,0x10AA4A,12.3999996,0.280000001,10
caco,Rot Scale,0x100306D,0,Slow,0x73F25,0.300000012,50,402
caco,Rot Scale,0x100306D,1,Lingering Damage Health,0x10AA4A,12.3999996,0.400000006,10
caco,Rot Scale,0x100306D,2,Fear,0x73F20,0.620000005,2.51999998,30
caco,Rot Scale,0x100306D,3,Paralysis,0x73F30,204,0,48
caco,Ruby Shiner,0x833A4D2,0,Resist Disease,0x806AE45,0.0149999997,100,2331
caco,Ruby Shiner,0x833A4D2,1,Frost Aversion,0x73F2E,0.319999993,4.9000001,30
caco,Ruby Shiner,0x833A4D2,2,Health,0x3EB15,5.30000019,9.71000004,1
caco,Ruby Shiner,0x833A4D2,3,Magicka,0x3EB17,4.69999981,4.63000011,1
caco,Sabre Cat Eye,0x6BC07,0,Night Eye,0x804C7FD,10.5,0,865
caco,Sabre Cat Eye,0x6BC07,1,Stamina,0x3EB16,4.69999981,10.6400003,1
caco,Sabre Cat Eye,0x6BC07,2,Ravage Health,0x73F26,0.550000012,5.21000004,10
caco,Sabre Cat Eye,0x6BC07,3,Damage Magicka,0x3A2B6,4.5999999,6.11000013,1
caco,Sabre Cat Tooth,0x6BC04,0,Stamina Fortification,0x3EAF9,0.129999995,6.11000013,60
caco,Sabre Cat Tooth,0x6BC04,1,Poison Aversion,0x90042,0.389999986,3.51999998,30
caco,Sabre Cat Tooth,0x6BC04,2,Fortify One-handed,0x3EB19,0.324999988,2.94000006,60
caco,Sabre Cat Tooth,0x6BC04,3,Fortify Heavy Armor,0x3EB1E,0.50999999,1.54999995,60
caco,Salmon Roe,0x3003545,0,Waterbreathing,0x3AC2D,7.69999981,0,898
caco,Salmon Roe,0x3003545,1,Magicka Fortification,0x3EAF8,0.129999995,6.11000013,60
caco,Salmon Roe,0x3003545,2,Magicka Regeneration,0x3EB07,0.0252,4.1500001,240
caco,Salmon Roe,0x3003545,3,Stamina,0x3EB16,4.69999981,2.77999997,1
caco,Salt Pile,0x74A19,0,Fortify Unarmed,0x804C7FE,1.42999995,0.270000011,60
caco,Salt Pile,0x74A19,1,Stamina Regeneration,0x3EB08,0.0252,2.76999998,180
caco,Salt Pile,0x74A19,2,Magic Aversion,0x73F51,0.430000007,1.65999997,30
caco,Salt Pile,0x74A19,3,Damage Stamina Regen,0x73F2C,0.344999999,1.00999999,30
caco,Salt Pile,0x34CDF,0,Fortify Unarmed,0x804C7FE,1.42999995,0.270000011,60
caco,Salt Pile,0x34CDF,1,Stamina Regeneration,0x3EB08,0.0252,2.76999998,180
caco,Salt Pile,0x34CDF,2,Magic Aversion,0x73F51,0.430000007,1.65999997,30
caco,Salt Pile,0x34CDF,3,Damage Stamina Regen,0x73F2C,0.344999999,1.00999999,30
caco,Saltrice,0xFE00481A,0,Stamina Regeneration,0x3EB08,0.0252,5.53000021,180
caco,Saltrice,0xFE00481A,1,Health Fortification,0x3EAF3,0.129999995,3.32999992,60
caco,Saltrice,0xFE00481A,2,Damage Undead,0x10DE5F,8.30000019,3.48000002,1
caco,Saltrice,0xFE00481A,3,Stamina Fortification,0x3EAF9,0.129999995,2.22000003,60
caco,Saltrice,0x1CCA116,0,Stamina Regeneration,0x3EB08,0.0252,5.53000021,180
caco,Saltrice,0x1CCA116,1,Health Fortification,0x3EAF3,0.129999995,3.32999992,60
caco,Saltrice,0x1CCA116,2,Damage Undead,0x10DE5F,8.30000019,3.48000002,1
caco,Saltrice,0x1CCA116,3,Stamina Fortification,0x3EAF9,0.129999995,2.22000003,60
caco,Saltrice Extract,0x85A46C0,0,Stamina Regeneration,0x3EB08,0.0252,5.53000021,240
caco,Saltrice Extract,0x85A46C0,1,Health Fortification,0x3EAF3,0.129999995,5.55000019,60
caco,Saltrice Extract,0x85A46C0,2,Damage Undead,0x10DE5F,8.30000019,6.94999981,1
caco,Saltrice Extract,0x85A46C0,3,Stamina Fortification,0x3EAF9,0.129999995,5.55000019,60
caco,Sawtooth Butterfly,0x80D041A,0,Fortify Archery,0x3EB1B,0.324999988,2.79999995,60
caco,Sawtooth Butterfly,0x80D041A,1,Night Eye,0x804C7FD,10.5,0,499
caco,Sawtooth Butterfly,0x80D041A,2,Resist Paralysis,0x806AE49,19,0,232
caco,Sawtooth Butterfly,0x80D041A,3,Frost Aversion,0x73F2E,0.319999993,3.11999989,30
caco,Scalon Fin,0xFE00481B,0,Waterbreathing,0x3AC2D,7.69999981,0,665
caco,Scalon Fin,0xFE00481B,1,Damage Health,0x3EB42,7.9000001,6.94999981,1
caco,Scalon Fin,0xFE00481B,2,Shock Aversion,0x73F2F,0.319999993,4.30000019,30
caco,Scalon Fin,0xFE00481B,3,Slow,0x73F25,0.300000012,50,335
caco,Scaly Pholiota,0x6F950,0,Feather,0x3EB01,0.0469999984,3.30999994,300
caco,Scaly Pholiota,0x6F950,1,Stamina Regeneration,0x3EB08,0.0252,4.1500001,300
caco,Scaly Pholiota,0x6F950,2,Speed,0x80425F1,0.0979999974,2.5,60
caco,Scaly Pholiota,0x6F950,3,Magic Aversion,0x73F51,0.430000007,1.65999997,30
caco,Scamp Skin,0x8A10127,0,Lingering Damage Health,0x10AA4A,12.3999996,0.600000024,10
caco,Scamp Skin,0x8A10127,1,Resist Shock,0x3EAEC,0.36500001,2.6400001,60
caco,Scamp Skin,0x8A10127,2,Damage Magicka,0x3A2B6,4.5999999,19.4300003,1
caco,Scamp Skin,0x8A10127,3,Fortify Block,0x3EB1C,0.49000001,1.86000001,60
caco,Scathecraw,0x4017E97,0,Ravage Health,0x73F26,0.550000012,9.72999954,10
caco,Scathecraw,0x4017E97,1,Lingering Damage Health,0x10AA4A,12.3999996,0.479999989,10
caco,Scathecraw,0x4017E97,2,Fatigue,0x73F23,23.6000004,0,4
caco,Scathecraw,0x4017E97,3,Silence,0x73F27,113,0,72
caco,Screaming Maw,0x100306E,0,Magicka Regeneration,0x3EB07,0.0252,6.90999985,240
caco,Screaming Maw,0x100306E,1,Fortify Alteration,0x3EB24,0.172000006,4.57000017,60
caco,Screaming Maw,0x100306E,2,Invisibility,0x3EB3D,27,0,281
caco,Screaming Maw,0x100306E,3,Health Regeneration,0x3EB06,0.0252,4.1500001,180
caco,Scrib Jelly,0xFE00481C,0,Fortify Restoration,0x3EB28,0.234999999,2.48000002,60
caco,Scrib Jelly,0xFE00481C,1,Cure Poison,0x109ADD,35,1,0
caco,Scrib Jelly,0xFE00481C,2,Cure Disease,0xAE722,45,1,0
caco,Scrib Jelly,0xFE00481C,3,Fortify Alteration,0x3EB24,0.172000006,2.49000001,60
caco,Scrib Jelly,0x1CCA140,0,Fortify Restoration,0x3EB28,0.234999999,2.48000002,60
caco,Scrib Jelly,0x1CCA140,1,Cure Poison,0x109ADD,35,1,0
caco,Scrib Jelly,0x1CCA140,2,Cure Disease,0xAE722,45,1,0
caco,Scrib Jelly,0x1CCA140,3,Fortify Alteration,0x3EB24,0.172000006,2.49000001,60
caco,Scrib Jerky,0xFE00481D,0,Stamina,0x3EB16,4.69999981,13.8800001,1
caco,Scrib Jerky,0xFE00481D,1,Resist Poison,0x90041,0.157000005,3.30999994,60
caco,Scrib Jerky,0xFE00481D,2,Resist Disease,0x806AE45,0.0149999997,100,1665
caco,Scrib Jerky,0xFE00481D,3,Fortify Block,0x3EB1C,0.49000001,0.779999971,60
caco,Silverjaw Minnow,0x833F5D7,0,Damage Undead,0x10DE5F,8.30000019,8.34000015,1
caco,Silverjaw Minnow,0x833F5D7,1,Waterbreathing,0x3AC2D,7.69999981,0,698
caco,Silverjaw Minnow,0x833F5D7,2,Lingering Damage Undead,0x10DE5E,12.8000002,0.400000006,10
caco,Silverjaw Minnow,0x833F5D7,3,Cure Disease,0xAE722,45,1,0
caco,Silverside,0x106E1C,0,Damage Stamina Regen,0x73F2C,0.344999999,3.3499999,30
caco,Silverside,0x106E1C,1,Resist Frost,0x3EAEB,0.36500001,1.53999996,60
caco,Silverside,0x106E1C,2,Stamina,0x3EB16,4.69999981,4.63000011,1
caco,Silverside,0x106E1C,3,Ravage Health,0x73F26,0.550000012,2.43000007,10
caco,Skeever Tail,0x3AD6F,0,Damage Stamina Regen,0x73F2C,0.344999999,4.01999998,30
caco,Skeever Tail,0x3AD6F,1,Fortify Sneak,0x3EB22,0.889999986,0.99000001,60
caco,Skeever Tail,0x3AD6F,2,Ravage Health,0x73F26,0.550000012,3.48000002,10
caco,Skeever Tail,0x3AD6F,3,Damage Health,0x3EB42,7.9000001,2.08999991,1
caco,Slaughterfish Egg,0x7E8C5,0,Waterbreathing,0x3AC2D,7.69999981,0,532
caco,Slaughterfish Egg,0x7E8C5,1,Stamina Fortification,0x3EAF9,0.129999995,3.32999992,60
caco,Slaughterfish Egg,0x7E8C5,2,Lingering Damage Health,0x10AA4A,12.3999996,0.239999995,10
caco,Slaughterfish Egg,0x7E8C5,3,Fortify Pickpocket,0x3EB20,0.270000011,1.67999995,60
caco,Slaughterfish Scales,0x3AD70,0,Fortify Block,0x3EB1C,0.49000001,1.39999998,60
caco,Slaughterfish Scales,0x3AD70,1,Lingering Damage Health,0x10AA4A,12.3999996,0.360000014,10
caco,Slaughterfish Scales,0x3AD70,2,Fortify Heavy Armor,0x3EB1E,0.50999999,1.09000003,60
caco,Slaughterfish Scales,0x3AD70,3,Waterwalking,0x40390E1,9.39999962,0,266
caco,Sload Soap,0xFE00481E,0,Damage Undead,0x10DE5F,8.30000019,9.72999954,1
caco,Sload Soap,0xFE00481E,1,Fortify Pickpocket,0x3EB20,0.270000011,3.6400001,60
caco,Sload Soap,0xFE00481E,2,Resist Fire,0x3EAEA,0.36500001,2.20000005,60
caco,Sload Soap,0xFE00481E,3,Fortify Sneak,0x3EB22,0.889999986,0.939999998,60
caco,Sload Soap,0x1CCA141,0,Damage Undead,0x10DE5F,8.30000019,9.72999954,1
caco,Sload Soap,0x1CCA141,1,Fortify Pickpocket,0x3EB20,0.270000011,3.6400001,60
caco,Sload Soap,0x1CCA141,2,Resist Fire,0x3EAEA,0.36500001,2.20000005,60
caco,Sload Soap,0x1CCA141,3,Fortify Sneak,0x3EB22,0.889999986,0.939999998,60
caco,Small Antlers,0x6BC0B,0,Fortify Restoration,0x3EB28,0.234999999,3.0999999,60
caco,Small Antlers,0x6BC0B,1,Damage Undead,0x10DE5F,8.30000019,5.55999994,1
caco,Small Antlers,0x6BC0B,2,Poison Aversion,0x90042,0.389999986,1.34000003,30
caco,Small Antlers,0x6BC0B,3,Speed,0x80425F1,0.0979999974,1,60
caco,Snowberries,0x1B3BD,0,Fortify Enchanting,0x3EB29,0.709999979,1.12,60
caco,Snowberries,0x1B3BD,1,Resist Fire,0x3EAEA,0.36500001,0.550000012,60
caco,Snowberries,0x1B3BD,2,Resist Frost,0x3EAEB,0.36500001,0.550000012,60
caco,Snowberries,0x1B3BD,3,Resist Shock,0x3EAEC,0.36500001,0.550000012,60
caco,Snowberry Extract,0x85A46BE,0,Fortify Enchanting,0x3EB29,0.709999979,1.39999998,60
caco,Snowberry Extract,0x85A46BE,1,Resist Fire,0x3EAEA,0.36500001,2.20000005,60
caco,Snowberry Extract,0x85A46BE,2,Resist Frost,0x3EAEB,0.36500001,2.20000005,60
caco,Snowberry Extract,0x85A46BE,3,Resist Shock,0x3EAEC,0.36500001,2.20000005,60
caco,Soul Husk,0x1CCA132,0,Protect Soul,0x2014DC5,1,1,1000
caco,Soul Husk,0x1CCA132,1,Resist Paralysis,0x806AE49,19,0,497
caco,Soul Husk,0x1CCA132,2,Paralysis,0x73F30,204,0,48
caco,Soul Husk,0x1CCA132,3,Etherealize,0x80425EF,174,0,48
caco,Spadefish,0x50008F3,0,Health,0x3EB15,5.30000019,12.0299997,1
caco,Spadefish,0x50008F3,1,Fortify Lockpicking,0x3EB21,0.579999983,2.79999995,30
caco,Spadefish,0x50008F3,2,Fortify Pickpocket,0x3EB20,0.270000011,2.24000001,60
caco,Spadefish,0x50008F3,3,Cure Disease,0xAE722,45,1,0
caco,Spider Egg,0x9151B,0,Fortify Archery,0x3EB1B,0.324999988,3.22000003,60
caco,Spider Egg,0x9151B,1,Damage Stamina,0x3A2C6,4.5999999,13.8800001,1
caco,Spider Egg,0x9151B,2,Damage Magicka Regen,0x73F2B,0.360000014,3.69000006,30
caco,Spider Egg,0x9151B,3,Detect Life,0x804C7FF,18.6000004,0,333
caco,Spider Silk,0x1CC0638,0,Damage Stamina Regen,0x73F2C,0.344999999,4.36000013,30
caco,Spider Silk,0x1CC0638,1,Resist Disease,0x806AE45,0.0149999997,100,2498
caco,Spider Silk,0x1CC0638,2,Fortify Light Armor,0x3EB1F,0.50999999,1.71000004,60
caco,Spider Silk,0x1CC0638,3,Fortify Lockpicking,0x3EB21,0.579999983,3.3599999,30
caco,Spiky Grass Extract,0x85A46D6,0,Drain Intelligence,0x804C7FB,0.670000017,2.75,30
caco,Spiky Grass Extract,0x85A46D6,1,Cure Poison,0x109ADD,35,1,0
caco,Spiky Grass Extract,0x85A46D6,2,Fortify Alteration,0x3EB24,0.172000006,4.1500001,60
caco,Spiky Grass Extract,0x85A46D6,3,Magicka,0x3EB17,4.69999981,9.25,1
caco,Spriggan Sap,0x63B5F,0,Fortify Alteration,0x3EB24,0.172000006,4.98000002,60
caco,Spriggan Sap,0x63B5F,1,Fortify Smithing,0x3EB1D,1.51999998,1.53999996,30
caco,Spriggan Sap,0x63B5F,2,Damage Magicka Regen,0x73F2B,0.360000014,4.19000006,30
caco,Spriggan Sap,0x63B5F,3,Fortify Enchanting,0x3EB29,0.709999979,1.39999998,60
caco,St. Jahn's Wort Nectar,0x80D042C,0,Waterbreathing,0x3AC2D,7.69999981,0,665
caco,St. Jahn's Wort Nectar,0x80D042C,1,Cure Poison,0x109ADD,35,1,0
caco,St. Jahn's Wort Nectar,0x80D042C,2,Resist Shock,0x3EAEC,0.36500001,1.98000002,60
caco,St. Jahn's Wort Nectar,0x80D042C,3,Etherealize,0x80425EF,174,0,27
caco,Stoneflower,0xFE00481F,0,Lingering Damage Undead,0x10DE5E,12.8000002,0.460000008,10
caco,Stoneflower,0xFE00481F,1,Stamina,0x3EB16,4.69999981,9.71000004,1
caco,Stoneflower,0xFE00481F,2,Fortify Speech,0xD6947,0.270000011,2.75,60
caco,Stoneflower,0xFE00481F,3,Magicka,0x3EB17,4.69999981,9.25,1
caco,Stoneflower,0x821E932,0,Lingering Damage Undead,0x10DE5E,12.8000002,0.460000008,10
caco,Stoneflower,0x821E932,1,Stamina,0x3EB16,4.69999981,9.71000004,1
caco,Stoneflower,0x821E932,2,Fortify Speech,0xD6947,0.270000011,2.75,60
caco,Stoneflower,0x821E932,3,Magicka,0x3EB17,4.69999981,9.25,1
caco,Sulfur,0x1CC0637,0,Resist Disease,0x806AE45,0.0149999997,100,1998
caco,Sulfur,0x1CC0637,1,Lingering Damage Undead,0x10DE5E,12.8000002,0.419999987,10
caco,Sulfur,0x1CC0637,2,Stamina,0x3EB16,4.69999981,8.32999992,1
caco,Sulfur,0x1CC0637,3,Ravage Health,0x73F26,0.550000012,5.55999994,10
caco,Swamp Betty,0x833F5DA,0,Shock Aversion,0x73F2F,0.319999993,5.34000015,30
caco,Swamp Betty,0x833F5DA,1,Fortify Heavy Armor,0x3EB1E,0.50999999,1.54999995,60
caco,Swamp Betty,0x833F5DA,2,Fortify Two-handed,0x3EB1A,0.324999988,2.79999995,60
caco,Swamp Betty,0x833F5DA,3,Paralysis,0x73F30,204,0,53
caco,Swamp Fungal Pod,0x7E8B7,0,Lingering Damage Undead,0x10DE5E,12.8000002,0.479999989,10
caco,Swamp Fungal Pod,0x7E8B7,1,Resist Shock,0x3EAEC,0.36500001,2.30999994,60
caco,Swamp Fungal Pod,0x7E8B7,2,Damage Magicka Regen,0x73F2B,0.360000014,2.68000007,30
caco,Swamp Fungal Pod,0x7E8B7,3,Paralysis,0x73F30,204,0,42
caco,Taproot,0x3AD71,0,Fortify Illusion,0x3EB27,0.172000006,6.23000002,60
caco,Taproot,0x3AD71,1,Magicka,0x3EB17,4.69999981,12.0299997,1
caco,Taproot,0x3AD71,2,Magicka Regeneration,0x3EB07,0.0252,9.68000031,180
caco,Taproot,0x3AD71,3,Magic Aversion,0x73F51,0.430000007,4.98000002,30
caco,Thistle Branch,0x134AA,0,Fatigue,0x73F23,23.6000004,0,266
caco,Thistle Branch,0x134AA,1,Fortify Heavy Armor,0x3EB1E,0.50999999,1.15999997,60
caco,Thistle Branch,0x134AA,2,Resist Poison,0x90041,0.157000005,1.32000005,60
caco,Thistle Branch,0x134AA,3,Resist Frost,0x3EAEB,0.36500001,0.550000012,60
caco,Thistle Extract,0x85A46BC,0,Fatigue,0x73F23,23.6000004,0,333
caco,Thistle Extract,0x85A46BC,1,Fortify Heavy Armor,0x3EB1E,0.50999999,1.54999995,60
caco,Thistle Extract,0x85A46BC,2,Resist Poison,0x90041,0.157000005,3.30999994,60
caco,Thistle Extract,0x85A46BC,3,Resist Frost,0x3EAEB,0.36500001,2.20000005,60
caco,Thorn Hook,0x100306F,0,Lingering Damage Health,0x10AA4A,12.3999996,0.519999981,10
caco,Thorn Hook,0x100306F,1,Paralysis,0x73F30,204,0,53
caco,Thorn Hook,0x100306F,2,Magicka Regeneration,0x3EB07,0.0252,4.1500001,240
caco,Thorn Hook,0x100306F,3,Health Regeneration,0x3EB06,0.0252,4.1500001,180
caco,Tiger Lily Nectar,0x80D042E,0,Waterwalking,0x40390E1,9.39999962,0,665
caco,Tiger Lily Nectar,0x80D042E,1,Fortify Smithing,0x3EB1D,1.51999998,1.25999999,30
caco,Tiger Lily Nectar,0x80D042E,2,Drain Strength,0x80476F6,0.670000017,1.38,30
caco,Tiger Lily Nectar,0x80D042E,3,Frenzy,0x73F29,0.620000005,1.39999998,30
caco,Tinder Polypore Cap,0x8A1001E,0,Fortify Alteration,0x3EB24,0.172000006,3.31999993,60
caco,Tinder Polypore Cap,0x8A1001E,1,Damage Magicka,0x3A2B6,4.5999999,6.11000013,1
caco,Tinder Polypore Cap,0x8A1001E,2,Invisibility,0x3EB3D,27,0,248
caco,Tinder Polypore Cap,0x8A1001E,3,Resist Disease,0x806AE45,0.0149999997,100,1
caco,Torchbug Abdomen,0x4DA73,0,Lingering Damage Undead,0x10DE5E,12.8000002,0.419999987,10
caco,Torchbug Abdomen,0x4DA73,1,Stamina Fortification,0x3EAF9,0.129999995,5,60
caco,Torchbug Abdomen,0x4DA73,2,Magic Aversion,0x73F51,0.430000007,3.74000001,30
caco,Torchbug Abdomen,0x4DA73,3,Detect Life,0x804C7FF,18.6000004,0,167
caco,Trama Root,0x4017008,0,Shock Aversion,0x73F2F,0.319999993,6.23000002,30
caco,Trama Root,0x4017008,1,Damage Magicka,0x3A2B6,4.5999999,11.1000004,1
caco,Trama Root,0x4017008,2,Drain Strength,0x80476F6,0.670000017,2.75,30
caco,Trama Root,0x4017008,3,Feather,0x3EB01,0.0469999984,1.99000001,300
caco,Troll Fat,0x3AD72,0,Resist Disease,0x806AE45,0.0149999997,100,3080
caco,Troll Fat,0x3AD72,1,Frenzy,0x73F29,0.620000005,3.07999992,30
caco,Troll Fat,0x3AD72,2,Fortify Two-handed,0x3EB1A,0.324999988,2.94000006,60
caco,Troll Fat,0x3AD72,3,Lingering Damage Health,0x10AA4A,12.3999996,0.400000006,10
caco,Troll's Blood,0x8102EA0,0,Health Regeneration,0x3EB06,0.0252,6.90999985,300
caco,Troll's Blood,0x8102EA0,1,Fire Aversion,0x73F2D,0.319999993,6.23000002,30
caco,Troll's Blood,0x8102EA0,2,Health Fortification,0x3EAF3,0.129999995,6.94000006,60
caco,Troll's Blood,0x8102EA0,3,Ravage Health,0x73F26,0.550000012,7.6500001,10
caco,Tundra Cotton,0x3F7F8,0,Fortify Unarmed,0x804C7FE,1.42999995,0.479999989,60
caco,Tundra Cotton,0x3F7F8,1,Resist Paralysis,0x806AE49,19,0,199
caco,Tundra Cotton,0x3F7F8,2,Fortify Block,0x3EB1C,0.49000001,0.779999971,60
caco,Tundra Cotton,0x3F7F8,3,Fortify Speech,0xD6947,0.270000011,1.38,60
caco,Tundra Cotton Extract,0x85A46BB,0,Fortify Unarmed,0x804C7FE,1.42999995,0.529999971,60
caco,Tundra Cotton Extract,0x85A46BB,1,Resist Paralysis,0x806AE49,19,0,331
caco,Tundra Cotton Extract,0x85A46BB,2,Fortify Block,0x3EB1C,0.49000001,1.54999995,60
caco,Tundra Cotton Extract,0x85A46BB,3,Fortify Speech,0xD6947,0.270000011,2.75,60
caco,Vampire Dust,0x3AD76,0,Health Regeneration,0x3EB06,0.0252,8.30000019,240
caco,Vampire Dust,0x3AD76,1,Silence,0x73F27,113,0,98
caco,Vampire Dust,0x3AD76,2,Invisibility,0x3EB3D,27,0,331
caco,Vampire Dust,0x3AD76,3,Cure Disease,0xAE722,45,1,0
caco,Violet Coprinus,0x8A10060,0,Fatigue,0x73F23,23.6000004,0,416
caco,Violet Coprinus,0x8A10060,1,Ravage Health,0x73F26,0.550000012,8.34000015,10
caco,Violet Coprinus,0x8A10060,2,Speed,0x80425F1,0.0979999974,1.75,120
caco,Violet Coprinus,0x8A10060,3,Waterwalking,0x40390E1,9.39999962,0,532
caco,Void Essence,0xFE004820,0,Health,0x3EB15,5.30000019,12.1999998,1
caco,Void Essence,0xFE004820,1,Health Fortification,0x3EAF3,0.129999995,5.4000001,60
caco,Void Essence,0xFE004820,2,Stamina Fortification,0x3EAF9,0.129999995,5.55000019,60
caco,Void Essence,0xFE004820,3,Health Regeneration,0x3EB06,0.0252,4.80000019,240
caco,Void Salts,0x3AD60,0,Shock Aversion,0x73F2F,0.319999993,6.67999983,30
caco,Void Salts,0x3AD60,1,Resist Shock,0x3EAEC,0.36500001,2.75,60
caco,Void Salts,0x3AD60,2,Silence,0x73F27,113,0,94
caco,Void Salts,0x3AD60,3,Magicka,0x3EB17,4.69999981,10.6400003,1
caco,Warpaint Shiner,0x83302A6,0,Damage Stamina Regen,0x73F2C,0.344999999,4.19000006,30
caco,Warpaint Shiner,0x83302A6,1,Fortify Illusion,0x3EB27,0.172000006,4.1500001,60
caco,Warpaint Shiner,0x83302A6,2,Damage Magicka Regen,0x73F2B,0.360000014,3.01999998,30
caco,Warpaint Shiner,0x83302A6,3,Health Fortification,0x3EAF3,0.129999995,5,60
caco,Watcher's Eye,0xFE004821,0,Light,0xFE004846,0.5,0,60
caco,Watcher's Eye,0xFE004821,1,Detect Life,0x804C7FF,18.6000004,0,366
caco,Watcher's Eye,0xFE004821,2,Fortify Illusion,0x3EB27,0.172000006,4.1500001,60
caco,Watcher's Eye,0xFE004821,3,Spell Absorption,0xFE004812,0.100000001,50,60
caco,Water Hyacinth Nectar,0x80D0430,0,Waterbreathing,0x3AC2D,7.69999981,0,732
caco,Water Hyacinth Nectar,0x80D0430,1,Magic Aversion,0x73F51,0.430000007,4.1500001,30
caco,Water Hyacinth Nectar,0x80D0430,2,Magicka,0x3EB17,4.69999981,5.55000019,1
caco,Water Hyacinth Nectar,0x80D0430,3,Fatigue,0x73F23,23.6000004,0,167
caco,Werebear Claws,0x80F3B77,0,Fortify Block,0x3EB1C,0.49000001,2.31999993,60
caco,Werebear Claws,0x80F3B77,1,Fortify One-handed,0x3EB19,0.324999988,3.6400001,60
caco,Werebear Claws,0x80F3B77,2,Fortify Two-handed,0x3EB1A,0.324999988,3.22000003,60
caco,Werebear Claws,0x80F3B77,3,Resist Poison,0x90041,0.157000005,3.30999994,60
caco,Werewolf Blood,0x8102EA9,0,Detect Life,0x804C7FF,18.6000004,0,500
caco,Werewolf Blood,0x8102EA9,1,Fear,0x73F20,0.620000005,3.77999997,30
caco,Werewolf Blood,0x8102EA9,2,Fortify Alteration,0x3EB24,0.172000006,5.4000001,60
caco,Werewolf Blood,0x8102EA9,3,Cure Disease,0xAE722,45,1,0
caco,Wheat,0x4B0BA,0,Health,0x3EB15,5.30000019,3.70000005,1
caco,Wheat,0x4B0BA,1,Health Fortification,0x3EAF3,0.129999995,2.22000003,60
caco,Wheat,0x4B0BA,2,Damage Magicka Regen,0x73F2B,0.360000014,1.00999999,30
caco,Wheat,0x4B0BA,3,Damage Stamina Regen,0x73F2C,0.344999999,1.00999999,30
caco,Wheat Extract,0x85A46B8,0,Health,0x3EB15,5.30000019,9.25,1
caco,Wheat Extract,0x85A46B8,1,Health Fortification,0x3EAF3,0.129999995,5.55000019,60
caco,Wheat Extract,0x85A46B8,2,Damage Magicka Regen,0x73F2B,0.360000014,3.3499999,30
caco,Wheat Extract,0x85A46B8,3,Damage Stamina Regen,0x73F2C,0.344999999,3.3499999,30
caco,White Cap,0x4DA22,0,Frost Aversion,0x73F2E,0.319999993,4.01000023,30
caco,White Cap,0x4DA22,1,Drain Intelligence,0x804C7FB,0.670000017,2.05999994,30
caco,White Cap,0x4DA22,2,Fortify Restoration,0x3EB28,0.234999999,1.54999995,60
caco,White Cap,0x4DA22,3,Fortify Heavy Armor,0x3EB1E,0.50999999,0.779999971,60
caco,White Witch Moth,0x83353BE,0,Poison Aversion,0x90042,0.389999986,4.01999998,30
caco,White Witch Moth,0x83353BE,1,Silence,0x73F27,113,0,85
caco,White Witch Moth,0x83353BE,2,Fortify Sneak,0x3EB22,0.889999986,1.10000002,60
caco,White Witch Moth,0x83353BE,3,Fortify One-handed,0x3EB19,0.324999988,2.51999998,60
caco,Widow Skimmer,0x8660002,0,Waterwalking,0x40390E1,9.39999962,0,798
caco,Widow Skimmer,0x8660002,1,Shock Aversion,0x73F2F,0.319999993,4.9000001,30
caco,Widow Skimmer,0x8660002,2,Ravage Health,0x73F26,0.550000012,6.94999981,10
caco,Widow Skimmer,0x8660002,3,Fortify Lockpicking,0x3EB21,0.579999983,2.79999995,30
caco,Wisp Stalks,0xFE004823,0,Waterwalking,0x40390E1,9.39999962,0,931
caco,Wisp Stalks,0xFE004823,1,Damage Stamina,0x3A2C6,4.5999999,6.11000013,1
caco,Wisp Stalks,0xFE004823,2,Damage Health,0x3EB42,7.9000001,3.48000002,1
caco,Wisp Stalks,0xFE004823,3,Damage Magicka,0x3A2B6,4.5999999,5,1
caco,Wisp Stalks,0x8A10088,0,Waterwalking,0x40390E1,9.39999962,0,931
caco,Wisp Stalks,0x8A10088,1,Damage Stamina,0x3A2C6,4.5999999,6.11000013,1
caco,Wisp Stalks,0x8A10088,2,Damage Health,0x3EB42,7.9000001,3.48000002,1
caco,Wisp Stalks,0x8A10088,3,Damage Magicka,0x3A2B6,4.5999999,5,1
caco,Wisp Wrappings,0x6BC0E,0,Etherealize,0x80425EF,174,0,58
caco,Wisp Wrappings,0x6BC0E,1,Detect Life,0x804C7FF,18.6000004,0,366
caco,Wisp Wrappings,0x6BC0E,2,Fortify Destruction,0x3EB26,0.324999988,2.79999995,60
caco,Wisp Wrappings,0x6BC0E,3,Resist Magic,0x39E51,1.24000001,0.720000029,60
caco,Withering Moon,0xFE004824,0,Magicka,0x3EB17,4.69999981,10.1999998,1
caco,Withering Moon,0xFE004824,1,Spell Absorption,0xFE004812,0.100000001,50,60
caco,Withering Moon,0xFE004824,2,Fortify Light Armor,0x3EB1F,0.50999999,1.54999995,60
caco,Withering Moon,0xFE004824,3,Lingering Damage Undead,0x10DE5E,12.8000002,0.140000001,10
caco,Wolf Liver,0x81FB127,0,Fortify Unarmed,0x804C7FE,1.42999995,0.479999989,60
caco,Wolf Liver,0x81FB127,1,Fire Aversion,0x73F2D,0.319999993,3.55999994,30
caco,Wolf Liver,0x81FB127,2,Resist Disease,0x806AE45,0.0149999997,100,666
caco,Wolf Liver,0x81FB127,3,Detect Life,0x804C7FF,18.6000004,0,167
caco,Worm's Head Cap,0xFE004825,0,Fortify Lockpicking,0x3EB21,0.579999983,3.5,30
caco,Worm's Head Cap,0xFE004825,1,Night Eye,0x804C7FD,10.5,0,665
caco,Worm's Head Cap,0xFE004825,2,Feather,0x3EB01,0.0469999984,3.30999994,300
caco,Worm's Head Cap,0xFE004825,3,Paralysis,0x73F30,204,0,53
caco,Wormwood Leaves,0x8A1013F,0,Lingering Damage Health,0x10AA4A,12.3999996,0.460000008,10
caco,Wormwood Leaves,0x8A1013F,1,Lingering Damage Undead,0x10DE5E,12.8000002,0.439999998,10
caco,Wormwood Leaves,0x8A1013F,2,Fortify Sneak,0x3EB22,0.889999986,0.939999998,60
caco,Wormwood Leaves,0x8A1013F,3,Fortify Archery,0x3EB1B,0.324999988,1.67999995,60
caco,Yellow Mountain Flower,0x2002A78,0,Fortify Restoration,0x3EB28,0.234999999,4.6500001,60
caco,Yellow Mountain Flower,0x2002A78,1,Health Fortification,0x3EAF3,0.129999995,5.82999992,60
caco,Yellow Mountain Flower,0x2002A78,2,Damage Stamina Regen,0x73F2C,0.344999999,3.51999998,30
caco,Yellow Mountain Flower,0x2002A78,3,Resist Poison,0x90041,0.157000005,3.48000002,60
requiem,Abecean Longfin,0x106E1B,0,Fortify Sneak,0x3EB22,0.25,4,60
requiem,Abecean Longfin,0x106E1B,1,Weakness to Frost,0x73F2E,0.25,3,30
requiem,Abecean Longfin,0x106E1B,2,Weakness to Poison,0x90042,0.5,2,30
requiem,Abecean Longfin,0x106E1B,3,Fortify Restoration,0x3EB28,0.25,4,60
requiem,Alocasia Fruit,0xFE004D62,0,Fortify Stamina Regeneration,0x3EB08,0.0500000007,6,300
requiem,Alocasia Fruit,0xFE004D62,1,Light,0xFE004846,0.5,0,60
requiem,Alocasia Fruit,0xFE004D62,2,Damage Maximum Magicka,0x73F27,0.5,3,10
requiem,Alocasia Fruit,0xFE004D62,3,Fortify Health Regeneration,0x3EB06,0.0500000007,6,300
requiem,Aloe Vera Leaves,0xFE0060D0,0,Restore Health,0x3EB15,0.25,0.5,20
requiem,Aloe Vera Leaves,0xFE0060D0,1,Restore Stamina,0x3EB16,0.300000012,0.5,20
requiem,Aloe Vera Leaves,0xFE0060D0,2,Damage Magicka,0x3A2B6,1.10000002,3,0
requiem,Aloe Vera Leaves,0xFE0060D0,3,Invisibility,0x3EB3D,50,0,4
requiem,Ambrosia,0xFE004836,0,Restore Health,0x3EB15,0.25,6,0
requiem,Ambrosia,0xFE004836,1,Fortify Health Regeneration,0x3EB06,0.0500000007,6,300
requiem,Ambrosia,0xFE004836,2,Fortify Health,0x3EAF3,0.200000003,5,60
requiem,Ambrosia,0xFE004836,3,Cure Poison,0x109ADD,0.200000003,3,0
requiem,Ancestor Moth Wing,0x20059BA,0,Damage Stamina,0x3A2C6,0.899999976,3,0
requiem,Ancestor Moth Wing,0x20059BA,1,Fortify Conjuration,0x3EB25,0.25,5,60
requiem,Ancestor Moth Wing,0x20059BA,2,Damage Magicka Regeneration,0x73F2B,0.25,100,5
requiem,Ancestor Moth Wing,0x20059BA,3,Fortify Magicka,0x3EAF8,0.150000006,1,30
requiem,Angelfish,0x50008EB,0,Fortify Health Regeneration,0x3EB06,0.0500000007,5,300
requiem,Angelfish,0x50008EB,1,Resist Fire,0x3EAEA,0.25,3,60
requiem,Angelfish,0x50008EB,2,Fortify Marksman,0x3EB1B,0.25,4,60
requiem,Angelfish,0x50008EB,3,Waterbreathing,0x3AC2D,15,0,5
requiem,Angler Larvae,0x50008F0,0,Fortify Stamina Regeneration,0x3EB08,0.0500000007,5,300
requiem,Angler Larvae,0x50008F0,1,Lingering Damage Health,0x10AA4A,1.5,1,10
requiem,Angler Larvae,0x50008F0,2,Waterbreathing,0x3AC2D,15,0,5
requiem,Angler Larvae,0x50008F0,3,Fortify Two-Handed,0x3EB1A,0.25,4,60
requiem,Ash Creep Cluster,0x401CD74,0,Damage Stamina,0x3A2C6,0.899999976,3,0
requiem,Ash Creep Cluster,0x401CD74,1,Invisibility,0x3EB3D,50,0,4
requiem,Ash Creep Cluster,0x401CD74,2,Resist Fire,0x3EAEA,0.25,2,60
requiem,Ash Creep Cluster,0x401CD74,3,Fortify Destruction,0x3EB26,0.25,5,60
requiem,Ash Hopper Jelly,0x401CD71,0,Restore Health,0x3EB15,0.25,0.5,20
requiem,Ash Hopper Jelly,0x401CD71,1,Fortify Armor Rating,0x3EB1F,0.25,4,60
requiem,Ash Hopper Jelly,0x401CD71,2,Resist Shock,0x3EAEC,0.25,3,60
requiem,Ash Hopper Jelly,0x401CD71,3,Weakness to Frost,0x73F2E,0.25,3,30
requiem,Ashen Grass Pod,0x4016E26,0,Resist Fire,0x3EAEA,0.25,4,80
requiem,Ashen Grass Pod,0x4016E26,1,Weakness to Shock,0x73F2F,0.349999994,3,30
requiem,Ashen Grass Pod,0x4016E26,2,Fortify Lockpicking,0x3EB21,0.5,0.200000003,30
requiem,Ashen Grass Pod,0x4016E26,3,Fortify Sneak,0x3EB22,0.25,2,60
requiem,Aster Bloom Core,0xFE004D66,0,Resist Magic,0x39E51,0.5,2,60
requiem,Aster Bloom Core,0xFE004D66,1,Fortify Armor Rating,0x3EB1F,0.25,4,60
requiem,Aster Bloom Core,0xFE004D66,2,Fortify Block,0x3EB1C,0.25,5,60
requiem,Aster Bloom Core,0xFE004D66,3,Paralysis,0x73F30,250,0,2
requiem,Bear Heart,0x804365F,0,Fortify Health,0x3EAF3,0.200000003,5,300
requiem,Bear Heart,0x804365F,1,Frenzy,0x73F29,7.5,2,20
requiem,Bear Heart,0x804365F,2,Damage Stamina,0x3A2C6,0.899999976,5,5
requiem,Bear Heart,0x804365F,3,Fortify Destruction,0x3EB26,0.25,1,60
requiem,Bee,0xA9195,0,Restore Stamina,0x3EB16,0.300000012,0.5,20
requiem,Bee,0xA9195,1,Damage Maximum Stamina,0x73F23,0.800000012,2,10
requiem,Bee,0xA9195,2,Fortify Stamina Regeneration,0x3EB08,0.0500000007,5,300
requiem,Bee,0xA9195,3,Weakness to Shock,0x73F2F,0.349999994,3,30
requiem,Beehive Husk,0xA9191,0,Resist Poison,0x90041,0.25,2,60
requiem,Beehive Husk,0xA9191,1,Fortify Armor Rating,0x3EB1F,0.25,4.80000019,60
requiem,Beehive Husk,0xA9191,2,Fortify Sneak,0x3EB22,0.25,2,60
requiem,Beehive Husk,0xA9191,3,Fortify Destruction,0x3EB26,0.25,5,60
requiem,Berit's Ashes,0x705B7,0,Damage Stamina,0x3A2C6,0.899999976,3,0
requiem,Berit's Ashes,0x705B7,1,Resist Fire,0x3EAEA,0.25,3,60
requiem,Berit's Ashes,0x705B7,2,Fortify Conjuration,0x3EB25,0.25,5,60
requiem,Berit's Ashes,0x705B7,3,Damage Maximum Stamina,0x73F23,0.800000012,2,10
requiem,Bittergreen Petals,0xFE004D68,0,Lingering Damage Stamina,0x10DE5E,0.899999976,2,10
requiem,Bittergreen Petals,0xFE004D68,1,Invisibility,0x3EB3D,50,0,6
requiem,Bittergreen Petals,0xFE004D68,2,Cure Poison,0x109ADD,0.200000003,2,0
requiem,Bittergreen Petals,0xFE004D68,3,Damage Magicka,0x3A2B6,1.10000002,4,0
requiem,Bleeding Crown,0x4DA20,0,Weakness to Fire,0x73F2D,0.300000012,3,30
requiem,Bleeding Crown,0x4DA20,1,Fortify Block,0x3EB1C,0.25,4,60
requiem,Bleeding Crown,0x4DA20,2,Weakness to Poison,0x90042,0.5,2,30
requiem,Bleeding Crown,0x4DA20,3,Resist Magic,0x39E51,0.5,1,60
requiem,Blind Watcher's Eye,0xFE004822,0,Light,0xFE004846,0.5,0,60
requiem,Blind Watcher's Eye,0xFE004822,1,Fortify Magicka,0x3EAF8,0.150000006,5,60
requiem,Blind Watcher's Eye,0xFE004822,2,Fortify Alteration,0x3EB24,0.25,5,60
requiem,Blind Watcher's Eye,0xFE004822,3,Spell Absorption,0xFE004812,0.100000001,50,60
requiem,Bliss Bug Thorax,0x6059155,0,Weakness to Fire,0x73F2D,0.300000012,3,30
requiem,Bliss Bug Thorax,0x6059155,1,Resist Fire,0x3EAEA,0.25,3,60
requiem,Bliss Bug Thorax,0x6059155,2,Fortify Armor Rating,0x3EB1E,0.25,2,60
requiem,Bliss Bug Thorax,0x6059155,3,Fortify Illusion,0x3EB27,0.25,1,60
requiem,Blister Pod Cap,0xFE004D6A,0,Restore Magicka,0x3EB17,0.300000012,6,0
requiem,Blister Pod Cap,0xFE004D6A,1,Fortify Magicka,0x3EAF8,0.150000006,5,60
requiem,Blister Pod Cap,0xFE004D6A,2,Night Eye,0xFE004803,0.75,0,60
requiem,Blister Pod Cap,0xFE004D6A,3,Invisibility,0x3EB3D,50,0,6
requiem,Blisterwort,0x4DA25,0,Damage Stamina,0x3A2C6,0.899999976,3,10
requiem,Blisterwort,0x4DA25,1,Frenzy,0x73F29,7.5,2,20
requiem,Blisterwort,0x4DA25,2,Restore Health,0x3EB15,0.25,1.5,10
requiem,Blisterwort,0x4DA25,3,Fortify Stamina Regeneration,0x3EB08,0.0500000007,4,30
requiem,Blue Butterfly Wing,0x727DE,0,Damage Stamina,0x3A2C6,0.899999976,3,0
requiem,Blue Butterfly Wing,0x727DE,1,Fortify Conjuration,0x3EB25,0.25,5,60
requiem,Blue Butterfly Wing,0x727DE,2,Damage Magicka Regeneration,0x73F2B,0.25,100,5
requiem,Blue Butterfly Wing,0x727DE,3,Fortify Illusion,0x3EB27,0.25,3,60
requiem,Blue Dartwing,0xE4F0C,0,Resist Shock,0x3EAEC,0.25,3,60
requiem,Blue Dartwing,0xE4F0C,1,Fortify Pickpocket,0x3EB20,0.25,4,60
requiem,Blue Dartwing,0xE4F0C,2,Restore Health,0x3EB15,0.25,0.5,20
requiem,Blue Dartwing,0xE4F0C,3,Fear,0x73F20,2.5,2,30
requiem,Blue Glitterdust,0x83AB3C5,0,Damage Stamina,0x3A2C6,0.899999976,3,60
requiem,Blue Glitterdust,0x83AB3C5,1,Cure Poison,0x109ADD,0.200000003,5,0
requiem,Blue Glitterdust,0x83AB3C5,2,Waterbreathing,0x3AC2D,15,0,30
requiem,Blue Glitterdust,0x83AB3C5,3,Resist Poison,0x90041,0.25,5,180
requiem,Blue Mountain Flower,0x77E1C,0,Restore Health,0x3EB15,0.25,0.25,10
requiem,Blue Mountain Flower,0x77E1C,1,Fortify Conjuration,0x3EB25,0.25,2,60
requiem,Blue Mountain Flower,0x77E1C,2,Fortify Health,0x3EAF3,0.200000003,2,60
requiem,Blue Mountain Flower,0x77E1C,3,Damage Magicka Regeneration,0x73F2B,0.25,5,5
requiem,Boar Tusk,0x401CD6F,0,Fortify Stamina,0x3EAF9,0.150000006,1,20
requiem,Boar Tusk,0x401CD6F,1,Fortify Health,0x3EAF3,0.200000003,1,20
requiem,Boar Tusk,0x401CD6F,2,Fortify Block,0x3EB1C,0.25,1,20
requiem,Boar Tusk,0x401CD6F,3,Frenzy,0x73F29,7.5,2,20
requiem,Bog Beacon,0xFE004D6C,0,Restore Magicka,0x3EB17,0.300000012,6,0
requiem,Bog Beacon,0xFE004D6C,1,Fortify Armor Rating,0x3EB1E,0.25,3,60
requiem,Bog Beacon,0xFE004D6C,2,Fear,0x73F20,2.5,2,30
requiem,Bog Beacon,0xFE004D6C,3,Damage Stamina,0x3A2C6,0.899999976,4,0
requiem,Bone Meal,0x34CDD,0,Damage Stamina,0x3A2C6,0.899999976,3,0
requiem,Bone Meal,0x34CDD,1,Resist Fire,0x3EAEA,0.25,2,60
requiem,Bone Meal,0x34CDD,2,Fortify Conjuration,0x3EB25,0.25,3,60
requiem,Bone Meal,0x34CDD,3,Damage Maximum Stamina,0x73F23,0.800000012,2,10
requiem,Briar Heart,0x3AD61,0,Restore Magicka,0x3EB17,0.300000012,2,30
requiem,Briar Heart,0x3AD61,1,Fortify Block,0x3EB1C,0.25,2,120
requiem,Briar Heart,0x3AD61,2,Paralysis,0x73F30,250,0,1
requiem,Briar Heart,0x3AD61,3,Fortify Magicka,0x3EAF8,0.150000006,4,120
requiem,Bungler's Bane,0xFE004802,0,Tardiness,0x73F25,0.5,50,10
requiem,Bungler's Bane,0xFE004802,1,Damage Maximum Stamina,0x73F23,0.800000012,3,20
requiem,Bungler's Bane,0xFE004802,2,Damage Stamina Regeneration,0x73F2C,0.300000012,100,10
requiem,Bungler's Bane,0xFE004802,3,Resist Magic,0x39E51,0.5,2,60
requiem,Burnt Spriggan Wood,0x401CD6E,0,Weakness to Fire,0x73F2D,0.300000012,3,30
requiem,Burnt Spriggan Wood,0x401CD6E,1,Fortify Alteration,0x3EB24,0.25,4,60
requiem,Burnt Spriggan Wood,0x401CD6E,2,Damage Magicka Regeneration,0x73F2B,0.25,100,5
requiem,Burnt Spriggan Wood,0x401CD6E,3,Tardiness,0x73F25,0.5,50,5
requiem,Butterfly Wing,0x727E0,0,Restore Health,0x3EB15,0.25,1,20
requiem,Butterfly Wing,0x727E0,1,Fortify Barter,0x3EB23,1,2,30
requiem,Butterfly Wing,0x727E0,2,Lingering Damage Stamina,0x10DE5E,0.899999976,1,10
requiem,Butterfly Wing,0x727E0,3,Damage Magicka,0x3A2B6,1.10000002,3,0
requiem,Canis Root,0x6ABCB,0,Damage Stamina,0x3A2C6,0.899999976,3,0
requiem,Canis Root,0x6ABCB,1,Fortify One-Handed,0x3EB19,0.25,4,60
requiem,Canis Root,0x6ABCB,2,Fortify Marksman,0x3EB1B,0.25,4,60
requiem,Canis Root,0x6ABCB,3,Damage Health,0x3EB42,1.5,10,1
requiem,Charred Skeever Hide,0x52695,0,Restore Stamina,0x3EB16,0.300000012,0.5,20
requiem,Charred Skeever Hide,0x52695,1,Resist Poison,0x90041,0.25,2,60
requiem,Charred Skeever Hide,0x52695,2,Waterbreathing,0x3AC2D,15,0,20
requiem,Charred Skeever Hide,0x52695,3,Restore Health,0x3EB15,0.25,0.5,20
requiem,Chaurus Eggs,0x3AD56,0,Weakness to Poison,0x90042,0.5,4,30
requiem,Chaurus Eggs,0x3AD56,1,Fortify Stamina,0x3EAF9,0.150000006,4,60
requiem,Chaurus Eggs,0x3AD56,2,Damage Magicka,0x3A2B6,1.10000002,3,0
requiem,Chaurus Eggs,0x3AD56,3,Invisibility,0x3EB3D,50,0,4
requiem,Chaurus Hunter Antennae,0x20183B7,0,Damage Stamina,0x3A2C6,0.899999976,3,0
requiem,Chaurus Hunter Antennae,0x20183B7,1,Fortify Conjuration,0x3EB25,0.25,5,60
requiem,Chaurus Hunter Antennae,0x20183B7,2,Damage Magicka Regeneration,0x73F2B,0.25,100,5
requiem,Chaurus Hunter Antennae,0x20183B7,3,Fortify Magicka,0x3EAF8,0.150000006,1,30
requiem,Chicken's Egg,0x23D77,0,Resist Magic,0x39E51,0.5,1,60
requiem,Chicken's Egg,0x23D77,1,Damage Magicka Regeneration,0x73F2B,0.25,100,5
requiem,Chicken's Egg,0x23D77,2,Waterbreathing,0x3AC2D,15,0,5
requiem,Chicken's Egg,0x23D77,3,Lingering Damage Stamina,0x10DE5E,0.899999976,1,10
requiem,Chokeberry,0xFE004838,0,Damage Health,0x3EB42,1.5,3,1
requiem,Chokeberry,0xFE004838,1,Damage Maximum Health,0x73F26,0.25,3,20
requiem,Chokeberry,0xFE004838,2,Lingering Damage Health,0x10AA4A,1.5,2,10
requiem,Chokeberry,0xFE004838,3,Weakness to Poison,0x90042,0.5,3,30
requiem,Chokeweed,0xFE004804,0,Weakness to Frost,0x73F2E,0.25,4,30
requiem,Chokeweed,0xFE004804,1,Restore Stamina,0x3EB16,0.300000012,6,0
requiem,Chokeweed,0xFE004804,2,Cure Disease,0xAE722,0.25,2,0
requiem,Chokeweed,0xFE004804,3,Damage Magicka,0x3A2B6,1.10000002,4,0
requiem,Claws,0x6BC02,0,Restore Stamina,0x3EB16,0.300000012,1,20
requiem,Claws,0x6BC02,1,Fortify Armor Rating,0x3EB1F,0.25,6,60
requiem,Claws,0x6BC02,2,Fortify Stamina Regeneration,0x3EB08,0.0500000007,10,60
requiem,Claws,0x6BC02,3,Damage Magicka Regeneration,0x73F2B,0.25,100,5
requiem,Claws,0x8043663,0,Restore Stamina,0x3EB16,0.300000012,1,20
requiem,Claws,0x8043663,1,Fortify Armor Rating,0x3EB1F,0.25,4.80000019,60
requiem,Claws,0x8043663,2,Fortify Stamina Regeneration,0x3EB08,0.0500000007,10,60
requiem,Claws,0x8043663,3,Damage Magicka Regeneration,0x73F2B,0.25,100,5
requiem,Coda Flower,0xFE004805,0,Damage Health,0x3EB42,1.5,3,1
requiem,Coda Flower,0xFE004805,1,Lingering Damage Stamina,0x10DE5E,0.899999976,2,10
requiem,Coda Flower,0xFE004805,2,Damage Maximum Magicka,0x73F27,0.5,3,10
requiem,Coda Flower,0xFE004805,3,Fortify Carry Weight,0x3EB01,0.0724999979,5,300
requiem,Comberry,0xFE004806,0,Damage Stamina,0x3A2C6,0.899999976,4,0
requiem,Comberry,0xFE004806,1,Spell Absorption,0xFE004812,0.100000001,50,60
requiem,Comberry,0xFE004806,2,Restore Magicka,0x3EB17,0.300000012,6,0
requiem,Comberry,0xFE004806,3,Fortify Destruction,0x3EB26,0.25,6,60
requiem,Congealed Putrescence,0xFE004807,0,Damage Maximum Health,0x73F26,0.25,3,20
requiem,Congealed Putrescence,0xFE004807,1,Restore Magicka,0x3EB17,0.300000012,6,0
requiem,Congealed Putrescence,0xFE004807,2,Weakness to Fire,0x73F2D,0.300000012,4,30
requiem,Congealed Putrescence,0xFE004807,3,Fortify Conjuration,0x3EB25,0.25,6,60
requiem,Corkbulb Root,0xFE004809,0,Paralysis,0x73F30,250,0,2
requiem,Corkbulb Root,0xFE004809,1,Restore Health,0x3EB15,0.25,6,0
requiem,Corkbulb Root,0xFE004809,2,Resist Shock,0x3EAEC,0.25,4,60
requiem,Corkbulb Root,0xFE004809,3,Fortify Marksman,0x3EB1B,0.25,5,60
requiem,Creep Cluster,0xB2183,0,Restore Magicka,0x3EB17,0.300000012,1,20
requiem,Creep Cluster,0xB2183,1,Damage Stamina Regeneration,0x73F2C,0.300000012,100,5
requiem,Creep Cluster,0xB2183,2,Fortify Carry Weight,0x3EB01,0.0724999979,4,300
requiem,Creep Cluster,0xB2183,3,Weakness to Magic,0x73F51,0.5,2,30
requiem,Crimson Nirnroot,0xB701A,0,Damage Health,0x3EB42,1.5,20,1
requiem,Crimson Nirnroot,0xB701A,1,Damage Stamina,0x3A2C6,0.899999976,20,0
requiem,Crimson Nirnroot,0xB701A,2,Invisibility,0x3EB3D,50,0,24
requiem,Crimson Nirnroot,0xB701A,3,Resist Magic,0x39E51,0.5,5,180
requiem,Cyrodilic Spadetail,0x106E19,0,Fortify Restoration,0x3EB28,0.25,4,60
requiem,Cyrodilic Spadetail,0x106E19,1,Damage Stamina,0x3A2C6,0.899999976,3,0
requiem,Cyrodilic Spadetail,0x106E19,2,Fear,0x73F20,2.5,3,30
requiem,Cyrodilic Spadetail,0x106E19,3,Damage Maximum Health,0x73F26,0.25,2,10
requiem,Daedra Heart,0x3AD5B,0,Lingering Damage Health,0x10AA4A,1.5,10,120
requiem,Daedra Heart,0x3AD5B,1,Restore Magicka,0x3EB17,0.300000012,10,120
requiem,Daedra Heart,0x3AD5B,2,Restore Stamina,0x3EB16,0.300000012,10,120
requiem,Daedra Heart,0x3AD5B,3,Restore Health,0x3EB15,0.25,10,120
requiem,Daedra Silk,0xFE00480A,0,Lingering Damage Stamina,0x10DE5E,0.899999976,2,10
requiem,Daedra Silk,0xFE00480A,1,Paralysis,0x73F30,250,0,2
requiem,Daedra Silk,0xFE00480A,2,Night Eye,0xFE004803,0.75,0,60
requiem,Daedra Silk,0xFE00480A,3,Invisibility,0x3EB3D,50,0,6
requiem,Daedra Venin,0xFE00480B,0,Damage Maximum Health,0x73F26,0.25,3,20
requiem,Daedra Venin,0xFE00480B,1,Paralysis,0x73F30,250,0,2
requiem,Daedra Venin,0xFE00480B,2,Fortify Destruction,0x3EB26,0.25,6,60
requiem,Daedra Venin,0xFE00480B,3,Spell Absorption,0xFE004812,0.100000001,50,60
requiem,Daedroth Teeth,0xFE004826,0,Resist Frost,0x3EAEB,0.25,4,60
requiem,Daedroth Teeth,0xFE004826,1,Light,0xFE004846,0.5,0,60
requiem,Daedroth Teeth,0xFE004826,2,Damage Magicka Regeneration,0x73F2B,0.25,100,10
requiem,Daedroth Teeth,0xFE004826,3,Fortify Stamina Regeneration,0x3EB08,0.0500000007,6,300
requiem,Deathbell,0x516C8,0,Damage Health,0x3EB42,1.5,3,5
requiem,Deathbell,0x516C8,1,Damage Maximum Stamina,0x73F23,0.800000012,2,20
requiem,Deathbell,0x516C8,2,Tardiness,0x73F25,0.5,50,5
requiem,Deathbell,0x516C8,3,Weakness to Poison,0x90042,0.5,2,30
requiem,Dragon's Tongue,0x889A2,0,Resist Fire,0x3EAEA,0.25,3,80
requiem,Dragon's Tongue,0x889A2,1,Fortify Barter,0x3EB23,1,2,30
requiem,Dragon's Tongue,0x889A2,2,Fortify Illusion,0x3EB27,0.25,3,60
requiem,Dragon's Tongue,0x889A2,3,Fortify Two-Handed,0x3EB1A,0.25,4,60
requiem,Dreugh Wax,0xFE004827,0,Weakness to Magic,0x73F51,0.5,3,30
requiem,Dreugh Wax,0xFE004827,1,Frenzy,0x73F29,7.5,1,20
requiem,Dreugh Wax,0xFE004827,2,Fortify Enchanting,0x3EB29,0.25,2,30
requiem,Dreugh Wax,0xFE004827,3,Fortify Smithing,0x3EB1D,0.25,5,30
requiem,Dwarven Oil,0xF11C0,0,Weakness to Magic,0x73F51,0.5,2,30
requiem,Dwarven Oil,0xF11C0,1,Fortify Illusion,0x3EB27,0.25,5,60
requiem,Dwarven Oil,0xF11C0,2,Fortify Magicka Regeneration,0x3EB07,0.100000001,5,300
requiem,Dwarven Oil,0xF11C0,3,Restore Magicka,0x3EB17,0.300000012,2,20
requiem,Ectoplasm,0x3AD63,0,Restore Magicka,0x3EB17,0.300000012,2.5,20
requiem,Ectoplasm,0x3AD63,1,Fortify Destruction,0x3EB26,0.25,4,60
requiem,Ectoplasm,0x3AD63,2,Fortify Magicka,0x3EAF8,0.150000006,4,60
requiem,Ectoplasm,0x3AD63,3,Damage Health,0x3EB42,1.5,2,1
requiem,Elves Ear,0x34D31,0,Restore Magicka,0x3EB17,0.300000012,1,20
requiem,Elves Ear,0x34D31,1,Fortify Marksman,0x3EB1B,0.25,4,60
requiem,Elves Ear,0x34D31,2,Weakness to Frost,0x73F2E,0.25,2,30
requiem,Elves Ear,0x34D31,3,Resist Fire,0x3EAEA,0.25,3,30
requiem,Elytra Ichor,0xFE004828,0,Restore Magicka,0x3EB17,0.300000012,6,0
requiem,Elytra Ichor,0xFE004828,1,Invisibility,0x3EB3D,50,0,6
requiem,Elytra Ichor,0xFE004828,2,Tardiness,0x73F25,0.5,50,10
requiem,Elytra Ichor,0xFE004828,3,Fear,0x73F20,2.5,2,30
requiem,Emperor Parasol Moss,0x401FF75,0,Damage Health,0x3EB42,1.5,3,1
requiem,Emperor Parasol Moss,0x401FF75,1,Fortify Magicka,0x3EAF8,0.150000006,2,60
requiem,Emperor Parasol Moss,0x401FF75,2,Fortify Health Regeneration,0x3EB06,0.0500000007,5,300
requiem,Emperor Parasol Moss,0x401FF75,3,Fortify Two-Handed,0x3EB1A,0.25,4,60
requiem,Falmer Ear,0x3AD5D,0,Damage Health,0x3EB42,1.5,3,1
requiem,Falmer Ear,0x3AD5D,1,Frenzy,0x73F29,7.5,3,20
requiem,Falmer Ear,0x3AD5D,2,Resist Poison,0x90041,0.25,5,60
requiem,Falmer Ear,0x3AD5D,3,Fortify Lockpicking,0x3EB21,0.5,0.200000003,30
requiem,Felsaad Tern Feathers,0x403CD8E,0,Restore Health,0x3EB15,0.25,1,10
requiem,Felsaad Tern Feathers,0x403CD8E,1,Fortify Armor Rating,0x3EB1F,0.25,4,60
requiem,Felsaad Tern Feathers,0x403CD8E,2,Resist Poison,0x90041,0.25,5,60
requiem,Felsaad Tern Feathers,0x403CD8E,3,Resist Magic,0x39E51,0.5,1,120
requiem,Fire Petal,0xFE004829,0,Damage Health,0x3EB42,1.5,3,1
requiem,Fire Petal,0xFE004829,1,Resist Fire,0x3EAEA,0.25,4,60
requiem,Fire Petal,0xFE004829,2,Spell Absorption,0xFE004812,0.100000001,50,60
requiem,Fire Petal,0xFE004829,3,Paralysis,0x73F30,250,0,2
requiem,Fire Salts,0x3AD5E,0,Weakness to Frost,0x73F2E,0.25,3,30
requiem,Fire Salts,0x3AD5E,1,Resist Fire,0x3EAEA,0.25,3,300
requiem,Fire Salts,0x3AD5E,2,Restore Magicka,0x3EB17,0.300000012,2.5,45
requiem,Fire Salts,0x3AD5E,3,Fortify Magicka Regeneration,0x3EB07,0.100000001,5,300
requiem,Flame Stalk,0xFE00482A,0,Restore Health,0x3EB15,0.25,6,0
requiem,Flame Stalk,0xFE00482A,1,Resist Frost,0x3EAEB,0.25,4,60
requiem,Flame Stalk,0xFE00482A,2,Weakness to Fire,0x73F2D,0.300000012,4,30
requiem,Flame Stalk,0xFE00482A,3,Invisibility,0x3EB3D,50,0,6
requiem,Flame Stalk,0x6095E23,0,Restore Health,0x3EB15,0.25,6,0
requiem,Flame Stalk,0x6095E23,1,Resist Frost,0x3EAEB,0.25,4,60
requiem,Flame Stalk,0x6095E23,2,Weakness to Fire,0x73F2D,0.300000012,4,30
requiem,Flame Stalk,0x6095E23,3,Invisibility,0x3EB3D,50,0,6
requiem,Fly Amanita,0x4DA00,0,Resist Fire,0x3EAEA,0.25,3,60
requiem,Fly Amanita,0x4DA00,1,Fortify Two-Handed,0x3EB1A,0.25,4,60
requiem,Fly Amanita,0x4DA00,2,Frenzy,0x73F29,7.5,2,20
requiem,Fly Amanita,0x4DA00,3,Fortify Stamina Regeneration,0x3EB08,0.0500000007,5,300
requiem,Frost Mirriam,0x34D32,0,Resist Frost,0x3EAEB,0.25,3,60
requiem,Frost Mirriam,0x34D32,1,Fortify Sneak,0x3EB22,0.25,4,60
requiem,Frost Mirriam,0x34D32,2,Damage Maximum Magicka,0x73F27,0.5,2,10
requiem,Frost Mirriam,0x34D32,3,Damage Stamina Regeneration,0x73F2C,0.300000012,100,5
requiem,Frost Salts,0x3AD5F,0,Weakness to Fire,0x73F2D,0.300000012,3,60
requiem,Frost Salts,0x3AD5F,1,Resist Frost,0x3EAEB,0.25,6,300
requiem,Frost Salts,0x3AD5F,2,Restore Magicka,0x3EB17,0.300000012,3.5,45
requiem,Frost Salts,0x3AD5F,3,Fortify Conjuration,0x3EB25,0.25,5,180
requiem,Fungus Stalk,0xFE00482B,0,Restore Magicka,0x3EB17,0.300000012,6,0
requiem,Fungus Stalk,0xFE00482B,1,Fortify Health,0x3EAF3,0.200000003,5,300
requiem,Fungus Stalk,0xFE00482B,2,Fortify Stamina,0x3EAF9,0.150000006,5,300
requiem,Fungus Stalk,0xFE00482B,3,Waterbreathing,0x3AC2D,15,0,8
requiem,Garlic,0x34D22,0,Resist Poison,0x90041,0.25,2,300
requiem,Garlic,0x34D22,1,Fortify Stamina,0x3EAF9,0.150000006,1,60
requiem,Garlic,0x34D22,2,Fortify Magicka Regeneration,0x3EB07,0.100000001,5,60
requiem,Garlic,0x34D22,3,Fortify Health Regeneration,0x3EB06,0.0500000007,5,60
requiem,Giant Lichen,0x7E8C1,0,Weakness to Shock,0x73F2F,0.349999994,3,30
requiem,Giant Lichen,0x7E8C1,1,Damage Maximum Health,0x73F26,0.25,2,10
requiem,Giant Lichen,0x7E8C1,2,Weakness to Poison,0x90042,0.5,2,30
requiem,Giant Lichen,0x7E8C1,3,Restore Magicka,0x3EB17,0.300000012,0.5,20
requiem,Giant's Toe,0x3AD64,0,Damage Stamina,0x3A2C6,0.899999976,3,0
requiem,Giant's Toe,0x3AD64,1,Fortify Health,0x3EAF3,0.200000003,4,300
requiem,Giant's Toe,0x3AD64,2,Fortify Carry Weight,0x3EB01,0.0724999979,4,300
requiem,Giant's Toe,0x3AD64,3,Damage Stamina Regeneration,0x73F2C,0.300000012,100,5
requiem,Glassfish,0x50008EE,0,Restore Magicka,0x3EB17,0.300000012,1.5,20
requiem,Glassfish,0x50008EE,1,Invisibility,0x3EB3D,50,0,4
requiem,Glassfish,0x50008EE,2,Fortify Illusion,0x3EB27,0.25,3,60
requiem,Glassfish,0x50008EE,3,Fortify Speech,0xD6947,0.25,4,60
requiem,Gleamblossom,0x200B097,0,Resist Magic,0x39E51,0.5,1,60
requiem,Gleamblossom,0x200B097,1,Fear,0x73F20,2.5,2,30
requiem,Gleamblossom,0x200B097,2,Fortify Health Regeneration,0x3EB06,0.0500000007,5,300
requiem,Gleamblossom,0x200B097,3,Paralysis,0x73F30,250,0,1
requiem,Glow Dust,0x3AD73,0,Damage Magicka,0x3A2B6,1.10000002,3,0
requiem,Glow Dust,0x3AD73,1,Damage Magicka Regeneration,0x73F2B,0.25,100,5
requiem,Glow Dust,0x3AD73,2,Fortify Destruction,0x3EB26,0.25,5,60
requiem,Glow Dust,0x3AD73,3,Resist Shock,0x3EAEC,0.25,3,60
requiem,Glowing Mushroom,0x7EE01,0,Resist Shock,0x3EAEC,0.25,3,60
requiem,Glowing Mushroom,0x7EE01,1,Fortify Destruction,0x3EB26,0.25,5,60
requiem,Glowing Mushroom,0x7EE01,2,Fortify Stamina,0x3EAF9,0.150000006,4,30
requiem,Glowing Mushroom,0x7EE01,3,Fortify Health,0x3EAF3,0.200000003,4,60
requiem,Gnarl Bark,0xFE00482C,0,Damage Health,0x3EB42,1.5,3,1
requiem,Gnarl Bark,0xFE00482C,1,Fortify Health Regeneration,0x3EB06,0.0500000007,6,300
requiem,Gnarl Bark,0xFE00482C,2,Fortify Armor Rating,0x3EB1E,0.25,3,60
requiem,Gnarl Bark,0xFE00482C,3,Resist Fire,0x3EAEA,0.25,4,60
requiem,Gold Kanet,0xFE00482D,0,Paralysis,0x73F30,250,0,2
requiem,Gold Kanet,0xFE00482D,1,Damage Maximum Health,0x73F26,0.25,3,20
requiem,Gold Kanet,0xFE00482D,2,Weakness to Frost,0x73F2E,0.25,4,30
requiem,Gold Kanet,0xFE00482D,3,Fortify Smithing,0x3EB1D,0.25,5,30
requiem,Goldfish,0x50008EF,0,Restore Stamina,0x3EB16,0.300000012,1,20
requiem,Goldfish,0x50008EF,1,Fortify Armor Rating,0x3EB1F,0.25,6,60
requiem,Goldfish,0x50008EF,2,Waterbreathing,0x3AC2D,15,0,5
requiem,Goldfish,0x50008EF,3,Resist Frost,0x3EAEB,0.25,3,60
requiem,Grass Pod,0x83E64,0,Resist Poison,0x90041,0.25,4,60
requiem,Grass Pod,0x83E64,1,Damage Maximum Magicka,0x73F27,0.5,2,10
requiem,Grass Pod,0x83E64,2,Fortify Alteration,0x3EB24,0.25,4,60
requiem,Grass Pod,0x83E64,3,Restore Magicka,0x3EB17,0.300000012,1,20
requiem,Green Butterfly Wing,0x6059151,0,Restore Magicka,0x3EB17,0.300000012,5,0
requiem,Green Butterfly Wing,0x6059151,1,Fear,0x73F20,2.5,1,30
requiem,Green Butterfly Wing,0x6059151,2,Tardiness,0x73F25,0.5,5,30
requiem,Green Butterfly Wing,0x6059151,3,Invisibility,0x3EB3D,50,0,4
requiem,Hackle-Lo Leaf,0xFE00482E,0,Restore Stamina,0x3EB16,0.300000012,6,0
requiem,Hackle-Lo Leaf,0xFE00482E,1,Paralysis,0x73F30,250,0,2
requiem,Hackle-Lo Leaf,0xFE00482E,2,Waterbreathing,0x3AC2D,15,0,8
requiem,Hackle-Lo Leaf,0xFE00482E,3,Fortify Restoration,0x3EB28,0.25,5,60
requiem,Hagraven Claw,0x6B689,0,Resist Magic,0x39E51,0.5,1,120
requiem,Hagraven Claw,0x6B689,1,Lingering Damage Magicka,0x10DE5F,5,1,10
requiem,Hagraven Claw,0x6B689,2,Fortify Illusion,0x3EB27,0.25,4,60
requiem,Hagraven Claw,0x6B689,3,Soulreaping,0x820B30F,15,0,4
requiem,Hagraven Feathers,0x3AD66,0,Damage Magicka,0x3A2B6,1.10000002,3,0
requiem,Hagraven Feathers,0x3AD66,1,Fortify Conjuration,0x3EB25,0.25,5,60
requiem,Hagraven Feathers,0x3AD66,2,Frenzy,0x73F29,7.5,3,20
requiem,Hagraven Feathers,0x3AD66,3,Weakness to Shock,0x73F2F,0.349999994,3,30
requiem,Hanging Moss,0x57F91,0,Damage Magicka,0x3A2B6,1.10000002,3,0
requiem,Hanging Moss,0x57F91,1,Fortify Health,0x3EAF3,0.200000003,4,60
requiem,Hanging Moss,0x57F91,2,Damage Magicka Regeneration,0x73F2B,0.25,100,5
requiem,Hanging Moss,0x57F91,3,Fortify One-Handed,0x3EB19,0.25,4,60
requiem,Hawk Beak,0xE7EBC,0,Restore Stamina,0x3EB16,0.300000012,1.5,20
requiem,Hawk Beak,0xE7EBC,1,Resist Frost,0x3EAEB,0.25,3,60
requiem,Hawk Beak,0xE7EBC,2,Fortify Carry Weight,0x3EB01,0.0724999979,4,300
requiem,Hawk Beak,0xE7EBC,3,Resist Shock,0x3EAEC,0.25,3,60
requiem,Hawk Feathers,0xE7ED0,0,Fortify Armor Rating,0x3EB1F,0.25,8.39999962,60
requiem,Hawk Feathers,0xE7ED0,1,Cure Disease,0xAE722,0.25,100,0
requiem,Hawk Feathers,0xE7ED0,2,Fortify One-Handed,0x3EB19,0.25,4,60
requiem,Hawk Feathers,0xE7ED0,3,Fortify Sneak,0x3EB22,0.25,4,60
requiem,Hawk's Egg,0x300F1CC,0,Resist Magic,0x39E51,0.5,1,60
requiem,Hawk's Egg,0x300F1CC,1,Damage Magicka Regeneration,0x73F2B,0.25,100,5
requiem,Hawk's Egg,0x300F1CC,2,Waterbreathing,0x3AC2D,15,0,5
requiem,Hawk's Egg,0x300F1CC,3,Lingering Damage Stamina,0x10DE5E,0.899999976,1,10
requiem,Heart,0xB18CD,0,Damage Health,0x3EB42,1.5,5,1
requiem,Heart,0xB18CD,1,Damage Magicka,0x3A2B6,1.10000002,5,0
requiem,Heart,0xB18CD,2,Damage Magicka Regeneration,0x73F2B,0.25,100,5
requiem,Heart,0xB18CD,3,Frenzy,0x73F29,7.5,3,20
requiem,Heart of Order,0xFE004851,0,Restore Health,0x3EB15,0.25,6,0
requiem,Heart of Order,0xFE004851,1,Fortify Health,0x3EAF3,0.200000003,5,300
requiem,Heart of Order,0xFE004851,2,Fortify One-Handed,0x3EB19,0.25,5,60
requiem,Heart of Order,0xFE004851,3,Fortify Two-Handed,0x3EB1A,0.25,5,60
requiem,Histcarp,0x106E18,0,Restore Stamina,0x3EB16,0.300000012,0.5,20
requiem,Histcarp,0x106E18,1,Fortify Magicka,0x3EAF8,0.150000006,4,60
requiem,Histcarp,0x106E18,2,Damage Stamina Regeneration,0x73F2C,0.300000012,100,5
requiem,Histcarp,0x106E18,3,Waterbreathing,0x3AC2D,15,0,5
requiem,Honeycomb,0xB08C5,0,Restore Stamina,0x3EB16,0.300000012,2,20
requiem,Honeycomb,0xB08C5,1,Fortify Block,0x3EB1C,0.25,4,60
requiem,Honeycomb,0xB08C5,2,Fortify Armor Rating,0x3EB1F,0.25,4.80000019,60
requiem,Honeycomb,0xB08C5,3,Damage Maximum Stamina,0x73F23,0.800000012,2,10
requiem,Horker Fat,0x8034E09,0,Resist Poison,0x90041,0.25,4,180
requiem,Horker Fat,0x8034E09,1,Fortify Two-Handed,0x3EB1A,0.25,4,60
requiem,Horker Fat,0x8034E09,2,Frenzy,0x73F29,7.5,1,20
requiem,Horker Fat,0x8034E09,3,Damage Health,0x3EB42,1.5,2,1
requiem,Human Flesh,0x1016B3,0,Damage Health,0x3EB42,1.5,2,1
requiem,Human Flesh,0x1016B3,1,Paralysis,0x73F30,250,0,1
requiem,Human Flesh,0x1016B3,2,Restore Magicka,0x3EB17,0.300000012,1,20
requiem,Human Flesh,0x1016B3,3,Fortify Sneak,0x3EB22,0.25,4,60
requiem,Hunger Tongue,0xFE00480C,0,Weakness to Fire,0x73F2D,0.300000012,4,60
requiem,Hunger Tongue,0xFE00480C,1,Cure Disease,0xAE722,0.25,2,0
requiem,Hunger Tongue,0xFE00480C,2,Cure Poison,0x109ADD,0.200000003,2,0
requiem,Hunger Tongue,0xFE00480C,3,Fortify Magicka,0x3EAF8,0.150000006,5,60
requiem,Hydnum Azure Giant Spore,0xFE00480D,0,Resist Frost,0x3EAEB,0.25,4,60
requiem,Hydnum Azure Giant Spore,0xFE00480D,1,Fortify Health,0x3EAF3,0.200000003,5,300
requiem,Hydnum Azure Giant Spore,0xFE00480D,2,Fortify Health Regeneration,0x3EB06,0.0500000007,6,300
requiem,Hydnum Azure Giant Spore,0xFE00480D,3,Light,0xFE004846,0.5,0,60
requiem,Hypha Facia,0xFE00480E,0,Weakness to Poison,0x90042,0.5,3,30
requiem,Hypha Facia,0xFE00480E,1,Frenzy,0x73F29,7.5,1,20
requiem,Hypha Facia,0xFE00480E,2,Damage Maximum Stamina,0x73F23,0.800000012,3,20
requiem,Hypha Facia,0xFE00480E,3,Resist Magic,0x39E51,0.5,2,60
requiem,Ice Wraith Teeth,0x3AD6A,0,Weakness to Frost,0x73F2E,0.25,3,30
requiem,Ice Wraith Teeth,0x3AD6A,1,Soulreaping,0x820B30F,15,0,2
requiem,Ice Wraith Teeth,0x3AD6A,2,Invisibility,0x3EB3D,50,0,4
requiem,Ice Wraith Teeth,0x3AD6A,3,Weakness to Fire,0x73F2D,0.300000012,3,30
requiem,Imp Gall,0xFE00480F,0,Damage Health,0x3EB42,1.5,3,1
requiem,Imp Gall,0xFE00480F,1,Weakness to Fire,0x73F2D,0.300000012,4,30
requiem,Imp Gall,0xFE00480F,2,Fortify Barter,0x3EB23,1,2,30
requiem,Imp Gall,0xFE00480F,3,Cure Poison,0x109ADD,0.200000003,2,0
requiem,Imp Stool,0x4DA23,0,Damage Health,0x3EB42,1.5,3,1
requiem,Imp Stool,0x4DA23,1,Lingering Damage Health,0x10AA4A,1.5,1,10
requiem,Imp Stool,0x4DA23,2,Fortify Carry Weight,0x3EB01,0.0724999979,5,60
requiem,Imp Stool,0x4DA23,3,Restore Health,0x3EB15,0.25,0.5,20
requiem,Jarrin Root,0x1BCBC,0,Damage Health,0x3EB42,1.5,200,1
requiem,Jarrin Root,0x1BCBC,1,Damage Magicka,0x3A2B6,1.10000002,3,0
requiem,Jarrin Root,0x1BCBC,2,Damage Stamina,0x3A2C6,0.899999976,3,0
requiem,Jarrin Root,0x1BCBC,3,Damage Magicka Regeneration,0x73F2B,0.25,100,5
requiem,Jazbay Grapes,0x6AC4A,0,Weakness to Magic,0x73F51,0.5,1,30
requiem,Jazbay Grapes,0x6AC4A,1,Fortify Magicka,0x3EAF8,0.150000006,2,60
requiem,Jazbay Grapes,0x6AC4A,2,Fortify Magicka Regeneration,0x3EB07,0.100000001,2,300
requiem,Jazbay Grapes,0x6AC4A,3,Damage Maximum Health,0x73F26,0.25,1,10
requiem,Jon's Giant Abecean Longfin,0x80972E6,0,Weakness to Frost,0x73F2E,0.25,3,30
requiem,Jon's Giant Abecean Longfin,0x80972E6,1,Fortify Sneak,0x3EB22,0.25,4,60
requiem,Jon's Giant Abecean Longfin,0x80972E6,2,Weakness to Poison,0x90042,0.5,2,30
requiem,Jon's Giant Abecean Longfin,0x80972E6,3,Fortify Restoration,0x3EB28,0.25,4,60
requiem,Juniper Berries,0x5076E,0,Weakness to Fire,0x73F2D,0.300000012,3,30
requiem,Juniper Berries,0x5076E,1,Fortify Marksman,0x3EB1B,0.25,4,60
requiem,Juniper Berries,0x5076E,2,Fortify Health Regeneration,0x3EB06,0.0500000007,5,300
requiem,Juniper Berries,0x5076E,3,Damage Stamina Regeneration,0x73F2C,0.300000012,100,5
requiem,Juvenile Mudcrab,0x50008F2,0,Fortify Stamina Regeneration,0x3EB08,0.0500000007,5,300
requiem,Juvenile Mudcrab,0x50008F2,1,Fortify Carry Weight,0x3EB01,0.0724999979,4,300
requiem,Juvenile Mudcrab,0x50008F2,2,Cure Disease,0xAE722,0.25,5,0
requiem,Juvenile Mudcrab,0x50008F2,3,Fortify Two-Handed,0x3EB1A,0.25,4,60
requiem,Kagouti Hide,0xFE004810,0,Lingering Damage Stamina,0x10DE5E,0.899999976,2,10
requiem,Kagouti Hide,0xFE004810,1,Night Eye,0xFE004803,0.75,0,60
requiem,Kagouti Hide,0xFE004810,2,Fortify Carry Weight,0x3EB01,0.0724999979,5,300
requiem,Kagouti Hide,0xFE004810,3,Resist Shock,0x3EAEC,0.25,4,60
requiem,Kresh Fiber,0xFE004811,0,Weakness to Magic,0x73F51,0.5,3,30
requiem,Kresh Fiber,0xFE004811,1,Tardiness,0x73F25,0.5,50,10
requiem,Kresh Fiber,0xFE004811,2,Fortify Sneak,0x3EB22,0.25,5,60
requiem,Kresh Fiber,0xFE004811,3,Fortify Pickpocket,0x3EB20,0.25,5,60
requiem,Large Antlers,0x6BC0A,0,Restore Stamina,0x3EB16,0.300000012,1.5,20
requiem,Large Antlers,0x6BC0A,1,Fortify Stamina,0x3EAF9,0.150000006,5,120
requiem,Large Antlers,0x6BC0A,2,Tardiness,0x73F25,0.5,50,5
requiem,Large Antlers,0x6BC0A,3,Damage Stamina Regeneration,0x73F2C,0.300000012,50,5
requiem,Lavender,0x45C28,0,Resist Magic,0x39E51,0.5,1,60
requiem,Lavender,0x45C28,1,Fortify Stamina,0x3EAF9,0.150000006,4,60
requiem,Lavender,0x45C28,2,Damage Maximum Magicka,0x73F27,0.5,2,10
requiem,Lavender,0x45C28,3,Fortify Conjuration,0x3EB25,0.25,4,60
requiem,Lichor,0xFE004837,0,Restore Magicka,0x3EB17,0.300000012,6,0
requiem,Lichor,0xFE004837,1,Fortify Magicka Regeneration,0x3EB07,0.100000001,6,300
requiem,Lichor,0xFE004837,2,Fortify Magicka,0x3EAF8,0.150000006,5,60
requiem,Lichor,0xFE004837,3,Spell Absorption,0xFE004812,0.100000001,50,60
requiem,Luminous Russula,0xFE004813,0,Lingering Damage Stamina,0x10DE5E,0.899999976,2,10
requiem,Luminous Russula,0xFE004813,1,Lingering Damage Health,0x10AA4A,1.5,2,10
requiem,Luminous Russula,0xFE004813,2,Waterbreathing,0x3AC2D,15,0,8
requiem,Luminous Russula,0xFE004813,3,Fear,0x73F20,2.5,2,30
requiem,Luna Moth Wing,0x727DF,0,Damage Magicka,0x3A2B6,1.10000002,3,0
requiem,Luna Moth Wing,0x727DF,1,Fortify Armor Rating,0x3EB1F,0.25,6,60
requiem,Luna Moth Wing,0x727DF,2,Fortify Health Regeneration,0x3EB06,0.0500000007,5,300
requiem,Luna Moth Wing,0x727DF,3,Invisibility,0x3EB3D,50,0,4
requiem,Lyretail Anthias,0x50008F1,0,Restore Magicka,0x3EB17,0.300000012,1.5,20
requiem,Lyretail Anthias,0x50008F1,1,Fortify Alteration,0x3EB24,0.25,4,60
requiem,Lyretail Anthias,0x50008F1,2,Fortify Conjuration,0x3EB25,0.25,5,60
requiem,Lyretail Anthias,0x50008F1,3,Fortify Carry Weight,0x3EB01,0.0724999979,4,300
requiem,Mammoth Heart,0x8043661,0,Fortify Carry Weight,0x3EB01,0.0724999979,3,600
requiem,Mammoth Heart,0x8043661,1,Fortify Armor Rating,0x3EB1F,0.25,12,60
requiem,Mammoth Heart,0x8043661,2,Fortify Stamina,0x3EAF9,0.150000006,5,300
requiem,Mammoth Heart,0x8043661,3,Fortify Health,0x3EAF3,0.200000003,10,180
requiem,Marshmerrow,0xFE004814,0,Restore Health,0x3EB15,0.25,6,0
requiem,Marshmerrow,0xFE004814,1,Fortify Carry Weight,0x3EB01,0.0724999979,5,300
requiem,Marshmerrow,0xFE004814,2,Weakness to Magic,0x73F51,0.5,3,30
requiem,Marshmerrow,0xFE004814,3,Damage Stamina,0x3A2C6,0.899999976,4,0
requiem,Minotaur Horn,0xFE004815,0,Resist Poison,0x90041,0.25,5,60
requiem,Minotaur Horn,0xFE004815,1,Damage Magicka Regeneration,0x73F2B,0.25,100,10
requiem,Minotaur Horn,0xFE004815,2,Fortify Health Regeneration,0x3EB06,0.0500000007,6,300
requiem,Minotaur Horn,0xFE004815,3,Fortify Magicka Regeneration,0x3EB07,0.100000001,6,300
requiem,Moon Sugar,0xD8E3F,0,Weakness to Fire,0x73F2D,0.300000012,3,30
requiem,Moon Sugar,0xD8E3F,1,Resist Frost,0x3EAEB,0.25,3,60
requiem,Moon Sugar,0xD8E3F,2,Restore Magicka,0x3EB17,0.300000012,2.5,20
requiem,Moon Sugar,0xD8E3F,3,Fortify Magicka Regeneration,0x3EB07,0.100000001,5,300
requiem,Mora Tapinella,0xEC870,0,Restore Magicka,0x3EB17,0.300000012,1,20
requiem,Mora Tapinella,0xEC870,1,Lingering Damage Health,0x10AA4A,1.5,1,10
requiem,Mora Tapinella,0xEC870,2,Fortify Stamina Regeneration,0x3EB08,0.0500000007,5,300
requiem,Mora Tapinella,0xEC870,3,Fortify Illusion,0x3EB27,0.25,4,60
requiem,Mudcrab Chitin,0x6BC00,0,Restore Stamina,0x3EB16,0.300000012,0.5,20
requiem,Mudcrab Chitin,0x6BC00,1,Resist Poison,0x90041,0.25,5,60
requiem,Mudcrab Chitin,0x6BC00,2,Resist Shock,0x3EAEC,0.25,4,60
requiem,Mudcrab Chitin,0x6BC00,3,Resist Fire,0x3EAEA,0.25,3,60
requiem,Namira's Rot,0x4DA24,0,Damage Magicka,0x3A2B6,1.10000002,3,0
requiem,Namira's Rot,0x4DA24,1,Fortify Lockpicking,0x3EB21,0.5,0.200000003,30
requiem,Namira's Rot,0x4DA24,2,Fear,0x73F20,2.5,2,30
requiem,Namira's Rot,0x4DA24,3,Fortify Health Regeneration,0x3EB06,0.0500000007,5,300
requiem,Netch Jelly,0x401CD72,0,Damage Health,0x3EB42,1.5,10,1
requiem,Netch Jelly,0x401CD72,1,Fortify Carry Weight,0x3EB01,0.0724999979,4,300
requiem,Netch Jelly,0x401CD72,2,Restore Stamina,0x3EB16,0.300000012,1.5,20
requiem,Netch Jelly,0x401CD72,3,Fear,0x73F20,2.5,2,30
requiem,Nightshade,0x2F44C,0,Damage Health,0x3EB42,1.5,5,1
requiem,Nightshade,0x2F44C,1,Damage Magicka Regeneration,0x73F2B,0.25,100,5
requiem,Nightshade,0x2F44C,2,Lingering Damage Stamina,0x10DE5E,0.899999976,1,10
requiem,Nightshade,0x2F44C,3,Fortify Destruction,0x3EB26,0.25,4,60
requiem,Nirnroot,0x59B86,0,Damage Health,0x3EB42,1.5,15,0
requiem,Nirnroot,0x59B86,1,Damage Stamina,0x3A2C6,0.899999976,15,0
requiem,Nirnroot,0x59B86,2,Invisibility,0x3EB3D,50,0,16
requiem,Nirnroot,0x59B86,3,Resist Magic,0x39E51,0.5,4,60
requiem,Nordic Barnacle,0x7EDF5,0,Damage Magicka,0x3A2B6,1.10000002,3,0
requiem,Nordic Barnacle,0x7EDF5,1,Waterbreathing,0x3AC2D,15,0,5
requiem,Nordic Barnacle,0x7EDF5,2,Fortify Health Regeneration,0x3EB06,0.0500000007,5,300
requiem,Nordic Barnacle,0x7EDF5,3,Fortify Pickpocket,0x3EB20,0.25,4,60
requiem,Ogre's Teeth,0xFE004816,0,Weakness to Shock,0x73F2F,0.349999994,4,30
requiem,Ogre's Teeth,0xFE004816,1,Resist Poison,0x90041,0.25,5,60
requiem,Ogre's Teeth,0xFE004816,2,Lingering Damage Magicka,0x10DE5F,5,2,10
requiem,Ogre's Teeth,0xFE004816,3,Fortify Health Regeneration,0x3EB06,0.0500000007,6,300
requiem,Orange Dartwing,0xBB956,0,Restore Stamina,0x3EB16,0.300000012,1,20
requiem,Orange Dartwing,0xBB956,1,Damage Maximum Magicka,0x73F27,0.5,2,10
requiem,Orange Dartwing,0xBB956,2,Fortify Pickpocket,0x3EB20,0.25,4,60
requiem,Orange Dartwing,0xBB956,3,Lingering Damage Health,0x10AA4A,1.5,1,10
requiem,Pearl,0x854FE,0,Restore Stamina,0x3EB16,0.300000012,1.5,20
requiem,Pearl,0x854FE,1,Fortify Block,0x3EB1C,0.25,4,60
requiem,Pearl,0x854FE,2,Restore Magicka,0x3EB17,0.300000012,1.5,20
requiem,Pearl,0x854FE,3,Resist Shock,0x3EAEC,0.25,3,60
requiem,Pearlfish,0x50008EC,0,Restore Stamina,0x3EB16,0.300000012,1.5,20
requiem,Pearlfish,0x50008EC,1,Resist Frost,0x3EAEB,0.25,3,60
requiem,Pearlfish,0x50008EC,2,Fortify Speech,0xD6947,0.25,4,60
requiem,Pearlfish,0x50008EC,3,Fortify One-Handed,0x3EB19,0.25,4,60
requiem,Pine Thrush Egg,0x23D6F,0,Restore Stamina,0x3EB16,0.300000012,1,20
requiem,Pine Thrush Egg,0x23D6F,1,Fortify Lockpicking,0x3EB21,0.5,0.349999994,30
requiem,Pine Thrush Egg,0x23D6F,2,Weakness to Poison,0x90042,0.5,2,30
requiem,Pine Thrush Egg,0x23D6F,3,Resist Shock,0x3EAEC,0.25,3,60
requiem,Poisonous Bloom,0x20185FB,0,Damage Health,0x3EB42,1.5,3,1
requiem,Poisonous Bloom,0x20185FB,1,Tardiness,0x73F25,0.5,50,5
requiem,Poisonous Bloom,0x20185FB,2,Fortify Carry Weight,0x3EB01,0.0724999979,4,300
requiem,Poisonous Bloom,0x20185FB,3,Fear,0x73F20,2.5,2,30
requiem,Powdered Mammoth Tusk,0x6BC10,0,Restore Stamina,0x3EB16,0.300000012,2.5,20
requiem,Powdered Mammoth Tusk,0x6BC10,1,Fortify Sneak,0x3EB22,0.25,4,60
requiem,Powdered Mammoth Tusk,0x6BC10,2,Weakness to Fire,0x73F2D,0.300000012,3,30
requiem,Powdered Mammoth Tusk,0x6BC10,3,Fear,0x73F20,2.5,2,30
requiem,Purple Butterfly Wing,0x6059153,0,Fortify Health Regeneration,0x3EB06,0.0500000007,5,300
requiem,Purple Butterfly Wing,0x6059153,1,Fortify Magicka Regeneration,0x3EB07,0.100000001,5,300
requiem,Purple Butterfly Wing,0x6059153,2,Fortify Stamina Regeneration,0x3EB08,0.0500000007,5,300
requiem,Purple Butterfly Wing,0x6059153,3,Paralysis,0x73F30,250,0,1
requiem,Purple Mountain Flower,0x77E1E,0,Restore Stamina,0x3EB16,0.300000012,0.25,20
requiem,Purple Mountain Flower,0x77E1E,1,Fortify Sneak,0x3EB22,0.25,2,60
requiem,Purple Mountain Flower,0x77E1E,2,Lingering Damage Magicka,0x10DE5F,5,1,5
requiem,Purple Mountain Flower,0x77E1E,3,Resist Frost,0x3EAEB,0.25,1,60
requiem,Pygmy Sunfish,0x50008ED,0,Restore Stamina,0x3EB16,0.300000012,2,20
requiem,Pygmy Sunfish,0x50008ED,1,Lingering Damage Magicka,0x10DE5F,5,1,10
requiem,Pygmy Sunfish,0x50008ED,2,Damage Magicka Regeneration,0x73F2B,0.25,100,5
requiem,Pygmy Sunfish,0x50008ED,3,Fortify Restoration,0x3EB28,0.25,4,60
requiem,Red Glitterdust,0x83AB3BC,0,Damage Health,0x3EB42,1.5,10,0
requiem,Red Glitterdust,0x83AB3BC,1,Fortify Carry Weight,0x3EB01,0.0724999979,5,600
requiem,Red Glitterdust,0x83AB3BC,2,Restore Magicka,0x3EB17,0.300000012,1.5,20
requiem,Red Glitterdust,0x83AB3BC,3,Damage Stamina,0x3A2C6,0.899999976,3,60
requiem,Red Kelp Gas Bladder,0xFE004817,0,Fortify Stamina Regeneration,0x3EB08,0.0500000007,6,300
requiem,Red Kelp Gas Bladder,0xFE004817,1,Waterbreathing,0x3AC2D,15,0,8
requiem,Red Kelp Gas Bladder,0xFE004817,2,Cure Disease,0xAE722,0.25,2,0
requiem,Red Kelp Gas Bladder,0xFE004817,3,Fortify Magicka,0x3EAF8,0.150000006,5,60
requiem,Red Mountain Flower,0x77E1D,0,Restore Magicka,0x3EB17,0.300000012,0.25,10
requiem,Red Mountain Flower,0x77E1D,1,Damage Maximum Magicka,0x73F27,0.5,1,10
requiem,Red Mountain Flower,0x77E1D,2,Fortify Magicka,0x3EAF8,0.150000006,2,60
requiem,Red Mountain Flower,0x77E1D,3,Damage Health,0x3EB42,1.5,1,1
requiem,Redwort Flower,0xFE004818,0,Resist Frost,0x3EAEB,0.25,4,60
requiem,Redwort Flower,0xFE004818,1,Cure Poison,0x109ADD,0.200000003,2,0
requiem,Redwort Flower,0xFE004818,2,Damage Health,0x3EB42,1.5,3,1
requiem,Redwort Flower,0xFE004818,3,Invisibility,0x3EB3D,50,0,6
requiem,River Betty,0x106E1A,0,Fortify Alteration,0x3EB24,0.25,4,60
requiem,River Betty,0x106E1A,1,Damage Health,0x3EB42,1.5,5,0
requiem,River Betty,0x106E1A,2,Tardiness,0x73F25,0.5,50,5
requiem,River Betty,0x106E1A,3,Fortify Carry Weight,0x3EB01,0.0724999979,4,300
requiem,Rock Warbler Egg,0x7E8C8,0,Restore Health,0x3EB15,0.25,0.5,20
requiem,Rock Warbler Egg,0x7E8C8,1,Fortify One-Handed,0x3EB19,0.25,4,60
requiem,Rock Warbler Egg,0x7E8C8,2,Damage Stamina,0x3A2C6,0.899999976,3,0
requiem,Rock Warbler Egg,0x7E8C8,3,Weakness to Magic,0x73F51,0.5,2,30
requiem,Roobrush,0xFE004819,0,Weakness to Magic,0x73F51,0.5,3,30
requiem,Roobrush,0xFE004819,1,Fortify Sneak,0x3EB22,0.25,5,60
requiem,Roobrush,0xFE004819,2,Lingering Damage Health,0x10AA4A,1.5,2,10
requiem,Roobrush,0xFE004819,3,Cure Poison,0x109ADD,0.200000003,2,0
requiem,Rot Scale,0x100306D,0,Tardiness,0x73F25,0.5,5,30
requiem,Rot Scale,0x100306D,1,Lingering Damage Health,0x10AA4A,1.5,1,30
requiem,Rot Scale,0x100306D,2,Fear,0x73F20,2.5,1,5
requiem,Rot Scale,0x100306D,3,Paralysis,0x73F30,250,0,1
requiem,Sabre Cat Eye,0x6BC07,0,Restore Stamina,0x3EB16,0.300000012,1.5,20
requiem,Sabre Cat Eye,0x6BC07,1,Damage Maximum Health,0x73F26,0.25,2,10
requiem,Sabre Cat Eye,0x6BC07,2,Damage Magicka,0x3A2B6,1.10000002,3,0
requiem,Sabre Cat Eye,0x6BC07,3,Restore Health,0x3EB15,0.25,0.5,20
requiem,Sabre Cat Eye,0x8065314,0,Restore Stamina,0x3EB16,0.300000012,1.5,20
requiem,Sabre Cat Eye,0x8065314,1,Damage Maximum Health,0x73F26,0.25,2,10
requiem,Sabre Cat Eye,0x8065314,2,Damage Magicka,0x3A2B6,1.10000002,3,0
requiem,Sabre Cat Eye,0x8065314,3,Restore Health,0x3EB15,0.25,1,20
requiem,Sabre Cat Heart,0x8043665,0,Damage Health,0x3EB42,1.5,3,1
requiem,Sabre Cat Heart,0x8043665,1,Damage Magicka,0x3A2B6,1.10000002,3,0
requiem,Sabre Cat Heart,0x8043665,2,Damage Stamina,0x3A2C6,0.899999976,5,5
requiem,Sabre Cat Heart,0x8043665,3,Frenzy,0x73F29,7.5,2,20
requiem,Sabre Cat Tooth,0x6BC04,0,Restore Stamina,0x3EB16,0.300000012,1,20
requiem,Sabre Cat Tooth,0x6BC04,1,Fortify Armor Rating,0x3EB1F,0.25,4.80000019,60
requiem,Sabre Cat Tooth,0x6BC04,2,Fortify Stamina,0x3EAF9,0.150000006,4,30
requiem,Sabre Cat Tooth,0x6BC04,3,Weakness to Poison,0x90042,0.5,2,30
requiem,Salmon Roe,0x3003545,0,Fortify Magicka,0x3EAF8,0.150000006,8,300
requiem,Salmon Roe,0x3003545,1,Restore Stamina,0x3EB16,0.300000012,2,20
requiem,Salmon Roe,0x3003545,2,Waterbreathing,0x3AC2D,15,0,20
requiem,Salmon Roe,0x3003545,3,Fortify Magicka Regeneration,0x3EB07,0.100000001,5,300
requiem,Salt,0x34CDF,0,Weakness to Magic,0x73F51,0.5,1,30
requiem,Salt,0x34CDF,1,Fortify Restoration,0x3EB28,0.25,4,60
requiem,Salt,0x34CDF,2,Tardiness,0x73F25,0.5,50,5
requiem,Salt,0x34CDF,3,Fortify Magicka Regeneration,0x3EB07,0.100000001,5,300
requiem,Salt Pile,0x74A19,0,Weakness to Magic,0x73F51,0.5,2,30
requiem,Salt Pile,0x74A19,1,Fortify Restoration,0x3EB28,0.25,4,60
requiem,Salt Pile,0x74A19,2,Tardiness,0x73F25,0.5,50,5
requiem,Salt Pile,0x74A19,3,Fortify Magicka Regeneration,0x3EB07,0.100000001,5,300
requiem,Saltrice,0xFE00481A,0,Restore Stamina,0x3EB16,0.300000012,6,0
requiem,Saltrice,0xFE00481A,1,Fortify Magicka,0x3EAF8,0.150000006,5,60
requiem,Saltrice,0xFE00481A,2,Damage Stamina Regeneration,0x73F2C,0.300000012,100,10
requiem,Saltrice,0xFE00481A,3,Restore Health,0x3EB15,0.25,6,0
requiem,Scalon Fin,0xFE00481B,0,Waterbreathing,0x3AC2D,15,0,8
requiem,Scalon Fin,0xFE00481B,1,Damage Health,0x3EB42,1.5,3,1
requiem,Scalon Fin,0xFE00481B,2,Lingering Damage Magicka,0x10DE5F,5,2,10
requiem,Scalon Fin,0xFE00481B,3,Damage Magicka Regeneration,0x73F2B,0.25,100,10
requiem,Scaly Pholiota,0x6F950,0,Weakness to Magic,0x73F51,0.5,2,30
requiem,Scaly Pholiota,0x6F950,1,Fortify Illusion,0x3EB27,0.25,4,60
requiem,Scaly Pholiota,0x6F950,2,Fortify Stamina Regeneration,0x3EB08,0.0500000007,5,300
requiem,Scaly Pholiota,0x6F950,3,Fortify Carry Weight,0x3EB01,0.0724999979,4,300
requiem,Scathecraw,0x4017E97,0,Damage Maximum Health,0x73F26,0.25,2,10
requiem,Scathecraw,0x4017E97,1,Damage Maximum Stamina,0x73F23,0.800000012,2,10
requiem,Scathecraw,0x4017E97,2,Damage Maximum Magicka,0x73F27,0.5,2,10
requiem,Scathecraw,0x4017E97,3,Lingering Damage Health,0x10AA4A,1.5,1,10
requiem,Screaming Maw,0x100306E,0,Fortify Magicka Regeneration,0x3EB07,0.100000001,20,60
requiem,Screaming Maw,0x100306E,1,Fortify Alteration,0x3EB24,0.25,5,60
requiem,Screaming Maw,0x100306E,2,Invisibility,0x3EB3D,50,0,1
requiem,Screaming Maw,0x100306E,3,Fortify Health Regeneration,0x3EB06,0.0500000007,20,10
requiem,Scrib Jelly,0xFE00481C,0,Fortify Magicka Regeneration,0x3EB07,0.100000001,6,300
requiem,Scrib Jelly,0xFE00481C,1,Cure Poison,0x109ADD,0.200000003,2,0
requiem,Scrib Jelly,0xFE00481C,2,Cure Disease,0xAE722,0.25,2,0
requiem,Scrib Jelly,0xFE00481C,3,Fortify Stamina Regeneration,0x3EB08,0.0500000007,6,300
requiem,Scrib Jerky,0xFE00481D,0,Restore Stamina,0x3EB16,0.300000012,6,0
requiem,Scrib Jerky,0xFE00481D,1,Fortify Stamina,0x3EAF9,0.150000006,5,300
requiem,Scrib Jerky,0xFE00481D,2,Paralysis,0x73F30,250,0,2
requiem,Scrib Jerky,0xFE00481D,3,Waterbreathing,0x3AC2D,15,0,8
requiem,Silverside Perch,0x106E1C,0,Restore Stamina,0x3EB16,0.300000012,1,20
requiem,Silverside Perch,0x106E1C,1,Damage Stamina Regeneration,0x73F2C,0.300000012,100,5
requiem,Silverside Perch,0x106E1C,2,Damage Maximum Health,0x73F26,0.25,2,10
requiem,Silverside Perch,0x106E1C,3,Resist Frost,0x3EAEB,0.25,3,60
requiem,Sinderion's Serendipity,0x8AE38E9,0,Damage Health,0x3EB42,1.5,0,0
requiem,Sinderion's Serendipity,0x8AE38E9,1,Damage Stamina,0x3A2C6,0.899999976,0,0
requiem,Sinderion's Serendipity,0x8AE38E9,2,Invisibility,0x3EB3D,50,0,0
requiem,Sinderion's Serendipity,0x8AE38E9,3,Resist Magic,0x39E51,0.5,0,0
requiem,Skeever Tail,0x3AD6F,0,Damage Stamina Regeneration,0x73F2C,0.300000012,100,5
requiem,Skeever Tail,0x3AD6F,1,Damage Maximum Health,0x73F26,0.25,2,10
requiem,Skeever Tail,0x3AD6F,2,Damage Health,0x3EB42,1.5,2,1
requiem,Skeever Tail,0x3AD6F,3,Fortify Armor Rating,0x3EB1F,0.25,6,60
requiem,Slaughterfish Egg,0x7E8C5,0,Fortify Pickpocket,0x3EB20,0.25,4,60
requiem,Slaughterfish Egg,0x7E8C5,1,Resist Poison,0x90041,0.25,4,60
requiem,Slaughterfish Egg,0x7E8C5,2,Lingering Damage Health,0x10AA4A,1.5,1,10
requiem,Slaughterfish Egg,0x7E8C5,3,Fortify Stamina,0x3EAF9,0.150000006,4,60
requiem,Slaughterfish Scales,0x3AD70,0,Resist Frost,0x3EAEB,0.25,3,60
requiem,Slaughterfish Scales,0x3AD70,1,Lingering Damage Health,0x10AA4A,1.5,1,10
requiem,Slaughterfish Scales,0x3AD70,2,Fortify Armor Rating,0x3EB1F,0.25,8.39999962,60
requiem,Slaughterfish Scales,0x3AD70,3,Fortify Block,0x3EB1C,0.25,4,60
requiem,Sload Soap,0xFE00481E,0,Resist Fire,0x3EAEA,0.25,4,60
requiem,Sload Soap,0xFE00481E,1,Fear,0x73F20,2.5,2,30
requiem,Sload Soap,0xFE00481E,2,Fortify Conjuration,0x3EB25,0.25,6,60
requiem,Sload Soap,0xFE00481E,3,Fortify Alteration,0x3EB24,0.25,5,60
requiem,Small Antlers,0x6BC0B,0,Weakness to Poison,0x90042,0.5,2,30
requiem,Small Antlers,0x6BC0B,1,Fortify Restoration,0x3EB28,0.25,4,60
requiem,Small Antlers,0x6BC0B,2,Lingering Damage Stamina,0x10DE5E,0.899999976,1,10
requiem,Small Antlers,0x6BC0B,3,Damage Health,0x3EB42,1.5,2,1
requiem,Small Pearl,0x85500,0,Restore Stamina,0x3EB16,0.300000012,1,20
requiem,Small Pearl,0x85500,1,Fortify One-Handed,0x3EB19,0.25,4,60
requiem,Small Pearl,0x85500,2,Fortify Restoration,0x3EB28,0.25,4,60
requiem,Small Pearl,0x85500,3,Resist Frost,0x3EAEB,0.25,3,60
requiem,Snowberries,0x1B3BD,0,Resist Fire,0x3EAEA,0.25,2,60
requiem,Snowberries,0x1B3BD,1,Fortify Stamina Regeneration,0x3EB08,0.0500000007,1,20
requiem,Snowberries,0x1B3BD,2,Resist Frost,0x3EAEB,0.25,2,60
requiem,Snowberries,0x1B3BD,3,Resist Shock,0x3EAEC,0.25,2,60
requiem,Spadefish,0x50008F3,0,Restore Health,0x3EB15,0.25,1,20
requiem,Spadefish,0x50008F3,1,Fortify Lockpicking,0x3EB21,0.5,0.200000003,30
requiem,Spadefish,0x50008F3,2,Fortify Pickpocket,0x3EB20,0.25,4,60
requiem,Spadefish,0x50008F3,3,Cure Disease,0xAE722,0.25,5,0
requiem,Spawn Ash,0x401CD6D,0,Damage Maximum Stamina,0x73F23,0.800000012,2,10
requiem,Spawn Ash,0x401CD6D,1,Resist Fire,0x3EAEA,0.25,2,60
requiem,Spawn Ash,0x401CD6D,2,Fortify Illusion,0x3EB27,0.25,3,60
requiem,Spawn Ash,0x401CD6D,3,Damage Maximum Magicka,0x73F27,0.5,2,10
requiem,Spider Egg,0x9151B,0,Damage Stamina,0x3A2C6,0.899999976,3,0
requiem,Spider Egg,0x9151B,1,Damage Magicka Regeneration,0x73F2B,0.25,100,5
requiem,Spider Egg,0x9151B,2,Fortify Lockpicking,0x3EB21,0.5,0.200000003,30
requiem,Spider Egg,0x9151B,3,Fortify Marksman,0x3EB1B,0.25,4,60
requiem,Spriggan Sap,0x63B5F,0,Damage Magicka Regeneration,0x73F2B,0.25,100,5
requiem,Spriggan Sap,0x63B5F,1,Fortify Illusion,0x3EB27,0.25,4,60
requiem,Spriggan Sap,0x63B5F,2,Fortify Restoration,0x3EB28,0.25,4,60
requiem,Spriggan Sap,0x63B5F,3,Fortify Alteration,0x3EB24,0.25,4,60
requiem,Stoneflower Petals,0xFE00481F,0,Weakness to Shock,0x73F2F,0.349999994,4,30
requiem,Stoneflower Petals,0xFE00481F,1,Fortify One-Handed,0x3EB19,0.25,5,60
requiem,Stoneflower Petals,0xFE00481F,2,Fortify Magicka,0x3EAF8,0.150000006,5,60
requiem,Stoneflower Petals,0xFE00481F,3,Fortify Enchanting,0x3EB29,0.25,2,30
requiem,Strange Remains,0x807524B,0,Invisibility,0x3EB3D,50,0,60
requiem,Strange Remains,0x807524B,1,Soulreaping,0x820B30F,15,0,10
requiem,Strange Remains,0x807524B,2,Fortify Destruction,0x3EB26,0.25,5,60
requiem,Strange Remains,0x807524B,3,Resist Shock,0x3EAEC,0.25,5,60
requiem,Swamp Fungal Pod,0x7E8B7,0,Resist Shock,0x3EAEC,0.25,3,60
requiem,Swamp Fungal Pod,0x7E8B7,1,Lingering Damage Magicka,0x10DE5F,5,1,10
requiem,Swamp Fungal Pod,0x7E8B7,2,Damage Health,0x3EB42,1.5,5,1
requiem,Swamp Fungal Pod,0x7E8B7,3,Restore Health,0x3EB15,0.25,1,20
requiem,Taproot,0x3AD71,0,Weakness to Magic,0x73F51,0.5,2,30
requiem,Taproot,0x3AD71,1,Fortify Illusion,0x3EB27,0.25,4,60
requiem,Taproot,0x3AD71,2,Fortify Magicka Regeneration,0x3EB07,0.100000001,5,300
requiem,Taproot,0x3AD71,3,Restore Magicka,0x3EB17,0.300000012,1,20
requiem,Thistle Branch,0x134AA,0,Resist Frost,0x3EAEB,0.25,3,60
requiem,Thistle Branch,0x134AA,1,Damage Maximum Stamina,0x73F23,0.800000012,2,10
requiem,Thistle Branch,0x134AA,2,Resist Poison,0x90041,0.25,3,0
requiem,Thistle Branch,0x134AA,3,Fortify Armor Rating,0x3EB1F,0.25,6,60
requiem,Thorn Hook,0x100306F,0,Lingering Damage Health,0x10AA4A,1.5,1,10
requiem,Thorn Hook,0x100306F,1,Paralysis,0x73F30,250,0,1
requiem,Thorn Hook,0x100306F,2,Fortify Magicka Regeneration,0x3EB07,0.100000001,3,180
requiem,Thorn Hook,0x100306F,3,Fortify Health Regeneration,0x3EB06,0.0500000007,3,180
requiem,Torchbug Thorax,0x4DA73,0,Restore Stamina,0x3EB16,0.300000012,1,20
requiem,Torchbug Thorax,0x4DA73,1,Lingering Damage Magicka,0x10DE5F,5,1,10
requiem,Torchbug Thorax,0x4DA73,2,Weakness to Magic,0x73F51,0.5,2,30
requiem,Torchbug Thorax,0x4DA73,3,Fortify Stamina,0x3EAF9,0.150000006,4,60
requiem,Trama Root,0x4017008,0,Weakness to Shock,0x73F2F,0.349999994,3,30
requiem,Trama Root,0x4017008,1,Fortify Carry Weight,0x3EB01,0.0724999979,4,300
requiem,Trama Root,0x4017008,2,Damage Magicka,0x3A2B6,1.10000002,3,0
requiem,Trama Root,0x4017008,3,Tardiness,0x73F25,0.5,50,5
requiem,Troll Fat,0x3AD72,0,Resist Poison,0x90041,0.25,4,60
requiem,Troll Fat,0x3AD72,1,Fortify Two-Handed,0x3EB1A,0.25,4,60
requiem,Troll Fat,0x3AD72,2,Frenzy,0x73F29,7.5,2,20
requiem,Troll Fat,0x3AD72,3,Damage Health,0x3EB42,1.5,2,1
requiem,Tundra Cotton,0x3F7F8,0,Resist Magic,0x39E51,0.5,1,60
requiem,Tundra Cotton,0x3F7F8,1,Fortify Magicka,0x3EAF8,0.150000006,3,60
requiem,Tundra Cotton,0x3F7F8,2,Fortify Block,0x3EB1C,0.25,3,60
requiem,Tundra Cotton,0x3F7F8,3,Fortify Barter,0x3EB23,1,2,30
requiem,Vampire Dust,0x3AD76,0,Sanguinare Vampiris,0x84F6D1D,0,20,4
requiem,Vampire Dust,0x3AD76,1,Soulreaping,0x820B30F,15,0,10
requiem,Vampire Dust,0x3AD76,2,Invisibility,0x3EB3D,50,0,15
requiem,Vampire Dust,0x3AD76,3,Cure Poison,0x109ADD,0.200000003,5,0
requiem,Venomous Spittle,0x844C4A8,0,Lingering Damage Health,0x10AA4A,1.5,1,60
requiem,Venomous Spittle,0x844C4A8,1,Damage Health,0x3EB42,1.5,10,1
requiem,Venomous Spittle,0x844C4A8,2,Lingering Damage Stamina,0x10DE5E,0.899999976,1,60
requiem,Venomous Spittle,0x844C4A8,3,Paralysis,0x73F30,250,0,1
requiem,Void Essence,0xFE004820,0,Restore Health,0x3EB15,0.25,6,0
requiem,Void Essence,0xFE004820,1,Fortify Health,0x3EAF3,0.200000003,5,300
requiem,Void Essence,0xFE004820,2,Fortify Stamina,0x3EAF9,0.150000006,5,300
requiem,Void Essence,0xFE004820,3,Fortify Health Regeneration,0x3EB06,0.0500000007,6,300
requiem,Void Salts,0x3AD60,0,Weakness to Shock,0x73F2F,0.349999994,20,30
requiem,Void Salts,0x3AD60,1,Resist Magic,0x39E51,0.5,3,300
requiem,Void Salts,0x3AD60,2,Damage Health,0x3EB42,1.5,10,1
requiem,Void Salts,0x3AD60,3,Fortify Magicka,0x3EAF8,0.150000006,8,300
requiem,Watcher's Eye,0xFE004821,0,Night Eye,0xFE004803,0.75,0,60
requiem,Watcher's Eye,0xFE004821,1,Fortify Magicka,0x3EAF8,0.150000006,5,60
requiem,Watcher's Eye,0xFE004821,2,Fortify Illusion,0x3EB27,0.25,5,60
requiem,Watcher's Eye,0xFE004821,3,Spell Absorption,0xFE004812,0.100000001,50,60
requiem,Wheat,0x4B0BA,0,Restore Health,0x3EB15,0.25,0.5,20
requiem,Wheat,0x4B0BA,1,Fortify Health,0x3EAF3,0.200000003,2,60
requiem,Wheat,0x4B0BA,2,Damage Stamina Regeneration,0x73F2C,0.300000012,100,5
requiem,Wheat,0x4B0BA,3,Lingering Damage Magicka,0x10DE5F,5,1,10
requiem,White Cap,0x4DA22,0,Weakness to Frost,0x73F2E,0.25,3,30
requiem,White Cap,0x4DA22,1,Fortify Armor Rating,0x3EB1F,0.25,6,60
requiem,White Cap,0x4DA22,2,Restore Magicka,0x3EB17,0.300000012,0.5,20
requiem,White Cap,0x4DA22,3,Damage Maximum Magicka,0x73F27,0.5,2,10
requiem,Wisp Stalk Caps,0xFE004823,0,Damage Health,0x3EB42,1.5,3,1
requiem,Wisp Stalk Caps,0xFE004823,1,Weakness to Poison,0x90042,0.5,3,30
requiem,Wisp Stalk Caps,0xFE004823,2,Frenzy,0x73F29,7.5,1,20
requiem,Wisp Stalk Caps,0xFE004823,3,Fortify Stamina Regeneration,0x3EB08,0.0500000007,6,300
requiem,Wisp Wrappings,0x6BC0E,0,Soulreaping,0x820B30F,15,0,4
requiem,Wisp Wrappings,0x6BC0E,1,Fortify Destruction,0x3EB26,0.25,5,60
requiem,Wisp Wrappings,0x6BC0E,2,Fortify Carry Weight,0x3EB01,0.0724999979,4,300
requiem,Wisp Wrappings,0x6BC0E,3,Resist Magic,0x39E51,0.5,1,60
requiem,Withering Moon,0xFE004824,0,Restore Magicka,0x3EB17,0.300000012,6,0
requiem,Withering Moon,0xFE004824,1,Spell Absorption,0xFE004812,0.100000001,50,60
requiem,Withering Moon,0xFE004824,2,Fortify Armor Rating,0x3EB1F,0.25,3,60
requiem,Withering Moon,0xFE004824,3,Cure Disease,0xAE722,0.25,2,0
requiem,Wolf Heart,0x804365E,0,Damage Health,0x3EB42,1.5,3,1
requiem,Wolf Heart,0x804365E,1,Damage Magicka,0x3A2B6,1.10000002,3,0
requiem,Wolf Heart,0x804365E,2,Damage Stamina,0x3A2C6,0.899999976,5,5
requiem,Wolf Heart,0x804365E,3,Frenzy,0x73F29,7.5,2,20
requiem,Worm's Head Cap,0xFE004825,0,Fortify Lockpicking,0x3EB21,0.5,3,30
requiem,Worm's Head Cap,0xFE004825,1,Night Eye,0xFE004803,0.75,0,60
requiem,Worm's Head Cap,0xFE004825,2,Fortify Carry Weight,0x3EB01,0.0724999979,5,300
requiem,Worm's Head Cap,0xFE004825,3,Tardiness,0x73F25,0.5,50,10
requiem,Yellow Mountain Flower,0x2002A78,0,Resist Poison,0x90041,0.25,2,60
requiem,Yellow Mountain Flower,0x2002A78,1,Fortify Restoration,0x3EB28,0.25,2,60
requiem,Yellow Mountain Flower,0x2002A78,2,Fortify Health,0x3EAF3,0.200000003,5,60
requiem,Yellow Mountain Flower,0x2002A78,3,Damage Stamina Regeneration,0x73F2C,0.300000012,50,5
apothecary,Abecean Longfin,0x106E1B,0,Weakness to Frost,0x73F2E,0.100000001,6.65999985,60
apothecary,Abecean Longfin,0x106E1B,1,Fortify Sneak,0x3EB22,0.180000007,3.32999992,60
apothecary,Abecean Longfin,0x106E1B,2,Fortify Speed,0x8246C21,0.600000024,1.33000004,60
apothecary,Abecean Longfin,0x106E1B,3,Fortify Restoration Power,0x3EB28,0.200000003,3.32999992,60
apothecary,Alocasia Fruit,0xFE004D62,0,Fortify Stamina Regeneration,0x3EB08,0.0350000001,2.67000008,300
apothecary,Alocasia Fruit,0xFE004D62,1,Light,0xFE004846,8,0,4
apothecary,Alocasia Fruit,0xFE004D62,2,Damage Armor,0x73F27,0.0350000001,19.9500008,60
apothecary,Alocasia Fruit,0xFE004D62,3,Fortify Health Regeneration,0x3EB06,0.0350000001,2.67000008,300
apothecary,Aloe Vera Leaves,0xFE0060D0,0,Restore Health,0x3EB15,4,5,0
apothecary,Aloe Vera Leaves,0xFE0060D0,1,Restore Stamina,0x3EB16,4,5,0
apothecary,Aloe Vera Leaves,0xFE0060D0,2,Damage Magicka,0x3A2B6,3,5,0
apothecary,Aloe Vera Leaves,0xFE0060D0,3,Invisibility,0x3EB3D,15,0,2
apothecary,Ambrosia,0xFE004836,0,Restore Health,0x3EB15,4,0.959999979,10
apothecary,Ambrosia,0xFE004836,1,Fortify Health Regeneration,0x3EB06,0.0350000001,2.67000008,300
apothecary,Ambrosia,0xFE004836,2,Fortify Health,0x3EAF3,0.0450000018,2.67000008,300
apothecary,Ambrosia,0xFE004836,3,Muffle,0x81FFE18,12,1,4
apothecary,Ancestor Moth Wing,0x20059BA,0,Damage Stamina,0x3A2C6,3,0.879999995,10
apothecary,Ancestor Moth Wing,0x20059BA,1,Fortify Conjuration Power,0x3EB25,0.0799999982,6.67000008,60
apothecary,Ancestor Moth Wing,0x20059BA,2,Damage Weapon,0x73F26,0.25,3.32999992,60
apothecary,Ancestor Moth Wing,0x20059BA,3,Fortify Sneak Attacks,0x3EB18,0.200000003,3.32999992,60
apothecary,Angelfish,0x50008EB,0,Fortify Health Regeneration,0x3EB06,0.0350000001,2.67000008,300
apothecary,Angelfish,0x50008EB,1,Resist Fire,0x3EAEA,0.180000007,3.32999992,60
apothecary,Angelfish,0x50008EB,2,Fortify Marksman,0x3EB1B,0.200000003,3.32999992,60
apothecary,Angelfish,0x50008EB,3,Waterbreathing,0x3AC2D,10,0,4
apothecary,Angler Larvae,0x50008F0,0,Lingering Damage Health,0x10AA4A,1.25,0.270000011,30
apothecary,Angler Larvae,0x50008F0,1,Fortify Stamina Regeneration,0x3EB08,0.0350000001,2.67000008,300
apothecary,Angler Larvae,0x50008F0,2,Waterbreathing,0x3AC2D,10,0,4
apothecary,Angler Larvae,0x50008F0,3,Fortify Two-handed,0x3EB1A,0.200000003,3.32999992,60
apothecary,Ash Creep Cluster,0x401CD74,0,Damage Stamina,0x3A2C6,3,0.879999995,10
apothecary,Ash Creep Cluster,0x401CD74,1,Invisibility,0x3EB3D,15,0,4
apothecary,Ash Creep Cluster,0x401CD74,2,Resist Fire,0x3EAEA,0.180000007,3.32999992,60
apothecary,Ash Creep Cluster,0x401CD74,3,Fortify Destruction Power,0x3EB26,0.200000003,3.32999992,60
apothecary,Ash Hopper Jelly,0x401CD71,0,Restore Health,0x3EB15,4,0.959999979,10
apothecary,Ash Hopper Jelly,0x401CD71,1,Fortify Power Attacks,0x3EB29,0.200000003,3.32999992,60
apothecary,Ash Hopper Jelly,0x401CD71,2,Resist Shock,0x3EAEC,0.180000007,3.32999992,60
apothecary,Ash Hopper Jelly,0x401CD71,3,Weakness to Frost,0x73F2E,0.100000001,6.65999985,60
apothecary,Ashen Grass Pod,0x4016E26,0,Resist Fire,0x3EAEA,0.180000007,3.32999992,60
apothecary,Ashen Grass Pod,0x4016E26,1,Weakness to Shock,0x73F2F,0.100000001,6.65999985,60
apothecary,Ashen Grass Pod,0x4016E26,2,Fortify Lockpicking,0x3EB21,0.180000007,3.32999992,60
apothecary,Ashen Grass Pod,0x4016E26,3,Fortify Sneak,0x3EB22,0.180000007,3.32999992,60
apothecary,Aster Bloom Core,0xFE004D66,0,Resist Magic,0x39E51,0.0900000036,1.66999996,300
apothecary,Aster Bloom Core,0xFE004D66,1,Fortify Armor Rating,0x3EB1F,0.0199999996,6.67000008,300
apothecary,Aster Bloom Core,0xFE004D66,2,Fortify Block,0x3EB1C,0.200000003,3.32999992,60
apothecary,Aster Bloom Core,0xFE004D66,3,Paralysis,0x73F30,1.75,3.32999992,10
apothecary,Bear Claws,0x6BC02,0,Restore Stamina,0x3EB16,4,0.959999979,10
apothecary,Bear Claws,0x6BC02,1,Fortify Health,0x3EAF3,0.0450000018,2.67000008,300
apothecary,Bear Claws,0x6BC02,2,Fortify One-handed,0x3EB19,0.200000003,3.32999992,60
apothecary,Bear Claws,0x6BC02,3,Damage Armor,0x73F27,0.0350000001,19.9500008,60
apothecary,Bee,0xA9195,0,Restore Stamina,0x3EB16,4,0.959999979,10
apothecary,Bee,0xA9195,1,Command,0x73F2C,0.5,3.32999992,30
apothecary,Bee,0xA9195,2,Fortify Stamina Regeneration,0x3EB08,0.0350000001,2.67000008,300
apothecary,Bee,0xA9195,3,Weakness to Shock,0x73F2F,0.100000001,6.65999985,60
apothecary,Beehive Husk,0xA9191,0,Resist Poison,0x90041,0.180000007,3.32999992,60
apothecary,Beehive Husk,0xA9191,1,Fortify Power Attacks,0x3EB29,0.200000003,3.32999992,60
apothecary,Beehive Husk,0xA9191,2,Fortify Sneak,0x3EB22,0.180000007,3.32999992,60
apothecary,Beehive Husk,0xA9191,3,Fortify Destruction Power,0x3EB26,0.200000003,3.32999992,60
apothecary,Berit's Ashes,0x705B7,0,Damage Stamina,0x3A2C6,3,0.879999995,10
apothecary,Berit's Ashes,0x705B7,1,Resist Fire,0x3EAEA,0.180000007,3.32999992,60
apothecary,Berit's Ashes,0x705B7,2,Fortify Conjuration Power,0x3EB25,0.0799999982,6.67000008,60
apothecary,Berit's Ashes,0x705B7,3,Command,0x73F2C,0.5,3.32999992,30
apothecary,Bittergreen Petals,0xFE004D68,0,Lingering Damage Stamina,0x10DE5E,1.5,0.519999981,30
apothecary,Bittergreen Petals,0xFE004D68,1,Invisibility,0x3EB3D,15,0,4
apothecary,Bittergreen Petals,0xFE004D68,2,Muffle,0x81FFE18,12,1,4
apothecary,Bittergreen Petals,0xFE004D68,3,Damage Magicka,0x3A2B6,3,0.879999995,10
apothecary,Bleeding Crown,0x4DA20,0,Weakness to Fire,0x73F2D,0.100000001,6.65999985,60
apothecary,Bleeding Crown,0x4DA20,1,Fortify Block,0x3EB1C,0.200000003,3.32999992,60
apothecary,Bleeding Crown,0x4DA20,2,Fortify Speed,0x8246C21,0.600000024,1.33000004,60
apothecary,Bleeding Crown,0x4DA20,3,Resist Magic,0x39E51,0.0900000036,1.66999996,300
apothecary,Blind Watcher's Eye,0xFE004822,0,Light,0xFE004846,8,0,4
apothecary,Blind Watcher's Eye,0xFE004822,1,Fortify Magicka,0x3EAF8,0.0450000018,2.67000008,300
apothecary,Blind Watcher's Eye,0xFE004822,2,Fortify Alteration Power,0x3EB24,0.0799999982,6.67000008,60
apothecary,Blind Watcher's Eye,0xFE004822,3,Spell Absorption,0xFE004812,0.115000002,1.66999996,60
apothecary,Bliss Bug Thorax,0x6059155,0,Weakness to Fire,0x73F2D,0.100000001,6.65999985,60
apothecary,Bliss Bug Thorax,0x6059155,1,Resist Fire,0x3EAEA,0.180000007,3.32999992,60
apothecary,Bliss Bug Thorax,0x6059155,2,Fortify Shouts,0x3EB1E,0.25,6.67000008,60
apothecary,Bliss Bug Thorax,0x6059155,3,Fortify Illusion Power,0x3EB27,0.200000003,3.32999992,60
apothecary,Blister Pod Cap,0xFE004D6A,0,Restore Magicka,0x3EB17,4,0.959999979,10
apothecary,Blister Pod Cap,0xFE004D6A,1,Fortify Magicka,0x3EAF8,0.0450000018,2.67000008,300
apothecary,Blister Pod Cap,0xFE004D6A,2,Night Eye,0xFE004803,12,0,4
apothecary,Blister Pod Cap,0xFE004D6A,3,Invisibility,0x3EB3D,15,0,4
apothecary,Blisterwort,0x4DA25,0,Restore Health,0x3EB15,4,0.959999979,10
apothecary,Blisterwort,0x4DA25,1,Frenzy,0x73F29,0.349999994,3.32999992,30
apothecary,Blisterwort,0x4DA25,2,Resist Magic,0x39E51,0.0900000036,1.66999996,300
apothecary,Blisterwort,0x4DA25,3,Fortify Armor Rating,0x3EB1F,0.0199999996,6.67000008,300
apothecary,Blue Butterfly Wing,0x727DE,0,Damage Stamina,0x3A2C6,3,0.879999995,10
apothecary,Blue Butterfly Wing,0x727DE,1,Fortify Conjuration Power,0x3EB25,0.0799999982,6.67000008,60
apothecary,Blue Butterfly Wing,0x727DE,2,Damage Weapon,0x73F26,0.25,3.32999992,60
apothecary,Blue Butterfly Wing,0x727DE,3,Fortify Sneak Attacks,0x3EB18,0.200000003,3.32999992,60
apothecary,Blue Dartwing,0xE4F0C,0,Resist Shock,0x3EAEC,0.180000007,3.32999992,60
apothecary,Blue Dartwing,0xE4F0C,1,Fortify Pickpocket,0x3EB20,0.180000007,3.32999992,60
apothecary,Blue Dartwing,0xE4F0C,2,Restore Health,0x3EB15,4,0.959999979,10
apothecary,Blue Dartwing,0xE4F0C,3,Fear,0x73F20,0.449999988,3.32999992,30
apothecary,Blue Mountain Flower,0x77E1C,0,Restore Health,0x3EB15,4,0.959999979,10
apothecary,Blue Mountain Flower,0x77E1C,1,Fortify Conjuration Power,0x3EB25,0.0799999982,6.67000008,60
apothecary,Blue Mountain Flower,0x77E1C,2,Fortify Health,0x3EAF3,0.0450000018,2.67000008,300
apothecary,Blue Mountain Flower,0x77E1C,3,Damage Armor,0x73F27,0.0350000001,19.9500008,60
apothecary,Boar Tusk,0x401CD6F,0,Fortify Stamina,0x3EAF9,0.0450000018,2.67000008,300
apothecary,Boar Tusk,0x401CD6F,1,Fortify Health,0x3EAF3,0.0450000018,2.67000008,300
apothecary,Boar Tusk,0x401CD6F,2,Fortify Block,0x3EB1C,0.200000003,3.32999992,60
apothecary,Boar Tusk,0x401CD6F,3,Frenzy,0x73F29,0.349999994,3.32999992,30
apothecary,Bog Beacon,0xFE004D6C,0,Restore Magicka,0x3EB17,4,0.959999979,10
apothecary,Bog Beacon,0xFE004D6C,1,Fortify Shouts,0x3EB1E,0.25,6.67000008,60
apothecary,Bog Beacon,0xFE004D6C,2,Fear,0x73F20,0.449999988,3.32999992,30
apothecary,Bog Beacon,0xFE004D6C,3,Damage Stamina,0x3A2C6,3,0.879999995,10
apothecary,Bone Meal,0x34CDD,0,Fortify Conjuration Power,0x3EB25,0.0799999982,6.67000008,60
apothecary,Bone Meal,0x34CDD,1,Resist Fire,0x3EAEA,0.180000007,3.32999992,60
apothecary,Bone Meal,0x34CDD,2,Become Ethereal,0x80F3879,17.5,0,4
apothecary,Bone Meal,0x34CDD,3,Calm,0x73F23,0.349999994,3.32999992,30
apothecary,Briar Heart,0x3AD61,0,Restore Magicka,0x3EB17,4,0.959999979,10
apothecary,Briar Heart,0x3AD61,1,Fortify Block,0x3EB1C,0.200000003,3.32999992,60
apothecary,Briar Heart,0x3AD61,2,Paralysis,0x73F30,1.75,3.32999992,10
apothecary,Briar Heart,0x3AD61,3,Fortify Magicka,0x3EAF8,0.0450000018,2.67000008,300
apothecary,Bungler's Bane,0xFE004802,0,Burden,0x73F25,0.157499999,3.32999992,60
apothecary,Bungler's Bane,0xFE004802,1,Calm,0x73F23,0.349999994,3.32999992,30
apothecary,Bungler's Bane,0xFE004802,2,Command,0x73F2C,0.5,3.32999992,30
apothecary,Bungler's Bane,0xFE004802,3,Resist Magic,0x39E51,0.0900000036,1.66999996,300
apothecary,Burnt Spriggan Wood,0x401CD6E,0,Weakness to Fire,0x73F2D,0.100000001,6.65999985,60
apothecary,Burnt Spriggan Wood,0x401CD6E,1,Fortify Alteration Power,0x3EB24,0.0799999982,6.67000008,60
apothecary,Burnt Spriggan Wood,0x401CD6E,2,Damage Weapon,0x73F26,0.25,3.32999992,60
apothecary,Burnt Spriggan Wood,0x401CD6E,3,Burden,0x73F25,0.157499999,3.32999992,60
apothecary,Butterfly Wing,0x727E0,0,Restore Health,0x3EB15,4,0.959999979,10
apothecary,Butterfly Wing,0x727E0,1,Fortify Barter,0x3EB23,0.075000003,1.33000004,300
apothecary,Butterfly Wing,0x727E0,2,Lingering Damage Stamina,0x10DE5E,1.5,0.519999981,30
apothecary,Butterfly Wing,0x727E0,3,Damage Magicka,0x3A2B6,3,0.879999995,10
apothecary,Canis Root,0x6ABCB,0,Damage Stamina,0x3A2C6,3,0.879999995,10
apothecary,Canis Root,0x6ABCB,1,Fortify One-handed,0x3EB19,0.200000003,3.32999992,60
apothecary,Canis Root,0x6ABCB,2,Fortify Marksman,0x3EB1B,0.200000003,3.32999992,60
apothecary,Canis Root,0x6ABCB,3,Paralysis,0x73F30,1.75,3.32999992,10
apothecary,Charred Skeever Hide,0x52695,0,Restore Stamina,0x3EB16,4,0.959999979,10
apothecary,Charred Skeever Hide,0x52695,1,Cure Disease,0xAE722,3,1,0
apothecary,Charred Skeever Hide,0x52695,2,Resist Poison,0x90041,0.180000007,3.32999992,60
apothecary,Charred Skeever Hide,0x52695,3,Restore Health,0x3EB15,4,0.959999979,10
apothecary,Chaurus Eggs,0x3AD56,0,Weakness to Poison,0x90042,0.100000001,6.65999985,60
apothecary,Chaurus Eggs,0x3AD56,1,Fortify Stamina,0x3EAF9,0.0450000018,2.67000008,300
apothecary,Chaurus Eggs,0x3AD56,2,Damage Magicka,0x3A2B6,3,0.879999995,10
apothecary,Chaurus Eggs,0x3AD56,3,Invisibility,0x3EB3D,15,0,4
apothecary,Chaurus Hunter Antennae,0x20183B7,0,Damage Stamina,0x3A2C6,3,0.879999995,10
apothecary,Chaurus Hunter Antennae,0x20183B7,1,Fortify Conjuration Power,0x3EB25,0.0799999982,6.67000008,60
apothecary,Chaurus Hunter Antennae,0x20183B7,2,Damage Armor,0x73F27,0.0350000001,19.9500008,60
apothecary,Chaurus Hunter Antennae,0x20183B7,3,Fortify Sneak Attacks,0x3EB18,0.200000003,3.32999992,60
apothecary,Chicken's Egg,0x23D77,0,Resist Magic,0x39E51,0.0900000036,1.66999996,300
apothecary,Chicken's Egg,0x23D77,1,Damage Weapon,0x73F26,0.25,3.32999992,60
apothecary,Chicken's Egg,0x23D77,2,Waterbreathing,0x3AC2D,10,0,4
apothecary,Chicken's Egg,0x23D77,3,Lingering Damage Stamina,0x10DE5E,1.5,0.519999981,30
apothecary,Chokeberry,0xFE004838,0,Damage Health,0x3EB42,3,0.439999998,10
apothecary,Chokeberry,0xFE004838,1,Damage Weapon,0x73F26,0.25,3.32999992,60
apothecary,Chokeberry,0xFE004838,2,Lingering Damage Health,0x10AA4A,1.25,0.270000011,30
apothecary,Chokeberry,0xFE004838,3,Weakness to Poison,0x90042,0.100000001,6.65999985,60
apothecary,Chokeweed,0xFE004804,0,Weakness to Frost,0x73F2E,0.100000001,6.65999985,60
apothecary,Chokeweed,0xFE004804,1,Restore Stamina,0x3EB16,4,0.959999979,10
apothecary,Chokeweed,0xFE004804,2,Cure Disease,0xAE722,3,1,0
apothecary,Chokeweed,0xFE004804,3,Damage Magicka,0x3A2B6,3,0.879999995,10
apothecary,Coda Flower,0xFE004805,0,Damage Health,0x3EB42,3,0.439999998,10
apothecary,Coda Flower,0xFE004805,1,Lingering Damage Stamina,0x10DE5E,1.5,0.519999981,30
apothecary,Coda Flower,0xFE004805,2,Damage Armor,0x73F27,0.0350000001,19.9500008,60
apothecary,Coda Flower,0xFE004805,3,Fortify Carry Weight,0x3EB01,0.0149999997,6.67000008,300
apothecary,Comberry,0xFE004806,0,Damage Stamina,0x3A2C6,3,0.879999995,10
apothecary,Comberry,0xFE004806,1,Spell Absorption,0xFE004812,0.115000002,1.66999996,60
apothecary,Comberry,0xFE004806,2,Restore Magicka,0x3EB17,4,0.959999979,10
apothecary,Comberry,0xFE004806,3,Fortify Destruction Power,0x3EB26,0.200000003,3.32999992,60
apothecary,Congealed Putrescence,0xFE004807,0,Damage Weapon,0x73F26,0.25,3.32999992,60
apothecary,Congealed Putrescence,0xFE004807,1,Restore Magicka,0x3EB17,4,0.959999979,10
apothecary,Congealed Putrescence,0xFE004807,2,Weakness to Fire,0x73F2D,0.100000001,6.65999985,60
apothecary,Congealed Putrescence,0xFE004807,3,Fortify Conjuration Power,0x3EB25,0.0799999982,6.67000008,60
apothecary,Corkbulb Root,0xFE004809,0,Paralysis,0x73F30,1.75,3.32999992,10
apothecary,Corkbulb Root,0xFE004809,1,Restore Health,0x3EB15,4,0.959999979,10
apothecary,Corkbulb Root,0xFE004809,2,Resist Shock,0x3EAEC,0.180000007,3.32999992,60
apothecary,Corkbulb Root,0xFE004809,3,Fortify Marksman,0x3EB1B,0.200000003,3.32999992,60
apothecary,Creep Cluster,0xB2183,0,Restore Magicka,0x3EB17,4,0.959999979,10
apothecary,Creep Cluster,0xB2183,1,Fortify Unarmed,0x3EB1D,0.200000003,3.32999992,60
apothecary,Creep Cluster,0xB2183,2,Fortify Carry Weight,0x3EB01,0.0149999997,6.67000008,300
apothecary,Creep Cluster,0xB2183,3,Reflect Damage,0x73F51,0.150000006,2.67000008,60
apothecary,Crimson Nirnroot,0xB701A,0,Damage Health,0x3EB42,3,0.439999998,10
apothecary,Crimson Nirnroot,0xB701A,1,Damage Stamina,0x3A2C6,3,0.879999995,10
apothecary,Crimson Nirnroot,0xB701A,2,Invisibility,0x3EB3D,15,0,4
apothecary,Crimson Nirnroot,0xB701A,3,Resist Magic,0x39E51,0.0900000036,1.66999996,300
apothecary,Cyrodilic Spadetail,0x106E19,0,Damage Stamina,0x3A2C6,3,0.879999995,10
apothecary,Cyrodilic Spadetail,0x106E19,1,Fortify Restoration Power,0x3EB28,0.200000003,3.32999992,60
apothecary,Cyrodilic Spadetail,0x106E19,2,Fear,0x73F20,0.449999988,3.32999992,30
apothecary,Cyrodilic Spadetail,0x106E19,3,Calm,0x73F23,0.349999994,3.32999992,30
apothecary,Daedra Heart,0x3AD5B,0,Restore Health,0x3EB15,4,0.959999979,10
apothecary,Daedra Heart,0x3AD5B,1,Fortify Unarmed,0x3EB1D,0.200000003,3.32999992,60
apothecary,Daedra Heart,0x3AD5B,2,Damage Magicka,0x3A2B6,3,0.879999995,10
apothecary,Daedra Heart,0x3AD5B,3,Fear,0x73F20,0.449999988,3.32999992,30
apothecary,Daedra Silk,0xFE00480A,0,Lingering Damage Stamina,0x10DE5E,1.5,0.519999981,30
apothecary,Daedra Silk,0xFE00480A,1,Paralysis,0x73F30,1.75,3.32999992,10
apothecary,Daedra Silk,0xFE00480A,2,Night Eye,0xFE004803,12,0,4
apothecary,Daedra Silk,0xFE00480A,3,Invisibility,0x3EB3D,15,0,4
apothecary,Daedra Venin,0xFE00480B,0,Damage Weapon,0x73F26,0.25,3.32999992,60
apothecary,Daedra Venin,0xFE00480B,1,Paralysis,0x73F30,1.75,3.32999992,10
apothecary,Daedra Venin,0xFE00480B,2,Fortify Destruction Power,0x3EB26,0.200000003,3.32999992,60
apothecary,Daedra Venin,0xFE00480B,3,Spell Absorption,0xFE004812,0.115000002,1.66999996,60
apothecary,Daedroth Teeth,0xFE004826,0,Resist Frost,0x3EAEB,0.180000007,3.32999992,60
apothecary,Daedroth Teeth,0xFE004826,1,Light,0xFE004846,8,0,4
apothecary,Daedroth Teeth,0xFE004826,2,Silence,0x73F2B,0.400000006,3.32999992,30
apothecary,Daedroth Teeth,0xFE004826,3,Fortify Stamina Regeneration,0x3EB08,0.0350000001,2.67000008,300
apothecary,Deathbell,0x516C8,0,Damage Health,0x3EB42,3,0.439999998,10
apothecary,Deathbell,0x516C8,1,Command,0x73F2C,0.5,3.32999992,30
apothecary,Deathbell,0x516C8,2,Weakness to Poison,0x90042,0.100000001,6.65999985,60
apothecary,Deathbell,0x516C8,3,Fortify Speed,0x8246C21,0.600000024,1.33000004,60
apothecary,Dragon's Tongue,0x889A2,0,Fortify Carry Weight,0x3EB01,0.0149999997,6.67000008,300
apothecary,Dragon's Tongue,0x889A2,1,Fortify Barter,0x3EB23,0.075000003,1.33000004,300
apothecary,Dragon's Tongue,0x889A2,2,Fortify Illusion Power,0x3EB27,0.200000003,3.32999992,60
apothecary,Dragon's Tongue,0x889A2,3,Fortify Two-handed,0x3EB1A,0.200000003,3.32999992,60
apothecary,Dreugh Wax,0xFE004827,0,Reflect Damage,0x73F51,0.150000006,2.67000008,60
apothecary,Dreugh Wax,0xFE004827,1,Frenzy,0x73F29,0.349999994,3.32999992,30
apothecary,Dreugh Wax,0xFE004827,2,Fortify Power Attacks,0x3EB29,0.200000003,3.32999992,60
apothecary,Dreugh Wax,0xFE004827,3,Fortify Unarmed,0x3EB1D,0.200000003,3.32999992,60
apothecary,Dwarven Oil,0xF11C0,0,Reflect Damage,0x73F51,0.150000006,2.67000008,60
apothecary,Dwarven Oil,0xF11C0,1,Fortify Illusion Power,0x3EB27,0.200000003,3.32999992,60
apothecary,Dwarven Oil,0xF11C0,2,Fortify Magicka Regeneration,0x3EB07,0.0350000001,2.67000008,300
apothecary,Dwarven Oil,0xF11C0,3,Restore Magicka,0x3EB17,4,0.959999979,10
apothecary,Ectoplasm,0x3AD63,0,Restore Magicka,0x3EB17,4,0.959999979,10
apothecary,Ectoplasm,0x3AD63,1,Fortify Destruction Power,0x3EB26,0.200000003,3.32999992,60
apothecary,Ectoplasm,0x3AD63,2,Fortify Magicka,0x3EAF8,0.0450000018,2.67000008,300
apothecary,Ectoplasm,0x3AD63,3,Damage Health,0x3EB42,3,0.439999998,10
apothecary,Elves Ear,0x34D31,0,Restore Magicka,0x3EB17,4,0.959999979,10
apothecary,Elves Ear,0x34D31,1,Fortify Marksman,0x3EB1B,0.200000003,3.32999992,60
apothecary,Elves Ear,0x34D31,2,Weakness to Frost,0x73F2E,0.100000001,6.65999985,60
apothecary,Elves Ear,0x34D31,3,Resist Fire,0x3EAEA,0.180000007,3.32999992,60
apothecary,Elytra Ichor,0xFE004828,0,Restore Magicka,0x3EB17,4,0.959999979,10
apothecary,Elytra Ichor,0xFE004828,1,Invisibility,0x3EB3D,15,0,4
apothecary,Elytra Ichor,0xFE004828,2,Burden,0x73F25,0.157499999,3.32999992,60
apothecary,Elytra Ichor,0xFE004828,3,Fear,0x73F20,0.449999988,3.32999992,30
apothecary,Emperor Parasol Moss,0x401FF75,0,Damage Health,0x3EB42,3,0.439999998,10
apothecary,Emperor Parasol Moss,0x401FF75,1,Fortify Magicka,0x3EAF8,0.0450000018,2.67000008,300
apothecary,Emperor Parasol Moss,0x401FF75,2,Fortify Health Regeneration,0x3EB06,0.0350000001,2.67000008,300
apothecary,Emperor Parasol Moss,0x401FF75,3,Fortify Two-handed,0x3EB1A,0.200000003,3.32999992,60
apothecary,Eye of Sabre Cat,0x6BC07,0,Restore Stamina,0x3EB16,4,0.959999979,10
apothecary,Eye of Sabre Cat,0x6BC07,1,Calm,0x73F23,0.349999994,3.32999992,30
apothecary,Eye of Sabre Cat,0x6BC07,2,Damage Magicka,0x3A2B6,3,0.879999995,10
apothecary,Eye of Sabre Cat,0x6BC07,3,Restore Health,0x3EB15,4,0.959999979,10
apothecary,Falmer Ear,0x3AD5D,0,Waterwalking,0x40390E1,12,0,4
apothecary,Falmer Ear,0x3AD5D,1,Frenzy,0x73F29,0.349999994,3.32999992,30
apothecary,Falmer Ear,0x3AD5D,2,Resist Poison,0x90041,0.180000007,3.32999992,60
apothecary,Falmer Ear,0x3AD5D,3,Fortify Lockpicking,0x3EB21,0.180000007,3.32999992,60
apothecary,Felsaad Tern Feathers,0x403CD8E,0,Restore Health,0x3EB15,4,0.959999979,10
apothecary,Felsaad Tern Feathers,0x403CD8E,1,Fortify Power Attacks,0x3EB29,0.200000003,3.32999992,60
apothecary,Felsaad Tern Feathers,0x403CD8E,2,Cure Disease,0xAE722,3,1,0
apothecary,Felsaad Tern Feathers,0x403CD8E,3,Resist Magic,0x39E51,0.0900000036,1.66999996,300
apothecary,Fire Petal,0xFE004829,0,Damage Health,0x3EB42,3,0.439999998,10
apothecary,Fire Petal,0xFE004829,1,Resist Fire,0x3EAEA,0.180000007,3.32999992,60
apothecary,Fire Petal,0xFE004829,2,Spell Absorption,0xFE004812,0.115000002,1.66999996,60
apothecary,Fire Petal,0xFE004829,3,Paralysis,0x73F30,1.75,3.32999992,10
apothecary,Fire Salts,0x3AD5E,0,Weakness to Frost,0x73F2E,0.100000001,6.65999985,60
apothecary,Fire Salts,0x3AD5E,1,Resist Fire,0x3EAEA,0.180000007,3.32999992,60
apothecary,Fire Salts,0x3AD5E,2,Restore Magicka,0x3EB17,4,0.959999979,10
apothecary,Fire Salts,0x3AD5E,3,Fortify Magicka Regeneration,0x3EB07,0.0350000001,2.67000008,300
apothecary,Flame Stalk,0xFE00482A,0,Restore Health,0x3EB15,4,0.959999979,10
apothecary,Flame Stalk,0xFE00482A,1,Resist Frost,0x3EAEB,0.180000007,3.32999992,60
apothecary,Flame Stalk,0xFE00482A,2,Weakness to Fire,0x73F2D,0.100000001,6.65999985,60
apothecary,Flame Stalk,0xFE00482A,3,Invisibility,0x3EB3D,15,0,4
apothecary,Flame Stalk,0x6095E23,0,Restore Health,0x3EB15,4,0.959999979,10
apothecary,Flame Stalk,0x6095E23,1,Resist Frost,0x3EAEB,0.180000007,3.32999992,60
apothecary,Flame Stalk,0x6095E23,2,Weakness to Fire,0x73F2D,0.100000001,6.65999985,60
apothecary,Flame Stalk,0x6095E23,3,Invisibility,0x3EB3D,15,0,4
apothecary,Fly Amanita,0x4DA00,0,Resist Fire,0x3EAEA,0.180000007,3.32999992,60
apothecary,Fly Amanita,0x4DA00,1,Fortify Two-handed,0x3EB1A,0.200000003,3.32999992,60
apothecary,Fly Amanita,0x4DA00,2,Fortify Stamina,0x3EAF9,0.0450000018,2.67000008,300
apothecary,Fly Amanita,0x4DA00,3,Fortify Illusion Power,0x3EB27,0.200000003,3.32999992,60
apothecary,Frost Mirriam,0x34D32,0,Resist Frost,0x3EAEB,0.180000007,3.32999992,60
apothecary,Frost Mirriam,0x34D32,1,Fortify Sneak,0x3EB22,0.180000007,3.32999992,60
apothecary,Frost Mirriam,0x34D32,2,Silence,0x73F2B,0.400000006,3.32999992,30
apothecary,Frost Mirriam,0x34D32,3,Fortify Unarmed,0x3EB1D,0.200000003,3.32999992,60
apothecary,Frost Salts,0x3AD5F,0,Weakness to Fire,0x73F2D,0.100000001,6.65999985,60
apothecary,Frost Salts,0x3AD5F,1,Resist Frost,0x3EAEB,0.180000007,3.32999992,60
apothecary,Frost Salts,0x3AD5F,2,Restore Magicka,0x3EB17,4,0.959999979,10
apothecary,Frost Salts,0x3AD5F,3,Fortify Conjuration Power,0x3EB25,0.0799999982,6.67000008,60
apothecary,Fungus Stalk,0xFE00482B,0,Restore Magicka,0x3EB17,4,0.959999979,10
apothecary,Fungus Stalk,0xFE00482B,1,Fortify Health,0x3EAF3,0.0450000018,2.67000008,300
apothecary,Fungus Stalk,0xFE00482B,2,Fortify Stamina,0x3EAF9,0.0450000018,2.67000008,300
apothecary,Fungus Stalk,0xFE00482B,3,Waterbreathing,0x3AC2D,10,0,4
apothecary,Garlic,0x34D22,0,Resist Poison,0x90041,0.180000007,3.32999992,60
apothecary,Garlic,0x34D22,1,Fortify Stamina,0x3EAF9,0.0450000018,2.67000008,300
apothecary,Garlic,0x34D22,2,Fortify Magicka Regeneration,0x3EB07,0.0350000001,2.67000008,300
apothecary,Garlic,0x34D22,3,Fortify Health Regeneration,0x3EB06,0.0350000001,2.67000008,300
apothecary,Giant Lichen,0x7E8C1,0,Weakness to Shock,0x73F2F,0.100000001,6.65999985,60
apothecary,Giant Lichen,0x7E8C1,1,Calm,0x73F23,0.349999994,3.32999992,30
apothecary,Giant Lichen,0x7E8C1,2,Fortify Speed,0x8246C21,0.600000024,1.33000004,60
apothecary,Giant Lichen,0x7E8C1,3,Weakness to Poison,0x90042,0.100000001,6.65999985,60
apothecary,Giant's Toe,0x3AD64,0,Become Ethereal,0x80F3879,17.5,0,4
apothecary,Giant's Toe,0x3AD64,1,Fortify Health,0x3EAF3,0.0450000018,2.67000008,300
apothecary,Giant's Toe,0x3AD64,2,Fortify Carry Weight,0x3EB01,0.0149999997,6.67000008,300
apothecary,Giant's Toe,0x3AD64,3,Fortify Shouts,0x3EB1E,0.25,3.32999992,60
apothecary,Glassfish,0x50008EE,0,Restore Magicka,0x3EB17,4,0.959999979,10
apothecary,Glassfish,0x50008EE,1,Invisibility,0x3EB3D,15,0,4
apothecary,Glassfish,0x50008EE,2,Fortify Illusion Power,0x3EB27,0.200000003,3.32999992,60
apothecary,Glassfish,0x50008EE,3,Fortify Sneak Attacks,0x3EB18,0.200000003,3.32999992,60
apothecary,Gleamblossom,0x200B097,0,Resist Magic,0x39E51,0.0900000036,1.66999996,300
apothecary,Gleamblossom,0x200B097,1,Fear,0x73F20,0.449999988,3.32999992,30
apothecary,Gleamblossom,0x200B097,2,Fortify Health Regeneration,0x3EB06,0.0350000001,2.67000008,300
apothecary,Gleamblossom,0x200B097,3,Paralysis,0x73F30,1.75,3.32999992,10
apothecary,Glow Dust,0x3AD73,0,Damage Magicka,0x3A2B6,3,0.879999995,10
apothecary,Glow Dust,0x3AD73,1,Damage Armor,0x73F27,0.0350000001,19.9500008,60
apothecary,Glow Dust,0x3AD73,2,Fortify Destruction Power,0x3EB26,0.200000003,3.32999992,60
apothecary,Glow Dust,0x3AD73,3,Resist Shock,0x3EAEC,0.180000007,3.32999992,60
apothecary,Glowing Mushroom,0x7EE01,0,Resist Shock,0x3EAEC,0.180000007,3.32999992,60
apothecary,Glowing Mushroom,0x7EE01,1,Fortify Destruction Power,0x3EB26,0.200000003,3.32999992,60
apothecary,Glowing Mushroom,0x7EE01,2,Fortify Armor Rating,0x3EB1F,0.0199999996,6.67000008,300
apothecary,Glowing Mushroom,0x7EE01,3,Fortify Health,0x3EAF3,0.0450000018,2.67000008,300
apothecary,Gnarl Bark,0xFE00482C,0,Damage Health,0x3EB42,3,0.439999998,10
apothecary,Gnarl Bark,0xFE00482C,1,Fortify Health Regeneration,0x3EB06,0.0350000001,2.67000008,300
apothecary,Gnarl Bark,0xFE00482C,2,Fortify Shouts,0x3EB1E,0.25,6.67000008,60
apothecary,Gnarl Bark,0xFE00482C,3,Resist Fire,0x3EAEA,0.180000007,3.32999992,60
apothecary,Gold Kanet,0xFE00482D,0,Paralysis,0x73F30,1.75,3.32999992,10
apothecary,Gold Kanet,0xFE00482D,1,Damage Weapon,0x73F26,0.25,3.32999992,60
apothecary,Gold Kanet,0xFE00482D,2,Weakness to Frost,0x73F2E,0.100000001,6.65999985,60
apothecary,Gold Kanet,0xFE00482D,3,Fortify Unarmed,0x3EB1D,0.200000003,3.32999992,60
apothecary,Goldfish,0x50008EF,0,Restore Stamina,0x3EB16,4,0.959999979,10
apothecary,Goldfish,0x50008EF,1,Fortify Shouts,0x3EB1E,0.25,3.32999992,60
apothecary,Goldfish,0x50008EF,2,Waterbreathing,0x3AC2D,10,0,4
apothecary,Goldfish,0x50008EF,3,Resist Frost,0x3EAEB,0.180000007,3.32999992,60
apothecary,Grass Pod,0x83E64,0,Resist Poison,0x90041,0.180000007,3.32999992,60
apothecary,Grass Pod,0x83E64,1,Silence,0x73F2B,0.400000006,3.32999992,30
apothecary,Grass Pod,0x83E64,2,Fortify Alteration Power,0x3EB24,0.0799999982,6.67000008,60
apothecary,Grass Pod,0x83E64,3,Restore Magicka,0x3EB17,4,0.959999979,10
apothecary,Green Butterfly Wing,0x6059151,0,Restore Magicka,0x3EB17,4,0.959999979,10
apothecary,Green Butterfly Wing,0x6059151,1,Fear,0x73F20,0.449999988,3.32999992,30
apothecary,Green Butterfly Wing,0x6059151,2,Burden,0x73F25,0.157499999,3.32999992,60
apothecary,Green Butterfly Wing,0x6059151,3,Invisibility,0x3EB3D,15,0,4
apothecary,Hackle-Lo Leaf,0xFE00482E,0,Restore Stamina,0x3EB16,4,0.959999979,10
apothecary,Hackle-Lo Leaf,0xFE00482E,1,Paralysis,0x73F30,1.75,3.32999992,10
apothecary,Hackle-Lo Leaf,0xFE00482E,2,Waterbreathing,0x3AC2D,10,0,4
apothecary,Hackle-Lo Leaf,0xFE00482E,3,Fortify Restoration Power,0x3EB28,0.200000003,3.32999992,60
apothecary,Hagraven Claw,0x6B689,0,Resist Magic,0x39E51,0.0900000036,1.66999996,300
apothecary,Hagraven Claw,0x6B689,1,Lingering Damage Magicka,0x10DE5F,1.5,0.519999981,30
apothecary,Hagraven Claw,0x6B689,2,Fortify Sneak Attacks,0x3EB18,0.200000003,3.32999992,60
apothecary,Hagraven Claw,0x6B689,3,Fortify Barter,0x3EB23,0.075000003,1.33000004,300
apothecary,Hagraven Feathers,0x3AD66,0,Damage Magicka,0x3A2B6,3,0.879999995,10
apothecary,Hagraven Feathers,0x3AD66,1,Fortify Conjuration Power,0x3EB25,0.0799999982,6.67000008,60
apothecary,Hagraven Feathers,0x3AD66,2,Frenzy,0x73F29,0.349999994,3.32999992,30
apothecary,Hagraven Feathers,0x3AD66,3,Weakness to Shock,0x73F2F,0.100000001,6.65999985,60
apothecary,Hanging Moss,0x57F91,0,Damage Magicka,0x3A2B6,3,0.879999995,10
apothecary,Hanging Moss,0x57F91,1,Fortify Health,0x3EAF3,0.0450000018,2.67000008,300
apothecary,Hanging Moss,0x57F91,2,Damage Weapon,0x73F26,0.25,3.32999992,60
apothecary,Hanging Moss,0x57F91,3,Fortify One-handed,0x3EB19,0.200000003,3.32999992,60
apothecary,Hawk Beak,0xE7EBC,0,Restore Stamina,0x3EB16,4,0.959999979,10
apothecary,Hawk Beak,0xE7EBC,1,Resist Frost,0x3EAEB,0.180000007,3.32999992,60
apothecary,Hawk Beak,0xE7EBC,2,Fortify Carry Weight,0x3EB01,0.0149999997,6.67000008,300
apothecary,Hawk Beak,0xE7EBC,3,Resist Shock,0x3EAEC,0.180000007,3.32999992,60
apothecary,Hawk Feathers,0xE7ED0,0,Fortify Power Attacks,0x3EB29,0.200000003,3.32999992,60
apothecary,Hawk Feathers,0xE7ED0,1,Cure Disease,0xAE722,3,1,0
apothecary,Hawk Feathers,0xE7ED0,2,Fortify One-handed,0x3EB19,0.200000003,3.32999992,60
apothecary,Hawk Feathers,0xE7ED0,3,Fortify Sneak,0x3EB22,0.180000007,3.32999992,60
apothecary,Hawk's Egg,0x300F1CC,0,Resist Magic,0x39E51,0.0900000036,1.66999996,300
apothecary,Hawk's Egg,0x300F1CC,1,Damage Armor,0x73F27,0.0350000001,19.9500008,60
apothecary,Hawk's Egg,0x300F1CC,2,Waterbreathing,0x3AC2D,10,0,4
apothecary,Hawk's Egg,0x300F1CC,3,Lingering Damage Stamina,0x10DE5E,1.5,0.519999981,30
apothecary,Heart of Order,0xFE004851,0,Restore Health,0x3EB15,4,0.959999979,10
apothecary,Heart of Order,0xFE004851,1,Fortify Health,0x3EAF3,0.0450000018,2.67000008,300
apothecary,Heart of Order,0xFE004851,2,Fortify One-handed,0x3EB19,0.200000003,3.32999992,60
apothecary,Heart of Order,0xFE004851,3,Fortify Two-handed,0x3EB1A,0.200000003,3.32999992,60
apothecary,Histcarp,0x106E18,0,Restore Stamina,0x3EB16,4,0.959999979,10
apothecary,Histcarp,0x106E18,1,Fortify Magicka,0x3EAF8,0.0450000018,2.67000008,300
apothecary,Histcarp,0x106E18,2,Fortify Shouts,0x3EB1E,0.25,3.32999992,60
apothecary,Histcarp,0x106E18,3,Waterbreathing,0x3AC2D,10,0,4
apothecary,Honeycomb,0xB08C5,0,Restore Stamina,0x3EB16,4,0.959999979,10
apothecary,Honeycomb,0xB08C5,1,Fortify Block,0x3EB1C,0.200000003,3.32999992,60
apothecary,Honeycomb,0xB08C5,2,Fortify Power Attacks,0x3EB29,0.200000003,3.32999992,60
apothecary,Honeycomb,0xB08C5,3,Command,0x73F2C,0.5,3.32999992,30
apothecary,Human Flesh,0x1016B3,0,Damage Health,0x3EB42,3,0.439999998,10
apothecary,Human Flesh,0x1016B3,1,Paralysis,0x73F30,1.75,3.32999992,10
apothecary,Human Flesh,0x1016B3,2,Restore Magicka,0x3EB17,4,0.959999979,10
apothecary,Human Flesh,0x1016B3,3,Fortify Sneak,0x3EB22,0.180000007,3.32999992,60
apothecary,Human Heart,0xB18CD,0,Damage Health,0x3EB42,3,0.439999998,10
apothecary,Human Heart,0xB18CD,1,Damage Magicka,0x3A2B6,3,0.879999995,10
apothecary,Human Heart,0xB18CD,2,Damage Armor,0x73F27,0.0350000001,19.9500008,60
apothecary,Human Heart,0xB18CD,3,Frenzy,0x73F29,0.349999994,3.32999992,30
apothecary,Hunger Tongue,0xFE00480C,0,Weakness to Fire,0x73F2D,0.100000001,6.65999985,60
apothecary,Hunger Tongue,0xFE00480C,1,Cure Disease,0xAE722,3,1,0
apothecary,Hunger Tongue,0xFE00480C,2,Muffle,0x81FFE18,12,1,4
apothecary,Hunger Tongue,0xFE00480C,3,Fortify Magicka,0x3EAF8,0.0450000018,2.67000008,300
apothecary,Hydnum Azure Giant Spore,0xFE00480D,0,Resist Frost,0x3EAEB,0.180000007,3.32999992,60
apothecary,Hydnum Azure Giant Spore,0xFE00480D,1,Fortify Health,0x3EAF3,0.0450000018,2.67000008,300
apothecary,Hydnum Azure Giant Spore,0xFE00480D,2,Fortify Health Regeneration,0x3EB06,0.0350000001,2.67000008,300
apothecary,Hydnum Azure Giant Spore,0xFE00480D,3,Light,0xFE004846,8,0,4
apothecary,Hypha Facia,0xFE00480E,0,Weakness to Poison,0x90042,0.100000001,6.65999985,60
apothecary,Hypha Facia,0xFE00480E,1,Frenzy,0x73F29,0.349999994,3.32999992,30
apothecary,Hypha Facia,0xFE00480E,2,Calm,0x73F23,0.349999994,3.32999992,30
apothecary,Hypha Facia,0xFE00480E,3,Resist Magic,0x39E51,0.0900000036,1.66999996,300
apothecary,Ice Wraith Teeth,0x3AD6A,0,Weakness to Frost,0x73F2E,0.100000001,6.65999985,60
apothecary,Ice Wraith Teeth,0x3AD6A,1,Muffle,0x81FFE18,12,1,4
apothecary,Ice Wraith Teeth,0x3AD6A,2,Invisibility,0x3EB3D,15,0,4
apothecary,Ice Wraith Teeth,0x3AD6A,3,Weakness to Fire,0x73F2D,0.100000001,6.65999985,60
apothecary,Imp Gall,0xFE00480F,0,Damage Health,0x3EB42,3,0.439999998,10
apothecary,Imp Gall,0xFE00480F,1,Weakness to Fire,0x73F2D,0.100000001,6.65999985,60
apothecary,Imp Gall,0xFE00480F,2,Fortify Barter,0x3EB23,0.075000003,1.66999996,300
apothecary,Imp Gall,0xFE00480F,3,Muffle,0x81FFE18,12,1,4
apothecary,Imp Stool,0x4DA23,0,Damage Health,0x3EB42,3,0.439999998,10
apothecary,Imp Stool,0x4DA23,1,Lingering Damage Health,0x10AA4A,1.25,0.270000011,30
apothecary,Imp Stool,0x4DA23,2,Paralysis,0x73F30,1.75,3.32999992,10
apothecary,Imp Stool,0x4DA23,3,Restore Health,0x3EB15,4,0.959999979,10
apothecary,Jarrin Root,0x1BCBC,0,Damage Health,0x3EB42,3,4.4000001,10
apothecary,Jarrin Root,0x1BCBC,1,Damage Magicka,0x3A2B6,3,0.879999995,10
apothecary,Jarrin Root,0x1BCBC,2,Damage Stamina,0x3A2C6,3,0.879999995,10
apothecary,Jarrin Root,0x1BCBC,3,Damage Weapon,0x73F26,0.25,3.32999992,60
apothecary,Jazbay Grapes,0x6AC4A,0,Reflect Damage,0x73F51,0.150000006,2.67000008,60
apothecary,Jazbay Grapes,0x6AC4A,1,Fortify Magicka,0x3EAF8,0.0450000018,2.67000008,300
apothecary,Jazbay Grapes,0x6AC4A,2,Fortify Magicka Regeneration,0x3EB07,0.0350000001,2.67000008,300
apothecary,Jazbay Grapes,0x6AC4A,3,Calm,0x73F23,0.349999994,3.32999992,30
apothecary,Juniper Berries,0x5076E,0,Weakness to Fire,0x73F2D,0.100000001,6.65999985,60
apothecary,Juniper Berries,0x5076E,1,Fortify Marksman,0x3EB1B,0.200000003,3.32999992,60
apothecary,Juniper Berries,0x5076E,2,Fortify Health Regeneration,0x3EB06,0.0350000001,2.67000008,300
apothecary,Juniper Berries,0x5076E,3,Fortify Unarmed,0x3EB1D,0.200000003,3.32999992,60
apothecary,Juvenile Mudcrab,0x50008F2,0,Fortify Stamina Regeneration,0x3EB08,0.0350000001,2.67000008,300
apothecary,Juvenile Mudcrab,0x50008F2,1,Fortify Carry Weight,0x3EB01,0.0149999997,6.67000008,300
apothecary,Juvenile Mudcrab,0x50008F2,2,Cure Disease,0xAE722,3,1,0
apothecary,Juvenile Mudcrab,0x50008F2,3,Fortify Two-handed,0x3EB1A,0.200000003,3.32999992,60
apothecary,Kagouti Hide,0xFE004810,0,Lingering Damage Stamina,0x10DE5E,1.5,0.519999981,30
apothecary,Kagouti Hide,0xFE004810,1,Night Eye,0xFE004803,12,0,4
apothecary,Kagouti Hide,0xFE004810,2,Fortify Carry Weight,0x3EB01,0.0149999997,6.67000008,300
apothecary,Kagouti Hide,0xFE004810,3,Resist Shock,0x3EAEC,0.180000007,3.32999992,60
apothecary,Kresh Fiber,0xFE004811,0,Reflect Damage,0x73F51,0.150000006,2.67000008,60
apothecary,Kresh Fiber,0xFE004811,1,Burden,0x73F25,0.157499999,3.32999992,60
apothecary,Kresh Fiber,0xFE004811,2,Fortify Sneak,0x3EB22,0.180000007,3.32999992,60
apothecary,Kresh Fiber,0xFE004811,3,Fortify Pickpocket,0x3EB20,0.180000007,3.32999992,60
apothecary,Large Antlers,0x6BC0A,0,Restore Stamina,0x3EB16,4,0.959999979,10
apothecary,Large Antlers,0x6BC0A,1,Fortify Stamina,0x3EAF9,0.0450000018,2.67000008,300
apothecary,Large Antlers,0x6BC0A,2,Burden,0x73F25,0.157499999,3.32999992,60
apothecary,Large Antlers,0x6BC0A,3,Fortify Shouts,0x3EB1E,0.25,3.32999992,60
apothecary,Lavender,0x45C28,0,Fortify Armor Rating,0x3EB1F,0.0199999996,6.67000008,300
apothecary,Lavender,0x45C28,1,Fortify Stamina Regeneration,0x3EB08,0.0350000001,2.67000008,300
apothecary,Lavender,0x45C28,2,Silence,0x73F2B,0.400000006,3.32999992,30
apothecary,Lavender,0x45C28,3,Fortify Conjuration Power,0x3EB25,0.0799999982,6.67000008,60
apothecary,Lichor,0xFE004837,0,Restore Magicka,0x3EB17,4,0.959999979,10
apothecary,Lichor,0xFE004837,1,Fortify Magicka Regeneration,0x3EB07,0.0350000001,2.67000008,300
apothecary,Lichor,0xFE004837,2,Fortify Magicka,0x3EAF8,0.0450000018,2.67000008,300
apothecary,Lichor,0xFE004837,3,Spell Absorption,0xFE004812,0.115000002,1.66999996,60
apothecary,Luminous Russula,0xFE004813,0,Lingering Damage Stamina,0x10DE5E,1.5,0.519999981,30
apothecary,Luminous Russula,0xFE004813,1,Lingering Damage Health,0x10AA4A,1.25,0.270000011,30
apothecary,Luminous Russula,0xFE004813,2,Waterbreathing,0x3AC2D,10,0,4
apothecary,Luminous Russula,0xFE004813,3,Fear,0x73F20,0.449999988,3.32999992,30
apothecary,Luna Moth Wing,0x727DF,0,Damage Magicka,0x3A2B6,3,0.879999995,10
apothecary,Luna Moth Wing,0x727DF,1,Fortify Power Attacks,0x3EB29,0.200000003,3.32999992,60
apothecary,Luna Moth Wing,0x727DF,2,Fortify Health Regeneration,0x3EB06,0.0350000001,2.67000008,300
apothecary,Luna Moth Wing,0x727DF,3,Invisibility,0x3EB3D,15,0,4
apothecary,Lyretail Anthias,0x50008F1,0,Restore Magicka,0x3EB17,4,0.959999979,10
apothecary,Lyretail Anthias,0x50008F1,1,Fortify Alteration Power,0x3EB24,0.0799999982,6.67000008,60
apothecary,Lyretail Anthias,0x50008F1,2,Fortify Conjuration Power,0x3EB25,0.0799999982,6.67000008,60
apothecary,Lyretail Anthias,0x50008F1,3,Fortify Carry Weight,0x3EB01,0.0149999997,6.67000008,300
apothecary,Marshmerrow,0xFE004814,0,Restore Health,0x3EB15,4,0.959999979,10
apothecary,Marshmerrow,0xFE004814,1,Fortify Carry Weight,0x3EB01,0.0149999997,6.67000008,300
apothecary,Marshmerrow,0xFE004814,2,Reflect Damage,0x73F51,0.150000006,2.67000008,60
apothecary,Marshmerrow,0xFE004814,3,Damage Stamina,0x3A2C6,3,0.879999995,10
apothecary,Minotaur Horn,0xFE004815,0,Resist Poison,0x90041,0.180000007,3.32999992,60
apothecary,Minotaur Horn,0xFE004815,1,Silence,0x73F2B,0.400000006,3.32999992,30
apothecary,Minotaur Horn,0xFE004815,2,Fortify Health Regeneration,0x3EB06,0.0350000001,2.67000008,300
apothecary,Minotaur Horn,0xFE004815,3,Fortify Magicka Regeneration,0x3EB07,0.0350000001,2.67000008,300
apothecary,Moon Sugar,0xD8E3F,0,Weakness to Fire,0x73F2D,0.100000001,6.65999985,60
apothecary,Moon Sugar,0xD8E3F,1,Resist Frost,0x3EAEB,0.180000007,3.32999992,60
apothecary,Moon Sugar,0xD8E3F,2,Restore Magicka,0x3EB17,4,0.959999979,10
apothecary,Moon Sugar,0xD8E3F,3,Fortify Magicka Regeneration,0x3EB07,0.0350000001,2.67000008,300
apothecary,Mora Tapinella,0xEC870,0,Restore Magicka,0x3EB17,4,0.959999979,10
apothecary,Mora Tapinella,0xEC870,1,Lingering Damage Health,0x10AA4A,1.25,0.270000011,30
apothecary,Mora Tapinella,0xEC870,2,Frenzy,0x73F29,0.349999994,3.32999992,30
apothecary,Mora Tapinella,0xEC870,3,Fortify Illusion Power,0x3EB27,0.200000003,3.32999992,60
apothecary,Mudcrab Chitin,0x6BC00,0,Restore Stamina,0x3EB16,4,0.959999979,10
apothecary,Mudcrab Chitin,0x6BC00,1,Cure Disease,0xAE722,3,1,0
apothecary,Mudcrab Chitin,0x6BC00,2,Resist Poison,0x90041,0.180000007,3.32999992,60
apothecary,Mudcrab Chitin,0x6BC00,3,Resist Fire,0x3EAEA,0.180000007,3.32999992,60
apothecary,Namira's Rot,0x4DA24,0,Fortify Health,0x3EAF3,0.0450000018,2.67000008,300
apothecary,Namira's Rot,0x4DA24,1,Fortify Lockpicking,0x3EB21,0.180000007,3.32999992,60
apothecary,Namira's Rot,0x4DA24,2,Fear,0x73F20,0.449999988,3.32999992,30
apothecary,Namira's Rot,0x4DA24,3,Fortify Health Regeneration,0x3EB06,0.0350000001,2.67000008,300
apothecary,Netch Jelly,0x401CD72,0,Paralysis,0x73F30,1.75,3.32999992,10
apothecary,Netch Jelly,0x401CD72,1,Fortify Carry Weight,0x3EB01,0.0149999997,6.67000008,300
apothecary,Netch Jelly,0x401CD72,2,Restore Stamina,0x3EB16,4,0.959999979,10
apothecary,Netch Jelly,0x401CD72,3,Fear,0x73F20,0.449999988,3.32999992,30
apothecary,Nightshade,0x2F44C,0,Damage Health,0x3EB42,3,0.439999998,10
apothecary,Nightshade,0x2F44C,1,Damage Armor,0x73F27,0.0350000001,19.9500008,60
apothecary,Nightshade,0x2F44C,2,Lingering Damage Stamina,0x10DE5E,1.5,0.519999981,30
apothecary,Nightshade,0x2F44C,3,Fortify Destruction Power,0x3EB26,0.200000003,3.32999992,60
apothecary,Nirnroot,0x59B86,0,Damage Health,0x3EB42,3,0.439999998,10
apothecary,Nirnroot,0x59B86,1,Weakness to Poison,0x90042,0.100000001,6.65999985,60
apothecary,Nirnroot,0x59B86,2,Invisibility,0x3EB3D,15,0,4
apothecary,Nirnroot,0x59B86,3,Resist Magic,0x39E51,0.0900000036,1.66999996,300
apothecary,Nordic Barnacle,0x7EDF5,0,Damage Magicka,0x3A2B6,3,0.879999995,10
apothecary,Nordic Barnacle,0x7EDF5,1,Waterbreathing,0x3AC2D,10,0,4
apothecary,Nordic Barnacle,0x7EDF5,2,Fortify Health Regeneration,0x3EB06,0.0350000001,2.67000008,300
apothecary,Nordic Barnacle,0x7EDF5,3,Fortify Pickpocket,0x3EB20,0.180000007,3.32999992,60
apothecary,Ogre's Teeth,0xFE004816,0,Weakness to Shock,0x73F2F,0.100000001,6.65999985,60
apothecary,Ogre's Teeth,0xFE004816,1,Resist Poison,0x90041,0.180000007,3.32999992,60
apothecary,Ogre's Teeth,0xFE004816,2,Lingering Damage Magicka,0x10DE5F,1.5,0.519999981,30
apothecary,Ogre's Teeth,0xFE004816,3,Fortify Health Regeneration,0x3EB06,0.0350000001,2.67000008,300
apothecary,Orange Dartwing,0xBB956,0,Restore Stamina,0x3EB16,4,0.959999979,10
apothecary,Orange Dartwing,0xBB956,1,Silence,0x73F2B,0.400000006,3.32999992,30
apothecary,Orange Dartwing,0xBB956,2,Fortify Pickpocket,0x3EB20,0.180000007,3.32999992,60
apothecary,Orange Dartwing,0xBB956,3,Lingering Damage Health,0x10AA4A,1.25,0.270000011,30
apothecary,Pearl,0x854FE,0,Restore Stamina,0x3EB16,4,0.959999979,10
apothecary,Pearl,0x854FE,1,Fortify Block,0x3EB1C,0.200000003,3.32999992,60
apothecary,Pearl,0x854FE,2,Restore Magicka,0x3EB17,4,0.959999979,10
apothecary,Pearl,0x854FE,3,Resist Shock,0x3EAEC,0.180000007,3.32999992,60
apothecary,Pearlfish,0x50008EC,0,Restore Stamina,0x3EB16,4,0.959999979,10
apothecary,Pearlfish,0x50008EC,1,Resist Frost,0x3EAEB,0.180000007,3.32999992,60
apothecary,Pearlfish,0x50008EC,2,Fortify Unarmed,0x3EB1D,0.200000003,3.32999992,60
apothecary,Pearlfish,0x50008EC,3,Fortify One-handed,0x3EB19,0.200000003,3.32999992,60
apothecary,Pine Thrush Egg,0x23D6F,0,Restore Stamina,0x3EB16,4,0.959999979,10
apothecary,Pine Thrush Egg,0x23D6F,1,Fortify Lockpicking,0x3EB21,0.180000007,3.32999992,60
apothecary,Pine Thrush Egg,0x23D6F,2,Fortify Speed,0x8246C21,0.600000024,1.33000004,60
apothecary,Pine Thrush Egg,0x23D6F,3,Weakness to Poison,0x90042,0.100000001,6.65999985,60
apothecary,Poison Bloom,0x20185FB,0,Damage Health,0x3EB42,3,0.439999998,10
apothecary,Poison Bloom,0x20185FB,1,Burden,0x73F25,0.157499999,3.32999992,60
apothecary,Poison Bloom,0x20185FB,2,Fortify Carry Weight,0x3EB01,0.0149999997,6.67000008,300
apothecary,Poison Bloom,0x20185FB,3,Fear,0x73F20,0.449999988,3.32999992,30
apothecary,Powdered Mammoth Tusk,0x6BC10,0,Restore Stamina,0x3EB16,4,0.959999979,10
apothecary,Powdered Mammoth Tusk,0x6BC10,1,Fortify Sneak,0x3EB22,0.180000007,3.32999992,60
apothecary,Powdered Mammoth Tusk,0x6BC10,2,Weakness to Fire,0x73F2D,0.100000001,6.65999985,60
apothecary,Powdered Mammoth Tusk,0x6BC10,3,Fear,0x73F20,0.449999988,3.32999992,30
apothecary,Purple Butterfly Wing,0x6059153,0,Fortify Health Regeneration,0x3EB06,0.0350000001,2.67000008,300
apothecary,Purple Butterfly Wing,0x6059153,1,Fortify Magicka Regeneration,0x3EB07,0.0350000001,2.67000008,300
apothecary,Purple Butterfly Wing,0x6059153,2,Fortify Stamina Regeneration,0x3EB08,0.0350000001,2.67000008,300
apothecary,Purple Butterfly Wing,0x6059153,3,Paralysis,0x73F30,1.75,3.32999992,10
apothecary,Purple Mountain Flower,0x77E1E,0,Restore Stamina,0x3EB16,4,0.959999979,10
apothecary,Purple Mountain Flower,0x77E1E,1,Fortify Sneak,0x3EB22,0.180000007,3.32999992,60
apothecary,Purple Mountain Flower,0x77E1E,2,Lingering Damage Magicka,0x10DE5F,1.5,0.519999981,30
apothecary,Purple Mountain Flower,0x77E1E,3,Resist Frost,0x3EAEB,0.180000007,3.32999992,60
apothecary,Pygmy Sunfish,0x50008ED,0,Restore Stamina,0x3EB16,4,0.959999979,10
apothecary,Pygmy Sunfish,0x50008ED,1,Lingering Damage Magicka,0x10DE5F,1.5,0.519999981,30
apothecary,Pygmy Sunfish,0x50008ED,2,Silence,0x73F2B,0.400000006,3.32999992,30
apothecary,Pygmy Sunfish,0x50008ED,3,Fortify Restoration Power,0x3EB28,0.200000003,3.32999992,60
apothecary,Red Kelp Gas Bladder,0xFE004817,0,Fortify Stamina Regeneration,0x3EB08,0.0350000001,2.67000008,300
apothecary,Red Kelp Gas Bladder,0xFE004817,1,Waterbreathing,0x3AC2D,10,0,4
apothecary,Red Kelp Gas Bladder,0xFE004817,2,Cure Disease,0xAE722,3,1,0
apothecary,Red Kelp Gas Bladder,0xFE004817,3,Fortify Magicka,0x3EAF8,0.0450000018,2.67000008,300
apothecary,Red Mountain Flower,0x77E1D,0,Restore Magicka,0x3EB17,4,0.959999979,10
apothecary,Red Mountain Flower,0x77E1D,1,Fortify Barter,0x3EB23,0.075000003,1.33000004,300
apothecary,Red Mountain Flower,0x77E1D,2,Fortify Magicka,0x3EAF8,0.0450000018,2.67000008,300
apothecary,Red Mountain Flower,0x77E1D,3,Damage Health,0x3EB42,3,0.439999998,10
apothecary,Redwort Flower,0xFE004818,0,Resist Frost,0x3EAEB,0.180000007,3.32999992,60
apothecary,Redwort Flower,0xFE004818,1,Muffle,0x81FFE18,12,1,4
apothecary,Redwort Flower,0xFE004818,2,Damage Health,0x3EB42,3,0.439999998,10
apothecary,Redwort Flower,0xFE004818,3,Invisibility,0x3EB3D,15,0,4
apothecary,River Betty,0x106E1A,0,Damage Health,0x3EB42,3,0.439999998,10
apothecary,River Betty,0x106E1A,1,Fortify Alteration Power,0x3EB24,0.0799999982,6.67000008,60
apothecary,River Betty,0x106E1A,2,Burden,0x73F25,0.157499999,3.32999992,60
apothecary,River Betty,0x106E1A,3,Fortify Carry Weight,0x3EB01,0.0149999997,6.67000008,300
apothecary,Rock Warbler Egg,0x7E8C8,0,Restore Health,0x3EB15,4,0.959999979,10
apothecary,Rock Warbler Egg,0x7E8C8,1,Fortify One-handed,0x3EB19,0.200000003,3.32999992,60
apothecary,Rock Warbler Egg,0x7E8C8,2,Become Ethereal,0x80F3879,17.5,0,4
apothecary,Rock Warbler Egg,0x7E8C8,3,Reflect Damage,0x73F51,0.150000006,2.67000008,60
apothecary,Roobrush,0xFE004819,0,Reflect Damage,0x73F51,0.150000006,2.67000008,60
apothecary,Roobrush,0xFE004819,1,Fortify Sneak,0x3EB22,0.180000007,3.32999992,60
apothecary,Roobrush,0xFE004819,2,Lingering Damage Health,0x10AA4A,1.25,0.270000011,30
apothecary,Roobrush,0xFE004819,3,Muffle,0x81FFE18,12,1,4
apothecary,Rot Scale,0x100306D,0,Burden,0x73F25,0.157499999,3.32999992,60
apothecary,Rot Scale,0x100306D,1,Lingering Damage Health,0x10AA4A,1.25,0.270000011,30
apothecary,Rot Scale,0x100306D,2,Fear,0x73F20,0.449999988,3.32999992,30
apothecary,Rot Scale,0x100306D,3,Paralysis,0x73F30,1.75,3.32999992,10
apothecary,Sabre Cat Tooth,0x6BC04,0,Restore Stamina,0x3EB16,4,0.959999979,10
apothecary,Sabre Cat Tooth,0x6BC04,1,Muffle,0x81FFE18,12,1,4
apothecary,Sabre Cat Tooth,0x6BC04,2,Weakness to Poison,0x90042,0.100000001,6.65999985,60
apothecary,Sabre Cat Tooth,0x6BC04,3,Fortify Speed,0x8246C21,0.600000024,1.33000004,60
apothecary,Salmon Roe,0x3003545,0,Restore Stamina,0x3EB16,4,0.959999979,10
apothecary,Salmon Roe,0x3003545,1,Waterbreathing,0x3AC2D,10,0,4
apothecary,Salmon Roe,0x3003545,2,Fortify Magicka,0x3EAF8,0.0450000018,2.67000008,300
apothecary,Salmon Roe,0x3003545,3,Fortify Magicka Regeneration,0x3EB07,0.0350000001,2.67000008,300
apothecary,Salt Pile,0x74A19,0,Reflect Damage,0x73F51,0.150000006,2.67000008,60
apothecary,Salt Pile,0x74A19,1,Fortify Restoration Power,0x3EB28,0.200000003,3.32999992,60
apothecary,Salt Pile,0x74A19,2,Burden,0x73F25,0.157499999,3.32999992,60
apothecary,Salt Pile,0x74A19,3,Fortify Magicka Regeneration,0x3EB07,0.0350000001,2.67000008,300
apothecary,Salt Pile,0x34CDF,0,Reflect Damage,0x73F51,0.150000006,2.67000008,60
apothecary,Salt Pile,0x34CDF,1,Fortify Restoration Power,0x3EB28,0.200000003,3.32999992,60
apothecary,Salt Pile,0x34CDF,2,Burden,0x73F25,0.157499999,3.32999992,60
apothecary,Salt Pile,0x34CDF,3,Fortify Magicka Regeneration,0x3EB07,0.0350000001,2.67000008,300
apothecary,Saltrice,0xFE00481A,0,Restore Stamina,0x3EB16,4,0.959999979,10
apothecary,Saltrice,0xFE00481A,1,Fortify Magicka,0x3EAF8,0.0450000018,2.67000008,300
apothecary,Saltrice,0xFE00481A,2,Command,0x73F2C,0.5,3.32999992,30
apothecary,Saltrice,0xFE00481A,3,Restore Health,0x3EB15,4,0.959999979,10
apothecary,Scalon Fin,0xFE00481B,0,Waterbreathing,0x3AC2D,10,0,4
apothecary,Scalon Fin,0xFE00481B,1,Damage Health,0x3EB42,3,0.439999998,10
apothecary,Scalon Fin,0xFE00481B,2,Lingering Damage Magicka,0x10DE5F,1.5,0.519999981,30
apothecary,Scalon Fin,0xFE00481B,3,Silence,0x73F2B,0.400000006,3.32999992,30
apothecary,Scaly Pholiota,0x6F950,0,Reflect Damage,0x73F51,0.150000006,2.67000008,60
apothecary,Scaly Pholiota,0x6F950,1,Fortify Stamina,0x3EAF9,0.0450000018,2.67000008,300
apothecary,Scaly Pholiota,0x6F950,2,Fortify Stamina Regeneration,0x3EB08,0.0350000001,2.67000008,300
apothecary,Scaly Pholiota,0x6F950,3,Fortify Carry Weight,0x3EB01,0.0149999997,6.67000008,300
apothecary,Scathecraw,0x4017E97,0,Calm,0x73F23,0.349999994,3.32999992,30
apothecary,Scathecraw,0x4017E97,1,Command,0x73F2C,0.5,3.32999992,30
apothecary,Scathecraw,0x4017E97,2,Silence,0x73F2B,0.400000006,3.32999992,30
apothecary,Scathecraw,0x4017E97,3,Lingering Damage Health,0x10AA4A,1.25,0.270000011,30
apothecary,Screaming Maw,0x100306E,0,Fortify Magicka Regeneration,0x3EB07,0.0350000001,2.67000008,300
apothecary,Screaming Maw,0x100306E,1,Fortify Alteration Power,0x3EB24,0.0799999982,6.67000008,60
apothecary,Screaming Maw,0x100306E,2,Invisibility,0x3EB3D,15,0,4
apothecary,Screaming Maw,0x100306E,3,Fortify Health Regeneration,0x3EB06,0.0350000001,2.67000008,300
apothecary,Scrib Jelly,0xFE00481C,0,Fortify Magicka Regeneration,0x3EB07,0.0350000001,2.67000008,300
apothecary,Scrib Jelly,0xFE00481C,1,Muffle,0x81FFE18,12,1,4
apothecary,Scrib Jelly,0xFE00481C,2,Cure Disease,0xAE722,3,1,0
apothecary,Scrib Jelly,0xFE00481C,3,Fortify Stamina Regeneration,0x3EB08,0.0350000001,2.67000008,300
apothecary,Scrib Jerky,0xFE00481D,0,Restore Stamina,0x3EB16,4,0.959999979,10
apothecary,Scrib Jerky,0xFE00481D,1,Fortify Stamina,0x3EAF9,0.0450000018,2.67000008,300
apothecary,Scrib Jerky,0xFE00481D,2,Paralysis,0x73F30,1.75,3.32999992,10
apothecary,Scrib Jerky,0xFE00481D,3,Waterbreathing,0x3AC2D,10,0,4
apothecary,Silverside Perch,0x106E1C,0,Restore Stamina,0x3EB16,4,0.959999979,10
apothecary,Silverside Perch,0x106E1C,1,Fortify Shouts,0x3EB1E,0.25,3.32999992,60
apothecary,Silverside Perch,0x106E1C,2,Calm,0x73F23,0.349999994,3.32999992,30
apothecary,Silverside Perch,0x106E1C,3,Resist Frost,0x3EAEB,0.180000007,3.32999992,60
apothecary,Skeever Tail,0x3AD6F,0,Fortify Shouts,0x3EB1E,0.25,3.32999992,60
apothecary,Skeever Tail,0x3AD6F,1,Calm,0x73F23,0.349999994,3.32999992,30
apothecary,Skeever Tail,0x3AD6F,2,Waterwalking,0x40390E1,12,0,4
apothecary,Skeever Tail,0x3AD6F,3,Fortify Power Attacks,0x3EB29,0.200000003,3.32999992,60
apothecary,Slaughterfish Egg,0x7E8C5,0,Resist Poison,0x90041,0.180000007,3.32999992,60
apothecary,Slaughterfish Egg,0x7E8C5,1,Fortify Pickpocket,0x3EB20,0.180000007,3.32999992,60
apothecary,Slaughterfish Egg,0x7E8C5,2,Lingering Damage Health,0x10AA4A,1.25,0.270000011,30
apothecary,Slaughterfish Egg,0x7E8C5,3,Fortify Stamina,0x3EAF9,0.0450000018,2.67000008,300
apothecary,Slaughterfish Scales,0x3AD70,0,Resist Frost,0x3EAEB,0.180000007,3.32999992,60
apothecary,Slaughterfish Scales,0x3AD70,1,Lingering Damage Health,0x10AA4A,1.25,0.270000011,30
apothecary,Slaughterfish Scales,0x3AD70,2,Muffle,0x81FFE18,12,1,4
apothecary,Slaughterfish Scales,0x3AD70,3,Fortify Block,0x3EB1C,0.200000003,3.32999992,60
apothecary,Sload Soap,0xFE00481E,0,Resist Fire,0x3EAEA,0.180000007,3.32999992,60
apothecary,Sload Soap,0xFE00481E,1,Fear,0x73F20,0.449999988,3.32999992,30
apothecary,Sload Soap,0xFE00481E,2,Fortify Conjuration Power,0x3EB25,0.0799999982,6.67000008,60
apothecary,Sload Soap,0xFE00481E,3,Fortify Alteration Power,0x3EB24,0.0799999982,6.67000008,60
apothecary,Small Antlers,0x6BC0B,0,Fortify Speed,0x8246C21,0.600000024,1.33000004,60
apothecary,Small Antlers,0x6BC0B,1,Fortify Restoration Power,0x3EB28,0.200000003,3.32999992,60
apothecary,Small Antlers,0x6BC0B,2,Lingering Damage Stamina,0x10DE5E,1.5,0.519999981,30
apothecary,Small Antlers,0x6BC0B,3,Weakness to Shock,0x73F2F,0.100000001,6.65999985,60
apothecary,Small Pearl,0x85500,0,Restore Stamina,0x3EB16,4,0.959999979,10
apothecary,Small Pearl,0x85500,1,Fortify One-handed,0x3EB19,0.200000003,3.32999992,60
apothecary,Small Pearl,0x85500,2,Fortify Restoration Power,0x3EB28,0.200000003,3.32999992,60
apothecary,Small Pearl,0x85500,3,Resist Frost,0x3EAEB,0.180000007,3.32999992,60
apothecary,Snowberries,0x1B3BD,0,Resist Fire,0x3EAEA,0.180000007,3.32999992,60
apothecary,Snowberries,0x1B3BD,1,Fortify Sneak Attacks,0x3EB18,0.200000003,3.32999992,60
apothecary,Snowberries,0x1B3BD,2,Resist Frost,0x3EAEB,0.180000007,3.32999992,60
apothecary,Snowberries,0x1B3BD,3,Resist Shock,0x3EAEC,0.180000007,3.32999992,60
apothecary,Spadefish,0x50008F3,0,Restore Health,0x3EB15,4,0.959999979,10
apothecary,Spadefish,0x50008F3,1,Fortify Lockpicking,0x3EB21,0.180000007,3.32999992,60
apothecary,Spadefish,0x50008F3,2,Fortify Pickpocket,0x3EB20,0.180000007,3.32999992,60
apothecary,Spadefish,0x50008F3,3,Cure Disease,0xAE722,3,1,0
apothecary,Spawn Ash,0x401CD6D,0,Command,0x73F2C,0.5,3.32999992,30
apothecary,Spawn Ash,0x401CD6D,1,Resist Fire,0x3EAEA,0.180000007,3.32999992,60
apothecary,Spawn Ash,0x401CD6D,2,Fortify Sneak Attacks,0x3EB18,0.200000003,3.32999992,60
apothecary,Spawn Ash,0x401CD6D,3,Silence,0x73F2B,0.400000006,3.32999992,30
apothecary,Spider Egg,0x9151B,0,Damage Stamina,0x3A2C6,3,0.879999995,10
apothecary,Spider Egg,0x9151B,1,Damage Weapon,0x73F26,0.25,3.32999992,60
apothecary,Spider Egg,0x9151B,2,Fortify Lockpicking,0x3EB21,0.180000007,3.32999992,60
apothecary,Spider Egg,0x9151B,3,Fortify Marksman,0x3EB1B,0.200000003,3.32999992,60
apothecary,Spriggan Sap,0x63B5F,0,Damage Armor,0x73F27,0.0350000001,19.9500008,60
apothecary,Spriggan Sap,0x63B5F,1,Fortify Sneak Attacks,0x3EB18,0.200000003,3.32999992,60
apothecary,Spriggan Sap,0x63B5F,2,Fortify Armor Rating,0x3EB1F,0.0199999996,6.67000008,300
apothecary,Spriggan Sap,0x63B5F,3,Fortify Alteration Power,0x3EB24,0.0799999982,6.67000008,60
apothecary,Stoneflower Petals,0xFE00481F,0,Weakness to Shock,0x73F2F,0.100000001,6.65999985,60
apothecary,Stoneflower Petals,0xFE00481F,1,Fortify One-handed,0x3EB19,0.200000003,3.32999992,60
apothecary,Stoneflower Petals,0xFE00481F,2,Fortify Magicka,0x3EAF8,0.0450000018,2.67000008,300
apothecary,Stoneflower Petals,0xFE00481F,3,Fortify Power Attacks,0x3EB29,0.200000003,3.32999992,60
apothecary,Swamp Fungal Pod,0x7E8B7,0,Resist Shock,0x3EAEC,0.180000007,3.32999992,60
apothecary,Swamp Fungal Pod,0x7E8B7,1,Lingering Damage Magicka,0x10DE5F,1.5,0.519999981,30
apothecary,Swamp Fungal Pod,0x7E8B7,2,Paralysis,0x73F30,1.75,3.32999992,10
apothecary,Swamp Fungal Pod,0x7E8B7,3,Waterwalking,0x40390E1,12,0,4
apothecary,Taproot,0x3AD71,0,Reflect Damage,0x73F51,0.150000006,2.67000008,60
apothecary,Taproot,0x3AD71,1,Fortify Illusion Power,0x3EB27,0.200000003,3.32999992,60
apothecary,Taproot,0x3AD71,2,Fortify Magicka Regeneration,0x3EB07,0.0350000001,2.67000008,300
apothecary,Taproot,0x3AD71,3,Restore Magicka,0x3EB17,4,0.959999979,10
apothecary,Thistle Branch,0x134AA,0,Resist Frost,0x3EAEB,0.180000007,3.32999992,60
apothecary,Thistle Branch,0x134AA,1,Command,0x73F2C,0.5,3.32999992,30
apothecary,Thistle Branch,0x134AA,2,Resist Poison,0x90041,0.180000007,3.32999992,60
apothecary,Thistle Branch,0x134AA,3,Muffle,0x81FFE18,12,1,4
apothecary,Thorn Hook,0x100306F,0,Lingering Damage Health,0x10AA4A,1.25,0.270000011,30
apothecary,Thorn Hook,0x100306F,1,Paralysis,0x73F30,1.75,3.32999992,10
apothecary,Thorn Hook,0x100306F,2,Fortify Magicka Regeneration,0x3EB07,0.0350000001,2.67000008,300
apothecary,Thorn Hook,0x100306F,3,Fortify Health Regeneration,0x3EB06,0.0350000001,2.67000008,300
apothecary,Torchbug Thorax,0x4DA73,0,Restore Stamina,0x3EB16,4,0.959999979,10
apothecary,Torchbug Thorax,0x4DA73,1,Lingering Damage Magicka,0x10DE5F,1.5,0.519999981,30
apothecary,Torchbug Thorax,0x4DA73,2,Reflect Damage,0x73F51,0.150000006,2.67000008,60
apothecary,Torchbug Thorax,0x4DA73,3,Fortify Stamina,0x3EAF9,0.0450000018,2.67000008,300
apothecary,Trama Root,0x4017008,0,Weakness to Shock,0x73F2F,0.100000001,6.65999985,60
apothecary,Trama Root,0x4017008,1,Fortify Carry Weight,0x3EB01,0.0149999997,6.67000008,300
apothecary,Trama Root,0x4017008,2,Damage Magicka,0x3A2B6,3,0.879999995,10
apothecary,Trama Root,0x4017008,3,Burden,0x73F25,0.157499999,3.32999992,60
apothecary,Troll Fat,0x3AD72,0,Resist Poison,0x90041,0.180000007,3.32999992,60
apothecary,Troll Fat,0x3AD72,1,Fortify Two-handed,0x3EB1A,0.200000003,3.32999992,60
apothecary,Troll Fat,0x3AD72,2,Frenzy,0x73F29,0.349999994,3.32999992,30
apothecary,Troll Fat,0x3AD72,3,Waterwalking,0x40390E1,12,0,4
apothecary,Tundra Cotton,0x3F7F8,0,Resist Magic,0x39E51,0.0900000036,1.66999996,300
apothecary,Tundra Cotton,0x3F7F8,1,Fortify Magicka,0x3EAF8,0.0450000018,2.67000008,300
apothecary,Tundra Cotton,0x3F7F8,2,Fortify Block,0x3EB1C,0.200000003,3.32999992,60
apothecary,Tundra Cotton,0x3F7F8,3,Fortify Magicka Regeneration,0x3EB07,0.0350000001,2.67000008,300
apothecary,Vampire Dust,0x3AD76,0,Invisibility,0x3EB3D,15,0,4
apothecary,Vampire Dust,0x3AD76,1,Restore Magicka,0x3EB17,4,0.959999979,10
apothecary,Vampire Dust,0x3AD76,2,Fortify Health Regeneration,0x3EB06,0.0350000001,2.67000008,300
apothecary,Vampire Dust,0x3AD76,3,Cure Disease,0xAE722,3,1,0
apothecary,Void Essence,0xFE004820,0,Restore Health,0x3EB15,4,0.959999979,10
apothecary,Void Essence,0xFE004820,1,Fortify Health,0x3EAF3,0.0450000018,2.67000008,300
apothecary,Void Essence,0xFE004820,2,Fortify Stamina,0x3EAF9,0.0450000018,2.67000008,300
apothecary,Void Essence,0xFE004820,3,Fortify Health Regeneration,0x3EB06,0.0350000001,2.67000008,300
apothecary,Void Salts,0x3AD60,0,Weakness to Shock,0x73F2F,0.100000001,6.65999985,60
apothecary,Void Salts,0x3AD60,1,Resist Magic,0x39E51,0.0900000036,1.66999996,300
apothecary,Void Salts,0x3AD60,2,Become Ethereal,0x80F3879,17.5,0,4
apothecary,Void Salts,0x3AD60,3,Fortify Magicka,0x3EAF8,0.0450000018,2.67000008,300
apothecary,Watcher's Eye,0xFE004821,0,Night Eye,0xFE004803,12,0,4
apothecary,Watcher's Eye,0xFE004821,1,Fortify Magicka,0x3EAF8,0.0450000018,2.67000008,300
apothecary,Watcher's Eye,0xFE004821,2,Fortify Illusion Power,0x3EB27,0.200000003,3.32999992,60
apothecary,Watcher's Eye,0xFE004821,3,Spell Absorption,0xFE004812,0.115000002,1.66999996,60
apothecary,Wheat,0x4B0BA,0,Restore Health,0x3EB15,4,0.959999979,10
apothecary,Wheat,0x4B0BA,1,Fortify One-handed,0x3EB19,0.200000003,3.32999992,60
apothecary,Wheat,0x4B0BA,2,Fortify Unarmed,0x3EB1D,0.200000003,3.32999992,60
apothecary,Wheat,0x4B0BA,3,Lingering Damage Magicka,0x10DE5F,1.5,0.519999981,30
apothecary,White Cap,0x4DA22,0,Weakness to Frost,0x73F2E,0.100000001,6.65999985,60
apothecary,White Cap,0x4DA22,1,Muffle,0x81FFE18,12,1,4
apothecary,White Cap,0x4DA22,2,Restore Magicka,0x3EB17,4,0.959999979,10
apothecary,White Cap,0x4DA22,3,Silence,0x73F2B,0.400000006,3.32999992,30
apothecary,Wisp Stalk Caps,0xFE004823,0,Damage Health,0x3EB42,3,0.439999998,10
apothecary,Wisp Stalk Caps,0xFE004823,1,Weakness to Poison,0x90042,0.100000001,6.65999985,60
apothecary,Wisp Stalk Caps,0xFE004823,2,Frenzy,0x73F29,0.349999994,3.32999992,30
apothecary,Wisp Stalk Caps,0xFE004823,3,Fortify Stamina Regeneration,0x3EB08,0.0350000001,2.67000008,300
apothecary,Wisp Wrappings,0x6BC0E,0,Restore Stamina,0x3EB16,4,0.959999979,10
apothecary,Wisp Wrappings,0x6BC0E,1,Fortify Destruction Power,0x3EB26,0.200000003,3.32999992,60
apothecary,Wisp Wrappings,0x6BC0E,2,Fortify Carry Weight,0x3EB01,0.0149999997,6.67000008,300
apothecary,Wisp Wrappings,0x6BC0E,3,Resist Magic,0x39E51,0.0900000036,1.66999996,300
apothecary,Withering Moon,0xFE004824,0,Restore Magicka,0x3EB17,4,0.959999979,10
apothecary,Withering Moon,0xFE004824,1,Spell Absorption,0xFE004812,0.115000002,1.66999996,60
apothecary,Withering Moon,0xFE004824,2,Fortify Armor Rating,0x3EB1F,0.0199999996,6.67000008,300
apothecary,Withering Moon,0xFE004824,3,Cure Disease,0xAE722,3,1,0
apothecary,Worm's Head Cap,0xFE004825,0,Fortify Lockpicking,0x3EB21,0.180000007,3.32999992,60
apothecary,Worm's Head Cap,0xFE004825,1,Night Eye,0xFE004803,12,0,4
apothecary,Worm's Head Cap,0xFE004825,2,Fortify Carry Weight,0x3EB01,0.0149999997,6.67000008,300
apothecary,Worm's Head Cap,0xFE004825,3,Burden,0x73F25,0.157499999,3.32999992,60
apothecary,Yellow Mountain Flower,0x2002A78,0,Resist Poison,0x90041,0.180000007,3.32999992,60
apothecary,Yellow Mountain Flower,0x2002A78,1,Fortify Restoration Power,0x3EB28,0.200000003,3.32999992,60
apothecary,Yellow Mountain Flower,0x2002A78,2,Fortify Health,0x3EAF3,0.0450000018,2.67000008,300
apothecary,Yellow Mountain Flower,0x2002A78,3,Fortify Unarmed,0x3EB1D,0.200000003,3.32999992,60
